tree
version=v4
num_class=1
num_tree_per_iteration=1
label_index=0
max_feature_idx=15
objective=binary sigmoid:1
feature_names=Column_0 Column_1 Column_2 Column_3 Column_4 Column_5 Column_6 Column_7 Column_8 Column_9 Column_10 Column_11 Column_12 Column_13 Column_14 Column_15
feature_infos=[1:7] [3:54] [0:1] [0:1] [0:3] [0:3] [0:2] [0.5:1] [0:3] [0:0.90000000000000002] [0:0.84999999999999998] [0:0.5] [1:3] [0:1] [0:1] [0:1]
tree_sizes=1723 1721 1715 1714 1720 1723 1723 1722 1725 1743 1729 1718 1741 1728 1740 1742 1733 1743 1733 1723 1737 1730 1745 1732 1729 1736 1743 1750 1754 1726 1745 1734 1741 1733 1752 1752 1744 1745 1742 1744 1734 1732 1728 1737 1739 1745 1741 1741 1742 1748 1739 1762 1744 1741 1753 1755 1753 1744 1756 1745 1753 1745 1737 1747 1751 1748 1746 1744 1725 1759 1739 1746 1742 1741 1758 1734 1748 1743 1761 1767 1727 1748 1760 1735 1747 1758 1758 1747 1754 1759 1735 1738 1766 1744 1715 1736 1728 1765 1739 1731 1746 1760 1756 1753 1765 1739 1749 1759 1740 1766 1730 1763 1748 1748

Tree=0
num_leaves=15
num_cat=0
split_feature=6 11 8 7 10 0 0 9 1 0 13 7 1 0
split_gain=993.065 877.466 173.201 101.503 71.6644 64.2334 55.8378 98.533 22.6859 22.6237 20.7204 17.8322 23.7826 16.7101
threshold=0.58335000000000015 1.0000000180025095e-35 1.0000000180025095e-35 0.87500000000000011 1.0000000180025095e-35 1.5000000000000002 1.5000000000000002 1.0000000180025095e-35 8.5000000000000018 3.5000000000000004 1.0000000180025095e-35 0.87500000000000011 14.500000000000002 2.5000000000000004
decision_type=2 2 2 2 2 2 2 2 2 2 2 2 2 2
left_child=1 3 6 -1 5 -2 7 8 -3 -7 11 -8 -13 -4
right_child=4 2 13 -5 -6 9 10 -9 -10 -11 -12 12 -14 -15
leaf_value=0.070818012982815495 -0.21948351466162397 -0.055332916769005605 0.017562698256318315 -0.21793725857075003 0.095419837359462925 0.049182637730115344 0.10084920549775751 -0.21948351466162397 -0.12605313794847103 -0.1903623582834984 0.010903564861872064 -0.027795051800291966 -0.092713544555996411 0.087314020138910417
leaf_weight=7.9916906356811515 8.2414309680461866 150.59342041611671 37.461049854755402 310.42723312973976 206.28551453351974 30.967801213264465 4.9948066473007193 32.715983539819717 35.962607860565186 2.7471436560153952 50.69728747010231 93.90236496925354 58.688978105783463 53.19469079375267
leaf_count=32 33 603 150 1243 826 124 20 131 144 11 203 376 235 213
internal_value=-0.0644791 -0.106172 -0.0419497 -0.21069 0.0760347 -0.0192756 -0.0632465 -0.0914234 -0.0689657 0.0296642 -0.033583 -0.0478948 -0.0527637 0.0584912
internal_weight=1084.87 836.63 518.211 318.419 248.242 41.9564 427.555 219.272 186.556 33.7149 208.283 157.586 152.591 90.6557
internal_count=4344 3350 2075 1275 994 168 1712 878 747 135 834 631 611 363
is_linear=0
shrinkage=1


Tree=1
num_leaves=15
num_cat=0
split_feature=6 11 8 7 10 0 0 9 1 0 13 7 1 1
split_gain=842.473 751.855 146.593 86.9143 60.6368 54.6618 47.3071 84.5719 19.2574 19.1668 17.5045 15.1195 20.1225 15.2
threshold=0.58335000000000015 1.0000000180025095e-35 1.0000000180025095e-35 0.87500000000000011 1.0000000180025095e-35 1.5000000000000002 1.5000000000000002 1.0000000180025095e-35 8.5000000000000018 3.5000000000000004 1.0000000180025095e-35 0.87500000000000011 14.500000000000002 12.500000000000002
decision_type=2 2 2 2 2 2 2 2 2 2 2 2 2 2
left_child=1 3 6 -1 5 -2 7 8 -3 -7 11 -8 13 -13
right_child=4 2 -4 -5 -6 9 10 -9 -10 -11 -12 12 -14 -15
leaf_value=0.12449289033228182 -0.14423467532134568 0.008412041521528673 0.11313925214332074 -0.14277101160909281 0.1472832124863071 0.104516458864558 0.15232554768166373 -0.14423467532134568 -0.056820867832339673 -0.11677751088815487 0.069277568218692728 0.0022238877651905549 -0.026005735667828704 0.066584141125359389
leaf_weight=7.9899778366088858 8.1514354795217496 150.63467238843441 90.645744502544403 307.08911688625813 206.03066995739937 30.981260180473328 4.9873083829879752 32.358728721737862 35.857372999191284 2.7252362221479407 50.748490557074547 47.990730285644531 58.623929172754288 45.991116523742676
leaf_count=32 33 603 363 1243 826 124 20 131 144 11 203 192 235 184
internal_value=-2.02365e-05 -0.0385522 0.020736 -0.135994 0.129449 0.0416668 0.00112905 -0.0248459 -0.00413048 0.0866244 0.0284143 0.0152554 0.0107758 0.0337193
internal_weight=1080.81 832.917 517.838 315.079 247.889 41.8579 427.192 218.851 186.492 33.7065 208.342 157.593 152.606 93.9818
internal_count=4344 3350 2075 1275 994 168 1712 878 747 135 834 631 611 376
is_linear=0
shrinkage=0.08


Tree=2
num_leaves=15
num_cat=0
split_feature=6 11 8 7 10 0 0 9 5 1 6 13 0 1
split_gain=722.015 651.522 125.063 75.217 52.3397 46.9091 40.163 73.5178 18.3235 16.3711 16.185 14.8474 14.5049 14.3337
threshold=0.58335000000000015 1.0000000180025095e-35 1.0000000180025095e-35 0.87500000000000011 1.0000000180025095e-35 1.5000000000000002 1.5000000000000002 1.0000000180025095e-35 1.5000000000000002 8.5000000000000018 1.4166500000000002 1.0000000180025095e-35 2.5000000000000004 18.500000000000004
decision_type=2 2 2 2 2 2 2 2 2 2 2 2 2 2
left_child=1 3 6 -1 5 -2 7 9 -7 -3 -10 -8 -4 -13
right_child=4 2 12 -5 -6 8 11 -9 10 -11 -12 13 -14 -15
leaf_value=0.11551930620770082 -0.13560697079699374 0.0077373367798621376 0.066642509772672526 -0.134179143654959 0.1372563655735545 0.10903670484153255 0.014050232677281921 -0.13560697079699374 -0.12596794096451788 -0.052514003718297043 0.14860240425395027 0.079049191137899391 0.13181136899407597 -0.055195325378597178
leaf_weight=7.9241895675659171 7.9830549359321585 150.66705577075481 37.340301275253296 300.8572676628828 203.48864915966988 27.068028062582016 157.43905933201313 31.69030898809433 4.4475252628326407 35.700682640075684 1.9882346391677854 44.927752017974854 52.718646302819252 5.7407683134078971
leaf_count=32 33 603 150 1243 826 109 631 131 18 144 8 180 213 23
internal_value=-3.88679e-05 -0.0358491 0.0191343 -0.127771 0.12056 0.0386643 0.00103303 -0.0229593 0.0801885 -0.00380444 -0.0411434 0.0261725 0.104791 0.0638392
internal_weight=1069.98 825.006 516.225 308.781 244.975 41.4868 426.166 218.058 33.5038 186.368 6.43576 208.108 90.0589 50.6685
internal_count=4344 3350 2075 1275 994 168 1712 878 135 747 26 834 363 203
is_linear=0
shrinkage=0.08


Tree=3
num_leaves=15
num_cat=0
split_feature=6 11 8 7 10 0 0 9 5 7 1 1 6 1
split_gain=623.637 569.727 107.525 65.6525 45.9311 40.5134 34.124 64.5568 15.6821 14.4165 23.4718 13.9329 13.832 12.9276
threshold=0.58335000000000015 1.0000000180025095e-35 1.0000000180025095e-35 0.87500000000000011 1.0000000180025095e-35 1.5000000000000002 1.5000000000000002 1.0000000180025095e-35 1.5000000000000002 0.87500000000000011 15.500000000000002 8.5000000000000018 1.4166500000000002 9.5000000000000018
decision_type=2 2 2 2 2 2 2 2 2 2 2 2 2 2
left_child=1 3 6 -1 5 -2 7 11 -7 -8 13 -3 -10 -11
right_child=4 2 -4 -5 -6 8 9 -9 12 10 -12 -13 -14 -15
leaf_value=0.10789659734556796 -0.12855521596212671 0.0071171147244794564 0.097671522236561115 -0.12712999509251655 0.12908928755063362 0.10137918402896286 0.14464486751012973 -0.12855521596212671 -0.1163289855464299 -0.04284494926034807 -0.024946847051301933 -0.048588978749697809 0.13912920973204468 0.043839322442493896
leaf_weight=7.8098387718200675 7.7564034014940253 150.69215199351311 88.944175869226456 292.47381217777729 199.22267034649849 26.794232994318008 6.1615951359271994 30.790571078658104 4.4312220811843863 11.979195848107336 53.59765836596489 35.505900621414185 1.9549939632415769 136.1941060423851
leaf_count=32 33 603 363 1243 826 109 25 131 18 48 215 144 8 546
internal_value=-5.53689e-05 -0.0334726 0.0176853 -0.121017 0.11323 0.0360499 0.000942691 -0.0212499 0.0745287 0.0241019 0.0204208 -0.00350542 -0.0381263 0.0368313
internal_weight=1054.31 814.149 513.865 300.284 240.16 40.9369 424.921 216.989 33.1804 207.933 201.771 186.198 6.38622 148.173
internal_count=4344 3350 2075 1275 994 168 1712 878 135 834 809 747 26 594
is_linear=0
shrinkage=0.08


Tree=4
num_leaves=15
num_cat=0
split_feature=6 11 8 7 10 1 0 9 0 0 7 1 1 5
split_gain=542.182 501.874 92.8022 57.7078 40.735 35.9167 29.0313 57.151 15.0213 13.3671 12.5686 19.8952 11.8676 11.5618
threshold=0.58335000000000015 1.0000000180025095e-35 1.0000000180025095e-35 0.87500000000000011 1.0000000180025095e-35 10.500000000000002 1.5000000000000002 1.0000000180025095e-35 3.5000000000000004 2.5000000000000004 0.87500000000000011 15.500000000000002 8.5000000000000018 1.0000000180025095e-35
decision_type=2 2 2 2 2 2 2 2 2 2 2 2 2 2
left_child=1 3 6 -1 5 -2 7 12 -7 -4 -8 13 -3 -12
right_child=4 2 9 -5 -6 8 10 -9 -10 -11 11 -13 -14 -15
leaf_value=0.10129639667783699 -0.1076106342260702 0.0065468799591726261 0.054538088630122758 -0.12124988662404419 0.12230261913983773 0.091097075131367722 0.13597991874097137 -0.12269774990483731 -0.10836538249983933 0.11788841052495742 0.037657315738695379 -0.022975818770071026 -0.044995037746493487 -0.1003314808851678
leaf_weight=7.6593341827392569 8.9388419687747938 150.71125495433807 36.695744097232819 282.5293845385313 193.67962542176247 28.605330616235737 6.0348590463399878 29.723030865192413 2.6393370479345313 50.863121777772903 143.9790271371603 53.542269214987755 35.283858776092529 3.9939500689506522
leaf_count=32 39 603 150 1243 826 118 25 131 11 213 578 215 144 16
internal_value=-7.16185e-05 -0.0313597 0.016368 -0.115376 0.107095 0.0337933 0.000859332 -0.0196917 0.0742478 0.0913384 0.0222192 0.0188123 -0.00323078 0.0339328
internal_weight=1034.88 801.016 510.827 290.189 233.863 40.1835 423.268 215.718 31.2447 87.5589 207.55 201.515 185.995 147.973
internal_count=4344 3350 2075 1275 994 168 1712 878 129 363 834 809 747 594
is_linear=0
shrinkage=0.08


Tree=5
num_leaves=15
num_cat=0
split_feature=6 11 8 7 10 0 0 9 5 13 0 1 0 14
split_gain=473.622 444.815 80.5494 51.023 36.6542 31.1296 24.7229 50.9316 13.3214 12.2164 12.2104 11.6959 12.9286 11.6128
threshold=0.58335000000000015 1.0000000180025095e-35 1.0000000180025095e-35 0.87500000000000011 1.0000000180025095e-35 1.5000000000000002 1.5000000000000002 1.0000000180025095e-35 1.5000000000000002 1.0000000180025095e-35 2.5000000000000004 18.500000000000004 3.5000000000000004 1.0000000180025095e-35
decision_type=2 2 2 2 2 2 2 2 2 2 2 2 2 2
left_child=1 3 6 -1 5 -2 7 -3 -7 -8 -4 13 -13 -11
right_child=4 2 10 -5 -6 8 9 -9 -10 11 -12 12 -14 -15
leaf_value=0.095486241766930893 -0.11834160518707108 -0.0029782424334650367 0.050632694883023216 -0.11627661655602803 0.11656739873207973 0.09053763336779172 0.0095100262180965386 -0.11776748493723005 -0.039855497721798139 0.0086883792105766754 0.11169528576091114 -0.1239376993921482 0.15052754216942657 0.096581943237213863
leaf_weight=7.48262596130371 7.2276863604784003 185.76875983178616 36.377417296171188 271.49505841732025 187.21574291586876 25.985912442207336 156.86496023833752 28.538328483700752 6.2134037017822257 14.084392830729483 49.446424037218094 4.2380115389823905 1.4826583117246626 30.355213835835457
leaf_count=32 33 747 150 1243 826 109 631 131 26 57 213 17 6 123
internal_value=-8.54414e-05 -0.02946 0.0151719 -0.110597 0.101803 0.0316973 0.000782532 -0.0182642 0.0653761 0.0204992 0.0858132 0.0548655 -0.052803 0.0687255
internal_weight=1012.78 786.134 507.156 278.978 226.643 39.427 421.332 214.307 32.1993 207.025 85.8238 50.1603 5.72067 44.4396
internal_count=4344 3350 2075 1275 994 168 1712 878 135 834 363 203 23 180
is_linear=0
shrinkage=0.08


Tree=6
num_leaves=15
num_cat=0
split_feature=6 11 8 7 10 1 0 9 5 6 0 7 1 13
split_gain=415.404 396.31 70.1653 45.3377 33.2644 27.7593 21.0492 45.6491 12.7581 11.5723 11.2885 11.2122 16.7016 15.6611
threshold=0.58335000000000015 1.0000000180025095e-35 1.0000000180025095e-35 0.87500000000000011 1.0000000180025095e-35 10.500000000000002 1.5000000000000002 1.0000000180025095e-35 1.5000000000000002 1.4166500000000002 2.5000000000000004 0.87500000000000011 18.500000000000004 1.0000000180025095e-35
decision_type=2 2 2 2 2 2 2 2 2 2 2 2 2 2
left_child=1 3 6 -1 5 -2 7 -3 -7 -10 -4 -8 13 -13
right_child=4 2 10 -5 -6 8 11 -9 9 -11 -12 12 -14 -15
leaf_value=0.090297002649737806 -0.099146284570057655 -0.0027403402994116166 0.047039787295577361 -0.11202045471476367 0.11164981840272299 0.091948887730993134 0.12818721828070517 -0.11357161535470145 -0.10866618640517516 0.12887931245103312 0.10632245274279824 0.0092470983900796722 -0.067198452058978689 0.063843773848735616
leaf_weight=7.2876925468444815 8.3675742745399457 185.74561008810997 36.037782579660416 259.74633322656155 180.11538285017014 24.008501410484318 5.8391413688659659 27.27683237195015 4.3302777707576743 1.8833830356597898 47.854810059070587 142.26407223939896 14.425797760486601 44.033176556229591
leaf_count=32 39 747 150 1243 826 103 25 131 18 8 213 571 58 180
internal_value=-9.76773e-05 -0.0277174 0.0140667 -0.106499 0.0972084 0.0298037 0.000712624 -0.0169319 0.0655059 -0.0366653 0.0808564 0.018909 0.01573 0.0221516
internal_weight=989.216 770.511 503.477 267.034 218.705 38.5897 419.585 213.022 30.2222 6.21366 83.8926 206.562 200.723 186.297
internal_count=4344 3350 2075 1275 994 168 1712 878 129 26 363 834 809 751
is_linear=0
shrinkage=0.08


Tree=7
num_leaves=15
num_cat=0
split_feature=6 11 8 7 10 0 0 9 15 1 0 7 1 1
split_gain=365.753 354.614 61.2748 40.4588 30.2737 24.2944 17.9423 41.0999 11.5318 11.0428 10.5305 9.96867 14.5385 10.5285
threshold=0.58335000000000015 1.0000000180025095e-35 1.0000000180025095e-35 0.87500000000000011 1.0000000180025095e-35 1.5000000000000002 1.5000000000000002 1.0000000180025095e-35 1.0000000180025095e-35 10.500000000000002 2.5000000000000004 0.87500000000000011 15.500000000000002 9.5000000000000018
decision_type=2 2 2 2 2 2 2 2 2 2 2 2 2 2
left_child=1 3 6 -1 5 -2 7 9 -7 -3 -4 -8 13 -13
right_child=4 2 10 -5 -6 8 11 -9 -10 -11 -12 12 -14 -15
leaf_value=0.085602893407810882 -0.11084725177271419 0.0020032933694249999 0.043721872086686916 -0.10834048645398783 0.10737878009114979 0.06935501431262682 0.12242335288358289 -0.10996738264007822 -0.15021707035951293 -0.086622388946787546 0.10159284262804294 -0.044497895761227362 -0.021240640745011887 0.033888715140550855
leaf_weight=7.0809154510498038 6.6278177350759497 176.24162498116493 35.685673356056213 247.58169330656528 172.60525289177895 29.36387695372105 5.6333038210868827 25.970618650317192 1.6150039434432972 9.4819746315479261 46.146372601389885 11.937025070190428 53.37350931763649 134.86959171295166
leaf_count=32 33 708 150 1243 826 128 25 131 7 39 213 48 215 546
internal_value=-0.000107917 -0.0261239 0.0130563 -0.102948 0.0932078 0.0281667 0.000649417 -0.0157029 0.0579082 -0.00252142 0.0763562 0.017469 0.0145154 0.027515
internal_weight=964.214 754.002 499.34 254.663 210.212 37.6067 417.508 211.694 30.9789 185.724 81.832 205.813 200.18 146.807
internal_count=4344 3350 2075 1275 994 168 1712 878 135 747 363 834 809 594
is_linear=0
shrinkage=0.08


Tree=8
num_leaves=15
num_cat=0
split_feature=6 11 8 7 10 1 14 1 15 9 1 0 0 0
split_gain=322.758 318.465 53.6188 36.2397 27.8915 21.6577 15.8394 19.8121 19.3096 16.1003 14.192 11.2731 10.1591 9.88837
threshold=0.58335000000000015 1.0000000180025095e-35 1.0000000180025095e-35 0.87500000000000011 1.0000000180025095e-35 10.500000000000002 1.0000000180025095e-35 11.500000000000002 1.0000000180025095e-35 1.0000000180025095e-35 7.5000000000000009 3.5000000000000004 1.5000000000000002 2.5000000000000004
decision_type=2 2 2 2 2 2 2 2 2 2 2 2 2 2
left_child=1 3 6 -1 5 -2 7 9 -8 10 -3 -7 -9 -4
right_child=4 2 13 -5 -6 11 8 12 -10 -11 -12 -13 -14 -15
leaf_value=0.08130863020477587 -0.09218458301328275 0.0043648681243018579 0.040648706360919648 -0.10512974052698708 0.1036259429584379 0.073679107490352752 0.018277123464865586 -0.12585207397316786 -0.12346155736668143 -0.085222123547250866 -0.062410998973625037 -0.103909082130431 0.027430501464165903 0.097374057249829532
leaf_weight=6.8673806190490714 7.7575053870677939 59.237342834472656 35.328110307455063 235.23724041879177 164.86546126008034 26.460324168205265 226.42341305315495 2.9055556654930106 6.323237031698226 31.247739478945732 31.044852644205093 2.5041722655296317 58.136424764990807 44.36738146841526
leaf_count=32 39 237 150 1243 826 118 921 13 31 146 126 11 238 213
internal_value=-0.00011978 -0.0246514 0.012123 -0.0998414 0.0895819 0.0265303 0.000589324 -0.0170505 0.0144264 -0.0357276 -0.018597 0.0583254 0.0201344 0.0722284
internal_weight=938.706 737.119 495.014 242.105 201.587 36.722 415.319 182.572 232.747 121.53 90.2822 28.9645 61.042 79.6955
internal_count=4344 3350 2075 1275 994 168 1712 760 952 509 363 129 251 363
is_linear=0
shrinkage=0.08


Tree=9
num_leaves=15
num_cat=0
split_feature=6 11 8 7 10 0 15 14 1 9 1 5 13 1
split_gain=285.443 286.965 47.0027 32.5673 25.7858 19.1357 13.7036 16.7406 16.889 14.1283 12.115 9.95572 9.78341 9.68805
threshold=0.58335000000000015 1.0000000180025095e-35 1.0000000180025095e-35 0.87500000000000011 1.0000000180025095e-35 1.5000000000000002 1.0000000180025095e-35 1.0000000180025095e-35 11.500000000000002 1.0000000180025095e-35 7.5000000000000009 1.5000000000000002 1.0000000180025095e-35 13.500000000000002
decision_type=2 2 2 2 2 2 2 2 2 2 2 2 2 2
left_child=1 3 6 -1 5 -2 7 8 9 10 12 -7 -3 -9
right_child=4 2 -4 -5 -6 11 -8 13 -10 -11 -12 -13 -14 -15
leaf_value=0.077340988976229832 -0.10517913617531138 0.024850483239332775 0.068408090299568708 -0.10230539854151786 0.10029293883112837 0.074394591416623093 -0.11903191611905731 0.027771508823822337 0.018588865747880462 -0.080046180804653491 -0.057814193070025235 -0.041388536948693773 -0.046713376598447862 -0.0081851794922840997
leaf_weight=6.6511173248291007 6.0087703317403784 41.993506193161011 77.525157451629639 222.89825156331062 157.03830489516258 23.852438017725948 6.0452528595924369 157.42168086767197 60.805478692054749 30.632536441087723 30.840579897165298 5.9357087165117255 17.247332900762558 68.968279376626015
leaf_count=32 33 168 363 1243 826 109 31 641 251 146 126 26 69 280
internal_value=-0.000129561 -0.0232516 0.01124 -0.0971002 0.0863258 0.0250531 0.000533594 0.00230557 -0.0157937 -0.0331127 -0.0171528 0.0513232 0.00401544 0.0168175
internal_weight=913.864 721.029 491.48 229.549 192.835 35.7969 413.955 407.909 181.519 120.714 90.0814 29.7881 59.2408 226.39
internal_count=4344 3350 2075 1275 994 168 1712 1681 760 509 363 135 237 921
is_linear=0
shrinkage=0.08


Tree=10
num_leaves=15
num_cat=0
split_feature=6 11 8 7 10 1 0 9 0 15 1 13 1 1
split_gain=252.919 259.278 41.0851 29.3527 23.9313 17.068 13.1092 32.3625 9.85033 9.63861 9.44122 15.7354 14.0494 9.07914
threshold=0.58335000000000015 1.0000000180025095e-35 1.0000000180025095e-35 0.87500000000000011 1.0000000180025095e-35 10.500000000000002 1.5000000000000002 1.0000000180025095e-35 2.5000000000000004 1.0000000180025095e-35 12.500000000000002 1.0000000180025095e-35 15.500000000000002 10.500000000000002
decision_type=2 2 2 2 2 2 2 2 2 2 2 2 2 2
left_child=1 3 6 -1 5 -2 7 13 10 -7 11 -4 -12 -3
right_child=4 2 8 -5 -6 9 -8 -9 -10 -11 12 -13 -14 -15
leaf_value=0.073643104664620054 -0.086577776013410518 0.0014954246206907093 0.08893720366143662 -0.099802285663419407 0.097302933889851687 0.063501699603982331 0.014863529962364475 -0.10346515482064286 0.091006439096203026 -0.14316701891887029 -0.12586312842635811 -0.050932780023639025 0.12390469958270549 -0.07972099406207811
leaf_weight=6.435290813446044 7.1438615620136252 175.92166587710381 20.590550154447559 210.70868083834648 149.23530983924866 26.185432881116871 204.57120928168297 22.858028411865234 41.231505632400513 1.5285668522119511 4.8044617027044287 6.8635167181491843 2.0590550154447556 9.2735803574323636
leaf_count=32 39 708 90 1243 826 122 834 131 213 7 21 30 9 39
internal_value=-0.000140451 -0.0219354 0.010414 -0.094662 0.0833627 0.0236813 0.000483295 -0.0136563 0.0646526 0.0521029 0.0329892 0.0539697 -0.0509328 -0.00257146
internal_weight=889.411 705.318 488.174 217.144 184.093 34.8579 412.624 208.053 75.5491 27.714 34.3176 27.4541 6.86352 185.195
internal_count=4344 3350 2075 1275 994 168 1712 878 363 129 150 120 30 747
is_linear=0
shrinkage=0.08


Tree=11
num_leaves=15
num_cat=0
split_feature=6 11 0 7 10 1 0 9 0 1 5 6 14 1
split_gain=224.39 234.801 36.6469 26.525 22.3597 16.4126 15.6363 30.0091 15.2149 11.1069 8.73585 9.47236 8.17101 12.4245
threshold=0.58335000000000015 1.0000000180025095e-35 2.5000000000000004 0.87500000000000011 1.0000000180025095e-35 18.500000000000004 1.5000000000000002 1.0000000180025095e-35 1.5000000000000002 35.500000000000007 1.5000000000000002 1.4166500000000002 1.0000000180025095e-35 7.5000000000000009
decision_type=2 2 2 2 2 2 2 2 2 2 2 2 2 2
left_child=1 3 5 -1 8 6 7 12 -2 -4 -10 -12 13 -3
right_child=4 2 9 -5 -6 -7 -8 -9 10 -11 11 -13 -14 -15
leaf_value=0.070170422237746333 -0.10078557159613707 0.0035746545460617284 0.073805843533996524 -0.097568304698313582 0.094594908129536789 -0.10117372526429025 0.019187922532962146 -0.10116544662456123 0.068071408897262084 -0.1474501519871991 -0.10687715216206176 0.11642763873044247 0.01548879398176004 -0.057902484759698822
leaf_weight=6.2223606109619132 5.4021811187267295 59.228810325264931 58.31486839056015 198.77882760763168 141.5429300069809 9.7530376911163312 209.57242771983147 21.560478866100311 22.728790625929836 1.4891337454318989 4.1475439369678488 1.7198826074600218 91.758529812097549 32.630258202552795
leaf_count=32 33 237 293 1243 826 40 864 131 109 6 18 8 369 135
internal_value=-0.000147595 -0.0207114 0.009666 -0.092477 0.0806017 0.00140614 0.00381835 -0.0118804 0.0223447 0.0682965 0.0456055 -0.0414212 -0.0013965 -0.0182633
internal_weight=864.85 689.309 484.308 205.001 175.541 424.504 414.751 205.178 33.9984 59.804 28.5962 5.86743 183.618 91.8591
internal_count=4344 3350 2075 1275 994 1776 1736 872 168 299 135 26 741 372
is_linear=0
shrinkage=0.08


Tree=12
num_leaves=15
num_cat=0
split_feature=6 11 8 7 10 1 15 14 1 9 0 2 1 1
split_gain=199.568 213.011 32.9659 24.027 20.7535 13.5561 11.1231 11.859 12.1755 11.6463 8.78459 30.583 8.7816 12.2417
threshold=0.58335000000000015 1.0000000180025095e-35 1.0000000180025095e-35 0.87500000000000011 1.0000000180025095e-35 10.500000000000002 1.0000000180025095e-35 1.0000000180025095e-35 11.500000000000002 1.0000000180025095e-35 2.5000000000000004 1.0000000180025095e-35 13.500000000000002 5.5000000000000009
decision_type=2 2 2 2 2 2 2 2 2 2 2 2 2 2
left_child=1 3 6 -1 5 -2 7 8 9 -3 -7 -12 13 -9
right_child=4 2 -4 -5 -6 10 -8 12 -10 -11 11 -13 -14 -15
leaf_value=0.066887884716960999 -0.08173341201532637 -0.014520295001921349 0.058998867056292516 -0.095561219165938363 0.092119672345286716 0.089573823872393751 -0.11474676404159245 -0.023548736795414933 0.015547966743896236 -0.073340036485197019 -0.13836302763756977 0.11575031228728908 -0.0099381540775805265 0.034797846000822176
leaf_weight=6.0142107009887686 6.5540722310543051 89.518867179751396 71.692088395357132 187.19157846271992 134.02716282010078 14.200303837656977 5.319054201245307 28.030599743127823 60.182401239871979 28.371763899922371 5.6917563676834089 6.4843565374612808 68.77321945130825 128.59009970724583
leaf_count=32 39 363 363 1243 826 71 31 114 251 146 26 32 280 527
internal_value=-0.000160025 -0.0195646 0.00896105 -0.0905044 0.0781388 0.0212364 0.000185519 0.00170071 -0.0137298 -0.028676 0.0468226 -0.00303564 0.0138917 0.0243555
internal_weight=840.642 673.684 480.478 193.206 166.958 32.9305 408.786 403.467 178.073 117.891 26.3764 12.1761 225.394 156.621
internal_count=4344 3350 2075 1275 994 168 1712 1681 760 509 129 58 921 641
is_linear=0
shrinkage=0.08


Tree=13
num_leaves=15
num_cat=0
split_feature=6 11 0 7 10 1 0 0 9 1 0 1 13 4
split_gain=177.766 193.624 30.2047 21.8119 19.1916 14.0821 12.3069 12.0104 25.8027 9.60672 7.19469 6.4298 15.3893 6.38232
threshold=0.58335000000000015 1.0000000180025095e-35 2.5000000000000004 0.87500000000000011 1.0000000180025095e-35 18.500000000000004 1.5000000000000002 1.5000000000000002 1.0000000180025095e-35 35.500000000000007 3.5000000000000004 14.500000000000002 1.0000000180025095e-35 1.0000000180025095e-35
decision_type=2 2 2 2 2 2 2 2 2 2 2 2 2 2
left_child=1 3 5 -1 6 7 -2 8 -3 -4 13 -9 -13 -8
right_child=4 2 9 -5 -6 -7 10 11 -10 -11 -12 12 -14 -15
leaf_value=0.063767773133952196 -0.09731789143644981 -0.0014022969606043367 0.068352886839895877 -0.093746375329186032 0.089837035001883669 -0.09472068413614862 -0.14708300697837895 0.024997419060455179 -0.09816688413108926 -0.13911510583117076 -0.095674010158995779 -0.026076644449311469 0.08832075587528411 0.062065967418728329
leaf_weight=5.8122558593749991 4.8274024575948742 183.26839627325535 55.429884001612663 176.00761194527149 126.73740172386169 9.6313925534486753 0.97201186418533936 153.80006907880306 19.514429971575737 1.466192990541457 2.2470620125532141 45.217358335852623 9.0287989825010282 23.743946433067322
leaf_count=32 33 741 293 1243 826 40 4 644 131 6 11 182 38 120
internal_value=-0.000165097 -0.0184574 0.00830151 -0.0887111 0.0758962 0.000898916 0.0203189 0.0031406 -0.0107143 0.0630065 0.0413803 0.0166449 -0.0070362 0.0538407
internal_weight=817.704 659.176 477.357 181.82 158.528 420.46 31.7904 410.829 202.783 56.8961 26.963 208.046 54.2462 24.716
internal_count=4344 3350 2075 1275 994 1776 168 1736 872 299 135 864 220 124
is_linear=0
shrinkage=0.08


Tree=14
num_leaves=15
num_cat=0
split_feature=6 11 0 10 10 1 0 0 9 1 15 14 1 13
split_gain=158.378 176.213 26.4801 20.3433 17.9141 12.1002 10.9713 10.2375 23.575 8.37804 6.35547 5.89312 10.7429 8.28825
threshold=0.58335000000000015 1.0000000180025095e-35 2.5000000000000004 0.68500000000000016 1.0000000180025095e-35 18.500000000000004 1.5000000000000002 1.5000000000000002 1.0000000180025095e-35 35.500000000000007 1.0000000180025095e-35 1.0000000180025095e-35 7.5000000000000009 1.0000000180025095e-35
decision_type=2 2 2 2 2 2 2 2 2 2 2 2 2 2
left_child=1 3 5 -1 6 7 -2 8 11 -4 -8 12 13 -3
right_child=4 2 9 -5 -6 -7 10 -9 -10 -11 -12 -13 -14 -15
leaf_value=-0.091067048267501977 -0.095711951267005019 0.023727595314050831 0.064811497114287894 0.10351170280411133 0.087713738927869725 -0.088468512680537778 0.048253288058738963 0.015384304549870416 -0.096478065708443084 -0.1314376996525296 -0.13048326198552931 0.013027461788028744 -0.052833755892501832 -0.042176089637449413
leaf_weight=167.37608326971531 4.5279525071382549 41.998758316040039 53.848404616117477 3.5109546780586234 119.70955020189285 9.4927599579095823 24.925422251224521 207.16892293095589 18.316456943750381 1.4291667044162739 1.34175145626068 91.810187727212906 32.227844595909119 17.220726683735847
leaf_count=1255 33 168 293 20 826 40 128 864 131 6 7 369 135 69
internal_value=-0.000174431 -0.0174319 0.00769971 -0.0870693 0.073715 0.000821942 0.0192978 0.00289565 -0.00993965 0.0597376 0.0391233 -0.00129019 -0.0156647 0.00456314
internal_weight=794.905 644.4 473.513 170.887 150.505 418.236 30.7951 408.743 201.574 55.2776 26.2672 183.258 91.4473 59.2195
internal_count=4344 3350 2075 1275 994 1776 168 1736 872 299 135 741 372 237
is_linear=0
shrinkage=0.08


Tree=15
num_leaves=15
num_cat=0
split_feature=6 11 8 7 10 1 15 7 14 13 0 13 1 1
split_gain=141.052 160.292 23.7264 18.7892 16.8696 9.8849 9.28912 8.79294 10.3524 8.23315 8.14271 8.47339 14.247 11.5733
threshold=0.58335000000000015 1.0000000180025095e-35 1.0000000180025095e-35 0.87500000000000011 1.0000000180025095e-35 10.500000000000002 1.0000000180025095e-35 0.87500000000000011 1.0000000180025095e-35 1.0000000180025095e-35 2.5000000000000004 1.0000000180025095e-35 12.500000000000002 16.500000000000004
decision_type=2 2 2 2 2 2 2 2 2 2 2 2 2 2
left_child=1 3 6 -1 5 -2 7 -3 9 -9 11 12 -4 -14
right_child=4 2 10 -5 -6 -7 -8 8 -10 -11 -12 -13 13 -15
leaf_value=0.059564996364560072 -0.076534841979836482 0.10861367295556151 0.07817104913485641 -0.090599361167998438 0.085721990940207743 0.040487310263582925 -0.11248742838033211 -0.0043088321369796094 0.011158782284700113 -0.043876309533025709 0.078745893044430512 -0.044805867879835259 -0.15366372309423126 0.12270577807114416
leaf_weight=5.5226407051086417 5.705433905124667 4.8128396123647681 19.196779131889347 155.11823678761721 112.96856960654259 24.276779741048813 4.658712461590766 124.26565691828728 223.20092721283436 46.158119961619377 34.000295072793961 8.7001647502183896 3.4487885087728491 1.3490800559520719
leaf_count=32 39 25 90 1243 826 129 31 522 918 216 213 39 15 6
internal_value=-0.000183724 -0.0164525 0.00713602 -0.0854369 0.071564 0.0182187 -0.000176989 0.0011362 -0.000177929 -0.0150254 0.0513349 0.0228293 0.047353 -0.0759533
internal_weight=773.383 630.432 469.791 160.641 142.951 29.9822 403.096 398.438 393.625 170.424 66.6951 32.6948 23.9946 4.79787
internal_count=4344 3350 2075 1275 994 168 1712 1681 1656 738 363 150 111 21
is_linear=0
shrinkage=0.08


Tree=16
num_leaves=15
num_cat=0
split_feature=6 11 8 10 10 2 0 1 15 7 1 0 0 13
split_gain=125.466 146.28 20.8869 17.2825 16.0402 9.29925 18.7753 14.196 8.35033 7.89306 9.65044 7.60024 8.50536 7.28435
threshold=0.58335000000000015 1.0000000180025095e-35 1.0000000180025095e-35 0.68500000000000016 1.0000000180025095e-35 1.0000000180025095e-35 2.5000000000000004 10.500000000000002 1.0000000180025095e-35 0.87500000000000011 21.500000000000004 2.5000000000000004 3.5000000000000004 1.0000000180025095e-35
decision_type=2 2 2 2 2 2 2 2 2 2 2 2 2 2
left_child=1 3 8 -1 5 6 7 -2 9 -3 -11 13 -13 -4
right_child=4 2 11 -5 -6 -7 -8 -9 -10 10 -12 12 -14 -15
leaf_value=-0.088021501723084969 -0.073193749910549291 0.1056873987978654 0.044638350736354367 0.099973805515083641 0.083838315286888787 0.10831074196424366 -0.1345836148830333 0.080781973853634476 -0.10970295291164142 0.0016994739143109242 -0.084414846817514225 0.083167675228349905 -0.1645780878701322 -0.040616344196560149
leaf_weight=147.48168689012527 5.49731969833375 4.5607248097658148 23.483586877584457 3.1974840164184561 106.53062081336975 5.7528913915157309 5.5001071095466605 12.65128171443939 4.4051973894238463 384.72375481575727 8.5129775404930097 31.483888104557991 0.91257646679878135 8.8242482990026456
leaf_count=1255 39 25 111 20 826 32 26 71 31 1620 36 207 6 39
internal_value=-0.00018046 -0.0154955 0.00662245 -0.0840322 0.0694011 0.017091 -0.00509957 0.0341418 -0.00016421 0.00104882 -0.00016477 0.0488084 0.0761889 0.0213527
internal_weight=753.518 617.586 466.907 150.679 135.932 29.4016 23.6487 18.1486 402.203 397.797 393.237 64.7043 32.3965 32.3078
internal_count=4344 3350 2075 1275 994 168 136 110 1712 1681 1656 363 213 150
is_linear=0
shrinkage=0.08


Tree=17
num_leaves=15
num_cat=0
split_feature=6 11 8 7 10 2 0 1 15 14 1 9 1 1
split_gain=112.021 133.359 18.3464 16.3494 14.8681 8.37381 16.1229 12.5674 7.52046 7.21291 8.33655 9.89533 7.41313 7.33655
threshold=0.58335000000000015 1.0000000180025095e-35 1.0000000180025095e-35 0.87500000000000011 1.0000000180025095e-35 1.0000000180025095e-35 2.5000000000000004 10.500000000000002 1.0000000180025095e-35 1.0000000180025095e-35 11.500000000000002 1.0000000180025095e-35 7.5000000000000009 13.500000000000002
decision_type=2 2 2 2 2 2 2 2 2 2 2 2 2 2
left_child=1 3 8 -1 5 6 7 -2 9 10 11 12 -3 -11
right_child=4 2 -4 -5 -6 -7 -8 -9 -10 13 -12 -13 -14 -15
leaf_value=0.055951941432289626 -0.06995003449296841 0.0053308347994031171 0.046322759083448573 -0.087928987104951881 0.082042718152222888 0.1056149220900522 -0.12475499042767899 0.077741957595681296 -0.10717923702794742 0.0200640847809694 0.013253631592645974 -0.06709472253082191 -0.043590674233937782 -0.01141962150168741
leaf_weight=5.2492892146110526 5.3003219068050482 59.129485666751862 62.872112140059471 136.1779745593667 100.40481816232204 5.4405378997325888 5.4602510407567015 12.116514548659323 4.1583268120884886 155.4555276632309 58.783534049987793 26.096641421318054 29.821426704525948 68.129797711968422
leaf_count=32 39 237 363 1243 826 32 26 71 31 641 251 146 126 280
internal_value=-0.000172864 -0.0145725 0.00613892 -0.0825886 0.0676036 0.0164072 -0.00480785 0.0327961 -0.00015242 0.000967444 -0.0112556 -0.0237786 -0.0110704 0.0104705
internal_weight=734.597 605.874 464.447 141.427 128.722 28.3176 22.8771 17.4168 401.575 397.416 173.831 115.048 88.9509 223.585
internal_count=4344 3350 2075 1275 994 168 136 110 1712 1681 760 509 363 921
is_linear=0
shrinkage=0.08


Tree=18
num_leaves=15
num_cat=0
split_feature=6 11 0 7 10 1 2 0 1 0 9 1 1 13
split_gain=100.115 121.831 17.2982 14.9583 13.7716 10.0772 7.56081 13.9039 11.127 7.53012 19.5902 6.46032 5.0043 13.5685
threshold=0.58335000000000015 1.0000000180025095e-35 2.5000000000000004 0.87500000000000011 1.0000000180025095e-35 18.500000000000004 1.0000000180025095e-35 2.5000000000000004 10.500000000000002 1.5000000000000002 1.0000000180025095e-35 35.500000000000007 14.500000000000002 1.0000000180025095e-35
decision_type=2 2 2 2 2 2 2 2 2 2 2 2 2 2
left_child=1 3 5 -1 6 9 7 8 -2 10 -3 -4 -11 -14
right_child=4 2 11 -5 -6 -7 -8 -9 -10 12 -12 -13 13 -15
leaf_value=0.053264216060558561 -0.066797470510019927 -0.0014560167316188483 0.055466874017411842 -0.086721634794446237 0.080318033092021721 -0.082486450001046624 0.10323109324122315 -0.11618830991775324 0.07484890781152613 0.020450441530384104 -0.093970931560163257 -0.12182372517853686 -0.025663626566190534 0.082713834944962664
leaf_weight=5.0801454186439505 5.1142472326755621 182.38940906524658 47.727084770798683 127.38700413703918 94.594663381576538 9.1915647983551008 5.133440062403678 5.3963739648461333 11.599526956677435 151.04959307610989 15.927834108471869 1.3526959419250477 45.16582864522934 8.8402824401855451
leaf_count=32 39 741 293 1243 826 40 32 26 71 644 131 6 182 38
internal_value=-0.000176439 -0.0137239 0.00568211 -0.0813531 0.065884 0.000340869 0.0157662 -0.00454101 0.0315065 0.00222824 -0.00888634 0.0505805 0.0129776 -0.00792328
internal_weight=715.95 594.111 461.644 132.467 121.838 412.565 27.2436 22.1101 16.7138 403.373 198.317 49.0798 205.056 54.0061
internal_count=4344 3350 2075 1275 994 1776 168 136 110 1736 872 299 864 220
is_linear=0
shrinkage=0.08


Tree=19
num_leaves=15
num_cat=0
split_feature=6 11 8 10 10 0 0 9 0 1 7 1 5 1
split_gain=89.5249 111.338 16.1656 13.9321 12.7475 8.66015 7.02946 17.6955 6.93483 6.89752 5.37819 7.568 6.02375 6.02536
threshold=0.58335000000000015 1.0000000180025095e-35 1.5000000000000002 0.68500000000000016 1.0000000180025095e-35 3.5000000000000004 1.5000000000000002 1.0000000180025095e-35 1.5000000000000002 10.500000000000002 0.87500000000000011 21.500000000000004 1.0000000180025095e-35 10.500000000000002
decision_type=2 2 2 2 2 2 2 2 2 2 2 2 2 2
left_child=1 3 6 -1 8 -4 7 9 -2 -3 -8 12 -12 -14
right_child=4 2 5 -5 -6 -7 10 -9 -10 -11 11 -13 13 -15
leaf_value=-0.084258476084051445 -0.090721318341194859 0.0014266754114197098 0.095304247162038253 0.096203571306982594 0.078649446442945678 -0.15340529841398207 0.10169267535565103 -0.092734718389742885 0.03116625179606821 -0.071048507942594943 0.014177844189274121 -0.071932223275794835 0.01089171996203706 -0.17317438851935504
leaf_weight=121.20610132068396 3.4390095546841648 174.75518895685673 16.175538897514347 2.8012275695800772 89.099233344197273 0.94857126474380393 4.1531560868024817 14.891218781471251 22.750568643212318 8.828746631741522 226.90061241388321 7.02562192082405 2.337621182203292 2.2182688862085342
leaf_count=1255 33 708 120 20 826 6 25 131 135 39 997 30 10 9
internal_value=-0.000180693 -0.012934 0.00526466 -0.080182 0.0642271 0.0815273 0.00230411 -0.00886198 0.0151609 -0.00205873 0.011438 0.00986617 0.0123491 -0.0787303
internal_weight=697.531 582.242 458.235 124.007 115.289 17.1241 441.11 198.475 26.1896 183.584 242.635 238.482 231.457 4.55589
internal_count=4344 3350 2075 1275 994 126 1949 878 168 747 1071 1046 1016 19
is_linear=0
shrinkage=0.08


Tree=20
num_leaves=15
num_cat=0
split_feature=6 11 8 7 10 0 2 0 1 15 7 1 1 13
split_gain=79.6814 101.593 14.6576 13.1577 12.1263 7.50657 6.77277 12.4039 9.15002 6.70816 5.75163 7.30398 5.68117 13.8561
threshold=0.58335000000000015 1.0000000180025095e-35 1.5000000000000002 0.87500000000000011 1.0000000180025095e-35 3.5000000000000004 1.0000000180025095e-35 2.5000000000000004 10.500000000000002 1.0000000180025095e-35 0.87500000000000011 21.500000000000004 5.5000000000000009 1.0000000180025095e-35
decision_type=2 2 2 2 2 2 2 2 2 2 2 2 2 2
left_child=1 3 9 -1 6 -4 7 8 -2 10 -3 12 13 -12
right_child=4 2 5 -5 -6 -7 -8 -9 -10 -11 11 -13 -14 -15
leaf_value=0.05021573652123857 -0.062569110983921594 0.099608287811861637 0.093913040192680403 -0.084531855354475771 0.077024110856491398 -0.12856870645758614 0.10051094879253829 -0.11061006201697808 0.070924561735253827 -0.10608530406705054 0.0026396164506847959 -0.073102429052250922 0.0071994109365356249 -0.089827924690808122
leaf_weight=4.8393679261207572 4.7050344944000306 3.9107654839754096 15.144027471542358 111.38830832391977 83.914158582687378 1.0370474159717566 4.7440982311964026 5.3384052962064734 10.896356970071791 3.6362378746271125 41.979218333959579 8.0994602143764478 367.64874967932701 13.774737685918806
leaf_count=32 39 25 120 1243 826 6 32 26 71 31 168 36 1621 68
internal_value=-0.000181706 -0.0121653 0.00487863 -0.0789214 0.0623022 0.0796542 0.0142028 -0.00535114 0.0306658 0.00212279 0.00302646 0.00215113 0.00359069 -0.0202057
internal_weight=681.056 571.458 455.23 116.228 109.598 16.1811 25.6839 20.9398 15.6014 439.049 435.413 431.502 423.403 55.754
internal_count=4344 3350 2075 1275 994 126 168 136 110 1949 1918 1893 1857 236
is_linear=0
shrinkage=0.08


Tree=21
num_leaves=15
num_cat=0
split_feature=6 11 8 7 10 0 2 0 0 15 0 9 1 5
split_gain=71.2168 92.9436 13.3049 12.0793 11.213 6.61624 6.14312 10.7503 8.42895 6.04446 5.3073 14.4391 6.12278 4.624
threshold=0.58335000000000015 1.0000000180025095e-35 1.5000000000000002 0.87500000000000011 1.0000000180025095e-35 3.5000000000000004 1.0000000180025095e-35 2.5000000000000004 1.5000000000000002 1.0000000180025095e-35 1.5000000000000002 1.0000000180025095e-35 11.500000000000002 1.0000000180025095e-35
decision_type=2 2 2 2 2 2 2 2 2 2 2 2 2 2
left_child=1 3 9 -1 6 -4 7 8 -2 10 11 12 -3 -12
right_child=4 2 5 -5 -6 -7 -8 -9 -10 -11 13 -13 -14 -15
leaf_value=0.047711845749141925 -0.089197604852167309 0.0012371857028138904 0.092665897285753973 -0.083510451335551628 0.075430850599023394 -0.11011042149612936 0.098682933807929807 -0.10362603420023268 0.059791084250709184 -0.10393012266731706 0.012322392695886517 -0.092093817663663272 -0.081405406272546013 -0.067797925657890279
leaf_weight=4.6920762658119193 3.051915362477307 176.75192758440971 14.16013419628143 104.03100736439228 79.032411023974419 1.1105762422084815 4.4571443796157828 5.2461455464363089 11.930191412568092 3.423423819243907 235.22850607335567 11.983749359846113 5.9299596548080435 4.7022765427827826
leaf_count=32 33 717 120 1243 826 6 32 26 77 31 1046 108 27 20
internal_value=-0.000178536 -0.011419 0.00451403 -0.0778474 0.06073 0.0779188 0.013664 -0.00506923 0.0294415 0.00195491 0.002789 -0.00702582 -0.00144544 0.0107522
internal_weight=665.731 562.014 453.291 108.723 103.718 15.2707 24.6854 20.2283 14.9821 438.02 434.596 194.666 182.682 239.931
internal_count=4344 3350 2075 1275 994 126 168 136 110 1949 1918 852 744 1066
is_linear=0
shrinkage=0.08


Tree=22
num_leaves=15
num_cat=0
split_feature=6 11 8 10 10 0 4 15 7 1 1 13 1 14
split_gain=63.6657 85.0161 12.087 11.3588 10.3629 5.90164 5.73795 5.45442 5.20009 6.27016 4.65365 11.7966 4.5008 4.49127
threshold=0.58335000000000015 1.0000000180025095e-35 1.5000000000000002 0.68500000000000016 1.0000000180025095e-35 3.5000000000000004 1.0000000180025095e-35 1.0000000180025095e-35 0.87500000000000011 21.500000000000004 5.5000000000000009 1.0000000180025095e-35 9.5000000000000018 1.0000000180025095e-35
decision_type=2 2 2 2 2 2 2 2 2 2 2 2 2 2
left_child=1 3 7 -1 6 -4 -2 8 -3 10 11 -10 -8 -12
right_child=4 2 5 -5 -6 -7 12 -9 9 -11 13 -13 -14 -15
leaf_value=-0.081009465359680066 -0.11762252118112981 0.097597116596777375 0.091544941191995841 0.093344452680848011 0.073859925129643914 -0.095761828591236872 -0.099466183440213116 -0.10195846237469072 0.0023139212493461865 -0.068749674366081578 -0.0041451108687151454 -0.083953207581134684 0.03562320874317193 0.01382946366958583
leaf_weight=99.228419095277786 1.9696571081876779 3.6541901975870124 13.224956989288327 2.4504378437995902 74.444999411702156 1.1719830036163337 1.7135150581598306 3.2188269346952429 41.975389257073402 7.9230249971151343 152.34570690989494 13.378228873014448 20.023000277578831 213.85713165998459
leaf_count=1255 17 25 120 20 826 6 18 31 168 36 697 68 133 924
internal_value=-0.000181098 -0.0107299 0.00417575 -0.0768076 0.0591911 0.0762972 0.0131261 0.00179618 0.00256723 0.00175868 0.00308386 -0.0185357 0.024974 0.00635178
internal_weight=650.579 552.428 450.749 101.679 98.1512 14.3969 23.7062 436.352 433.134 429.479 421.556 55.3536 21.7365 366.203
internal_count=4344 3350 2075 1275 994 126 168 1949 1918 1893 1857 236 151 1621
is_linear=0
shrinkage=0.08


Tree=23
num_leaves=15
num_cat=0
split_feature=6 11 8 7 10 2 0 0 0 15 7 1 0 9
split_gain=56.6395 77.5982 10.9857 10.7277 9.7971 5.48554 9.63428 6.88143 5.31214 4.92963 4.73053 5.41287 4.14065 13.2547
threshold=0.58335000000000015 1.0000000180025095e-35 1.5000000000000002 0.87500000000000011 1.0000000180025095e-35 1.0000000180025095e-35 2.5000000000000004 1.5000000000000002 3.5000000000000004 1.0000000180025095e-35 0.87500000000000011 21.500000000000004 1.5000000000000002 1.0000000180025095e-35
decision_type=2 2 2 2 2 2 2 2 2 2 2 2 2 2
left_child=1 3 9 -1 5 6 7 -2 -4 10 -3 12 13 -12
right_child=4 2 8 -5 -6 -7 -8 -9 -10 -11 11 -13 -14 -15
leaf_value=0.045136253629661401 -0.087674564877118985 0.095969983090250802 0.090534993760825092 -0.081603944246893878 0.072302870743863656 0.09648629367164667 -0.099151580955650423 0.055943140830290429 -0.084233710904588741 -0.10015429473397804 -0.00062801694383566849 -0.064542043050935444 0.010117738720055903 -0.090917816435562834
leaf_weight=4.485431879758834 2.6315595954656645 3.4280845671892157 12.338789999485012 90.770810447633266 70.141455486416817 4.0832171738147727 5.1526753157377234 11.320791840553284 1.2234326899051673 3.0226858891546717 181.29635605216026 7.7707815170288077 228.60396941006184 11.039315812289713
leaf_count=32 33 25 120 1243 826 32 26 77 6 31 738 36 1011 108
internal_value=-0.000178111 -0.0100567 0.0038647 -0.075636 0.0573998 0.01232 -0.00566846 0.0288553 0.0747693 0.00165489 0.00236702 0.00161854 0.0028399 -0.0058103
internal_weight=637.309 543.98 448.723 95.2562 93.3297 23.1882 19.105 13.9524 13.5622 435.161 432.139 428.71 420.94 192.336
internal_count=4344 3350 2075 1275 994 168 136 110 126 1949 1918 1893 1857 846
is_linear=0
shrinkage=0.08


Tree=24
num_leaves=15
num_cat=0
split_feature=10 11 9 9 6 8 10 6 14 6 7 1 0 15
split_gain=51.5732 53.56 52.3644 12.6022 12.2822 10.1212 9.14995 25.8457 29.6834 11.0975 6.53888 6.09039 4.81598 4.41892
threshold=0.68500000000000016 1.0000000180025095e-35 1.0000000180025095e-35 0.7250000000000002 0.58335000000000015 1.5000000000000002 0.67500000000000016 0.58335000000000015 1.0000000180025095e-35 0.90000000000000013 0.70835000000000015 11.500000000000002 3.5000000000000004 1.0000000180025095e-35
decision_type=2 2 2 2 2 2 2 2 2 2 2 2 2 2
left_child=1 2 -1 6 5 13 9 -8 -9 10 -4 -11 -7 -3
right_child=-2 4 3 -5 -6 12 7 8 -10 11 -12 -13 -14 -15
leaf_value=0.087693717497782611 0.08831456678953449 0.0017026364991258726 0.11079357140161059 0.093010702071560342 0.064084239899789855 0.089623113472364471 -0.087497127198512839 -0.54837813694021598 0.087693717497782486 -0.084252776772383214 -0.082670321411731446 0.052433753697381957 -0.074735776255738282 -0.098503069175824548
leaf_weight=14.566679358482359 39.480415269732475 428.36175088584423 1.1346062123775471 2.8025552332401267 22.209505282342434 11.501292586326596 10.37500850856304 1.7608073949813836 0.64029359817504872 3.01121638715267 76.889984145760536 6.7921489626169205 1.2666377127170569 2.8351512849330893
leaf_count=182 475 1901 6 26 224 120 149 22 8 32 1108 54 6 31
internal_value=-0.000178567 -0.0061595 -0.0543134 -0.0743176 0.00602665 0.0031223 -0.0789789 -0.142236 -0.378759 -0.0697771 -0.079857 0.0104489 0.073318 0.00104378
internal_weight=623.628 584.148 117.973 103.407 466.174 443.965 100.604 12.7761 2.4011 87.828 78.0246 9.80337 12.7679 431.197
internal_count=4344 3869 1587 1405 2282 2058 1379 179 30 1200 1114 86 126 1932
is_linear=0
shrinkage=0.08


Tree=25
num_leaves=15
num_cat=0
split_feature=10 11 9 9 6 8 10 6 6 14 7 1 0 15
split_gain=47.0049 47.9482 47.1493 11.3163 10.8864 9.19878 6.09906 10.3645 10.0537 12.7989 5.94604 5.33982 4.39199 4.00678
threshold=0.68500000000000016 1.0000000180025095e-35 1.0000000180025095e-35 0.7250000000000002 0.58335000000000015 1.5000000000000002 0.67500000000000016 0.90000000000000013 0.58335000000000015 1.0000000180025095e-35 0.70835000000000015 11.500000000000002 3.5000000000000004 1.0000000180025095e-35
decision_type=2 2 2 2 2 2 2 2 2 2 2 2 2 2
left_child=1 2 -1 6 5 13 7 10 -8 -10 -4 -9 -7 -3
right_child=-2 4 3 -5 -6 12 8 11 9 -11 -12 -13 -14 -15
leaf_value=0.087047764703361438 0.087617293416652503 0.0015666020330797694 0.10773900091221035 0.09190179760919201 0.061320568206036742 0.088798172336465114 -0.08665663183099806 -0.080171491635460279 -0.32288541863254627 0.087047764703361299 -0.08174040898641767 0.049906623256024726 -0.066755032069340192 -0.096991492194724013
leaf_weight=13.542454376816748 36.723220929503441 428.31526435166597 1.0758379101753224 2.6170241907238951 21.388163663446903 10.711635053157803 9.6665002331137639 2.915414057672022 2.6910205781459804 0.59527271986007679 71.753326967358589 6.5743756517767906 1.3029793202877051 2.6562943607568732
leaf_count=182 475 1901 6 26 224 120 149 32 22 8 1108 54 6 31
internal_value=-0.000136446 -0.00573313 -0.05286 -0.0722156 0.00557544 0.00288396 -0.0767237 -0.0686946 -0.127752 -0.248631 -0.0789414 0.00994456 0.0719285 0.000959139
internal_weight=612.529 575.806 111.431 97.8888 464.374 442.986 95.2717 82.319 12.9528 3.28629 72.8292 9.48979 12.0146 430.972
internal_count=4344 3869 1587 1405 2282 2058 1379 1200 179 30 1114 86 126 1932
is_linear=0
shrinkage=0.08


Tree=26
num_leaves=15
num_cat=0
split_feature=10 11 9 9 10 8 15 6 10 6 6 7 13 0
split_gain=42.8957 43.1219 42.5752 10.1917 10.0301 8.36707 5.10611 4.4552 4.48117 6.99751 6.08287 5.41032 4.11693 4.02532
threshold=0.68500000000000016 1.0000000180025095e-35 1.0000000180025095e-35 0.7250000000000002 1.0000000180025095e-35 1.5000000000000002 1.0000000180025095e-35 1.4166500000000002 0.67500000000000016 0.90000000000000013 0.58335000000000015 0.70835000000000015 1.0000000180025095e-35 3.5000000000000004
decision_type=2 2 2 2 2 2 2 2 2 2 2 2 2 2
left_child=1 2 -1 7 5 6 -3 8 9 11 -10 -4 -12 -7
right_child=-2 4 3 -5 -6 13 -8 -9 10 -11 12 -13 -14 -15
leaf_value=0.086460218829548893 0.086983040909315384 0.0016060803873096164 0.10505494503563215 0.090896607092743636 0.060290558259940605 0.088050595782632454 -0.10061755421561051 0.055463373040315657 -0.085808533020530542 0.0021010816932901569 -0.1340468491572302 -0.080819710739175973 -0.30496528632734432 -0.059943241783165291
leaf_weight=12.58275221288204 34.136914789676666 428.04060407727957 1.0174480229616154 2.4414417147636405 20.195940211415291 9.9686121940612757 3.1503007747232905 1.6507039144635189 9.0079636611044389 7.7703962549567214 2.0863858461379996 66.960862532258034 1.5887449458241465 1.3335855603218085
leaf_count=182 475 1921 6 26 200 120 35 16 149 72 17 1108 11 6
internal_value=-0.000114726 -0.0053512 -0.0516076 -0.0703841 0.00515664 0.00264026 0.00085923 -0.0747552 -0.0771859 -0.0698169 -0.121196 -0.0780377 -0.207934 0.0705883
internal_weight=601.933 567.796 105.107 92.5239 462.689 442.493 431.191 90.0825 88.4318 75.7487 12.6831 67.9783 3.67513 11.3022
internal_count=4344 3869 1587 1405 2282 2082 1956 1379 1363 1186 177 1114 28 126
is_linear=0
shrinkage=0.08


Tree=27
num_leaves=15
num_cat=0
split_feature=10 11 9 6 9 8 5 14 1 1 13 1 13 1
split_gain=39.1807 38.7302 38.3913 9.23674 9.16229 7.94735 5.42952 4.99281 6.59833 9.15816 8.256 11.7028 5.14967 5.40016
threshold=0.68500000000000016 1.0000000180025095e-35 1.0000000180025095e-35 0.58335000000000015 0.7250000000000002 1.0000000180025095e-35 1.0000000180025095e-35 1.0000000180025095e-35 13.500000000000002 5.5000000000000009 1.0000000180025095e-35 18.500000000000004 1.0000000180025095e-35 13.500000000000002
decision_type=2 2 2 2 2 2 2 2 2 2 2 2 2 2
left_child=1 2 -1 5 -4 6 7 12 9 -9 -10 -12 -3 -14
right_child=-2 3 4 -5 -6 -7 -8 8 10 -11 11 -13 13 -15
leaf_value=0.085925128193939854 0.086405385418967834 -0.0027652261250936637 -0.072663645171952784 0.057887780976239568 0.089983853051998366 0.031596651919837668 -0.09314546810910701 -0.024616339705919761 -0.03065367251246991 0.025812621238735046 0.07239927811917915 -0.076304777976248406 -0.046440002849245862 0.035545239391967576
leaf_weight=11.684730678796766 31.714433588087559 122.74012890458107 85.420931462198496 20.039678029716015 2.2756620571017256 52.412989385426044 4.1016496121883383 28.290728285908699 48.823545068502426 124.36367233097553 12.910540625452997 4.5917133539915076 36.823350124061108 5.976290985941886
leaf_count=182 475 528 1379 224 26 363 17 122 198 538 57 21 188 26
internal_value=-0.000100354 -0.00499544 -0.0502933 0.00476818 -0.0684431 0.00235454 -0.00158931 -0.000612688 0.00731327 0.0164669 -0.0137545 0.0333868 -0.0110973 -0.0349921
internal_weight=592.17 560.456 99.3813 461.074 87.6966 441.035 388.622 384.52 218.98 152.654 66.3258 17.5023 165.54 42.7996
internal_count=4344 3869 1587 2282 1405 2058 1695 1678 936 660 276 78 742 214
is_linear=0
shrinkage=0.08


Tree=28
num_leaves=15
num_cat=0
split_feature=10 11 9 10 9 8 15 6 0 1 0 9 1 14
split_gain=35.8161 34.5752 34.4469 8.52141 8.18879 7.29219 4.69554 4.24615 3.80985 3.29848 3.64497 12.585 5.0216 6.29657
threshold=0.68500000000000016 1.0000000180025095e-35 1.0000000180025095e-35 1.0000000180025095e-35 0.7250000000000002 1.5000000000000002 1.0000000180025095e-35 1.4166500000000002 3.5000000000000004 21.500000000000004 1.5000000000000002 1.0000000180025095e-35 7.5000000000000009 1.0000000180025095e-35
decision_type=2 2 2 2 2 2 2 2 2 2 2 2 2 2
left_child=1 2 -1 5 7 6 9 -4 -7 10 11 12 -3 -14
right_child=-2 3 4 -5 -6 8 -8 -9 -10 -11 -12 -13 13 -15
leaf_value=0.085437271546876539 0.085878660398697543 0.0090723494573545557 -0.072752710024015357 0.056989157042895616 0.089153759977467661 0.087142762513717179 -0.099481668627418182 0.056584458031067889 -0.057133253309613538 -0.048458267968775219 0.0091372867598285383 -0.089854226439149823 -0.044461140428454941 0.0054701926868840657
leaf_weight=10.845448598265646 29.448358029127121 116.39764469861984 79.935316149145365 18.919267572462559 2.1194618269801131 9.0297254920005763 2.9821710400283328 1.6582322791218747 1.345995336771012 8.3744700700044614 225.88185748457909 10.774813272058962 31.359798654913902 33.356151893734932
leaf_count=182 475 468 1363 200 26 120 35 16 6 43 1025 115 135 135
internal_value=-8.84074e-05 -0.00466649 -0.0487118 0.00441873 -0.0660916 0.00215573 0.000553387 -0.0701242 0.0684265 0.00125344 0.00224994 -0.00585752 -0.000860387 -0.0187253
internal_weight=582.429 552.98 94.5585 458.422 83.713 439.503 429.127 81.5935 10.3757 426.145 417.77 191.888 181.114 64.716
internal_count=4344 3869 1587 2282 1405 2082 1956 1379 126 1921 1878 853 738 270
is_linear=0
shrinkage=0.08


Tree=29
num_leaves=15
num_cat=0
split_feature=10 11 9 6 9 8 6 10 1 5 0 5 1 1
split_gain=32.7685 30.8572 30.9213 7.87524 7.32178 6.64119 4.33001 9.73971 4.612 3.53538 3.51189 3.1893 3.98506 3.29017
threshold=0.68500000000000016 1.0000000180025095e-35 1.0000000180025095e-35 0.58335000000000015 0.7250000000000002 1.5000000000000002 0.90000000000000013 0.67500000000000016 11.500000000000002 1.5000000000000002 3.5000000000000004 1.0000000180025095e-35 10.500000000000002 5.5000000000000009
decision_type=2 2 2 2 2 2 2 2 2 2 2 2 2 2
left_child=1 2 -1 5 6 11 -4 8 -8 -5 -7 13 -13 -3
right_child=-2 3 4 9 -6 10 7 -9 -10 -11 -12 12 -14 -15
leaf_value=0.084992014101917479 0.085397883668551985 -0.01703602004283751 -0.076556983949473661 0.069228493720348797 0.088397799700453333 0.086546669678667809 -0.069757652063585418 -0.12374527871704905 0.053114639428916643 -0.028626415118826781 -0.051606886821909365 0.0095199139812848083 -0.13852277299722437 0.003886859873199624
leaf_weight=10.061924792826174 27.331073760986328 55.361475147306919 63.775524221360683 16.022627949714664 1.9725591428577889 8.3905577659606898 2.7337562777101976 4.5734705850481978 6.8636420741677284 2.7716800644993773 1.3698534965515143 2.2983955293893805 2.3571483194828033 366.78287563472986
leaf_count=182 475 244 1264 205 26 120 32 29 54 19 6 10 10 1668
internal_value=-8.34035e-05 -0.00436755 -0.0471766 0.00409179 -0.0638169 0.00190887 -0.0676689 -0.0276684 0.0181153 0.0547974 0.0671571 0.00041672 -0.0654356 0.00114296
internal_weight=572.667 545.335 89.9809 455.355 79.919 436.56 77.9464 14.1709 9.5974 18.7943 9.76041 426.8 4.65554 422.144
internal_count=4344 3869 1587 2282 1405 2058 1379 115 86 224 126 1932 20 1912
is_linear=0
shrinkage=0.08


Tree=30
num_leaves=15
num_cat=0
split_feature=10 11 9 10 9 8 6 14 10 15 1 0 9 1
split_gain=29.9911 27.7133 27.9006 7.14761 6.58534 6.03042 4.48572 8.24363 7.04676 4.30567 3.76335 3.24869 2.9869 3.83631
threshold=0.68500000000000016 1.0000000180025095e-35 1.0000000180025095e-35 1.0000000180025095e-35 0.7250000000000002 1.5000000000000002 0.90000000000000013 1.0000000180025095e-35 0.67500000000000016 1.0000000180025095e-35 11.500000000000002 3.5000000000000004 0.7250000000000002 21.500000000000004
decision_type=2 2 2 2 2 2 2 2 2 2 2 2 2 2
left_child=1 2 -1 5 6 9 -4 8 10 12 -8 -7 13 -3
right_child=-2 3 4 -5 -6 11 7 -9 -10 -11 -12 -13 -14 -15
leaf_value=0.084585268177398143 0.084958623597413394 0.0015923505480077039 -0.075321886961754209 0.053562810166440093 0.087708496617230194 0.086003893938648157 -0.09786068742894824 0.079770218579324079 -0.14247561610557755 -0.098499695068432397 0.032885791771247196 -0.046760403390165177 0.094333879156791256 -0.05533107372202932
leaf_weight=9.3311746940016729 25.354896947741508 414.23982840776443 59.798892125487328 17.740585014224052 1.8346287943422783 7.7923509478569013 2.0669983923435193 3.5755328573286524 4.1226678639650345 2.7998601868748656 4.4256387501955032 1.3899864256381986 2.1847272068262091 7.7184410691261283
leaf_count=182 475 1863 1264 200 26 120 26 34 21 35 34 6 20 38
internal_value=-7.1736e-05 -0.00407146 -0.0459497 0.00378585 -0.0620137 0.00176103 -0.0657262 -0.0252907 -0.0606781 0.000381442 -0.00873871 0.0659066 0.00103418 0.00055111
internal_weight=564.376 539.021 85.1555 453.866 75.8244 436.125 73.9897 14.1908 10.6153 426.943 6.49264 9.18234 424.143 421.958
internal_count=4344 3869 1587 2282 1405 2082 1379 115 81 1956 60 126 1921 1901
is_linear=0
shrinkage=0.08


Tree=31
num_leaves=15
num_cat=0
split_feature=10 11 9 6 9 8 6 14 10 1 5 0 5 1
split_gain=27.4669 24.8924 25.1895 6.57829 5.9266 5.48454 4.53022 7.09062 5.30703 3.39095 3.18576 3.01469 2.96028 3.28035
threshold=0.68500000000000016 1.0000000180025095e-35 1.0000000180025095e-35 0.58335000000000015 0.7250000000000002 1.5000000000000002 0.90000000000000013 1.0000000180025095e-35 0.67500000000000016 12.500000000000002 1.5000000000000002 3.5000000000000004 1.0000000180025095e-35 10.500000000000002
decision_type=2 2 2 2 2 2 2 2 2 2 2 2 2 2
left_child=1 2 -1 5 6 12 -4 8 9 -8 -5 -7 -3 -14
right_child=-2 3 4 10 -6 11 7 -9 -10 -11 -12 -13 13 -15
leaf_value=0.08421336448031895 0.084556951373116099 0.00098472476759811352 -0.074043190510394374 0.066290149975931911 0.087079274841441151 0.085509127314677205 -0.077490634928362515 0.077236882447891703 -0.12294346725349987 0.041451586778311608 -0.027746541559977633 -0.042476974913097293 0.0049797735791363967 -0.12982358879932293
leaf_weight=8.6502523794770223 23.512180157005787 421.49621096998453 56.116419531404972 14.760758608579637 1.70531466603279 7.2331729531288129 2.6380392722785455 3.4045018032193175 4.383205458521843 3.6654815003275871 2.7324993498623362 1.4069846570491789 2.2779788523912421 2.3442143499851227
leaf_count=182 475 1912 1264 205 26 120 32 34 21 28 19 6 10 10
internal_value=-6.27187e-05 -0.00379683 -0.044766 0.00350133 -0.0602806 0.00156594 -0.0638599 -0.0233065 -0.0553369 -0.00832603 0.0516013 0.0646676 0.000286463 -0.0633878
internal_weight=556.327 532.815 80.5632 452.252 71.913 434.759 70.2076 14.0912 10.6867 6.30352 17.4933 8.64016 426.118 4.62219
internal_count=4344 3869 1587 2282 1405 2058 1379 115 81 60 224 126 1932 20
is_linear=0
shrinkage=0.08


Tree=32
num_leaves=15
num_cat=0
split_feature=10 11 9 10 9 8 6 14 10 15 1 6 7 0
split_gain=25.1669 22.3299 22.7248 6.00923 5.32891 4.97889 4.54578 6.09995 4.11205 3.96408 3.04355 2.97977 2.9678 2.80544
threshold=0.68500000000000016 1.0000000180025095e-35 1.0000000180025095e-35 1.0000000180025095e-35 0.7250000000000002 1.5000000000000002 0.90000000000000013 1.0000000180025095e-35 0.67500000000000016 1.0000000180025095e-35 11.500000000000002 0.58335000000000015 0.70835000000000015 3.5000000000000004
decision_type=2 2 2 2 2 2 2 2 2 2 2 2 2 2
left_child=1 2 -1 5 6 9 12 8 10 -3 -8 -5 -4 -7
right_child=-2 3 4 11 -6 13 7 -9 -10 -11 -12 -13 -14 -15
leaf_value=0.08387307259689443 0.084189360113485198 0.00085143388520035992 0.027610709654640301 0.017167737798118407 0.086504327342065465 0.085057625742153767 -0.092442073765505256 0.074672843127797262 -0.10778632582839734 -0.097640017674349849 0.029453028058543947 0.08475286061368964 -0.076308962692570093 -0.038666676479563018
leaf_weight=8.0162695571780187 21.795390538871288 423.5725489705801 1.8217742592096318 8.5111880376935023 1.5842406377196301 6.7110604047775251 1.8882360942661742 3.2462869882583609 4.5900309681892395 2.6315702050924292 4.2880040258169174 8.1949531845748407 50.88694878667593 1.4213425219058988
leaf_count=182 475 1921 9 45 26 120 26 34 21 35 34 155 1255 6
internal_value=-5.25503e-05 -0.00353418 -0.0435528 0.00323745 -0.0585074 0.00142646 -0.0619506 -0.0214515 -0.0504353 0.000243305 -0.00781345 0.0503206 -0.0727172 0.0634337
internal_weight=549.16 527.364 76.3218 451.043 68.3055 434.337 66.7213 14.0126 10.7663 426.204 6.17624 16.7061 52.7087 8.1324
internal_count=4344 3869 1587 2282 1405 2082 1379 115 81 1956 60 200 1264 126
is_linear=0
shrinkage=0.08


Tree=33
num_leaves=15
num_cat=0
split_feature=10 11 9 6 1 0 1 10 1 1 13 4 4 7
split_gain=23.0736 20.1075 20.563 5.44258 5.18486 5.11979 6.54089 4.78213 10.3023 15.6347 17.901 14.7888 6.54063 3.98149
threshold=0.68500000000000016 1.0000000180025095e-35 1.0000000180025095e-35 0.90000000000000013 13.500000000000002 2.5000000000000004 18.500000000000004 0.67500000000000016 16.500000000000004 15.500000000000002 1.0000000180025095e-35 1.0000000180025095e-35 1.0000000180025095e-35 0.70835000000000015
decision_type=2 2 2 2 2 2 2 2 2 2 2 2 2 2
left_child=1 2 -1 5 -4 6 -3 8 9 12 -11 -12 -6 -10
right_child=-2 3 4 -5 7 -7 -8 -9 13 10 11 -13 -14 -15
leaf_value=0.083561480303153982 0.083852718009951352 0.00034238797634459229 -0.0760621790481531 0.053962905290823426 -0.094879089329879152 0.030008115231296408 -0.071065682894176627 -0.081184486196381245 0.11163508938686817 0.026943707719044221 0.78793344869800852 0.076013316691425109 0.09139906868442467 -0.06421216401607531
leaf_weight=7.4264213293790808 20.19717114418745 391.47525220550597 37.849870570003986 13.020156469196079 2.3712051510810879 36.84957642108202 8.385459288954733 8.1557691507041472 0.88919572532177049 0.86367312818765618 0.55102095007896423 0.28248073160648346 2.4557008557021618 11.248087339103218
leaf_count=182 475 1736 907 185 59 321 40 137 5 14 15 3 24 241
internal_value=-4.61646e-05 -0.00329347 -0.0425159 0.00299404 -0.0569948 0.00147444 -0.00115511 -0.030083 -0.00774954 0.0733255 0.282181 0.546658 -0.000109597 -0.0513293
internal_weight=542.021 521.824 72.0934 449.73 64.667 436.71 399.861 26.8171 18.6614 6.52408 1.69717 0.833502 4.82691 12.1373
internal_count=4344 3869 1587 2282 1405 2097 1776 498 361 115 32 18 83 246
is_linear=0
shrinkage=0.08


Tree=34
num_leaves=15
num_cat=0
split_feature=10 11 9 4 10 10 14 8 15 1 1 13 6 0
split_gain=21.1786 17.999 18.454 5.12929 6.97543 5.02463 4.44448 4.29267 3.63688 2.93826 20.8393 7.48254 2.87566 2.69966
threshold=0.68500000000000016 1.0000000180025095e-35 1.0000000180025095e-35 1.0000000180025095e-35 0.67500000000000016 1.0000000180025095e-35 1.0000000180025095e-35 1.5000000000000002 1.0000000180025095e-35 15.500000000000002 16.500000000000004 1.0000000180025095e-35 0.58335000000000015 3.5000000000000004
decision_type=2 2 2 2 2 2 2 2 2 2 2 2 2 2
left_child=1 2 -1 9 -5 7 -6 8 -3 -4 11 -11 -7 -9
right_child=-2 5 3 4 6 12 -8 13 -10 10 -12 -13 -14 -15
leaf_value=0.083275974496128405 0.083544214398601033 0.00066084378266762205 -0.084210531421125362 0.016718101908139479 -0.086104403055868903 0.015456120296112166 0.098602043217563953 0.084507897425244019 -0.096623948715936228 -0.083263568832255941 -0.087235607424996184 0.34629144808048828 0.084150250545344016 -0.037898768488307512
leaf_weight=6.8779990747570983 18.710387051105499 422.99752072989941 30.419442296028137 12.178608369082212 10.182334952056406 8.4293145388364774 0.90810973942279893 6.0596930980682364 2.4737256653606883 0.33893415704369334 7.1574506312608719 1.1078369244933128 7.2585296072065821 1.4241381883621214
leaf_count=182 475 1921 873 125 173 45 9 120 35 9 201 15 155 6
internal_value=-7.18818e-05 -0.00309322 -0.0410786 -0.0548091 -0.0250805 0.00276328 -0.0709802 0.0011517 9.52218e-05 -0.0725357 -0.0312603 0.24566 0.0472399 0.0612145
internal_weight=536.524 517.814 69.1707 62.2927 23.2691 448.643 11.0904 432.955 425.471 39.0237 8.60422 1.44677 15.6878 7.48383
internal_count=4344 3869 1587 1405 307 2282 182 2082 1956 1098 225 24 200 126
is_linear=0
shrinkage=0.08


Tree=35
num_leaves=15
num_cat=0
split_feature=10 11 9 4 14 10 15 10 8 15 1 1 6 1
split_gain=19.4399 16.1764 16.6503 5.09358 6.18474 4.65578 4.5727 4.45118 3.88811 3.31131 2.91688 15.7371 2.81946 2.67893
threshold=0.68500000000000016 1.0000000180025095e-35 1.0000000180025095e-35 1.0000000180025095e-35 1.0000000180025095e-35 0.67500000000000016 1.0000000180025095e-35 1.0000000180025095e-35 1.5000000000000002 1.0000000180025095e-35 15.500000000000002 16.500000000000004 0.58335000000000015 15.500000000000002
decision_type=2 2 2 2 2 2 2 2 2 2 2 2 2 2
left_child=1 2 -1 10 5 -5 -6 8 9 -3 -4 -12 13 -9
right_child=-2 7 3 4 6 -7 -8 12 -10 -11 11 -13 -14 -15
leaf_value=0.083014214701538316 0.0832613310176369 0.00060800618716317961 -0.083962662285379588 -0.00038006814320440315 0.093914491622483512 -0.081358376716204578 -0.12727457410899362 -0.0095954251293730829 0.059975025909303911 -0.095402658479672151 0.18085206615226976 -0.087031108466799664 0.083815340622866066 0.0998521401048027
leaf_weight=6.3683999404311171 17.328161016106606 422.97777704894543 28.160222370177507 8.380938276648525 3.8675632104277602 9.9251996595412493 0.70761301741003979 6.5582754164934141 7.0529361069202414 2.3115774709731332 1.7809641994535903 6.6220584809780121 6.7261523380875579 1.8308668434619901
leaf_count=182 475 1921 873 87 39 173 8 31 126 35 24 201 155 14
internal_value=-7.81163e-05 -0.00289168 -0.0399237 -0.0530943 -0.0234918 -0.0442848 0.0597046 0.00255507 0.00106314 8.61589e-05 -0.0716195 -0.0302551 0.0452284 0.0142907
internal_weight=530.599 513.271 65.813 59.4446 22.8813 18.3061 4.57518 447.458 432.342 425.289 36.5632 8.40302 15.1153 8.38914
internal_count=4344 3869 1587 1405 307 260 47 2282 2082 1956 1098 225 200 45
is_linear=0
shrinkage=0.08


Tree=36
num_leaves=15
num_cat=0
split_feature=10 11 9 4 14 15 10 6 8 1 1 13 0 1
split_gain=17.8483 14.5323 15.0394 4.97997 5.42933 4.157 4.09582 4.01798 4.10487 4.23995 7.25595 12.7951 10.4311 4.8912
threshold=0.68500000000000016 1.0000000180025095e-35 1.0000000180025095e-35 1.0000000180025095e-35 1.0000000180025095e-35 1.0000000180025095e-35 0.67500000000000016 0.90000000000000013 1.0000000180025095e-35 15.500000000000002 12.500000000000002 1.0000000180025095e-35 2.5000000000000004 8.5000000000000018
decision_type=2 2 2 2 2 2 2 2 2 2 2 2 2 2
left_child=1 2 -1 -4 6 -6 -5 8 -3 10 11 13 -12 -10
right_child=-2 7 3 4 5 -7 -8 -9 9 -11 12 -13 -14 -15
leaf_value=0.082774091752902554 0.083001799462859335 -0.001594252898691445 -0.070666652498348081 -0.00034962301158038397 0.092783888253989172 -0.12473553122885074 -0.076713709005335334 0.048614480999149147 0.020537392231925428 0.071437599931521392 -0.13314935681794796 -0.060496243596991316 0.023310133732429489 0.10113437066542191
leaf_weight=5.8951349779963484 16.043892607092857 387.56831274367869 34.24483572691679 8.3818612322211301 3.6119378581643096 0.66597057320177544 9.6939179189503193 11.704931646585463 8.387647703289991 9.4150777459144575 4.7128669917583448 6.7892320007085791 6.4724307060241699 11.326484374701975
leaf_count=182 475 1734 1098 87 39 8 173 185 45 72 21 36 84 105
internal_value=-7.75914e-05 -0.00269695 -0.0388284 -0.0514942 -0.0221229 0.0589212 -0.0413032 0.00236152 0.00111602 0.023416 0.0114197 0.0342234 -0.0426133 0.0668433
internal_weight=524.915 508.871 62.4937 56.5985 22.3537 4.27791 18.0758 446.377 434.672 47.1037 37.6887 26.5034 11.1853 19.7141
internal_count=4344 3869 1587 1405 307 47 260 2282 2097 363 291 186 105 150
is_linear=0
shrinkage=0.08


Tree=37
num_leaves=15
num_cat=0
split_feature=10 11 9 1 10 1 10 9 1 4 8 15 0 6
split_gain=16.3872 12.9987 13.5605 4.92604 3.75277 3.53432 5.97368 4.48094 4.34765 5.09612 3.15803 3.01228 2.71905 2.68952
threshold=0.68500000000000016 1.0000000180025095e-35 1.0000000180025095e-35 13.500000000000002 1.0000000180025095e-35 16.500000000000004 0.67500000000000016 0.7250000000000002 15.500000000000002 1.0000000180025095e-35 1.5000000000000002 1.0000000180025095e-35 3.5000000000000004 0.58335000000000015
decision_type=2 2 2 2 2 2 2 2 2 2 2 2 2 2
left_child=1 2 -1 -4 10 6 8 -7 9 -5 11 -3 -12 -6
right_child=-2 4 3 5 13 7 -8 -9 -10 -11 12 -13 -14 -15
leaf_value=0.082553718399232909 0.082763570536876427 0.00049337811826688906 -0.071516898270296211 -0.093678867358032991 0.012956954441983533 -0.067846365156685962 -0.059619341030604726 0.086166655554610949 0.13698930984610974 0.088953661795001387 0.083700074318659057 -0.094251746209493156 -0.041956924303843533 0.083366139879115425
leaf_weight=5.4558325335383406 14.851278454065321 422.22588895261288 29.851362781599164 1.8094659745693227 8.2494192570447904 11.480810690671202 4.6636555586010218 1.3513273186981685 2.6884893663227558 2.1275540590286255 5.0600751154124728 2.1586192697286597 1.4089895188808439 5.9956633485853663
leaf_count=182 475 1921 907 59 45 286 74 23 32 24 120 35 6 155
internal_value=-6.12879e-05 -0.00249932 -0.0376414 -0.0497914 0.00219277 -0.0229049 0.00974343 -0.0516276 0.0585675 0.00501521 0.000857078 1.14598e-05 0.0563315 0.0425917
internal_weight=519.378 504.527 59.4285 53.9727 445.099 24.1213 11.2892 12.8321 6.62551 3.93702 430.854 424.385 6.46906 14.2451
internal_count=4344 3869 1587 1405 2282 498 189 309 115 83 2082 1956 126 200
is_linear=0
shrinkage=0.08


Tree=38
num_leaves=15
num_cat=0
split_feature=10 11 9 4 14 15 9 10 8 1 1 1 13 0
split_gain=15.0537 11.5369 12.1689 5.00906 4.56415 3.63004 3.43043 3.36444 3.24234 4.43584 3.91879 6.34475 11.1378 8.17254
threshold=0.68500000000000016 1.0000000180025095e-35 1.0000000180025095e-35 1.0000000180025095e-35 1.0000000180025095e-35 1.0000000180025095e-35 0.7250000000000002 0.67500000000000016 1.0000000180025095e-35 18.500000000000004 15.500000000000002 12.500000000000002 1.0000000180025095e-35 2.5000000000000004
decision_type=2 2 2 2 2 2 2 2 2 2 2 2 2 2
left_child=1 2 -1 -4 7 -6 8 -5 9 -3 11 12 -10 -13
right_child=-2 6 3 4 5 -7 -8 -9 10 -11 -12 13 -14 -15
leaf_value=0.08235137044259401 0.082544796285302729 0.00083552730311260888 -0.068667381320023257 0.0013981470728776676 0.091938121270903769 -0.12074230558905853 0.090040050175036482 -0.068780229400471585 0.063889688766172917 -0.043026176564969404 0.069051523508419893 -0.11774388745043858 -0.054840892235440308 0.020538610482253965
leaf_weight=5.0482406206428996 13.744317006319759 380.18488842062652 30.386059563606977 8.2659469395875966 3.3534639477729793 0.6065057162195443 2.8162476271390906 9.280998982489109 18.768819373101 15.352429062128065 8.96632122248411 4.8962130993604642 6.9212162420153609 6.1975899338722229
leaf_count=182 475 1803 1098 87 39 8 40 173 150 76 72 21 36 84
internal_value=-5.40433e-05 -0.00231984 -0.0362218 -0.0477568 -0.0182133 0.0593642 0.00202694 -0.0357209 0.00146525 -0.000866926 0.0216283 0.0100685 0.0319022 -0.0404919
internal_weight=514.789 501.045 56.9412 51.893 21.5069 3.95997 444.104 17.5469 441.287 395.537 45.7502 36.7838 25.69 11.0938
internal_count=4344 3869 1587 1405 307 47 2282 260 2242 1879 363 291 186 105
is_linear=0
shrinkage=0.08


Tree=39
num_leaves=15
num_cat=0
split_feature=10 11 6 9 9 10 14 1 13 6 1 1 1 6
split_gain=13.8323 10.2931 11.148 4.65355 4.2794 3.21896 2.86128 2.80854 9.34607 2.65056 2.63508 2.61728 10.0464 4.49774
threshold=0.68500000000000016 1.0000000180025095e-35 0.90000000000000013 0.7250000000000002 1.0000000180025095e-35 1.0000000180025095e-35 1.0000000180025095e-35 5.5000000000000009 1.0000000180025095e-35 0.58335000000000015 25.500000000000004 15.500000000000002 16.500000000000004 0.36665000000000009
decision_type=2 2 2 2 2 2 2 2 2 2 2 2 2 2
left_child=1 2 3 11 -4 7 -6 8 -3 -7 -9 -1 13 -13
right_child=-2 5 4 -5 6 9 -8 10 -10 -11 -12 12 -14 -15
leaf_value=-0.082566061604301591 0.082343814226450526 0.0018724363056376505 0.082165484720057261 0.085549699612401733 -0.023867894981455071 0.011187508133552324 0.072745902913579782 0.0036199542107184456 -0.076050923677841803 0.083061616522448894 -0.094035712073224226 0.13230575348171075 -0.081344723376878522 -0.081988508172596605
leaf_weight=22.49303493462503 12.717314060777424 42.610232084989548 4.6702279374003419 1.340805809944867 11.057596050202845 8.1574218198657018 2.3849690593779096 371.95687717944384 12.813031375408171 5.4962945021688929 1.7768421620130528 2.5773098990321155 8.9144942425191385 0.82828496582806099
leaf_count=927 475 178 182 25 82 45 34 1825 69 155 10 28 274 35
internal_value=-4.21861e-05 -0.00214996 -0.0350346 -0.0606993 0.0161933 0.00188007 -0.00672675 0.000663446 -0.0161423 0.0401204 0.00315567 -0.066332 -0.0366932 0.0801866
internal_weight=509.795 497.077 54.2667 36.1539 18.1128 442.811 13.4426 429.157 55.4233 13.6537 373.734 34.8131 12.3201 3.40559
internal_count=4344 3869 1587 1289 298 2282 116 2082 247 200 1835 1264 337 63
is_linear=0
shrinkage=0.08


Tree=40
num_leaves=15
num_cat=0
split_feature=10 11 6 1 1 9 9 6 9 15 1 8 1 1
split_gain=12.7181 9.20759 10.207 4.24714 7.06461 4.14226 3.96779 3.21798 3.10618 2.81019 2.767 2.54941 3.55695 5.44315
threshold=0.68500000000000016 1.0000000180025095e-35 0.90000000000000013 15.500000000000002 16.500000000000004 0.7250000000000002 1.0000000180025095e-35 0.36665000000000009 0.7250000000000002 1.0000000180025095e-35 25.500000000000004 1.0000000180025095e-35 15.500000000000002 12.500000000000002
decision_type=2 2 2 2 2 2 2 2 2 2 2 2 2 2
left_child=1 2 3 -1 7 -6 -4 -5 9 10 11 -3 13 -13
right_child=-2 8 6 4 5 -7 -8 -9 -10 -11 -12 12 -14 -15
leaf_value=-0.08203815978343125 0.082159088723305601 -3.0649840977689021e-05 0.081994672855222286 0.11310418264596525 -0.079164415270659316 0.085244425058367906 -0.0061881151621331586 -0.064401007849390263 0.089319466840768039 -0.092984158786800414 -0.10375920883133385 0.029836793028547186 0.066619686744724377 -0.037402742185091896
leaf_weight=20.850171782076359 11.764883570373057 391.00652454048395 4.3197801373898992 2.7650022543966766 8.4466482549905741 1.1096100471913821 13.381400536745787 0.85600151866674412 2.5763428211212149 2.0173147879540911 1.5878546833991993 25.085696160793304 8.5256034806370717 11.121003225445746
leaf_count=928 475 1835 182 28 274 22 116 37 40 35 9 186 72 105
internal_value=-4.49336e-05 -0.00200406 -0.0339386 -0.0595693 -0.0240171 -0.0600743 0.0153319 0.0711421 0.00173401 0.0012204 0.00165495 0.00203909 0.0201307 0.00918396
internal_weight=505.414 493.649 51.7286 34.0274 13.1773 9.55626 17.7012 3.621 441.92 439.344 437.327 435.739 44.7323 36.2067
internal_count=4344 3869 1587 1289 361 296 298 65 2282 2242 2207 2198 363 291
is_linear=0
shrinkage=0.08


Tree=41
num_leaves=15
num_cat=0
split_feature=10 11 6 1 1 9 9 6 0 0 1 6 14 10
split_gain=11.6962 8.20711 9.32623 4.17444 6.10948 3.72673 3.68358 2.89082 3.84384 2.75132 5.36119 2.89286 5.626 3.58622
threshold=0.68500000000000016 1.0000000180025095e-35 0.90000000000000013 15.500000000000002 16.500000000000004 0.7250000000000002 1.0000000180025095e-35 0.90000000000000013 2.5000000000000004 2.5000000000000004 18.500000000000004 0.36665000000000009 1.0000000180025095e-35 1.0000000180025095e-35
decision_type=2 2 2 2 2 2 2 2 2 2 2 2 2 2
left_child=1 2 3 -1 -5 -6 -4 9 -9 10 11 -3 -13 -14
right_child=-2 7 6 4 5 -7 -8 8 -10 -11 -12 12 13 -15
leaf_value=-0.081818227458548942 0.081989249861870284 0.0011497348308571942 0.081837643713883482 0.062919804450988756 -0.076883269273834043 0.084824555516052919 -0.0056828883805677445 0.065639850853435017 -0.060114056401733985 0.02288263434680541 -0.06618961235887362 -0.16401891125558998 -0.13675266473097239 0.014165197029097005
leaf_weight=19.296795099973679 10.881939776241778 380.55718801915646 3.9950005076825628 3.752736782655119 8.0192656703293288 1.0291630700230605 13.40436865016818 8.6406455598771554 1.8971738964319218 32.733993124216795 7.97218033671379 1.9732334613800029 1.2135998308658598 5.9398559778928757
leaf_count=928 475 1696 182 65 274 22 116 172 13 321 40 8 5 27
internal_value=-4.47478e-05 -0.00186498 -0.0327531 -0.0583201 -0.0228985 -0.0584907 0.0144124 0.00160243 0.0429998 0.000588845 -0.00124632 8.22936e-05 -0.044427 -0.0114384
internal_weight=501.307 490.425 49.4973 32.098 12.8012 9.04843 17.3994 440.928 10.5378 430.39 397.656 389.684 9.12669 7.15346
internal_count=4344 3869 1587 1289 361 296 298 2282 185 2097 1776 1736 40 32
is_linear=0
shrinkage=0.08


Tree=42
num_leaves=15
num_cat=0
split_feature=10 11 6 1 1 10 9 4 9 15 8 0 6 1
split_gain=10.7594 7.29557 8.5009 4.11462 5.30154 3.48424 3.34821 2.95338 2.85585 2.58043 2.52982 2.5143 2.4685 2.43171
threshold=0.68500000000000016 1.0000000180025095e-35 0.90000000000000013 15.500000000000002 16.500000000000004 0.67500000000000016 0.7250000000000002 1.0000000180025095e-35 0.7250000000000002 1.0000000180025095e-35 1.5000000000000002 3.5000000000000004 0.36665000000000009 25.500000000000004
decision_type=2 2 2 2 2 2 2 2 2 2 2 2 2 2
left_child=1 2 3 -1 12 7 -6 -4 9 10 13 -12 -5 -3
right_child=-2 8 5 4 6 -7 -8 -9 -10 -11 11 -13 -14 -15
leaf_value=-0.081600019792715667 0.081833055264868323 0.0010508718308703808 -0.11295223576496949 0.089522218346358443 -0.07451386205281979 -0.037543917165350014 0.084439585365749498 0.049926721222166126 0.08873428890565295 -0.092207109233366821 0.083235187854113005 -0.039058849605165286 -0.064354920301454441 -0.10124804942849737
leaf_weight=17.858913900330666 10.063691440969704 428.33926403149962 0.76352835446596223 3.0373332537710662 7.6286051943898183 5.7008189000189295 0.95419247075915326 10.655215095728636 2.3876267895102492 1.8926311098039139 4.4415374211966983 1.4199015498161314 0.85503925569355477 1.492315113544463
leaf_count=928 475 2072 13 28 274 29 22 256 40 35 120 6 37 9
internal_value=-4.50308e-05 -0.00173553 -0.0315374 -0.0569745 -0.0217217 0.0135346 -0.0568422 0.0390356 0.00147877 0.00100267 0.00140757 0.0536101 0.05572 0.000695704
internal_weight=497.491 487.427 47.4536 30.3341 12.4752 17.1196 8.5828 11.4187 439.973 437.586 435.693 5.86144 3.89237 429.832
internal_count=4344 3869 1587 1289 361 298 296 269 2282 2242 2207 126 65 2081
is_linear=0
shrinkage=0.08


Tree=43
num_leaves=15
num_cat=0
split_feature=10 11 6 1 1 9 9 9 14 15 8 0 1 0
split_gain=9.90014 6.49794 7.73119 4.03917 4.61104 3.30305 3.0042 2.62035 2.41112 2.35361 2.2865 2.33419 2.21313 2.20945
threshold=0.68500000000000016 1.0000000180025095e-35 0.90000000000000013 15.500000000000002 16.500000000000004 1.0000000180025095e-35 0.7250000000000002 0.7250000000000002 1.0000000180025095e-35 1.0000000180025095e-35 1.5000000000000002 3.5000000000000004 21.500000000000004 2.5000000000000004
decision_type=2 2 2 2 2 2 2 2 2 2 2 2 2 2
left_child=1 2 3 -1 -5 -4 -6 9 -7 10 12 -12 -3 -14
right_child=-2 7 5 4 6 8 -8 -9 -10 -11 11 -13 13 -15
leaf_value=-0.081381267403048019 0.081689366141394756 0.0013843731173459205 0.081610785189041718 0.049727015758973217 -0.072069748481717349 -0.020981403502084914 0.084086398718066641 0.088049886064749158 0.069994767276633688 -0.091305027155594617 0.08297698191484551 -0.035610517394436103 -0.095401584803224609 -0.005236032819097596
leaf_weight=16.52839546836913 9.3056360185146314 422.59254597127438 3.521303318440915 3.9998692404478779 7.2712477110326272 11.000924210995434 0.88437996432185162 2.2204917743802062 2.2448748126626024 1.7636774703860272 4.1122957337647668 1.4322566092014311 3.0278932452201834 4.0871176943182945
leaf_count=928 475 2042 182 65 274 82 22 40 34 35 120 6 19 20
internal_value=-4.56419e-05 -0.00161489 -0.0304104 -0.0556366 -0.0206303 0.0127447 -0.0551365 0.00136479 -0.00556292 0.000924336 0.00129806 0.0523437 0.000639411 -0.0436073
internal_weight=493.993 484.687 45.451 28.6839 12.1555 16.7671 8.15563 439.236 13.2458 437.016 435.252 5.54455 429.708 7.11501
internal_count=4344 3869 1587 1289 361 298 296 2282 116 2242 2207 126 2081 39
is_linear=0
shrinkage=0.08


Tree=44
num_leaves=15
num_cat=0
split_feature=10 11 6 1 1 9 4 10 0 9 1 13 1 1
split_gain=9.11117 5.76626 7.03462 3.43382 4.35709 3.35017 2.59566 2.52881 2.47005 11.9676 5.15707 8.6065 6.8909 5.56249
threshold=0.68500000000000016 1.0000000180025095e-35 0.58335000000000015 15.500000000000002 16.500000000000004 1.0000000180025095e-35 1.5000000000000002 1.0000000180025095e-35 1.5000000000000002 1.0000000180025095e-35 8.5000000000000018 1.0000000180025095e-35 14.500000000000002 11.500000000000002
decision_type=2 2 2 2 2 2 2 2 2 2 2 2 2 2
left_child=1 2 3 -1 -5 -4 -6 8 9 10 -3 13 -13 -12
right_child=-2 7 5 4 6 -7 -8 -9 -10 -11 11 12 -14 -15
leaf_value=-0.081340597779194806 0.081557135342729931 0.004673269674893633 0.081484548140659641 0.043511077378031414 -0.081514553703679965 -0.0077720004226868493 0.10421908959721143 0.036437738892503103 0.005741750659048789 -0.08889113739355288 0.005502012741432076 -0.13844553880651686 0.054008941425023424 -0.11841466217444127
leaf_weight=14.965595882385971 8.6035468578338605 148.75686114281416 3.2554041668772706 4.0239793825894576 5.3111758567392826 15.532114760950208 0.52957065403461445 12.69912702962756 233.39521255157888 10.658418823033569 22.43720202147961 6.4617871642112723 1.4596610963344572 2.5855733603239051
leaf_count=925 475 603 182 63 263 150 4 200 1196 139 96 27 9 12
internal_value=-4.41509e-05 -0.00150049 -0.0292408 -0.0571869 -0.0205438 0.00769391 -0.0646744 0.00125914 0.000209858 -0.00650214 -0.00166928 -0.0303085 -0.102983 -0.00730215
internal_weight=490.675 482.072 43.6178 24.8303 9.86473 18.7875 5.84075 438.454 425.755 192.36 181.701 32.9442 7.92145 25.0228
internal_count=4344 3869 1587 1255 330 332 267 2282 2082 886 747 144 36 108
is_linear=0
shrinkage=0.08


Tree=45
num_leaves=15
num_cat=0
split_feature=10 11 6 1 1 9 6 0 4 13 1 13 5 2
split_gain=8.3891 5.09792 6.45089 3.37903 3.86453 3.08624 2.45253 3.71329 2.3492 2.31455 2.2384 8.02985 2.41986 4.27712
threshold=0.68500000000000016 1.0000000180025095e-35 0.58335000000000015 15.500000000000002 16.500000000000004 1.0000000180025095e-35 0.90000000000000013 2.5000000000000004 1.5000000000000002 1.0000000180025095e-35 5.5000000000000009 1.0000000180025095e-35 1.0000000180025095e-35 1.0000000180025095e-35
decision_type=2 2 2 2 2 2 2 2 2 2 2 2 2 2
left_child=1 2 3 -1 -5 -4 10 -8 -6 -7 11 -3 -12 -14
right_child=-2 6 5 4 8 9 7 -9 -10 -11 12 -13 13 -15
leaf_value=-0.081235879606625358 0.081435431839955524 0.0017051732054603203 0.081368373607613634 0.038945104462079633 -0.080044054190638023 0.01704239032076035 0.063906637400580391 -0.062447135014002501 0.10200233368653905 -0.046510369963456213 0.0033155708592700357 -0.071561939799643731 -0.078654387957986599 0.085309970604004845
leaf_weight=13.832071726210417 7.9534623511135569 42.314065143465996 3.0092332027852544 4.1313166711479408 4.9893136397004128 9.6397341694682819 8.0550146698951703 1.8259851895272721 0.49904204532504071 5.9198397994041452 365.97747193463147 12.372790005058048 5.1494747437536708 1.2691448740661142
leaf_count=925 475 176 182 63 263 100 172 13 4 50 1798 68 25 30
internal_value=-5.25481e-05 -0.00140564 -0.0280201 -0.0559117 -0.0194983 0.00720599 0.00115373 0.0405568 -0.063491 -0.00713707 0.000242103 -0.0148714 0.00246154 -0.0462339
internal_weight=486.938 478.984 42.0206 23.4517 9.61967 18.5688 436.964 9.881 5.48836 15.5596 427.083 54.6869 372.396 6.41862
internal_count=4344 3869 1587 1255 330 332 2282 185 267 150 2097 244 1853 55
is_linear=0
shrinkage=0.08


Tree=46
num_leaves=15
num_cat=0
split_feature=10 15 9 11 6 14 1 1 6 13 1 8 0 1
split_gain=7.7238 4.71248 3.53956 3.91351 6.20703 3.4419 3.15333 4.53358 2.71168 2.45706 2.15671 2.00854 3.36781 2.78235
threshold=0.68500000000000016 1.0000000180025095e-35 0.7250000000000002 1.0000000180025095e-35 0.90000000000000013 1.0000000180025095e-35 15.500000000000002 16.500000000000004 0.36665000000000009 1.0000000180025095e-35 25.500000000000004 1.5000000000000002 3.5000000000000004 21.500000000000004
decision_type=2 2 2 2 2 2 2 2 2 2 2 2 2 2
left_child=1 2 3 4 6 9 -1 8 -8 -6 11 12 13 -5
right_child=-2 -3 -4 10 5 -7 7 -9 -10 -11 -12 -13 -14 -15
leaf_value=-0.081700570037705381 0.081323376018728397 -0.088321983312829574 0.086257659208865398 0.00094379405488247679 0.021602820992712848 0.084334953554438832 0.082408662134202046 -0.064791978833025676 -0.081957652213794696 -0.051442125048282814 -0.098756336936580522 0.050676056420706869 0.11046085932272341 -0.061307056280620789
leaf_weight=11.825765145942571 7.351676942780613 3.950208641588687 2.9851771034300318 419.5595264993608 7.4513132097199541 3.3335949396714559 3.0185259431600557 5.7718151900917292 0.81604440696537484 4.8757525160908699 1.3824128061532963 5.2146051395684472 1.7823526710271824 4.6460574716329566
leaf_count=838 475 150 66 2038 135 123 22 258 35 35 9 126 9 25
internal_value=-5.1152e-05 -0.00130634 -0.00057912 -0.00113104 -0.0260692 0.0122146 -0.0540435 -0.0199967 0.0474295 -0.00728881 0.00100733 0.00132717 0.000723077 0.000262
internal_weight=483.965 476.613 472.663 469.678 37.0928 15.6607 21.4322 9.60639 3.83457 12.3271 432.585 431.203 425.988 424.206
internal_count=4344 3869 3719 3653 1446 293 1153 315 57 170 2207 2198 2072 2063
is_linear=0
shrinkage=0.08


Tree=47
num_leaves=15
num_cat=0
split_feature=10 15 9 11 6 14 1 1 6 13 7 1 8 0
split_gain=7.11287 4.32933 3.24449 3.46553 5.60849 3.17414 3.11518 3.93801 2.27255 2.08599 1.9532 1.95108 1.77277 2.86209
threshold=0.68500000000000016 1.0000000180025095e-35 0.7250000000000002 1.0000000180025095e-35 0.90000000000000013 1.0000000180025095e-35 15.500000000000002 16.500000000000004 0.36665000000000009 1.0000000180025095e-35 0.70835000000000015 25.500000000000004 1.5000000000000002 3.5000000000000004
decision_type=2 2 2 2 2 2 2 2 2 2 2 2 2 2
left_child=1 2 3 4 6 9 -1 8 -8 -6 -9 12 13 -5
right_child=-2 -3 -4 11 5 -7 7 10 -10 -11 -12 -13 -14 -15
leaf_value=-0.081588845446880623 0.081220194408228363 -0.087800505591665731 0.085778257124393797 0.00024050999858872026 0.020073756924874654 0.084001114682195802 0.072819619430082541 0.023255303576667198 -0.081803597170094097 -0.047379249978384878 -0.088529332379913533 -0.096993767779978896 0.048464291274951263 0.10201850568863007
leaf_weight=10.930900766514243 6.7947250716388217 3.6672834502533069 2.7704407945275298 424.06377672031522 7.3804388428106886 3.0890291742980471 3.1373664215207087 1.30957356095314 0.75466494075953949 4.8705561943352222 4.2369354832917452 1.298363685607909 5.0243768021464339 1.7757038101553906
leaf_count=838 475 150 66 2063 135 123 22 6 35 35 252 9 126 9
internal_value=-5.12152e-05 -0.00121547 -0.000540792 -0.00105192 -0.025004 0.0115301 -0.0525174 -0.0188494 0.0428382 -0.00674314 -0.0621361 0.000927235 0.00122231 0.000664913
internal_weight=481.104 474.309 470.642 467.872 35.7095 15.34 20.3694 9.43854 3.89203 12.251 5.54651 432.162 430.864 425.839
internal_count=4344 3869 3719 3653 1446 293 1153 315 57 170 258 2207 2198 2072
is_linear=0
shrinkage=0.08


Tree=48
num_leaves=15
num_cat=0
split_feature=10 15 9 11 6 1 1 14 6 7 10 6 6 0
split_gain=6.55144 3.97814 2.9755 3.07828 5.09958 3.02594 3.48474 2.92809 1.92221 1.83869 1.78816 2.89727 5.17947 4.17137
threshold=0.68500000000000016 1.0000000180025095e-35 0.7250000000000002 1.0000000180025095e-35 0.90000000000000013 15.500000000000002 16.500000000000004 1.0000000180025095e-35 0.36665000000000009 0.70835000000000015 1.0000000180025095e-35 0.29165000000000002 0.90000000000000013 2.5000000000000004
decision_type=2 2 2 2 2 2 2 2 2 2 2 2 2 2
left_child=1 2 3 4 5 -1 8 -6 -7 -8 11 -5 -13 -14
right_child=-2 -3 -4 10 7 6 9 -9 -10 -11 -12 12 13 -15
leaf_value=-0.081483964208864293 0.081125161272835616 -0.087306375537200331 0.085335823272764927 0.00095058858088724167 -0.00623745517312632 0.064702095925175632 0.021486815323420876 0.083693038837187109 -0.081661934666066402 -0.088144570063318231 0.031820517281698081 -0.12625517834732264 0.043519949532645222 -0.12173902579437636
leaf_weight=10.102956174872817 6.2793711740523568 3.403713888488709 2.5701597444713107 411.80317274294794 12.178305097855626 3.2437210828065859 1.3042011708021162 2.8616036092862478 0.69780299440026272 3.9275723826140165 11.613355759531258 3.2171241939067823 3.9525608047842979 1.2987200170755384
leaf_count=838 475 150 66 1969 170 22 6 123 35 252 180 14 38 6
internal_value=-5.15572e-05 -0.00113111 -0.0005054 -0.000978641 -0.0240404 -0.0512811 -0.0180175 0.0108734 0.03879 -0.0608151 0.000853769 -1.93413e-06 -0.0463214 0.00264894
internal_weight=478.454 472.175 468.771 466.201 34.3162 19.2763 9.1733 15.0399 3.94152 5.23177 431.885 420.272 8.46841 5.25128
internal_count=4344 3869 3719 3653 1446 1153 315 293 57 258 2207 2027 58 44
is_linear=0
shrinkage=0.08


Tree=49
num_leaves=15
num_cat=0
split_feature=10 15 9 14 13 8 4 1 13 1 0 1 1 1
split_gain=6.03533 3.65616 2.73008 2.80528 11.1129 7.31132 5.7885 5.7786 10.7605 9.44276 7.09746 5.38473 4.87839 4.57023
threshold=0.68500000000000016 1.0000000180025095e-35 0.7250000000000002 1.0000000180025095e-35 1.0000000180025095e-35 1.0000000180025095e-35 1.0000000180025095e-35 13.500000000000002 1.0000000180025095e-35 18.500000000000004 3.5000000000000004 14.500000000000002 5.5000000000000009 4.5000000000000009
decision_type=2 2 2 2 2 2 2 2 2 2 2 2 2 2
left_child=1 2 3 4 5 13 7 12 -9 -10 -11 -6 -5 -1
right_child=-2 -3 -4 6 11 -7 -8 8 9 10 -12 -13 -14 -15
leaf_value=0.055805246732411641 0.081037617907194284 -0.086838556166044759 0.084927426862882779 -0.020158717516931515 -0.047524004754174114 0.0557442354513564 0.069256191391379535 -0.034964583886850809 0.067626336802601883 -0.1124153174671088 0.15776349893321989 0.01614417884443858 0.016613811996638497 -0.005685034667776848
leaf_weight=8.2199689429253322 5.8025980032980433 3.1582656968384972 2.3835020419210187 27.589663065969944 50.11185668874532 15.564342244528232 8.6270182663574797 52.775880252942443 14.173931295052173 3.6574611933901897 0.74984925985336293 10.238547134213148 141.54819501005113 131.33278608974069
leaf_count=64 475 150 66 132 573 156 188 286 84 39 3 155 887 1086
internal_value=-5.20552e-05 -0.0010529 -0.000472713 -0.000910845 -0.00759518 0.00373723 0.00487049 0.00256085 -0.0165311 0.0358251 -0.0664477 -0.0367226 0.0106155 -0.00206312
internal_weight=475.934 470.131 466.973 464.589 215.468 155.117 249.122 240.495 71.3571 18.5812 4.40731 60.3504 169.138 139.553
internal_count=4344 3869 3719 3653 2034 1306 1619 1431 412 126 42 728 1019 1150
is_linear=0
shrinkage=0.08


Tree=50
num_leaves=15
num_cat=0
split_feature=10 15 9 11 6 1 1 14 1 9 6 1 7 6
split_gain=5.5593 3.36171 2.50537 2.7242 4.63459 2.84804 3.02097 2.48276 1.76013 1.69213 1.88162 2.09123 1.67756 1.62966
threshold=0.68500000000000016 1.0000000180025095e-35 0.7250000000000002 1.0000000180025095e-35 0.90000000000000013 15.500000000000002 16.500000000000004 1.0000000180025095e-35 25.500000000000004 1.0000000180025095e-35 1.4166500000000002 15.500000000000002 0.70835000000000015 0.90000000000000013
decision_type=2 2 2 2 2 2 2 2 2 2 2 2 2 2
left_child=1 2 3 4 5 -1 -7 9 13 -6 11 -11 -8 -5
right_child=-2 -3 -4 8 7 6 12 -9 -10 10 -12 -13 -14 -15
leaf_value=-0.081344807920926118 0.080956959996071096 -0.086396057142215363 0.084550387331799842 0.00042235616582764066 0.081218248536883433 0.033768709365009295 0.018473500585598907 0.083189454449101155 -0.095351090808546118 -0.044546164345109655 0.078488045623663072 0.050925926833693583 -0.087859829039736145 0.03547162988559404
leaf_weight=9.2068426795303839 5.361593408510088 2.9297744864597908 2.2096628453582516 419.71787005662918 1.314571561291811 3.9946742895990592 1.2875812798738477 2.4862243132665744 1.2135499119758595 7.8599378913640958 1.2262011244893081 1.8056687414646146 3.616950917057693 8.6654952783137542
leaf_count=838 475 150 66 2021 89 57 6 123 9 58 12 11 252 177
internal_value=-4.15918e-05 -0.000970466 -0.000431777 -0.000837884 -0.023061 -0.0501508 -0.0178784 0.0103224 0.000858797 -0.00451939 -0.0148674 -0.0267107 -0.0599443 0.00113135
internal_weight=472.897 467.535 464.605 462.396 32.7987 18.106 8.89921 14.6926 429.597 12.2064 10.8918 9.66561 4.90453 428.383
internal_count=4344 3869 3719 3653 1446 1153 315 293 2207 170 81 69 258 2198
is_linear=0
shrinkage=0.08


Tree=51
num_leaves=15
num_cat=0
split_feature=10 15 9 2 14 13 8 4 13 1 0 1 1 1
split_gain=5.12267 3.09095 2.30056 2.66854 2.47918 9.35225 6.39964 4.86997 4.62402 8.1496 7.27737 12.6684 7.43071 6.3849
threshold=0.68500000000000016 1.0000000180025095e-35 0.7250000000000002 1.0000000180025095e-35 1.0000000180025095e-35 1.0000000180025095e-35 1.0000000180025095e-35 1.0000000180025095e-35 1.0000000180025095e-35 13.500000000000002 1.5000000000000002 8.5000000000000018 5.5000000000000009 18.500000000000004
decision_type=2 2 2 2 2 2 2 2 2 2 2 2 2 2
left_child=1 2 3 4 5 6 -1 8 9 -6 11 12 -10 -12
right_child=-2 -3 -4 -5 7 -7 -8 -9 10 -11 13 -13 -14 -15
leaf_value=-0.0018157663372155325 0.080882639052754224 -0.085977933506914198 0.084202249410608679 -0.1686243380732379 0.0074697546126343871 -0.033755731349591332 0.053103368987288485 0.066350775271548521 -0.075721107956360265 -0.030614622139196659 0.055765431302136341 -0.093985079920384629 0.038865849483206649 -0.058278716698564881
leaf_weight=138.8638512743637 4.9537378624081603 2.7171429144218555 2.0478669144213191 0.60542471799999376 115.2810636498034 59.66350291762501 15.051542985253034 7.9877453334629527 4.3214911501854685 52.262914750725031 32.978600967675447 8.0853428989648801 22.374130636453629 3.4727144613862029
leaf_count=1144 475 150 66 14 674 728 156 188 39 281 195 60 141 33
internal_value=-4.07798e-05 -0.000901553 -0.000402273 -0.000778147 -0.000557403 -0.00686792 0.00355483 0.00490447 0.00284891 -0.00441011 0.0199227 -0.00625457 0.0203165 0.0449005
internal_weight=470.667 465.713 462.996 460.948 460.343 213.579 153.915 246.764 238.776 167.544 71.2323 34.781 26.6956 36.4513
internal_count=4344 3869 3719 3653 3639 2028 1300 1611 1423 955 468 240 180 228
is_linear=0
shrinkage=0.08


Tree=52
num_leaves=15
num_cat=0
split_feature=10 15 9 2 11 6 1 1 14 6 1 7 9 6
split_gain=4.72009 2.84301 2.11293 2.29309 2.28323 4.07096 2.86129 2.73477 2.10804 1.61454 1.60256 1.53647 1.49586 1.608
threshold=0.68500000000000016 1.0000000180025095e-35 0.7250000000000002 1.0000000180025095e-35 1.0000000180025095e-35 0.90000000000000013 15.500000000000002 16.500000000000004 1.0000000180025095e-35 0.36665000000000009 25.500000000000004 0.70835000000000015 1.0000000180025095e-35 1.4166500000000002
decision_type=2 2 2 2 2 2 2 2 2 2 2 2 2 2
left_child=1 2 3 4 5 6 -1 9 12 -8 -6 -9 -7 -14
right_child=-2 -3 -4 -5 10 8 7 11 -10 -11 -12 -13 13 -15
leaf_value=-0.081228773563565171 0.08081413476399231 -0.085583241889693906 0.083880768100156863 -0.15739337888363059 0.0012667653503143619 0.081125256561115119 0.055501439157019938 0.016388791371260262 0.082761341096745572 -0.081565185821864561 -0.093930501746151807 -0.087564741580551525 -0.023221566033216279 0.075106076549186815
leaf_weight=8.3725309967994743 4.5765954665839663 2.5193382920697323 1.8973704716190685 0.59706635866314073 425.57994915358722 1.2170130815356941 3.3324068933725344 1.2689589262008665 2.1635229662060729 0.6587238311767577 1.1347515061497677 3.2165379887446761 9.6728330925106984 1.1960374228656299
leaf_count=835 475 150 66 14 2196 89 22 6 123 35 9 243 69 12
internal_value=-3.16332e-05 -0.000831064 -0.000367202 -0.000715906 -0.000511572 -0.0214391 -0.0480573 -0.0152931 0.0100354 0.032879 0.00101361 -0.058156 -0.00298349 -0.0124013
internal_weight=467.404 462.827 460.308 458.41 457.813 31.0986 16.8492 8.47663 14.2494 3.99113 426.715 4.4855 12.0859 10.8689
internal_count=4344 3869 3719 3653 3639 1434 1141 306 293 57 2205 249 170 81
is_linear=0
shrinkage=0.08


Tree=53
num_leaves=15
num_cat=0
split_feature=10 15 9 11 6 1 1 14 7 1 6 0 5 1
split_gain=4.35067 2.61491 1.94169 2.0179 3.71947 2.7405 2.4604 1.94976 1.49339 1.45069 1.40129 5.28649 3.52465 3.07203
threshold=0.68500000000000016 1.0000000180025095e-35 0.7250000000000002 1.0000000180025095e-35 0.90000000000000013 15.500000000000002 16.500000000000004 1.0000000180025095e-35 0.55000000000000016 25.500000000000004 0.90000000000000013 2.5000000000000004 1.0000000180025095e-35 10.500000000000002
decision_type=2 2 2 2 2 2 2 2 2 2 2 2 2 2
left_child=1 2 3 4 5 -1 -7 -6 -8 10 12 -12 -5 -14
right_child=-2 -3 -4 9 7 6 8 -9 -10 -11 11 -13 13 -15
leaf_value=-0.081143344344965979 0.080751002688397286 -0.085211072895450699 0.083583881421963296 0.001107240334579967 -0.002730690719194856 0.029915032100007368 0.10345273635139973 0.082548853443655756 -0.070876609735300647 -0.09268228798671059 0.059750187124427326 -0.11806043339690529 0.0004710049635775717 -0.12948109298138194
leaf_weight=7.7573962872847977 4.227899068966507 2.3353886571712783 1.757462347857653 412.91670773923397 11.998823241330681 4.0240155886858684 0.34155327081680287 2.0021156994625917 3.969668151345104 1.0610370934009541 7.1810577884316427 1.2575143277645109 2.1861209422349921 2.4906205981969833
leaf_count=838 475 150 66 1999 170 57 2 123 256 9 171 6 10 12
internal_value=-3.2843e-05 -0.000773275 -0.000343603 -0.000666227 -0.0206887 -0.0469224 -0.0150738 0.00946417 -0.0570655 0.000744585 0.000977265 0.0332529 0.000325052 -0.0687356
internal_weight=465.507 461.279 458.944 457.187 30.0936 16.0926 8.33524 14.0009 4.31122 427.093 426.032 8.43857 417.593 4.67674
internal_count=4344 3869 3719 3653 1446 1153 315 293 258 2207 2198 177 2021 22
is_linear=0
shrinkage=0.08


Tree=54
num_leaves=15
num_cat=0
split_feature=10 15 9 2 14 13 8 1 0 1 1 4 13 1
split_gain=4.01054 2.4056 1.78489 1.98401 1.98759 7.84008 5.55737 4.61803 10.2472 10.9716 4.52657 3.95472 3.97142 6.91242
threshold=0.68500000000000016 1.0000000180025095e-35 0.7250000000000002 1.0000000180025095e-35 1.0000000180025095e-35 1.0000000180025095e-35 1.0000000180025095e-35 12.500000000000002 2.5000000000000004 16.500000000000004 14.500000000000002 1.0000000180025095e-35 1.0000000180025095e-35 13.500000000000002
decision_type=2 2 2 2 2 2 2 2 2 2 2 2 2 2
left_child=1 2 3 4 5 6 -1 -8 9 -9 -7 12 13 -6
right_child=-2 -3 -4 -5 11 10 7 8 -10 -11 -12 -13 -14 -15
leaf_value=-0.0015028438111928549 0.080692802194684068 -0.084860515301566616 0.083309689330354153 -0.14854979850549282 0.0069812700004842319 -0.041045809042937774 0.097491626978197243 -0.2061064993464222 0.08724222736981245 0.10642992899759829 0.017793309438384839 0.06279183814032574 0.018730557707985533 -0.028133317330790778
leaf_weight=137.83872774709016 3.905543476343154 2.1643806491047135 1.6274649864062656 0.57950538629665871 114.82355469278991 48.681789974682033 6.9688541181385499 2.1367229372262959 4.3568173767998815 1.0833428353071211 10.104826893657444 7.2247177083045235 69.81332787964493 52.184479648713022
leaf_count=1144 475 150 66 14 674 573 72 9 69 6 155 188 468 281
internal_value=-3.31388e-05 -0.000719141 -0.000321012 -0.000619623 -0.000431303 -0.00611411 0.00346007 0.0504898 0.00725972 -0.100958 -0.030932 0.00448599 0.00270725 -0.00399088
internal_weight=463.494 459.589 457.424 455.797 455.217 211.171 152.384 14.5457 7.57688 3.22007 58.7866 244.046 236.821 167.008
internal_count=4344 3869 3719 3653 3639 2028 1300 156 84 15 728 1611 1423 955
is_linear=0
shrinkage=0.08


Tree=55
num_leaves=15
num_cat=0
split_feature=10 15 9 1 1 10 6 5 10 1 0 1 0 9
split_gain=3.69621 2.21411 1.64074 1.9128 2.18304 2.18759 2.94225 4.30299 3.09666 3.49038 2.66543 2.64352 2.30046 13.0734
threshold=0.68500000000000016 1.0000000180025095e-35 0.7250000000000002 21.500000000000004 20.500000000000004 0.67500000000000016 0.90000000000000013 1.0000000180025095e-35 1.0000000180025095e-35 9.5000000000000018 2.5000000000000004 10.500000000000002 1.5000000000000002 1.0000000180025095e-35
decision_type=2 2 2 2 2 2 2 2 2 2 2 2 2 2
left_child=1 2 3 4 5 6 7 12 9 -8 -11 -9 13 -1
right_child=-2 -3 -4 -5 -6 -7 8 11 -10 10 -12 -13 -14 -15
leaf_value=-0.00086971895984891542 0.080639142236018979 -0.084530670901075508 0.083056450706823562 -0.039397888059680052 0.064189524232907649 -0.044256533385123635 -0.11035270349123209 -0.0040104165517156169 0.082566213154670415 0.044566730046601249 -0.080608455485761787 -0.11523435871698956 0.0055735028029653393 -0.085491645326115584
leaf_weight=179.32409293949604 3.6075728656724086 2.0054557812400153 1.5067342380061735 7.9748553391546002 3.378948467783629 7.1479596933349958 1.3748151268810023 2.3010256299749008 5.5240261396393171 7.6008686590939742 1.2707170546054838 3.3714611362665892 222.34674597810954 12.498648086562751
leaf_count=738 475 150 66 158 41 168 25 24 320 80 6 70 1393 630
internal_value=-2.03565e-05 -0.000656214 -0.000287033 -0.000563564 0.00013061 -0.000358259 0.000362068 -0.000912195 0.0342856 0.00825663 0.0266373 -0.0701167 3.56343e-05 -0.00638345
internal_weight=461.234 457.626 455.621 454.114 446.139 442.76 435.612 419.842 15.7704 10.2464 8.87159 5.67249 414.169 191.823
internal_count=4344 3869 3719 3653 3495 3454 3286 2855 431 111 86 94 2761 1368
is_linear=0
shrinkage=0.08


Tree=56
num_leaves=15
num_cat=0
split_feature=10 15 8 6 5 10 6 7 11 1 1 6 1 13
split_gain=3.40825 2.03741 1.56663 1.55717 2.87677 1.84564 4.3263 2.69959 3.69494 2.50117 2.84535 2.38524 3.41494 6.90454
threshold=0.68500000000000016 1.0000000180025095e-35 2.5000000000000004 1.4166500000000002 1.5000000000000002 0.67500000000000016 0.90000000000000013 0.70835000000000015 1.0000000180025095e-35 15.500000000000002 16.500000000000004 0.36665000000000009 15.500000000000002 1.0000000180025095e-35
decision_type=2 2 2 2 2 2 2 2 2 2 2 2 2 2
left_child=1 2 3 4 5 6 7 -1 9 -9 -11 -10 13 -13
right_child=-2 -3 -4 -5 -6 -7 -8 8 11 10 -12 12 -14 -15
leaf_value=0.11129788775833972 0.080589670520526499 -0.084220645799299165 0.12152894999006689 0.064091888074173931 -0.092885701296785708 -0.0390599764026432 0.04824798053382074 -0.080256336432973169 0.00084871981224214578 0.041871984067356829 -0.069911020552541517 -0.027034261600735743 0.092519486340514753 -0.23270028792685649
leaf_weight=1.3661297075450409 3.3321709604933849 1.8578078499995161 0.67484293878078361 2.3795979619026175 2.1605106294155112 7.7465796023607245 11.737694697920231 6.2227593916468305 405.83197359926999 3.2942844182252884 2.613553601782769 6.9614787623286229 1.0951308496296395 1.2291522063314912
leaf_count=12 475 150 3 63 16 197 369 780 1976 21 214 34 27 7
internal_value=-2.38896e-05 -0.000614037 -0.000271393 -0.000452986 -0.000794103 -0.000350083 0.000330893 -0.000981326 -0.00134034 -0.0448613 -0.00757942 -6.85683e-05 -0.0401584 -0.0578982
internal_weight=458.504 455.171 453.314 452.639 450.259 448.099 440.352 428.614 427.248 12.1306 5.90784 415.118 9.28576 8.19063
internal_count=4344 3869 3719 3716 3653 3637 3440 3071 3059 1015 235 2044 68 41
is_linear=0
shrinkage=0.08


Tree=57
num_leaves=15
num_cat=0
split_feature=10 15 9 2 1 1 0 10 6 5 10 1 1 0
split_gain=3.14252 1.87542 1.49861 1.73442 1.63394 1.92 1.90075 1.64626 2.22595 3.39039 2.9839 3.18657 2.51165 2.05774
threshold=0.68500000000000016 1.0000000180025095e-35 0.7250000000000002 1.0000000180025095e-35 21.500000000000004 20.500000000000004 2.5000000000000004 0.67500000000000016 0.90000000000000013 1.0000000180025095e-35 1.0000000180025095e-35 9.5000000000000018 10.500000000000002 2.5000000000000004
decision_type=2 2 2 2 2 2 2 2 2 2 2 2 2 2
left_child=1 2 3 4 5 7 -6 8 9 -1 11 -10 -11 -13
right_child=-2 -3 -4 -5 6 -7 -8 -9 10 12 -12 13 -14 -15
leaf_value=0.00022199573606148483 0.080544048870820339 -0.083929545745209777 0.08289436596850619 -0.14098475096508878 -0.089186804766141284 0.060372840827534822 -0.006761316769425027 -0.038500388222447481 -0.10979065390677367 0.00014414658637863713 0.082275391035719722 0.039962036000741982 -0.11030223859683166 -0.073295652328915273
leaf_weight=412.021893623285 3.0776531361043444 1.7206800864078093 1.3831258891150344 0.56178590888157387 2.8167300457134834 3.3797545530833295 4.9147074436768889 7.0509049138054243 1.3238525670021761 2.2836996745318165 4.8731583734042934 7.1818719487637264 3.1154690459370613 1.1979270428419111
leaf_count=2753 475 150 66 14 56 38 99 168 25 24 320 80 70 6
internal_value=-2.18746e-05 -0.000568239 -0.000250971 -0.000506119 -0.000330806 0.000306331 -0.0367907 -0.000156055 0.000469787 -0.00060334 0.0311998 0.00554974 -0.0635865 0.0237714
internal_weight=456.903 453.826 452.105 450.722 450.16 442.429 7.73144 439.049 431.998 417.421 14.5768 9.70365 5.39917 8.3798
internal_count=4344 3869 3719 3653 3639 3484 155 3446 3278 2847 431 111 94 86
is_linear=0
shrinkage=0.08


Tree=58
num_leaves=15
num_cat=0
split_feature=10 15 8 9 1 11 6 1 10 7 1 14 1 13
split_gain=2.89775 1.7266 1.38629 1.38426 1.54398 1.38229 2.56423 2.57565 1.75042 1.60724 2.95229 1.51435 1.32261 5.57136
threshold=0.68500000000000016 1.0000000180025095e-35 2.5000000000000004 0.7250000000000002 25.500000000000004 1.0000000180025095e-35 0.90000000000000013 15.500000000000002 0.67500000000000016 0.70835000000000015 16.500000000000004 1.0000000180025095e-35 5.5000000000000009 1.0000000180025095e-35
decision_type=2 2 2 2 2 2 2 2 2 2 2 2 2 2
left_child=1 2 3 4 5 6 7 -1 9 -9 -11 -8 13 -7
right_child=-2 -3 -4 -5 -6 12 11 8 -10 10 -12 -13 -14 -15
leaf_value=-0.08083341277657187 0.080501982025159138 -0.083656502427784357 0.11676844608309242 0.082674636511529995 -0.088065854671274035 0.0025551935965623723 -0.0025423613513404697 0.11194476367129585 -0.085923548427752613 0.03716595125563895 -0.08898472682572646 0.082108447652858893 0.0024640355865858479 -0.059352009999114851
leaf_weight=6.1097674677148479 2.8424562737345687 1.5933622894808639 0.6471954882144918 1.2800418296828855 1.2890317738056172 42.933715026825666 11.304149263538417 0.83123791590332974 1.5810018242336807 3.3231101110577583 1.8473210311494765 1.5363464304246015 366.43304271623492 11.877662761136888
leaf_count=838 475 150 3 66 53 209 170 6 92 19 154 123 1908 78
internal_value=-1.99427e-05 -0.000525658 -0.000231956 -0.000400098 -0.000636899 -0.000385214 -0.0180958 -0.0421797 -0.0110343 0.00869357 -0.00790588 0.00758598 0.000730324 -0.0108601
internal_weight=455.429 452.587 450.994 450.346 449.066 447.777 26.5329 13.6924 7.58267 6.00167 5.17043 12.8405 421.244 54.8114
internal_count=4344 3869 3719 3716 3650 3597 1402 1109 271 179 173 293 2195 287
is_linear=0
shrinkage=0.08


Tree=59
num_leaves=15
num_cat=0
split_feature=10 15 6 5 11 6 9 1 10 6 14 13 5 1
split_gain=2.67256 1.58965 1.34021 2.54909 1.45531 2.7317 2.12005 2.69682 2.1899 1.90567 3.16391 2.32723 4.4664 2.15
threshold=0.68500000000000016 1.0000000180025095e-35 1.4166500000000002 1.5000000000000002 1.0000000180025095e-35 0.58335000000000015 1.0000000180025095e-35 12.500000000000002 0.67500000000000016 0.36665000000000009 1.0000000180025095e-35 1.0000000180025095e-35 1.0000000180025095e-35 10.500000000000002
decision_type=2 2 2 2 2 2 2 2 2 2 2 2 2 2
left_child=1 2 3 4 6 9 -1 -8 -9 -6 -11 12 -12 -14
right_child=-2 -3 -4 -5 5 -7 7 8 -10 10 11 -13 13 -15
leaf_value=0.080714519385078787 0.080463176328749886 -0.08340063727551203 0.061753286180456758 -0.090050672572819956 0.00098710567515306025 0.053827961927728908 -0.066058122958149779 0.01622034700665036 -0.044362584588283911 -0.12256310422462137 0.1128806350033992 -0.11664622650988346 0.015187712254746934 -0.10992922664698655
leaf_weight=1.2913502720184649 2.6251319749280801 1.4751884904690076 2.2223209906369439 2.0263480599969617 406.14021841064095 6.1691198805347076 7.0123998248018351 10.096459277672695 6.1413270542398086 2.0956726651638728 1.8467297405004499 1.0811423957347868 1.9768080711364748 1.5827896445989607
leaf_count=159 475 150 63 16 1982 184 728 377 165 13 9 6 9 8
internal_value=-2.25138e-05 -0.000490832 -0.000218846 -0.000526632 -0.000119373 0.000984811 -0.0190564 -0.0245978 -0.00669285 0.000198755 -0.0371047 -0.00949874 0.0119283 -0.040446
internal_weight=453.783 451.158 449.683 447.46 445.434 420.892 24.5415 23.2502 16.2378 414.723 8.58314 6.48747 5.40633 3.5596
internal_count=4344 3869 3719 3656 3640 2211 1429 1270 542 2027 45 32 26 17
is_linear=0
shrinkage=0.08


Tree=60
num_leaves=15
num_cat=0
split_feature=10 15 9 1 0 9 1 14 1 13 13 1 1 13
split_gain=2.46472 1.46399 1.27737 1.42462 1.23377 13.0169 5.26842 4.04072 4.3114 6.98883 6.14184 6.63181 3.63911 4.45704
threshold=0.68500000000000016 1.0000000180025095e-35 0.7250000000000002 25.500000000000004 1.5000000000000002 1.0000000180025095e-35 7.5000000000000009 1.0000000180025095e-35 8.5000000000000018 1.0000000180025095e-35 1.0000000180025095e-35 14.500000000000002 5.5000000000000009 1.0000000180025095e-35
decision_type=2 2 2 2 2 2 2 2 2 2 2 2 2 2
left_child=1 2 3 4 5 6 12 -8 9 -9 -10 -12 13 -1
right_child=-2 -3 -4 -5 -6 -7 7 8 10 -11 11 -13 -14 -15
leaf_value=0.0063580384842378129 0.080427394890835766 -0.083161101607165874 0.082655671111626486 -0.087409733775034318 0.0035203412805763098 -0.085528249914953683 -0.038642981138298879 -0.0078124020598406728 0.010008401945884107 0.0996835002114249 -0.13154870738460492 0.070356752171865586 0.023064417101734676 -0.052008161416195325
leaf_weight=42.284046679269522 2.4243366885930291 1.3655341682024289 1.1876418767496932 1.2016779854893673 251.18904562667012 12.04168614791706 31.289304946549237 11.134189493488522 10.514033406041564 5.9336211038753381 5.0232659741304806 1.3133747130632398 65.210929788649082 10.441062751226125
leaf_count=244 475 150 66 53 1906 659 172 52 57 31 25 9 385 60
internal_value=-1.98663e-05 -0.000453145 -0.000201474 -0.000421335 -0.000187155 -0.00495842 0.000339033 -0.0179086 0.00121847 0.0295585 -0.0274868 -0.0897004 0.0104283 -0.00520012
internal_weight=452.554 450.129 448.764 447.576 446.375 195.186 183.144 65.2078 33.9185 17.0678 16.8507 6.33664 117.936 52.7251
internal_count=4344 3869 3719 3653 3600 1694 1035 346 174 83 91 34 689 304
is_linear=0
shrinkage=0.08


Tree=61
num_leaves=15
num_cat=0
split_feature=10 15 6 5 6 11 1 10 0 1 1 8 13 8
split_gain=2.27378 1.3481 1.23214 2.29781 1.29783 2.75858 2.41658 2.22638 1.40191 3.61256 2.27126 9.70174 2.88287 5.48163
threshold=0.68500000000000016 1.0000000180025095e-35 1.4166500000000002 1.5000000000000002 0.90000000000000013 1.0000000180025095e-35 15.500000000000002 0.67500000000000016 2.5000000000000004 18.500000000000004 14.500000000000002 1.5000000000000002 1.0000000180025095e-35 1.5000000000000002
decision_type=2 2 2 2 2 2 2 2 2 2 2 2 2 2
left_child=1 2 3 4 5 6 -1 -6 9 -7 11 -10 13 -12
right_child=-2 -3 -4 -5 7 8 -8 -9 10 -11 12 -13 -14 -15
leaf_value=-0.080026933179246362 0.080394386200038012 -0.082937055642308688 0.060479370192552458 -0.087240914653850588 0.04407027768853837 2.416161942643988e-05 -0.0096299880940507784 -0.019889831130800201 -0.11687868516708153 -0.057949822870157632 0.023693776744859136 0.082144646216797776 0.082374359606186887 -0.20271564119389085
leaf_weight=5.1107812793925396 2.2388264890760174 1.2638142381329078 2.1317860647104672 1.9453908223658789 10.355128518771378 379.61210473626852 8.0153700900264067 5.2484215162694445 3.3740495555102852 7.0060147717595092 15.179632204584777 2.9277599416673183 5.1466223080642512 0.71669876575470048
leaf_count=838 475 150 63 16 369 1706 338 33 23 40 129 117 44 3
internal_value=-2.70834e-05 -0.00042895 -0.000195553 -0.000486454 -0.000105216 -0.000933158 -0.0370397 0.0225566 0.000211726 -0.0010264 0.0177172 -0.0244144 0.0303345 0.0134859
internal_weight=450.272 448.034 446.77 444.638 442.693 427.089 13.1262 15.6036 413.963 386.618 27.3448 6.30181 21.043 15.8963
internal_count=4344 3869 3719 3656 3640 3238 1176 402 2062 1746 316 140 176 132
is_linear=0
shrinkage=0.08


Tree=62
num_leaves=15
num_cat=0
split_feature=10 15 9 1 1 0 1 1 13 10 1 8 1 13
split_gain=2.0971 1.24196 1.17613 1.33412 1.76817 1.67704 1.43057 1.77776 1.2262 1.89293 1.19691 5.59032 1.38212 5.417
threshold=0.68500000000000016 1.0000000180025095e-35 0.7250000000000002 21.500000000000004 20.500000000000004 2.5000000000000004 22.500000000000004 25.500000000000004 1.0000000180025095e-35 0.67500000000000016 18.500000000000004 1.0000000180025095e-35 11.500000000000002 1.0000000180025095e-35
decision_type=2 2 2 2 2 2 2 2 2 2 2 2 2 2
left_child=1 2 3 4 10 -5 -7 -8 -6 -10 12 -12 -1 -14
right_child=-2 -3 -4 5 8 6 7 -9 9 -11 11 -13 13 -15
leaf_value=-0.0033033159707914739 0.080363931534513655 -0.082727677062559457 0.082602406789805627 -0.08685651252418293 0.087109891171290421 -0.086716345616099255 0.047244038397980123 -0.087269016222264836 -0.1075664776063756 0.13772197664003083 -0.06931429335889408 0.096440332537003945 -0.0024402477933027017 0.030973383376990418
leaf_weight=262.59813000261784 2.0674486812204114 1.1694807040039439 1.0957527039572585 2.5361330956220618 2.4642280535772438 1.0909541128203271 2.8576526697725062 0.80622541438788164 0.58058287063613523 0.30826467648148537 5.7869604593142858 1.680346682667732 122.01793699921109 41.65207841200754
leaf_count=2158 475 150 66 56 23 8 56 38 12 6 70 15 849 362
internal_value=-2.18837e-05 -0.000393977 -0.000177831 -0.000381951 0.000184181 -0.0343212 -0.00629991 0.0176448 0.0580548 -0.022497 -0.000263199 -0.032015 0.000293025 0.00606313
internal_weight=448.712 446.645 445.475 444.379 437.089 7.29097 4.75483 3.66388 3.35308 0.888848 433.735 7.46731 426.268 163.67
internal_count=4344 3869 3719 3653 3495 158 102 94 41 18 3454 85 3369 1211
is_linear=0
shrinkage=0.08


Tree=63
num_leaves=15
num_cat=0
split_feature=10 7 10 11 6 1 1 9 1 14 13 9 1 13
split_gain=1.93442 1.16425 1.56687 1.5546 2.29972 1.62882 1.80728 1.30364 1.30053 1.22188 1.06568 1.05092 0.996585 4.13236
threshold=0.68500000000000016 0.70835000000000015 0.67500000000000016 1.0000000180025095e-35 0.90000000000000013 15.500000000000002 16.500000000000004 1.0000000180025095e-35 15.500000000000002 1.0000000180025095e-35 1.0000000180025095e-35 0.7250000000000002 5.5000000000000009 1.0000000180025095e-35
decision_type=2 2 2 2 2 2 2 2 2 2 2 2 2 2
left_child=1 2 -1 4 5 -3 10 -6 9 -9 -7 -8 13 -5
right_child=-2 3 -4 12 7 6 11 8 -10 -11 -12 -13 -14 -15
leaf_value=0.10364662310613847 0.080335847309735794 -0.079957911473806847 -0.032854843540557524 0.0017235097511839972 0.080625536300649794 -0.077736021748024853 -0.085902320607431623 -0.027069501059149053 0.055959042118995106 0.074802620368396411 0.032142669421392274 0.081214395479315499 0.0019730304488990054 -0.052476343072616477
leaf_weight=1.5310800243169063 1.9091357816942025 5.0424538995139319 0.82992196828126896 42.941948358900845 1.2749665565788735 0.67761150747537602 2.5074868402443831 8.0980458930134738 1.8590211253613222 0.8308319281786688 3.3964616507291794 0.26641814596950997 365.21561326133087 11.391053894534705
leaf_count=17 475 928 7 217 180 30 268 67 17 30 32 21 1977 78
internal_value=-2.02321e-05 -0.000364308 0.0556646 -0.000662581 -0.0204852 -0.0454525 -0.0200447 0.00412524 -0.00491594 -0.0175903 0.0138673 -0.0698517 0.000469151 -0.00963963
internal_weight=447.772 445.863 2.361 443.502 23.9533 11.8904 6.84798 12.0629 10.7879 8.92888 4.07407 2.7739 419.549 54.333
internal_count=4344 3869 24 3845 1573 1279 351 294 114 97 62 289 2272 295
is_linear=0
shrinkage=0.08


Tree=64
num_leaves=15
num_cat=0
split_feature=10 15 8 9 1 6 5 11 6 6 10 13 14 1
split_gain=1.78456 1.1033 1.09267 1.06459 1.1709 1.05468 2.70155 1.05377 2.19418 1.80735 2.42234 1.7642 2.59158 2.86052
threshold=0.68500000000000016 1.0000000180025095e-35 2.5000000000000004 0.7250000000000002 25.500000000000004 1.4166500000000002 1.5000000000000002 1.0000000180025095e-35 0.90000000000000013 0.36665000000000009 1.0000000180025095e-35 1.0000000180025095e-35 1.0000000180025095e-35 7.5000000000000009
decision_type=2 2 2 2 2 2 2 2 2 2 2 2 2 2
left_child=1 2 3 4 5 6 7 -1 9 -9 -11 12 -12 -14
right_child=-2 -3 -4 -5 -6 -7 -8 8 -10 10 11 -13 13 -15
leaf_value=-0.017265150494388329 0.08030993213338547 -0.082443309565658693 0.10902168928880679 0.082406273643558278 -0.086459484679683549 0.056952302025668339 -0.10311126024352288 0.00090160860771435185 0.054815953957971869 -0.10298226043799327 -0.11229380710962016 -0.098329792427930954 -0.067163722442913493 0.077349744779671922
leaf_weight=21.902464211219922 1.7629000949673344 1.0450155995786179 0.58601407706737418 0.99405827606096764 1.011294011492281 2.0511886500753453 1.6374725438654412 401.91133656725287 4.7471927339211097 2.4661980271339399 0.91105797514319409 1.1720888931304214 1.2253147959709165 3.0803624242544174
leaf_count=1360 475 150 3 66 53 63 11 1970 146 12 6 8 6 15
internal_value=-2.09481e-05 -0.00033937 -0.000145995 -0.000290369 -0.000476305 -0.000279177 -0.000546553 -0.000162601 0.000738905 0.000113941 -0.0356367 -0.0096401 0.0102866 0.0362239
internal_weight=446.504 444.741 443.696 443.11 442.116 441.105 439.053 437.416 415.514 410.766 8.85502 6.38882 5.21674 4.30568
internal_count=4344 3869 3719 3716 3650 3597 3534 3523 2163 2017 47 35 27 21
is_linear=0
shrinkage=0.08


Tree=65
num_leaves=15
num_cat=0
split_feature=10 7 10 11 6 1 1 9 1 14 13 0 9 1
split_gain=1.64624 1.08928 1.39312 1.19226 2.11126 1.60526 1.72205 1.17661 1.14015 1.07633 0.94552 0.914424 8.94164 4.5691
threshold=0.68500000000000016 0.70835000000000015 0.67500000000000016 1.0000000180025095e-35 0.90000000000000013 15.500000000000002 16.500000000000004 1.0000000180025095e-35 15.500000000000002 1.0000000180025095e-35 1.0000000180025095e-35 1.5000000000000002 1.0000000180025095e-35 7.5000000000000009
decision_type=2 2 2 2 2 2 2 2 2 2 2 2 2 2
left_child=1 2 -1 4 5 -3 10 -6 9 -9 -7 12 13 -5
right_child=-2 3 -4 11 7 6 -8 8 -10 -11 -12 -13 -14 -15
leaf_value=0.1020862920849816 0.080286027278126643 -0.079824072476582894 -0.026779498404609806 0.0093355925104367174 0.080584031154951219 -0.076742588711578963 -0.070310473433641135 -0.023813270984807868 0.054384471214877862 0.074251770722581087 0.030730752349948386 0.0037590998581809006 -0.087017996148576457 -0.017243120562859347
leaf_weight=1.4548719432204955 1.6278268205933262 4.5660767687950301 0.85091499797999848 116.47129329666495 1.1890493580140162 0.61865761876106251 2.4905147857498378 8.0897891521453822 1.8196136578917492 0.78589024301618415 3.4205003380775452 230.14245771523565 7.9083808667492113 64.217893189750612
leaf_count=17 475 928 7 567 180 30 289 67 17 30 32 1275 139 291
internal_value=-1.81141e-05 -0.000312514 0.0545304 -0.000598795 -0.0183406 -0.043436 -0.0179905 0.0050896 -0.0033035 -0.0151302 0.0142696 0.00037486 -0.00375487 -0.000110623
internal_weight=445.654 444.026 2.30579 441.72 22.9801 11.0957 6.52967 11.8843 10.6953 8.87568 4.03916 418.74 188.598 180.689
internal_count=4344 3869 24 3845 1573 1279 351 294 114 97 62 2272 997 858
is_linear=0
shrinkage=0.08


Tree=66
num_leaves=15
num_cat=0
split_feature=9 2 7 1 1 0 13 10 1 1 9 13 14 1
split_gain=1.53674 1.52874 1.07502 1.2615 1.48928 1.40826 1.50262 1.08389 1.01088 0.986455 4.19814 3.27487 1.39525 4.25943
threshold=0.7250000000000002 1.0000000180025095e-35 0.70835000000000015 21.500000000000004 22.500000000000004 2.5000000000000004 1.0000000180025095e-35 0.67500000000000016 23.500000000000004 5.5000000000000009 1.0000000180025095e-35 1.0000000180025095e-35 1.0000000180025095e-35 13.500000000000002
decision_type=2 2 2 2 2 2 2 2 2 2 2 2 2 2
left_child=1 2 7 9 -5 -6 8 -1 -7 10 11 -4 -11 -14
right_child=-2 -3 3 4 5 6 -8 -9 -10 12 -12 -13 13 -15
leaf_value=0.10039169212087252 0.08150709207833684 -0.13545630316895438 0.0047987325431139479 -0.093598354066926653 -0.090329957925670751 0.022069408509919612 0.10511466459311045 -0.0094204059065067219 -0.086195986247289372 -0.0038700825857514928 -0.10952109013434475 -0.045853465558623317 0.013875976380772493 -0.010391455980916946
leaf_weight=1.3552263854071491 1.4747170356567938 0.53490531444549461 42.188087205402553 1.9710829213727254 1.050913013750687 1.536624277476222 0.88571897335350502 0.99953824002295721 0.86134855775162567 168.47107665729709 2.5812009449582538 10.130876926705239 140.92918727686629 68.930583248380572
leaf_count=16 234 14 247 26 38 19 21 41 51 1847 149 60 1115 466
internal_value=-2.20923e-05 -0.000293849 -0.000130237 -0.00041905 -0.0359436 -0.00972621 0.0160702 0.0537792 -0.0168194 9.80114e-05 -0.00992315 -0.0050094 0.0015522 0.00590509
internal_weight=443.901 442.426 441.891 439.537 6.30569 4.3346 3.28369 2.35476 2.39797 433.231 54.9002 52.319 378.331 209.86
internal_count=4344 4110 4096 4039 155 129 91 57 70 3884 456 307 3428 1581
is_linear=0
shrinkage=0.08


Tree=67
num_leaves=15
num_cat=0
split_feature=10 8 15 6 5 6 6 1 13 14 5 14 1 1
split_gain=1.48037 0.989002 0.967164 0.920298 1.83532 1.07436 2.15149 1.97695 3.80028 3.07868 3.97691 1.92437 1.8743 2.61077
threshold=0.68500000000000016 2.5000000000000004 1.0000000180025095e-35 1.4166500000000002 1.5000000000000002 0.90000000000000013 0.36665000000000009 16.500000000000004 1.0000000180025095e-35 1.0000000180025095e-35 1.0000000180025095e-35 1.0000000180025095e-35 10.500000000000002 8.5000000000000018
decision_type=2 2 2 2 2 2 2 2 2 2 2 2 2 2
left_child=1 2 3 4 5 6 -1 8 9 -8 -11 -10 13 -12
right_child=-2 -3 -4 -5 -6 -7 7 -9 11 10 12 -13 -14 -15
leaf_value=7.0928254544044651e-05 0.080257574900786041 0.10619723369512399 -0.082221475017254367 0.054540845132481842 -0.083239109105396614 0.021027927693869138 -0.11373414473698096 0.022634572953672123 -0.096422446260847505 0.10666533651062793 -0.062307200366276912 -0.26869882866621619 -0.1028488241120043 0.12277721766624886
leaf_weight=409.23911217437126 1.4651895272545505 0.55749410390853782 0.92318356758914788 1.953105236403643 1.7089707804843772 14.780064441729335 1.9178861239925007 2.9786164620891205 1.2261129808612166 1.6759039163589475 1.2423540204763419 0.62726189196109761 1.7256152904592452 0.80305035039782513
leaf_count=2895 475 3 150 63 16 402 56 120 69 9 6 3 62 15
internal_value=-2.26361e-05 -0.000289144 -0.000423821 -0.00025215 -0.000496522 -0.00017236 -0.000915869 -0.0340259 -0.0523342 -0.0265665 0.00412564 -0.154728 -0.0414447 0.0103592
internal_weight=442.824 441.359 440.801 439.878 437.925 436.216 421.436 12.1968 9.21818 7.36481 5.44692 1.85337 3.77102 2.0454
internal_count=4344 3869 3866 3716 3653 3637 3235 340 220 148 92 72 83 21
is_linear=0
shrinkage=0.08


Tree=68
num_leaves=15
num_cat=0
split_feature=9 2 1 1 0 1 1 8 0 8 13 1 1 10
split_gain=1.39125 1.34002 0.989505 1.06058 4.89066 3.11042 3.04201 6.24657 8.25421 6.73318 3.9439 6.53913 4.52832 3.33138
threshold=0.7250000000000002 1.0000000180025095e-35 25.500000000000004 11.500000000000002 1.5000000000000002 14.500000000000002 14.500000000000002 1.0000000180025095e-35 2.5000000000000004 1.5000000000000002 1.0000000180025095e-35 18.500000000000004 24.500000000000004 0.67500000000000016
decision_type=2 2 2 2 2 2 2 2 2 2 2 2 2 2
left_child=1 2 3 -1 5 -5 7 8 -6 -9 -8 13 -13 -12
right_child=-2 -3 -4 4 6 -7 10 9 -10 -11 11 12 -14 -15
leaf_value=-0.0032043456213926096 0.081521330402232875 -0.12886032357673466 -0.084940107274448048 -0.10870435419431239 0.029581378038166226 0.017696827905500347 -0.011683710191560946 -0.09478752761977971 -0.15029654256141978 0.081995776782215868 0.063530223775573921 -0.080451438317527477 0.13269753874779749 -0.091095986608257226
leaf_weight=260.41099306917749 1.3351189531385887 0.51801302866078813 0.87838786281645198 3.8738007983192793 72.174180096713826 1.8366712867282329 71.329901342978701 5.6156031643040469 1.6704622753895808 1.8276012707501648 14.531804298516363 4.4351885220967224 0.74505618214607228 0.95003710733726698
leaf_count=2298 234 14 56 38 619 15 656 42 16 78 114 86 5 73
internal_value=-1.97543e-05 -0.000266732 -0.000115434 5.4135e-05 0.00479486 -0.0680497 0.00719547 0.0184716 0.0255123 -0.0513802 -0.00276854 0.0280085 -0.049795 0.0540416
internal_weight=442.133 440.798 440.28 439.401 178.99 5.71047 173.28 81.2878 73.8446 7.4432 91.992 20.6621 5.18024 15.4818
internal_count=4344 4110 4096 4040 1742 53 1689 755 635 120 934 278 91 187
is_linear=0
shrinkage=0.08


Tree=69
num_leaves=15
num_cat=0
split_feature=10 15 9 1 7 10 11 6 1 1 14 1 9 4
split_gain=1.33556 0.890072 0.856146 0.908391 0.837379 1.12921 1.00627 1.79802 1.4187 1.78411 1.18592 1.04029 1.0892 0.838808
threshold=0.68500000000000016 1.0000000180025095e-35 0.7250000000000002 25.500000000000004 0.70835000000000015 0.67500000000000016 1.0000000180025095e-35 0.90000000000000013 15.500000000000002 16.500000000000004 1.0000000180025095e-35 15.500000000000002 1.0000000180025095e-35 1.0000000180025095e-35
decision_type=2 2 2 2 2 2 2 2 2 2 2 2 2 2
left_child=1 2 3 4 5 -1 7 8 -6 13 11 12 -9 -10
right_child=-2 -3 -4 -5 6 -7 -8 10 9 -11 -12 -13 -14 -15
leaf_value=0.0981497476241356 0.080233842375344533 -0.082035169156349813 0.082035184195054386 -0.085073897225988862 -0.080522326433526456 -0.020361822487579825 0.00052755539781740789 0.080633491145645109 0.026251461243848771 -0.085652963202442617 0.081732200846673903 0.053478944724391728 -0.023987943759791356 -0.083396011857127306
leaf_weight=1.2643759874626987 1.3232884027529497 0.85014069546013971 0.81073758844286103 0.80653404304757614 3.8597138836048543 0.86766173318028439 413.96943644899875 0.69190128101035497 3.4336549937725072 1.7191830314695833 1.1295128536876298 1.6580161005258549 8.0062160976231116 0.51327206194400776
leaf_count=16 475 150 66 53 838 7 2188 89 18 208 121 12 67 36
internal_value=-1.55146e-05 -0.000257093 -9.8629e-05 -0.000250687 -9.4176e-05 0.0499199 -0.000339317 -0.0174185 -0.0431157 -0.0176346 0.00389393 -0.00459566 -0.0156657 0.0119925
internal_weight=440.904 439.58 438.73 437.919 437.113 2.13204 434.981 21.0115 9.52582 5.66611 11.4856 10.3561 8.69812 3.94693
internal_count=4344 3869 3719 3653 3600 23 3577 1389 1100 262 289 168 156 54
is_linear=0
shrinkage=0.08


Tree=70
num_leaves=15
num_cat=0
split_feature=10 15 9 1 1 0 1 1 1 8 14 0 7 12
split_gain=1.23232 0.820309 0.788568 0.851208 1.73197 1.42935 1.24612 1.15514 0.88642 4.89119 1.41868 5.52827 1.02438 0.950096
threshold=0.68500000000000016 1.0000000180025095e-35 0.7250000000000002 21.500000000000004 20.500000000000004 2.5000000000000004 22.500000000000004 25.500000000000004 18.500000000000004 1.0000000180025095e-35 1.0000000180025095e-35 2.5000000000000004 0.87500000000000011 1.5000000000000002
decision_type=2 2 2 2 2 2 2 2 2 2 2 2 2 2
left_child=1 2 3 4 8 -5 -7 -8 12 10 13 -12 -1 -10
right_child=-2 -3 -4 5 -6 6 7 -9 9 -11 11 -13 -14 -15
leaf_value=0.093410563952566139 0.080215819247387674 -0.081884916630708043 0.081882208994076389 -0.082723907086258958 0.058822177127883325 -0.081839885599946052 0.042551780098436132 -0.084931874649935721 -0.013269312058163389 0.09518967141443245 -0.097101129586240384 0.16119451404496624 5.9768117920887764e-05 -0.12713446348865975
leaf_weight=0.75367413670755823 1.2218124826904375 0.78616042016073961 0.74974661692976852 2.1302864456083617 3.2011134868953368 0.97393012372776855 2.7228382942266767 0.54613016848452378 0.59187663253396694 1.5832809582352636 1.8107444057241084 0.74995882809162129 419.86231573438272 2.2589240493252873
leaf_count=12 475 150 66 56 41 8 56 38 19 15 17 3 3357 31
internal_value=-1.5689e-05 -0.000239129 -9.25624e-05 -0.000233144 0.000196204 -0.029256 -0.00241075 0.0212537 -0.000242673 -0.0284876 -0.0646728 -0.0214535 0.000227037 -0.103494
internal_weight=439.943 438.721 437.935 437.185 430.812 6.37319 4.2429 3.26897 427.611 6.99478 5.4115 2.5607 420.616 2.8508
internal_count=4344 3869 3719 3653 3495 158 102 94 3454 85 70 20 3369 50
is_linear=0
shrinkage=0.08


Tree=71
num_leaves=15
num_cat=0
split_feature=10 15 1 0 1 1 8 14 6 13 8 14 13 1
split_gain=1.13708 0.756109 0.766537 4.156 2.90322 2.55573 5.61173 5.02969 4.0912 4.80978 3.86352 3.23243 5.38129 4.38648
threshold=0.68500000000000016 1.0000000180025095e-35 11.500000000000002 1.5000000000000002 14.500000000000002 13.500000000000002 1.0000000180025095e-35 1.0000000180025095e-35 0.36665000000000009 1.0000000180025095e-35 1.5000000000000002 1.0000000180025095e-35 1.0000000180025095e-35 18.500000000000004
decision_type=2 2 2 2 2 2 2 2 2 2 2 2 2 2
left_child=1 2 -1 4 -4 6 7 -5 -9 -10 -8 -7 13 -13
right_child=-2 -3 3 5 -6 11 10 8 9 -11 -12 12 -14 -15
leaf_value=-0.0028582792218288535 0.080199186845893763 -0.081745337673694365 -0.10523001611103018 0.0048673187225717566 0.018322432517483583 0.01519755497482228 -0.086085356693241105 0.069176653332160137 0.031716543306585292 -0.21546181042580337 0.081802363983707896 -0.028881611407540819 0.029792161195332584 0.072249913723102258
leaf_weight=259.59307766472921 1.1280995025299478 0.72690647188573976 3.6889357361942521 24.511581607395783 1.8165758959949014 50.020623229909688 4.6128439349122337 20.024613944347951 1.7197929024696343 0.71259120851755131 1.0832656268030403 51.068947361083701 15.682052017655222 2.900789441773667
leaf_count=2158 475 150 38 167 15 624 36 138 34 4 51 255 136 63
internal_value=-1.53714e-05 -0.000221893 -8.64218e-05 0.0039596 -0.0644632 0.00614545 0.0208312 0.0299253 0.0572759 -0.0406968 -0.0541571 -0.000317352 -0.0114594 -0.0234459
internal_weight=439.291 438.163 437.436 177.843 5.50551 172.337 52.6647 46.9686 22.457 2.43238 5.69611 119.672 69.6518 53.9697
internal_count=4344 3869 3719 1561 53 1508 430 343 176 38 87 1078 454 318
is_linear=0
shrinkage=0.08


Tree=72
num_leaves=15
num_cat=0
split_feature=9 2 1 0 1 0 1 1 1 8 1 13 10 0
split_gain=1.0494 1.14977 0.825546 1.27139 1.16738 1.25361 1.08611 1.00775 0.914072 4.32558 1.06831 3.75546 4.93363 3.99376
threshold=0.7250000000000002 1.0000000180025095e-35 21.500000000000004 2.5000000000000004 20.500000000000004 3.5000000000000004 22.500000000000004 25.500000000000004 18.500000000000004 1.0000000180025095e-35 11.500000000000002 1.0000000180025095e-35 1.0000000180025095e-35 1.5000000000000002
decision_type=2 2 2 2 2 2 2 2 2 2 2 2 2 2
left_child=1 2 4 -4 8 -6 -5 -8 10 -10 -1 13 -13 -12
right_child=-2 -3 3 6 5 -7 7 -9 9 -11 11 12 -14 -15
leaf_value=-0.0027043006203696387 0.081207331731887974 -0.12208624375044039 -0.080720136636186018 -0.07862314779527145 0.063631176036776455 -0.098528209406488113 0.03755081292877599 -0.083805153656911172 -0.061778215180509431 0.093687880018260561 -0.10155104201836554 0.036736013355117607 -0.052288454036992525 0.00064892381771626518
leaf_weight=260.03380579373334 1.0158229297958303 0.49474237649701436 2.0418777286540708 0.96021237666718651 3.0269371718168254 0.3393122674897312 2.7423443864099686 0.52116014203056682 5.4233596425037822 1.4520545080304144 2.4991004215553394 35.649781994754449 4.4853458849247536 117.72442200093064
leaf_count=2298 234 14 58 10 47 5 56 41 100 15 21 268 154 1023
internal_value=-9.70689e-06 -0.000198329 -6.03036e-05 -0.0288902 0.000359162 0.0472858 -0.00383396 0.0181711 -1.05511e-05 -0.0289445 0.000462657 0.00559812 0.026787 -0.00147552
internal_weight=438.41 437.394 436.9 6.26559 430.634 3.36625 4.22372 3.2635 427.268 6.87541 420.392 160.359 40.1351 120.224
internal_count=4344 4110 4096 165 3931 52 107 97 3879 115 3764 1466 422 1044
is_linear=0
shrinkage=0.08


Tree=73
num_leaves=15
num_cat=0
split_feature=10 11 4 1 14 1 10 10 10 1 5 1 13 1
split_gain=1.03168 0.783583 1.49402 1.8734 1.4788 1.45223 1.00366 0.919552 1.05318 1.63917 0.978806 0.891358 1.05097 1.68678
threshold=0.68500000000000016 1.0000000180025095e-35 1.0000000180025095e-35 15.500000000000002 1.0000000180025095e-35 16.500000000000004 0.52500000000000013 0.67500000000000016 1.0000000180025095e-35 12.500000000000002 1.5000000000000002 20.500000000000004 1.0000000180025095e-35 17.500000000000004
decision_type=2 2 2 2 2 2 2 2 2 2 2 2 2 2
left_child=1 2 3 -1 7 -5 -3 8 9 -4 11 12 13 -9
right_child=-2 6 4 5 -6 -7 -8 10 -10 -11 -12 -13 -14 -15
leaf_value=-0.082349970396560335 0.080181822334926045 0.00040718154027106612 -0.076251086190692347 0.017885886985534376 0.07329505371602052 -0.08451975566732392 0.083563855663377706 0.01542232623174427 0.084232018671164838 0.025746778924821082 0.12961762345212169 0.09097352945559857 -0.082396877781829428 -0.14029356652726624
leaf_weight=3.8559022797271609 1.0243507579434652 412.93888255511411 1.3790462627075593 3.5942688435316086 1.6212097345851368 1.1763280892046166 0.93099759588949282 2.4915594547055666 1.1113124578259883 3.7515749083831906 0.23626413941383351 0.33147701108828176 2.507919511757791 0.54208399076014746
leaf_count=873 475 2233 23 24 140 201 49 44 101 52 1 19 94 15
internal_value=-9.6344e-06 -0.000197836 -0.0147037 -0.0408821 0.0014587 -0.00736517 0.000594242 -0.00797046 0.0136248 -0.00166896 -0.0300346 -0.0364572 -0.0440796 -0.0124027
internal_weight=437.493 436.469 22.5989 8.6265 13.9724 4.7706 413.87 12.3512 6.24193 5.13062 6.1093 5.87304 5.54156 3.03364
internal_count=4344 3869 1587 1098 489 225 2282 349 176 75 173 172 153 59
is_linear=0
shrinkage=0.08


Tree=74
num_leaves=15
num_cat=0
split_feature=10 7 11 6 1 1 9 10 6 0 6 14 13 10
split_gain=0.952029 0.732505 0.936553 1.64214 1.24791 1.23105 0.922817 0.883343 0.861082 2.0224 1.59826 2.44236 1.50825 1.45821
threshold=0.68500000000000016 0.70835000000000015 1.0000000180025095e-35 0.90000000000000013 15.500000000000002 16.500000000000004 1.0000000180025095e-35 0.67500000000000016 0.90000000000000013 2.5000000000000004 0.36665000000000009 1.0000000180025095e-35 1.0000000180025095e-35 1.0000000180025095e-35
decision_type=2 2 2 2 2 2 2 2 2 2 2 2 2 2
left_child=1 7 3 4 -3 -6 -5 -1 10 12 -4 -12 -10 -13
right_child=-2 2 8 6 5 -7 -8 -9 9 -11 11 13 -14 -15
leaf_value=0.094909843158145726 0.080167817772627215 -0.079645528182863787 0.00071251190856894619 0.080453846035522664 0.0053387305220813511 -0.071951988868158331 -0.0030691578643577168 -0.01611543843765267 0.077619265164770065 -0.071740823551144348 -0.10442129102353365 -0.10049755844668257 -0.017150787302029236 0.0077748102942471553
leaf_weight=1.1195378610864271 0.94575342338066448 3.4714813863392919 398.35231596580707 0.92367539112456043 4.108188652433455 1.9424676860217003 10.147145441733301 0.7769013475626706 3.7112422222271553 1.0450283316895363 2.3133323453366739 0.9348973724991082 1.5128898173570631 5.3620755011215806
leaf_count=17 475 928 2010 180 62 289 114 7 131 13 42 8 40 28
internal_value=-1.01828e-05 -0.000184213 -0.000401085 -0.0170519 -0.0414109 -0.0194742 0.00389944 0.0494269 0.000428692 0.0298518 -2.45629e-05 -0.034125 0.0501742 -0.00830014
internal_weight=436.667 435.721 433.825 20.593 9.52214 6.05066 11.0708 1.89644 413.232 6.26916 406.963 8.61031 5.22413 6.29697
internal_count=4344 3869 3845 1573 1279 351 294 24 2272 184 2088 78 171 36
is_linear=0
shrinkage=0.08


Tree=75
num_leaves=15
num_cat=0
split_feature=9 8 6 5 6 6 12 7 9 1 11 1 1 1
split_gain=0.959283 0.778052 0.757315 2.08887 0.992835 2.15382 2.06673 1.67374 1.57746 2.54462 2.15598 1.16471 1.10099 3.18975
threshold=0.7250000000000002 2.5000000000000004 1.4166500000000002 1.5000000000000002 0.90000000000000013 0.36665000000000009 2.5000000000000004 0.70835000000000015 1.0000000180025095e-35 9.5000000000000018 1.0000000180025095e-35 15.500000000000002 10.500000000000002 7.5000000000000009
decision_type=2 2 2 2 2 2 2 2 2 2 2 2 2 2
left_child=1 2 3 4 5 -1 7 -7 -6 -10 11 -11 13 -8
right_child=-2 -3 -4 -5 8 6 12 -9 9 10 -12 -13 -14 -15
leaf_value=2.9239540531703662e-05 0.081264061870815724 0.1006494979348013 0.05047056029404156 -0.097439641489775825 0.081015945073853887 0.032344640256859979 -0.056367231595808011 -0.098508069557897274 -0.11986805772964985 -0.011776456068439222 0.088528742915123415 0.064708758957761431 -0.034064048579831252 0.12236239351562017
leaf_weight=405.78803450323176 0.92746957018971343 0.4892125278711309 1.8724606017349277 1.4184343335218716 2.3110136971808961 0.74826771125663061 1.2625135034322741 3.8164897388778609 0.90863829792942752 7.3417261551367101 2.2916532865492618 1.5418010893044991 3.7269940411206335 1.2941300421953199
leaf_count=3049 234 3 101 17 257 8 6 250 26 153 153 55 26 6
internal_value=-9.76796e-06 -0.000183128 -0.000296704 -0.000516521 -0.000197567 -0.00091124 -0.0360902 -0.0770583 0.0204586 0.00887708 0.0193452 0.00149811 -0.00632883 0.0341027
internal_weight=435.739 434.811 434.322 432.45 431.031 416.636 10.8484 4.56476 14.3948 12.0838 11.1752 8.88353 6.28364 2.55664
internal_count=4344 4110 4107 4006 3989 3345 296 258 644 387 361 208 38 12
is_linear=0
shrinkage=0.08


Tree=76
num_leaves=15
num_cat=0
split_feature=9 1 9 13 1 9 0 14 1 13 1 13 8 14
split_gain=0.884285 0.719307 3.76477 2.80995 1.56308 6.36397 4.22115 3.60778 3.83552 5.92981 6.08441 5.03829 3.4337 3.13068
threshold=0.7250000000000002 5.5000000000000009 1.0000000180025095e-35 1.0000000180025095e-35 7.5000000000000009 1.0000000180025095e-35 1.5000000000000002 1.0000000180025095e-35 8.5000000000000018 1.0000000180025095e-35 14.500000000000002 1.0000000180025095e-35 1.0000000180025095e-35 1.0000000180025095e-35
decision_type=2 2 2 2 2 2 2 2 2 2 2 2 2 2
left_child=1 2 3 -1 5 -3 7 -6 11 -10 -11 -9 -7 -14
right_child=-2 4 -4 -5 6 12 -8 8 9 10 -12 -13 13 -15
leaf_value=0.0046700403221055847 0.081169999773475374 0.020361514450554476 -0.10969510725716262 -0.042630512631632936 -0.037948322496652108 -0.10040423059918967 0.0035677832199877686 -0.0065097042254582205 0.010901363040457513 -0.11693605257786731 0.080407398470832073 0.083504832306912288 0.097012510922750123 -0.046000091536241967
leaf_weight=41.991771141765639 0.85711424937471647 64.604764919728041 2.2674111765809348 9.9407907952554506 33.112491175998002 4.5308705650968459 237.93653476424515 11.152717692777516 10.480042961891742 5.9299525462556621 1.2026840373873708 6.1874305000528684 1.409226751886308 3.2137136869132519
leaf_count=247 234 385 149 60 392 319 2272 56 84 55 9 46 12 24
internal_value=-7.97523e-06 -0.00016831 -0.0087897 -0.0043841 0.00106215 0.0115161 -0.00145768 -0.0190252 -0.00109846 -0.0273935 -0.0836606 0.0256099 -0.0509118 -0.00240507
internal_weight=434.818 433.96 54.2 51.9326 379.76 73.7586 306.002 68.0653 34.9528 17.6127 7.13264 17.3401 9.15381 4.62294
internal_count=4344 4110 456 307 3654 740 2914 642 250 148 64 102 355 36
is_linear=0
shrinkage=0.08


Tree=77
num_leaves=15
num_cat=0
split_feature=9 1 0 1 1 0 13 1 8 14 0 4 7 1
split_gain=0.815404 0.743823 1.22587 1.00645 1.00229 0.97376 0.924849 0.780906 3.83313 1.08296 4.34127 0.957476 0.853721 0.689035
threshold=0.7250000000000002 21.500000000000004 2.5000000000000004 20.500000000000004 22.500000000000004 3.5000000000000004 1.0000000180025095e-35 18.500000000000004 1.0000000180025095e-35 1.0000000180025095e-35 2.5000000000000004 1.0000000180025095e-35 0.87500000000000011 11.500000000000002
decision_type=2 2 2 2 2 2 2 2 2 2 2 2 2 2
left_child=1 3 -3 7 -4 -5 -6 12 9 11 -11 -9 -1 -14
right_child=-2 2 4 5 6 -7 -8 8 -10 10 -12 -13 13 -15
leaf_value=0.090276091127235947 0.081082727165398383 -0.080440990877236121 -0.077005341853121176 0.058093633675841611 -0.0075775739466139285 -0.094894554133136119 0.090986006390638363 -0.13239561940166744 0.092510282642022865 -0.092667853369472156 0.13361168806756257 -0.034723863369185183 -0.0023811345574114525 0.0043243523430054063
leaf_weight=0.67410604876931657 0.79203328175935794 1.9401714918203641 0.91236036899499584 2.9802069206489246 2.3295711416285489 0.29238989343866695 0.8250732251908629 1.6326219784095877 1.3512916713953016 1.7104272465221586 0.79477423429489125 1.0590091558406127 257.39532665535808 158.44966129749082
leaf_count=26 234 58 10 50 73 5 27 22 15 23 5 50 2298 1448
internal_value=-1.47189e-05 -0.000163285 -0.0281178 0.000230597 -0.00315687 0.0444249 0.018201 -0.000111264 -0.0275235 -0.0587349 -0.0208808 -0.0939671 0.000319685 0.000173861
internal_weight=433.139 432.347 6.00718 426.34 4.067 3.2726 3.15464 423.067 6.54812 5.19683 2.5052 2.69163 416.519 415.845
internal_count=4344 4110 168 3942 110 55 100 3887 115 100 28 72 3772 3746
is_linear=0
shrinkage=0.08


Tree=78
num_leaves=15
num_cat=0
split_feature=10 6 5 0 9 11 6 9 1 13 1 9 5 8
split_gain=0.791571 0.627155 1.5313 0.885069 0.71332 0.711639 1.677 1.05633 1.50225 0.993851 0.943589 1.26382 0.889178 1.95288
threshold=0.68500000000000016 1.4166500000000002 1.5000000000000002 1.5000000000000002 1.0000000180025095e-35 1.0000000180025095e-35 0.90000000000000013 1.0000000180025095e-35 10.500000000000002 1.0000000180025095e-35 9.5000000000000018 1.0000000180025095e-35 1.0000000180025095e-35 1.0000000180025095e-35
decision_type=2 2 2 2 2 2 2 2 2 2 2 2 2 2
left_child=1 2 5 4 -3 7 12 -1 -9 -8 11 -11 -7 -14
right_child=-2 3 -4 -5 -6 6 9 8 -10 10 -12 -13 13 -15
leaf_value=0.080397366108351617 0.08014312339376771 0.08093017890915423 -0.082802366185190948 0.093891325123299951 -0.087881797517446486 0.00050746487505249423 0.076215874037988393 -0.076610049809874167 -0.0098143497346426054 0.081188912876581643 0.083679599291033635 -0.15229790847780175 -0.057671750440446985 0.10492093462588453
leaf_weight=0.71483815042302268 0.78703096974640985 0.25939617888070632 1.4368820516392578 1.0511493043741209 0.41890898346900851 401.01963756163605 2.9323992137797168 2.4852740322239724 16.210239235078916 0.22500045970082283 0.39375781361013651 0.43562332540750526 3.6413200579117975 0.54331451654434193
leaf_count=159 475 34 20 22 8 2042 116 610 771 16 14 4 50 3
internal_value=-1.42724e-05 -0.000160384 -0.000353738 0.0479182 -0.023325 -7.73301e-05 0.000632651 -0.0150445 -0.0186938 0.0522647 -0.0143473 -0.0727751 0.000124646 -0.0365614
internal_weight=432.555 431.768 430.038 1.72945 0.678305 428.601 409.191 19.4104 18.6955 3.98678 1.05438 0.660624 405.204 4.18463
internal_count=4344 3869 3805 64 42 3785 2245 1540 1381 150 34 20 2095 53
is_linear=0
shrinkage=0.08


Tree=79
num_leaves=15
num_cat=0
split_feature=9 2 1 7 10 1 9 13 1 9 0 9 8 14
split_gain=0.756346 1.02692 0.684122 0.654016 0.695037 0.611787 3.43761 2.42082 1.36348 5.41414 3.55974 3.14201 3.13438 2.86717
threshold=0.7250000000000002 1.0000000180025095e-35 25.500000000000004 0.70835000000000015 0.67500000000000016 5.5000000000000009 1.0000000180025095e-35 1.0000000180025095e-35 7.5000000000000009 1.0000000180025095e-35 1.5000000000000002 1.0000000180025095e-35 1.0000000180025095e-35 1.0000000180025095e-35
decision_type=2 2 2 2 2 2 2 2 2 2 2 2 2 2
left_child=1 2 3 4 -1 6 7 -5 9 -7 11 13 -11 -10
right_child=-2 -3 -4 5 -6 8 -8 -9 10 12 -12 -13 -14 -15
leaf_value=0.092938548309083546 0.081106954044637886 -0.11808899036256093 -0.08344731541445477 0.004347171774555042 -0.0058621153750457299 0.018843263207755798 -0.10858709570309531 -0.039856673802794111 -0.031087706847525379 -0.099007245511268466 0.0033251619262458058 -0.085728652741917627 -0.0028857222718628233 0.0030515253561406177
leaf_weight=0.99621633801143505 0.73437315400224079 0.47198299912270059 0.62816234561614592 41.931883629178628 0.83985457348171622 64.432519697118551 2.0931974711129433 9.7780415844172222 30.007095591165125 4.1204314586939272 233.95090565364808 4.0661132117966181 4.5894347000867128 33.12449870374985
leaf_count=16 234 14 56 247 40 385 149 60 172 319 2146 296 36 174
internal_value=-1.19608e-05 -0.000150168 -2.08822e-05 0.00010101 0.0477452 -0.000103333 -0.00808 -0.00401151 0.00104329 0.0108408 -0.00133631 -0.0175654 -0.0483585 -0.0131752
internal_weight=431.765 431.03 430.558 429.93 1.83607 428.094 53.8031 51.7099 374.291 73.1424 301.149 67.1977 8.70987 63.1316
internal_count=4344 4110 4096 4040 56 3984 456 307 3528 740 2788 642 355 346
is_linear=0
shrinkage=0.08


Tree=80
num_leaves=15
num_cat=0
split_feature=9 6 5 6 6 12 9 1 11 7 1 1 1 1
split_gain=0.697475 0.668123 1.7632 0.81488 1.73914 2.09884 1.3713 1.96427 1.87673 1.37117 1.15315 2.52761 2.25058 0.991928
threshold=0.7250000000000002 1.4166500000000002 1.5000000000000002 0.90000000000000013 0.36665000000000009 2.5000000000000004 1.0000000180025095e-35 9.5000000000000018 1.0000000180025095e-35 0.70835000000000015 10.500000000000002 7.5000000000000009 16.500000000000004 15.500000000000002
decision_type=2 2 2 2 2 2 2 2 2 2 2 2 2 2
left_child=1 2 3 4 -1 9 -5 -8 13 -6 11 -7 -12 -9
right_child=-2 -3 -4 6 5 10 7 8 -10 -11 12 -13 -14 -15
leaf_value=0.00014182193367807093 0.081024315911121775 0.050965880227921402 -0.094810208125647596 0.080873303185866788 0.026065695043857768 -0.04167773338048919 -0.11842628480575516 -0.010676862526886573 0.087436476809310396 -0.096798840740968117 -0.06090992622042965 0.11921070909337994 0.10054889389065698 0.060895138198113465
leaf_weight=402.66269373707473 0.67857524985447426 1.6305663717212144 1.2607208236586291 1.9748488885816176 0.69631377747282375 1.252109616994858 0.72843392263166507 7.3171258179936522 1.9915456176968298 3.5202001421712321 3.0466511163394903 1.2476725727319715 0.67492547817528237 1.4919891236349938
leaf_count=3052 234 101 17 257 8 6 26 153 153 250 18 6 8 55
internal_value=-1.80991e-05 -0.000146141 -0.000340925 -6.17456e-05 -0.000693905 -0.0329338 0.0192767 0.00872566 0.0173012 -0.076509 -0.00340078 0.0386237 -0.0316286 0.0014452
internal_weight=430.174 429.496 427.865 426.605 413.101 10.4379 13.5039 11.5291 10.8007 4.21651 6.22136 2.49978 3.72158 8.80911
internal_count=4344 4110 4009 3992 3348 296 644 387 361 258 38 12 26 208
is_linear=0
shrinkage=0.08


Tree=81
num_leaves=15
num_cat=0
split_feature=8 9 1 0 1 1 1 1 1 8 14 13 4 7
split_gain=0.69291 0.644772 0.64046 1.16169 0.919099 0.890679 0.807954 0.789509 0.691876 3.43531 0.952902 3.85849 0.837221 0.723979
threshold=2.5000000000000004 0.7250000000000002 21.500000000000004 2.5000000000000004 22.500000000000004 20.500000000000004 25.500000000000004 24.500000000000004 18.500000000000004 1.0000000180025095e-35 1.0000000180025095e-35 1.0000000180025095e-35 1.0000000180025095e-35 0.87500000000000011
decision_type=2 2 2 2 2 2 2 2 2 2 2 2 2 2
left_child=1 2 5 -4 -5 8 7 -6 13 10 12 -12 -10 -1
right_child=-2 -3 3 4 6 -7 -8 -9 9 -11 11 -13 -14 -15
leaf_value=0.088723939698838308 0.098452040046851721 0.080947680452099394 -0.07982021109959743 -0.074414448750923373 0.0054643270210795215 0.042171110903103187 -0.082953875116829057 0.10000526336943059 -0.12679399119730586 0.091447619870696051 0.11765905474321235 -0.094675554851049989 -0.032491598132943798 7.316212098242574e-05
leaf_weight=0.59042146848514576 0.45688430964946647 0.62697290192590927 1.8094845295418043 0.88188652694225345 1.8169255664106465 3.1995332730002692 0.43364173872396339 0.82066886452957977 1.5743758035823696 1.2569495290517805 0.84145721490494918 1.5689971089595929 0.97607416030950833 412.47395442833658
leaf_count=26 3 234 58 10 42 55 41 17 22 15 16 12 50 3743
internal_value=-1.56976e-05 -0.000120597 -0.000239285 -0.0267294 -0.00242792 0.000122038 0.0182426 0.0348801 -0.000198838 -0.0266862 -0.0566179 -0.0205524 -0.0907038 0.000199877
internal_weight=429.328 428.871 428.244 5.76261 3.95312 422.482 3.07124 2.63759 419.282 6.21785 4.9609 2.41045 2.55045 413.064
internal_count=4344 4341 4107 168 110 3939 100 59 3884 115 100 28 72 3769
is_linear=0
shrinkage=0.08


Tree=82
num_leaves=15
num_cat=0
split_feature=9 15 6 5 0 6 6 14 7 9 1 11 10 13
split_gain=0.593043 0.584721 0.589565 1.58313 0.745649 0.713638 1.48069 1.90655 1.92531 1.28848 1.74614 1.76336 1.04645 1.5686
threshold=0.7250000000000002 1.0000000180025095e-35 1.4166500000000002 1.5000000000000002 1.5000000000000002 0.90000000000000013 0.36665000000000009 1.0000000180025095e-35 0.70835000000000015 1.0000000180025095e-35 9.5000000000000018 1.0000000180025095e-35 1.0000000180025095e-35 1.0000000180025095e-35
decision_type=2 2 2 2 2 2 2 2 2 2 2 2 2 2
left_child=1 2 3 5 -4 6 -1 8 -8 -7 -11 -12 -9 -14
right_child=-2 -3 4 -5 -6 9 7 12 -10 10 11 -13 13 -15
leaf_value=0.00022812091402282995 0.080876632821009362 -0.081353033387583706 -0.022137158601105093 -0.093713032279576031 0.091558798833555846 0.080805667588169525 0.033927193094915979 -0.081597138906633088 -0.10486367818861324 -0.11722616563747304 0.001217885200385492 0.086950385562300267 0.03486488870950985 -0.067961738179590975
leaf_weight=401.81322521937545 0.57925676734885101 0.56641712156124313 0.59125046641565748 1.1554453088901926 0.98283691820688546 1.8243472401518364 0.81239289219956878 0.93127213092520822 3.0087798549793643 0.66685349005274375 8.7714168106904218 1.861239678575658 3.9958166778087616 1.245390086318366
leaf_count=2917 234 150 41 13 59 257 13 72 175 23 208 153 21 8
internal_value=-1.50459e-05 -0.000124467 -1.68834e-05 -0.000197423 0.0488529 5.68591e-05 -0.000528407 -0.030946 -0.0753563 0.0184216 0.00834951 0.0162253 -0.00345312 0.0104317
internal_weight=428.806 428.227 427.66 426.086 1.57409 424.931 411.807 9.99365 3.82117 13.1239 11.2995 10.6327 6.17248 5.24121
internal_count=4344 4110 3960 3860 100 3847 3206 289 188 641 384 361 101 29
is_linear=0
shrinkage=0.08


Tree=83
num_leaves=15
num_cat=0
split_feature=8 0 0 5 1 1 1 13 0 1 8 14 0 4
split_gain=0.55299 3.13087 0.619961 1.30415 1.50262 1.16293 1.24007 0.994865 0.70163 0.591558 3.08979 0.889327 3.48908 0.692352
threshold=1.5000000000000002 3.5000000000000004 3.5000000000000004 1.0000000180025095e-35 28.500000000000004 21.500000000000004 20.500000000000004 1.0000000180025095e-35 2.5000000000000004 18.500000000000004 1.0000000180025095e-35 1.0000000180025095e-35 2.5000000000000004 1.0000000180025095e-35
decision_type=2 2 2 2 2 2 2 2 2 2 2 2 2 2
left_child=2 -2 5 4 -4 6 9 8 -7 -1 11 13 -13 -11
right_child=1 -3 3 -5 -6 7 -8 -9 -10 10 -12 12 -14 -15
leaf_value=-8.817204495261251e-05 0.08176132485795197 -0.076842537808527484 0.10563290336522363 -0.076634066074223503 -0.07663776252951579 -0.07039216622290724 0.051348178917918486 -0.0923347535839978 0.015207570587987683 -0.12189437558844542 0.090516437252721238 -0.088639175732930578 0.12008222527209204 -0.032175193132130554
leaf_weight=408.79137611098122 2.4866352025419465 1.1719868928194048 1.5163079164922231 0.48262693575816218 0.35776221984997381 0.91127991722896617 2.9792653535841955 1.5786349329864604 1.8712472534389235 1.5072498037479811 1.1715252734720705 1.5457480583572762 0.76687225594650943 0.8671826806385069
leaf_count=3733 120 6 31 25 20 32 72 62 80 21 15 23 7 97
internal_value=-1.40356e-05 0.0309549 -0.000281042 0.0406366 0.0708372 -0.000509556 -8.03942e-05 -0.0416065 -0.0128264 -0.000449909 -0.0256907 -0.0547366 -0.0194265 -0.0891274
internal_weight=428.006 3.65862 424.347 2.3567 1.87407 421.99 417.629 4.36116 2.78253 414.65 5.85858 4.68705 2.31262 2.37443
internal_count=4344 126 4218 76 51 4142 3968 174 112 3896 163 148 30 118
is_linear=0
shrinkage=0.08


Tree=84
num_leaves=15
num_cat=0
split_feature=8 9 15 6 5 0 6 5 8 9 1 11 1 1
split_gain=0.677891 0.547104 0.537349 0.528134 1.43119 0.692614 0.633667 1.29327 1.9672 1.21428 1.5655 1.65426 0.86668 2.93613
threshold=2.5000000000000004 0.7250000000000002 1.0000000180025095e-35 1.4166500000000002 1.5000000000000002 1.5000000000000002 0.90000000000000013 1.0000000180025095e-35 1.0000000180025095e-35 1.0000000180025095e-35 9.5000000000000018 1.0000000180025095e-35 7.5000000000000009 10.500000000000002
decision_type=2 2 2 2 2 2 2 2 2 2 2 2 2 2
left_child=1 2 3 4 6 -5 7 -1 12 -8 -11 -12 -9 -14
right_child=-2 -3 -4 5 -6 -7 9 8 -10 10 11 -13 13 -15
leaf_value=-0.00013391458565079658 0.09805346502105293 0.080815288061488022 -0.081278861344335165 -0.02041913884387116 -0.09253707383858302 0.09077204599245231 0.080743420286078588 -0.14166763830016163 0.10265772620525669 -0.1148216805417723 0.0010837454273083765 0.086496253297864104 0.081458718317459114 -0.09309357275321499
leaf_weight=406.09123309445567 0.45065675675868888 0.53391806985018675 0.52272500412072886 0.58958689868450054 1.0735691939480592 0.91488813061732799 1.6854775873944152 0.73744095861911718 0.51599358022212971 0.62791941314935584 8.7718799220165202 1.7389414209173999 0.85019674757495556 2.2460550079122186
leaf_count=3100 3 234 150 41 13 59 257 3 3 23 208 153 18 79
internal_value=-1.23918e-05 -0.000115915 -0.000217261 -0.000117758 -0.000285512 0.0471975 -5.15252e-05 -0.000598672 -0.043989 0.01746 0.00788416 0.0152146 -0.0637268 -0.0451634
internal_weight=427.35 426.9 426.366 425.843 424.339 1.50448 423.265 410.441 4.34969 12.8242 11.1387 10.5108 3.83369 3.09625
internal_count=4344 4341 4107 3957 3857 100 3844 3203 103 641 384 361 100 97
is_linear=0
shrinkage=0.08


Tree=85
num_leaves=15
num_cat=0
split_feature=1 9 13 1 9 0 9 8 14 13 14 1 13 13
split_gain=0.550233 3.05186 2.0846 1.10976 4.53268 3.12931 2.95719 2.78394 2.85916 3.31741 2.51285 2.90393 5.32206 4.57404
threshold=5.5000000000000009 1.0000000180025095e-35 1.0000000180025095e-35 7.5000000000000009 1.0000000180025095e-35 1.5000000000000002 1.0000000180025095e-35 1.0000000180025095e-35 1.0000000180025095e-35 1.0000000180025095e-35 1.0000000180025095e-35 8.5000000000000018 1.0000000180025095e-35 1.0000000180025095e-35
decision_type=2 2 2 2 2 2 2 2 2 2 2 2 2 2
left_child=1 2 -1 4 -2 6 10 -6 -9 -10 -5 12 -12 -13
right_child=3 -3 -4 5 7 -7 -8 8 9 -11 11 13 -14 -15
leaf_value=0.0037653710273683363 0.01717450765296059 -0.10793920791845871 -0.03754913116714817 -0.029165627035418348 -0.096387023354289725 0.0032773483910365324 -0.085299062105193113 0.095210530627349271 -0.084706775680632923 0.11734532198202785 -0.0060690768386962145 0.010348919227375478 0.088838356037479888 -0.078499065871753357
leaf_weight=41.790842818561941 64.144071875605732 1.8724258219590399 9.6144522470422071 29.647468359675258 3.7717493511154299 234.43734181346372 3.7602791835088274 1.3304659011773763 2.5871028942056005 0.65090239048004139 11.142626377521085 10.407706474186854 5.7240138757042578 5.7611432925332329
leaf_count=247 385 149 60 172 319 2506 296 12 21 3 52 57 31 34
internal_value=-1.05744e-05 -0.00761603 -0.00396178 0.00107469 0.00996084 -0.00106604 -0.0163912 -0.045519 -0.00352206 -0.0440904 -0.0122575 0.00291658 0.0261396 -0.0213086
internal_weight=426.643 53.2777 51.4053 373.365 72.4843 300.881 66.4432 8.34022 4.56847 3.23801 62.683 33.0355 16.8666 16.1688
internal_count=4344 456 307 3888 740 3148 642 355 36 24 346 174 83 91
is_linear=0
shrinkage=0.08


Tree=86
num_leaves=15
num_cat=0
split_feature=9 6 5 0 9 6 11 1 9 1 11 1 14 1
split_gain=0.501688 0.497406 1.32612 0.605115 0.609113 0.547695 1.27887 1.32427 1.14503 1.37446 1.54292 0.845835 0.922181 0.804542
threshold=0.7250000000000002 1.4166500000000002 1.5000000000000002 1.5000000000000002 1.0000000180025095e-35 0.90000000000000013 1.0000000180025095e-35 15.500000000000002 1.0000000180025095e-35 9.5000000000000018 1.0000000180025095e-35 15.500000000000002 1.0000000180025095e-35 16.500000000000004
decision_type=2 2 2 2 2 2 2 2 2 2 2 2 2 2
left_child=1 2 5 4 -3 6 7 -1 -7 -10 11 12 -11 -9
right_child=-2 3 -4 -5 -6 8 -8 13 9 10 -12 -13 -14 -15
leaf_value=-0.079934498509256796 0.080751550012284207 0.080880910818042745 -0.091181190860752576 0.090006063455725538 -0.086214939554457456 0.080688951579256069 0.00011671930318739605 0.0095168930483082777 -0.11307243366460604 -0.019015944582882967 0.085997829457551675 0.056729910568944483 0.081988250002756655 -0.04990073436748025
leaf_weight=2.4983859286876378 0.49164348759222676 0.23995848349295557 1.0243473476730276 0.84897753305267543 0.33389767818152793 1.5549144921824325 400.70490368816536 4.1680435920134187 0.57497879187576373 6.6823979209875652 1.6092711952514953 1.4438460333039982 0.63334975112229575 2.2435199259780347
leaf_count=929 234 34 17 59 8 257 2073 65 26 86 153 55 67 281
internal_value=-1.47778e-05 -0.000108306 -0.000267091 0.0471132 -0.0163437 -4.64693e-05 -0.000549843 -0.030527 0.0164503 0.0073232 0.0139994 0.000772226 -0.0102717 -0.0112744
internal_weight=425.052 424.561 423.138 1.42283 0.573856 422.114 409.615 8.90995 12.4988 10.9438 10.3689 8.75959 7.31575 6.41156
internal_count=4344 4110 4009 101 42 3992 3348 1275 644 387 361 208 153 346
is_linear=0
shrinkage=0.08


Tree=87
num_leaves=15
num_cat=0
split_feature=7 10 1 0 1 13 1 12 12 11 1 8 0 0
split_gain=0.529575 0.607696 0.53025 0.957006 0.827049 0.729139 0.530379 0.827045 0.518668 0.483967 0.610633 0.464095 2.92912 0.717191
threshold=0.70835000000000015 0.67500000000000016 21.500000000000004 2.5000000000000004 22.500000000000004 1.0000000180025095e-35 20.500000000000004 1.5000000000000002 1.5000000000000002 1.0000000180025095e-35 19.500000000000004 1.5000000000000002 3.5000000000000004 3.5000000000000004
decision_type=2 2 2 2 2 2 2 2 2 2 2 2 2 2
left_child=1 -1 6 -4 -5 -6 11 -8 -7 10 -3 13 -13 -2
right_child=2 9 3 4 5 8 7 -9 -10 -11 -12 12 -14 -15
leaf_value=0.091099295707185682 -0.00049375187509640762 0.090997573723779299 -0.077993004790520196 -0.090653825070619407 -0.0085144814423687692 -0.081663332268870265 -0.082937474966790034 0.049816329264466365 0.11206141400599474 0.084603405852808566 -0.10290073793755868 0.081617867450873571 -0.073978331284919319 0.085947856733275985
leaf_weight=0.87162789527792373 410.67924266745104 0.14289227162953466 1.5631654475582752 0.56609128875425119 2.1106340329861273 0.10312571143731464 0.34030606364831273 2.5574569194577634 0.62154526641825214 0.25337104208301753 0.38138816691935062 2.2919948743656269 1.1693738400936129 0.61520441039465268
leaf_count=17 3860 11 58 27 93 21 28 44 11 23 8 120 6 17
internal_value=-1.30505e-05 0.0452309 -0.000189616 -0.0261807 -0.00236951 0.0152572 0.000119334 0.0342261 0.084493 -0.00618043 -0.0500539 -0.000118959 0.0290519 -0.000364455
internal_weight=424.267 1.64928 422.618 4.96456 3.4014 2.83531 417.654 2.89776 0.724671 0.777651 0.52428 414.756 3.46137 411.294
internal_count=4344 59 4285 210 152 125 4075 72 32 42 19 4003 126 3877
is_linear=0
shrinkage=0.08


Tree=88
num_leaves=15
num_cat=0
split_feature=8 7 10 15 1 0 0 1 8 1 1 1 13 14
split_gain=0.659492 0.483862 0.557052 0.467126 0.463424 0.874178 0.78189 2.65738 2.19353 0.731266 0.691532 0.685353 0.655376 0.469216
threshold=2.5000000000000004 0.70835000000000015 0.67500000000000016 1.0000000180025095e-35 21.500000000000004 2.5000000000000004 3.5000000000000004 15.500000000000002 1.5000000000000002 22.500000000000004 20.500000000000004 19.500000000000004 1.0000000180025095e-35 1.0000000180025095e-35
decision_type=2 2 2 2 2 2 2 2 2 2 2 2 2 2
left_child=1 2 -1 4 6 -6 8 -8 10 -7 13 -9 -11 -3
right_child=-2 3 -4 -5 5 9 7 11 -10 12 -12 -13 -14 -15
leaf_value=0.090196936259983054 0.097564300168768534 -0.00339290469889946 -0.0059871928378091403 -0.081174987405764454 -0.076099678103857302 -0.087114421262193403 -0.16371801447744808 0.10120482011892866 0.081491152715515297 -0.0077852725020230978 0.04044234529190837 -0.068885083250903478 0.082251947261104144 0.0020496450536344924
leaf_weight=0.81233523169066646 0.44285358488559623 182.98646338004619 0.73316802160115913 0.45631071011302893 1.4774390562670294 0.54292999551398713 0.7496131807565678 0.51250596332829446 2.1189343677833667 2.1032449997146618 2.6734230488655149 0.21530702064046636 0.6862079799757338 227.31955174077302
leaf_count=17 3 2159 42 150 58 27 3 7 120 91 61 16 32 1558
internal_value=-1.048e-05 -0.000112541 0.0445684 -0.000276238 -0.000188635 -0.0248787 9.64389e-05 -0.0579985 0.000303212 -0.00216945 -0.000113351 0.0508876 0.014364 -0.000377599
internal_weight=423.83 423.387 1.5455 421.842 421.386 4.80982 416.576 1.47743 415.098 3.33238 412.979 0.727813 2.78945 410.306
internal_count=4344 4341 59 4282 4132 208 3924 26 3898 150 3778 23 123 3717
is_linear=0
shrinkage=0.08


Tree=89
num_leaves=15
num_cat=0
split_feature=9 1 9 13 1 9 8 0 9 14 14 1 13 13
split_gain=0.465606 0.451854 2.76369 1.79013 0.996273 3.82742 2.63914 2.5694 2.74606 2.5168 2.11749 2.45749 4.63606 3.96472
threshold=0.7250000000000002 5.5000000000000009 1.0000000180025095e-35 1.0000000180025095e-35 7.5000000000000009 1.0000000180025095e-35 1.0000000180025095e-35 1.5000000000000002 1.0000000180025095e-35 1.0000000180025095e-35 1.0000000180025095e-35 8.5000000000000018 1.0000000180025095e-35 1.0000000180025095e-35
decision_type=2 2 2 2 2 2 2 2 2 2 2 2 2 2
left_child=1 2 3 -1 5 -3 -7 8 10 -8 -6 12 -12 -13
right_child=-2 4 -4 -5 7 6 9 -9 -10 -11 11 13 -14 -15
leaf_value=0.003457747554947232 0.080702597696712036 0.015867745400697061 -0.10688889141896177 -0.035085814056864228 -0.026919386708799925 -0.095783532007450406 0.09356735430903633 0.0027938884888113421 -0.084901017520395458 -0.039441753624376887 -0.0057245582711353514 0.0093598440486795144 0.083513050286482426 -0.074328929423375337
leaf_weight=41.740286341169849 0.45694583927979593 63.976954394951463 1.7155760175082821 9.4596122265793365 29.302654047496617 3.4351085650851001 1.2538856682367621 232.5168505939655 3.4234586087986818 3.3243346796371043 11.14649645984173 10.411067355191333 5.5967165727633974 5.5565056644845745
leaf_count=247 234 385 149 60 172 319 12 2272 296 24 52 57 31 34
internal_value=-8.34658e-06 -9.55636e-05 -0.00701018 -0.0036635 0.000893478 0.00933943 -0.0427814 -0.0011472 -0.015151 -0.00301314 -0.0113005 0.00269107 0.0241047 -0.0197627
internal_weight=423.316 422.86 52.9155 51.1999 369.944 71.9903 8.01333 297.954 65.4369 4.57822 62.0134 32.7108 16.7432 15.9676
internal_count=4344 4110 456 307 3654 740 355 2914 642 36 346 174 83 91
is_linear=0
shrinkage=0.08


Tree=90
num_leaves=15
num_cat=0
split_feature=6 5 6 10 1 10 11 1 13 1 1 1 1 11
split_gain=0.487599 0.977252 0.497717 1.11813 1.27408 2.13455 0.968847 1.25781 0.88584 1.33074 1.18217 0.815025 0.708726 1.15892
threshold=1.4166500000000002 1.5000000000000002 0.90000000000000013 0.67500000000000016 13.500000000000002 1.0000000180025095e-35 1.0000000180025095e-35 15.500000000000002 1.0000000180025095e-35 17.500000000000004 15.500000000000002 13.500000000000002 9.5000000000000018 1.0000000180025095e-35
decision_type=2 2 2 2 2 2 2 2 2 2 2 2 2 2
left_child=1 2 6 4 5 12 7 -1 9 11 -10 -5 -4 -14
right_child=-2 -3 3 8 -6 -7 -8 -9 10 -11 -12 -13 13 -15
leaf_value=-0.079086220631935863 0.049178484765743831 -0.077637798371130162 -0.1152779672503684 0.12994176548825903 0.086538547382208897 0.082512184963493246 0.00012482754655292362 -0.0090025431941877319 -0.068832414275467657 -0.14782631940912325 0.11274919504529188 0.014285774022505063 -0.041854968739224098 0.090424361946797718
leaf_weight=2.2080358545063046 1.2857034316402849 1.0394252361147653 0.50575489480979596 0.47519543534144837 2.2532024369575083 1.7626338568516073 398.72866666410118 6.358801870374009 2.0670670180115853 0.28180233848979686 0.2581195473903789 2.1739080329425633 1.8142893239855769 0.55311467126011837
leaf_count=933 101 35 23 77 58 264 2189 428 49 27 28 105 19 8
internal_value=-1.27969e-05 -0.000163209 2.87822e-05 0.0159876 0.0371902 0.0132047 -0.000447091 -0.0270661 -0.011802 0.0174505 -0.048675 0.0350321 -0.0293142 -0.0109495
internal_weight=421.766 420.48 419.441 12.1451 6.889 4.63579 407.296 8.56684 5.25609 2.93091 2.32519 2.6491 2.87316 2.3674
internal_count=4344 4243 4208 658 372 314 3550 1361 286 209 77 182 50 27
is_linear=0
shrinkage=0.08


Tree=91
num_leaves=15
num_cat=0
split_feature=1 9 8 14 1 0 13 1 14 1 14 1 13 13
split_gain=0.442013 2.84526 4.95366 4.06422 4.62448 2.5374 2.30591 2.8123 3.89984 1.75845 2.61351 2.25532 4.04678 2.04749
threshold=9.5000000000000018 1.0000000180025095e-35 1.0000000180025095e-35 1.0000000180025095e-35 7.5000000000000009 1.5000000000000002 1.0000000180025095e-35 8.5000000000000018 1.0000000180025095e-35 7.5000000000000009 1.0000000180025095e-35 8.5000000000000018 1.0000000180025095e-35 1.0000000180025095e-35
decision_type=2 2 2 2 2 2 2 2 2 2 2 2 2 2
left_child=1 9 3 -3 -5 -6 7 8 -4 -1 -11 12 -12 -13
right_child=-2 2 6 4 5 -7 -8 -9 -10 10 11 13 -14 -15
leaf_value=0.0065519900426448986 0.0023318503542395486 -0.090405663216714602 0.094997067522499062 -0.1196123848202658 -0.086724516880609268 0.059096130544599917 -0.054571974940280703 0.098051265603035134 -0.033905286013948335 -0.034130840466741516 -0.0052821782903489933 -0.011529479592967884 0.078759780615077823 -0.11843450354397267
leaf_weight=114.83825978985988 231.79149544850225 9.2015755930333381 2.1022326964884979 1.7662540836026899 0.94424340361729253 3.9945542853092775 2.707655757665635 2.7224260400980711 5.2620247579179704 19.549800442531705 11.151764541631566 8.2660992410965264 5.4633119197096667 1.3312354423105723
leaf_count=692 2602 513 18 122 46 37 12 21 36 111 52 43 31 8
internal_value=-1.04713e-05 -0.00287854 -0.0260791 -0.0558866 -0.00851481 0.0312168 0.0109791 0.0285756 0.00289174 0.00126764 -0.0119932 0.00451754 0.0223522 -0.0263582
internal_weight=421.093 189.301 28.701 15.9066 6.70505 4.9388 12.7943 10.0867 7.36426 160.6 45.7622 26.2124 16.6151 9.59733
internal_count=4344 1742 805 718 205 83 87 75 54 937 245 134 83 51
is_linear=0
shrinkage=0.08


Tree=92
num_leaves=15
num_cat=0
split_feature=6 5 0 9 1 9 13 1 9 8 0 9 14 14
split_gain=0.440764 0.875163 0.49837 0.525668 0.465007 2.22175 1.5616 0.804307 2.72524 2.30296 1.98814 2.33926 1.95167 1.5746
threshold=1.4166500000000002 1.5000000000000002 1.5000000000000002 1.0000000180025095e-35 5.5000000000000009 1.0000000180025095e-35 1.0000000180025095e-35 7.5000000000000009 1.0000000180025095e-35 1.0000000180025095e-35 1.5000000000000002 1.0000000180025095e-35 1.0000000180025095e-35 1.0000000180025095e-35
decision_type=2 2 2 2 2 2 2 2 2 2 2 2 2 2
left_child=1 4 3 -2 5 6 -1 8 -6 -10 11 13 -11 -9
right_child=2 -3 -4 -5 7 -7 -8 10 9 12 -12 -13 -14 -15
leaf_value=0.0024159216216952605 0.080791978346370211 -0.075225338493296767 0.088907559190549088 -0.085460999565426368 0.013996081671442267 -0.10354593134941847 -0.033842747736588658 -0.023589775116377342 -0.094460043576949787 0.090309400170960397 0.0026555413405197031 -0.084151183769213503 -0.03192645118449302 0.0021529117592765596
leaf_weight=41.594533833907917 0.21242019068449736 0.99145385710289602 0.745974502468016 0.28505427017807849 63.724804856348783 1.4830089546740044 9.3020483949221653 28.781998472288251 2.8042104652267872 1.1034067324362693 230.23996145062847 2.8490912936395025 3.4490387071855366 32.242130305385217
leaf_count=230 34 35 59 8 374 149 57 170 314 12 2412 293 24 173
internal_value=-1.11504e-05 -0.000152436 0.0475481 -0.0144714 2.58105e-05 -0.00702329 -0.00421085 0.00103686 0.00867377 -0.0374292 -0.000808835 -0.0132967 -0.00229933 -0.00998861
internal_weight=419.809 418.566 1.24345 0.497474 417.574 52.3796 50.8966 365.195 71.0815 7.35666 294.113 63.8732 4.55245 61.0241
internal_count=4344 4243 101 42 4208 436 287 3772 724 350 3048 636 36 343
is_linear=0
shrinkage=0.08


Tree=93
num_leaves=15
num_cat=0
split_feature=1 1 12 1 13 1 0 1 8 0 14 5 4 6
split_gain=0.42709 0.415682 0.901655 0.539748 0.88621 0.541118 0.501637 0.485002 2.67292 0.75956 2.93489 1.05648 0.607996 0.476325
threshold=25.500000000000004 24.500000000000004 1.5000000000000002 21.500000000000004 1.0000000180025095e-35 20.500000000000004 2.5000000000000004 18.500000000000004 1.0000000180025095e-35 2.5000000000000004 1.0000000180025095e-35 1.0000000180025095e-35 1.0000000180025095e-35 0.58335000000000015
decision_type=2 2 2 2 2 2 2 2 2 2 2 2 2 2
left_child=1 3 -3 5 6 7 -5 -1 9 11 12 -9 -11 -14
right_child=-2 2 -4 4 -6 -7 -8 8 -10 10 -12 -13 13 -15
leaf_value=0.00030565501212678384 -0.073358044375395379 -0.08343565698016292 0.10373464178638923 -0.063601602685555772 -0.089125027835739681 0.033680564349755658 0.017015455789275234 -0.09868399710684557 0.089599153233005033 -0.13414554923744976 0.11241956479830358 0.087271661225575378 0.08662698424865925 -0.066552222089588359
leaf_weight=404.79145139289903 0.50751701823901285 0.22178972465917368 0.64015252591343597 0.6710123114753509 1.1404221336124467 3.0722777954069889 1.8724545173463409 2.1423563808202739 1.084117569029331 0.72968376008793734 0.74784740584436793 0.2151739690452813 0.16963643813505769 0.55495662795146927
leaf_count=3866 65 15 12 20 51 82 59 53 15 5 8 22 10 61
internal_value=-1.46582e-05 7.43808e-05 0.0555731 -4.02829e-05 -0.0305267 0.000231317 -0.00425277 -1.90646e-05 -0.0233091 -0.0501545 -0.0163704 -0.0817117 -0.0825994 -0.030691
internal_weight=418.561 418.053 0.861942 417.191 3.68389 413.508 2.54347 410.435 5.64377 4.55965 2.20212 2.35753 1.45428 0.724593
internal_count=4344 4279 27 4252 130 4122 79 4040 174 159 84 75 76 71
is_linear=0
shrinkage=0.08


Tree=94
num_leaves=15
num_cat=0
split_feature=9 1 8 1 14 12 1 8 0 1 0 1 0 6
split_gain=0.446009 0.455054 3.58695 1.75989 5.7662 1.5804 1.00636 4.09539 3.12246 3.14884 2.99057 3.98598 2.7726 1.89447
threshold=0.7250000000000002 15.500000000000002 1.0000000180025095e-35 17.500000000000004 1.0000000180025095e-35 2.5000000000000004 11.500000000000002 1.0000000180025095e-35 2.5000000000000004 14.500000000000002 1.5000000000000002 14.500000000000002 2.5000000000000004 0.36665000000000009
decision_type=2 2 2 2 2 2 2 2 2 2 2 2 2 2
left_child=1 6 5 -4 -5 -3 -1 8 10 -10 11 -8 -9 -12
right_child=-2 2 3 4 -6 -7 7 12 9 -11 13 -13 -14 -15
leaf_value=-0.0017841100536840279 0.080758929649785996 -0.014532451914693229 0.08972841666471372 0.088777529092628205 -0.14945494290482988 0.095206480351474151 -0.099652588456907165 -0.078251383676840688 -0.14582533974891787 0.052002681202757924 0.022301863867848676 0.070048573072804071 0.0040849168185584615 -0.01382491711338033
leaf_weight=248.77888906528824 0.43704892741516133 54.981355636497028 3.4145148578099898 1.838803444057703 1.005951639264822 0.85292700387071718 3.0448005039943373 5.6186124247033131 1.5307207482401275 0.77598104742355634 79.135162440594286 1.2492667092010377 4.9003886841237545 10.525488434184807
leaf_count=2298 234 647 39 24 12 68 38 36 16 11 466 8 108 339
internal_value=-1.47352e-05 -9.926e-05 -0.00641823 0.051009 0.00453465 -0.0128561 0.00100426 0.00750066 0.0126797 -0.0792754 0.0149374 -0.0502817 -0.0398941 0.0180609
internal_weight=418.09 417.653 62.0936 6.25927 2.84476 55.8343 355.559 106.78 96.2614 2.3067 93.9547 4.29407 10.519 89.6607
internal_count=4344 4110 790 75 36 715 3320 1022 878 27 851 46 144 805
is_linear=0
shrinkage=0.08


Tree=95
num_leaves=15
num_cat=0
split_feature=7 10 1 11 1 8 1 14 12 6 0 1 1 12
split_gain=0.428153 0.484471 0.413331 0.506964 0.410211 3.19518 1.66002 4.67856 1.25791 0.868335 1.04416 1.19618 2.52511 1.02613
threshold=0.70835000000000015 0.67500000000000016 19.500000000000004 1.0000000180025095e-35 15.500000000000002 1.0000000180025095e-35 17.500000000000004 1.0000000180025095e-35 2.5000000000000004 0.90000000000000013 2.5000000000000004 18.500000000000004 17.500000000000004 1.5000000000000002
decision_type=2 2 2 2 2 2 2 2 2 2 2 2 2 2
left_child=1 -1 -3 -4 -2 8 -7 -8 9 10 11 12 -6 -12
right_child=4 2 3 -5 5 6 7 -9 -10 -11 13 -13 -14 -15
leaf_value=0.08922787293215638 0.00088193204221685955 0.088249312754076714 -0.096348227731461539 0.083602727678556685 -0.024167823879900064 0.088691644375389983 0.088053998606472103 -0.121660341133479 0.095233428005076684 0.034236757730607921 -0.076322782466071187 -0.059465986753135913 0.044640272446104225 0.012645895901225713
leaf_weight=0.73108309239614644 354.8820741251111 0.21668511553434655 0.34777043340727687 0.14074551907833666 31.883435547468252 3.1873425948433569 1.7108083851635456 1.1308556869626045 0.68747769313631479 2.3182495284127063 0.90100857359356901 4.7672657093498847 3.8225836487254119 10.479092314810259
leaf_count=17 3327 21 8 13 208 39 24 12 155 85 125 128 43 139
internal_value=-8.29637e-06 0.0435951 -0.00371248 -0.0445029 -0.000158925 -0.00622549 0.0490552 0.00459704 -0.0123008 -0.0136655 -0.0158071 -0.0218268 -0.0168014 0.00560189
internal_weight=417.206 1.43628 0.705201 0.488516 415.77 60.8881 6.02901 2.84166 54.8591 54.1716 51.8534 40.4733 35.706 11.3801
internal_count=4344 59 42 21 4285 958 75 36 883 728 643 379 251 264
is_linear=0
shrinkage=0.08


Tree=96
num_leaves=15
num_cat=0
split_feature=6 5 6 10 1 10 6 12 1 1 13 1 4 1
split_gain=0.402402 0.819857 0.458082 1.03891 1.13175 1.87961 0.853972 1.52273 1.20965 1.76619 2.28268 1.90982 2.19885 1.39332
threshold=1.4166500000000002 1.5000000000000002 0.90000000000000013 0.67500000000000016 13.500000000000002 1.0000000180025095e-35 0.36665000000000009 2.5000000000000004 10.500000000000002 15.500000000000002 1.0000000180025095e-35 12.500000000000002 1.0000000180025095e-35 7.5000000000000009
decision_type=2 2 2 2 2 2 2 2 2 2 2 2 2 2
left_child=1 2 6 4 5 -4 -1 -8 13 10 11 -10 -13 -9
right_child=-2 -3 3 -5 -6 -7 7 8 9 -11 -12 12 -14 -15
leaf_value=0.00015338716552273018 0.047243412013100665 -0.074688274700985297 -0.025598135819007037 -0.011133682938177649 0.085971883172775918 0.082353650062161651 -0.065916919303899618 -0.014768063317150765 -0.12439808479489411 0.094875138396355752 -0.17381854333002664 -0.10194441376589719 0.10037355989881792 0.10973234461112935
leaf_weight=393.3132481254579 1.150489289604592 0.94188320823013683 2.7997242878191155 5.1573726715578232 2.0592397868167609 1.6351295873755587 3.5144422460289189 1.1807447075843813 0.68856999278068665 0.61929180056904432 0.75578056834638108 0.50676709413528409 1.0691002884996124 1.1219371408224104
leaf_count=3063 101 35 50 286 58 264 353 6 3 93 8 3 15 6
internal_value=-4.00111e-06 -0.000134869 3.45737e-05 0.0156725 0.036961 0.0142037 -0.000417805 -0.0241744 0.000513739 -0.0281969 -0.0534326 -0.0132525 0.0353122 0.0458923
internal_weight=416.514 415.363 414.421 11.6515 6.49409 4.43485 402.77 9.45663 5.94219 3.63951 3.02022 2.26444 1.57587 2.30268
internal_count=4344 4243 4208 658 372 314 3550 487 134 122 29 21 18 12
is_linear=0
shrinkage=0.08


Tree=97
num_leaves=15
num_cat=0
split_feature=7 10 1 11 1 9 13 1 9 8 14 0 9 14
split_gain=0.412554 0.447276 0.364637 0.431177 0.357399 2.03616 1.32325 0.703591 2.46127 2.21433 1.72265 1.58534 2.30941 1.37459
threshold=0.70835000000000015 0.67500000000000016 19.500000000000004 1.0000000180025095e-35 5.5000000000000009 1.0000000180025095e-35 1.0000000180025095e-35 7.5000000000000009 1.0000000180025095e-35 1.0000000180025095e-35 1.0000000180025095e-35 1.5000000000000002 1.0000000180025095e-35 1.0000000180025095e-35
decision_type=2 2 2 2 2 2 2 2 2 2 2 2 2 2
left_child=1 -1 -3 -4 5 6 -2 8 -6 -10 -11 12 13 -9
right_child=4 2 3 -5 7 -7 -8 11 9 10 -12 -13 -14 -15
leaf_value=0.08891054889839739 0.0023445826380082743 0.087492855929087204 -0.091508702476536016 0.083151325266311069 0.012936661731237404 -0.10200250429637484 -0.031175557285225121 -0.021722162076328138 -0.092897559646685474 0.0887557815122543 -0.02865635506287657 0.0021191145782762993 -0.083951045478329697 0.0024123343112810026
leaf_weight=0.69401447958079987 41.636401122668758 0.1963504611630924 0.32636115828063339 0.1251450294512324 63.631251495098695 1.3859592783555843 9.2031961642205697 28.505941604264081 2.7436400022415901 1.0360888321883974 3.5059519582428038 228.01894309988711 2.7453942347783586 32.12388370197732
leaf_count=17 247 21 8 13 385 149 60 172 319 12 24 2447 296 174
internal_value=-1.07855e-06 0.0442856 -0.00351875 -0.0430978 -0.000144436 -0.0063315 -0.00372337 0.000747402 0.0078936 -0.0361512 -0.00187337 -0.000991775 -0.0121845 -0.00893483
internal_weight=415.879 1.34187 0.647857 0.451506 414.537 52.2256 50.8396 362.311 70.9169 7.28568 4.54204 291.394 63.3752 60.6298
internal_count=4344 59 42 21 4285 456 307 3829 740 355 36 3089 642 346
is_linear=0
shrinkage=0.08


Tree=98
num_leaves=15
num_cat=0
split_feature=6 5 0 9 6 10 1 10 13 1 1 1 6 8
split_gain=0.378223 0.733512 0.43498 0.463877 0.400134 0.9394 1.06323 1.69899 0.772516 1.16963 0.981875 0.747229 0.732521 1.52281
threshold=1.4166500000000002 1.5000000000000002 1.5000000000000002 1.0000000180025095e-35 0.90000000000000013 0.67500000000000016 13.500000000000002 1.0000000180025095e-35 1.0000000180025095e-35 17.500000000000004 15.500000000000002 13.500000000000002 0.36665000000000009 1.0000000180025095e-35
decision_type=2 2 2 2 2 2 2 2 2 2 2 2 2 2
left_child=1 4 3 -2 12 6 7 -6 9 11 -10 -7 -1 -14
right_child=2 -3 -4 -5 5 8 -8 -9 10 -11 -12 -13 13 -15
leaf_value=0.00012860094355844306 0.080709441406767002 -0.072293935587392083 0.088054349353073921 -0.08485378881025557 -0.023099712494255239 0.12708153508274209 0.085488790061340761 0.082186406604214335 -0.063721858310427107 -0.13725238972954379 0.10853058182699292 0.014043229455835088 -0.031188971717099622 0.10579155322645428
leaf_weight=392.28681011986919 0.18840792658738792 0.89948632207233359 0.65838763589272276 0.25475084735080489 2.8022367011290026 0.45237759157316837 1.9074470412451772 1.5091878533130509 2.0139825975056742 0.28440745879197482 0.23667903465684492 2.1675959736458026 8.5316374716348911 0.55307847261428911
leaf_count=3063 34 35 59 8 50 77 58 264 49 27 28 105 484 3
internal_value=-4.78031e-06 -0.00012945 0.0468102 -0.014465 2.78166e-05 0.0148247 0.0357572 0.0137551 -0.0104276 0.0168343 -0.0456078 0.033561 -0.000391491 -0.0228496
internal_weight=414.746 413.645 1.10155 0.443159 412.745 11.3739 6.21887 4.31142 5.15504 2.90438 2.25066 2.61997 401.372 9.08472
internal_count=4344 4243 101 42 4208 658 372 314 286 209 77 182 3550 487
is_linear=0
shrinkage=0.08


Tree=99
num_leaves=15
num_cat=0
split_feature=7 10 1 8 1 14 12 1 8 0 1 0 1 0
split_gain=0.39134 0.402676 0.376431 2.82097 1.5689 3.89871 1.06818 0.822756 3.48034 3.20077 2.87023 2.54685 3.57802 2.29925
threshold=0.70835000000000015 0.67500000000000016 15.500000000000002 1.0000000180025095e-35 17.500000000000004 1.0000000180025095e-35 2.5000000000000004 11.500000000000002 1.0000000180025095e-35 2.5000000000000004 14.500000000000002 1.5000000000000002 14.500000000000002 2.5000000000000004
decision_type=2 2 2 2 2 2 2 2 2 2 2 2 2 2
left_child=1 -1 7 6 -5 -6 -4 -2 9 11 -11 12 -9 -10
right_child=2 -3 3 4 5 -7 -8 8 13 10 -12 -13 -14 -15
leaf_value=0.088405175434635858 -0.0016642748366751394 -0.0020867466903651123 -0.012861020050645442 0.087687460073711657 0.087376701981968063 -0.10203798657818229 0.093120957171826668 -0.097658794489112438 -0.071354257326655485 -0.15159488714268179 0.049476465580896738 0.016661756181918307 0.063783867212838422 0.0035139581673803138
leaf_weight=0.64887040836037957 247.39690155244898 0.61111727845855057 53.643140103929909 2.9681428377516559 1.5875371322035789 1.2376425191760063 0.61562703130766649 2.8410151001298791 5.6865082809235883 1.4056800122489215 0.67135791841428716 88.804509657958988 1.271941869985312 4.8766154162585735
leaf_count=17 2298 42 728 39 24 12 155 38 36 16 20 803 8 108
internal_value=-1.71213e-06 0.0445149 -0.000137522 -0.00599282 0.0470708 0.00439873 -0.0116585 0.000858706 0.00677185 0.0116158 -0.0866029 0.0138114 -0.0477323 -0.0367903
internal_weight=414.267 1.25999 413.007 60.0521 5.79332 2.82518 54.2588 352.955 105.558 94.9945 2.07704 92.9175 4.11296 10.5631
internal_count=4344 59 4285 958 75 36 883 3327 1029 885 36 849 46 144
is_linear=0
shrinkage=0.08


Tree=100
num_leaves=15
num_cat=0
split_feature=7 10 8 0 0 13 1 1 13 1 8 1 14 0
split_gain=0.345648 0.381366 0.344757 2.40705 0.34087 1.00778 0.643088 0.631376 0.617918 0.419483 2.67828 1.47935 3.2982 1.22213
threshold=0.70835000000000015 0.67500000000000016 1.5000000000000002 3.5000000000000004 3.5000000000000004 1.0000000180025095e-35 21.500000000000004 20.500000000000004 1.0000000180025095e-35 15.500000000000002 1.0000000180025095e-35 17.500000000000004 1.0000000180025095e-35 2.5000000000000004
decision_type=2 2 2 2 2 2 2 2 2 2 2 2 2 2
left_child=1 -1 4 -4 6 -6 7 9 -8 13 -11 -12 -13 -2
right_child=2 -3 3 -5 5 -7 8 -9 -10 10 11 12 -14 -15
leaf_value=0.087733224980831789 0.0011341458023313444 -0.0019190770917362206 0.081350532536035469 -0.064597297020683758 -0.064530005098105622 0.074481540793778514 -0.012788236794169325 0.039108139810866811 -0.087271719202365469 -0.013417751780855984 0.086756499468534157 0.086775412728388068 -0.0868196413169815 -0.038614342548523736
leaf_weight=0.60338367626536527 344.37407709250692 0.61134029575623572 1.9252532115206114 1.1583500504493713 0.46233440039213625 1.2002589500916656 2.3733490748563772 2.6008648960269047 1.018851675296901 46.495235677808523 2.7681521843187502 1.4752224795520306 1.3337336853146553 5.0227887628716408
leaf_count=17 3140 42 120 6 46 24 108 62 59 584 39 24 12 61
internal_value=1.68985e-06 0.0426135 -0.000123881 0.0265255 -0.00032474 0.0358252 -0.000472244 -0.000181043 -0.0351594 -0.000435572 -0.00713407 0.0452518 0.00434993 0.000562738
internal_weight=413.423 1.21472 412.208 3.0836 409.125 1.66259 407.462 404.07 3.3922 401.469 52.0723 5.57711 2.80896 349.397
internal_count=4344 59 4285 126 4159 70 4089 3922 167 3860 659 75 36 3201
is_linear=0
shrinkage=0.08


Tree=101
num_leaves=15
num_cat=0
split_feature=8 1 1 14 1 9 1 9 8 13 14 0 9 14
split_gain=0.625818 0.344344 0.552215 5.66528 1.56469 1.09095 0.580711 2.15727 2.01275 1.77892 2.49835 1.3061 2.14525 1.20386
threshold=2.5000000000000004 3.5000000000000004 4.5000000000000009 1.0000000180025095e-35 5.5000000000000009 1.0000000180025095e-35 7.5000000000000009 1.0000000180025095e-35 1.0000000180025095e-35 1.0000000180025095e-35 1.0000000180025095e-35 1.5000000000000002 1.0000000180025095e-35 1.0000000180025095e-35
decision_type=2 2 2 2 2 2 2 2 2 2 2 2 2 2
left_child=1 -1 3 -3 5 -4 7 -6 -9 10 -10 12 13 -8
right_child=-2 2 4 -5 6 -7 11 8 9 -11 -12 -13 -14 -15
leaf_value=-0.016352861731871865 0.096673286301594552 0.090229553377621952 -0.018017647241097303 -0.0079936825315193721 0.011908093035437543 -0.11044784303744087 -0.020087247240033631 -0.09181745421660116 0.087250205184549692 0.11872579543545386 -0.061154963356640661 0.0019798817809103522 -0.083567991684738149 0.0025763706743511723
leaf_weight=8.1717222000006569 0.42817313969135185 4.7362478121649501 20.008339324384 18.197844369104132 63.495173345785588 0.85205671217408863 28.221129357814789 2.5339483155403277 0.97262112703174386 0.65935823321342457 2.8631359641440213 227.23902079192339 2.5070402998244381 32.019398718723096
leaf_count=50 3 86 154 100 385 66 172 319 12 3 21 2503 296 174
internal_value=6.13864e-06 -9.4207e-05 0.000234409 0.0122909 -0.000490621 -0.021793 0.000742009 0.00725275 -0.0348 -0.00265861 -0.0235243 -0.000841394 -0.0110586 -0.00804095
internal_weight=412.905 412.477 404.305 22.9341 381.371 20.8604 360.511 70.5242 7.02906 4.49512 3.83576 289.987 62.7476 60.2405
internal_count=4344 4341 4291 186 4105 220 3885 740 355 36 33 3145 642 346
is_linear=0
shrinkage=0.08


Tree=102
num_leaves=15
num_cat=0
split_feature=6 5 0 9 1 1 13 8 10 9 4 10 9 0
split_gain=0.365001 0.649121 0.357609 0.411515 0.332938 2.22976 8.04577 4.29271 1.83725 2.5444 0.829639 1.0957 0.854685 2.39393
threshold=1.4166500000000002 1.5000000000000002 1.5000000000000002 1.0000000180025095e-35 9.5000000000000018 8.5000000000000018 1.0000000180025095e-35 1.0000000180025095e-35 1.0000000180025095e-35 1.0000000180025095e-35 1.0000000180025095e-35 1.0000000180025095e-35 1.0000000180025095e-35 1.5000000000000002
decision_type=2 2 2 2 2 2 2 2 2 2 2 2 2 2
left_child=1 4 3 -2 5 10 7 8 9 -7 12 -12 -1 -14
right_child=2 -3 -4 -5 -6 6 -8 -9 -10 -11 11 -13 13 -15
leaf_value=0.0022680053771985554 0.08066174820181074 -0.069706501045175881 0.087366753583674323 -0.08412497361048546 0.0020994293019543785 -0.011751689537029824 -0.1114872280971857 0.096335265495688993 0.11108365021938013 -0.13210681642905805 -0.092200130800132285 0.086172350907249881 -0.082280104004637422 -0.0030550493718172816
leaf_weight=143.33431759569794 0.17464370222296566 0.8559913681820025 0.5991327186638955 0.218125035520642 224.99056900051073 13.101584181189539 5.3736380650661877 2.5503624686971298 0.69528117240406651 1.2296961777610711 0.26257462651119445 1.3722574189305305 2.9438681998872207 14.289621532079764
leaf_count=603 34 35 59 8 2507 57 68 21 23 49 14 221 548 97
internal_value=3.46457e-06 -0.000113514 0.0484742 -0.0108529 3.17302e-05 -0.00248085 -0.0258201 0.000370214 -0.0159173 -0.0220788 0.000821485 0.0575235 0.000244169 -0.0165885
internal_weight=411.992 411 0.991901 0.392769 410.144 185.153 22.9506 17.5769 15.0266 14.3313 162.203 1.63483 160.568 17.2335
internal_count=4344 4243 101 42 4208 1701 218 150 129 106 1483 235 1248 645
is_linear=0
shrinkage=0.08


Tree=103
num_leaves=15
num_cat=0
split_feature=6 5 0 9 1 9 13 14 1 1 1 9 8 13
split_gain=0.335279 0.575347 0.327613 0.378908 0.31097 1.67639 1.07326 0.587918 2.84299 2.76013 0.470601 1.63372 1.8244 1.56008
threshold=1.4166500000000002 1.5000000000000002 1.5000000000000002 1.0000000180025095e-35 5.5000000000000009 1.0000000180025095e-35 1.0000000180025095e-35 1.0000000180025095e-35 4.5000000000000009 3.5000000000000004 7.5000000000000009 1.0000000180025095e-35 1.0000000180025095e-35 1.0000000180025095e-35
decision_type=2 2 2 2 2 2 2 2 2 2 2 2 2 2
left_child=1 4 3 -2 5 6 7 8 9 -1 11 -6 -13 -14
right_child=2 -3 -4 -5 10 -7 -8 -9 -10 -11 -12 12 13 -15
leaf_value=-0.0089992069801765953 0.080610647235372479 -0.067032860231748426 0.086845993706569063 -0.083803936608187177 0.010710741025883437 -0.098746075752955048 -0.028634287790273195 -0.0068586178789404274 -0.012781590778520837 0.090101006090648778 -0.00056410152221453519 -0.091822727618268568 -0.021125037743996777 0.1144957194680111
leaf_weight=2.992966922931374 0.16131450876127928 0.82041728205513109 0.55625110404798761 0.20209480402991076 63.307011433877051 1.2120881601585995 8.9684040101710689 22.506008924450725 11.471632916945964 4.507777844555676 287.77987429141649 2.13946809869958 3.8653612942434847 0.63153576850891102
leaf_count=13 34 35 59 8 374 149 57 96 89 32 3048 314 33 3
internal_value=2.55719e-06 -0.000105617 0.0482521 -0.0108216 2.85082e-05 -0.0057736 -0.00353974 0.00188617 0.0122597 0.0505578 0.000866391 0.00675211 -0.0310109 -0.00207871
internal_weight=411.122 410.203 0.91966 0.363409 409.382 51.6589 50.4468 41.4784 18.9724 7.50074 357.723 69.9434 6.63637 4.4969
internal_count=4344 4243 101 42 4208 436 287 230 134 45 3772 724 350 36
is_linear=0
shrinkage=0.08


Tree=104
num_leaves=15
num_cat=0
split_feature=9 2 6 5 1 1 13 8 10 9 4 10 1 13
split_gain=0.443 0.967548 0.307508 0.800781 0.314834 1.89825 6.94619 3.865 1.62373 2.26244 0.778688 0.97773 0.701306 5.1925
threshold=0.7250000000000002 1.0000000180025095e-35 1.4166500000000002 1.5000000000000002 9.5000000000000018 8.5000000000000018 1.0000000180025095e-35 1.0000000180025095e-35 1.0000000180025095e-35 1.0000000180025095e-35 1.0000000180025095e-35 1.0000000180025095e-35 14.500000000000002 1.0000000180025095e-35
decision_type=2 2 2 2 2 2 2 2 2 2 2 2 2 2
left_child=1 2 3 4 5 10 7 8 9 -7 -1 -12 -6 -14
right_child=-2 -3 -4 -5 12 6 -8 -9 -10 -11 11 -13 13 -15
leaf_value=0.00013917848797488796 0.080975999236054821 -0.11635361240627293 0.048044506076984184 -0.086470947877396842 0.0055875025671760928 -0.010791020749540376 -0.10439147142697724 0.09485931245998877 0.10798900116197825 -0.12620593108659789 -0.091552970000174774 0.085790365888098755 -0.013891723008900531 0.034689985566457755
leaf_weight=159.90514238778269 0.43194220654549909 0.45754811505321313 0.85245053304242802 0.68512817652663116 139.56006383750355 13.07302299141884 5.281307283206842 2.3905376661568871 0.65972860227339047 1.1855878223432235 0.23598254815442365 1.2682361111510545 66.749957396183163 17.844378177309409
leaf_count=1248 234 14 101 17 1302 57 68 21 23 49 14 221 673 302
internal_value=1.05008e-06 -8.42274e-05 4.56235e-05 -5.44566e-05 9.06023e-05 -0.00236175 -0.0240819 0.000422252 -0.0147105 -0.0203876 0.000678107 0.0579687 0.00210365 -0.00364387
internal_weight=410.581 410.149 409.692 408.839 408.154 184 22.5902 17.3089 14.9183 14.2586 161.409 1.50422 224.154 84.5943
internal_count=4344 4110 4096 3995 3978 1701 218 150 129 106 1483 235 2277 975
is_linear=0
shrinkage=0.08


Tree=105
num_leaves=15
num_cat=0
split_feature=7 10 1 11 1 0 1 1 12 1 1 12 14 1
split_gain=0.297993 0.360996 0.327313 0.391949 0.278132 0.690179 0.590191 0.444719 0.407996 0.420524 0.382273 0.635765 0.408295 0.377364
threshold=0.70835000000000015 0.67500000000000016 19.500000000000004 1.0000000180025095e-35 21.500000000000004 2.5000000000000004 22.500000000000004 25.500000000000004 1.5000000000000002 24.500000000000004 20.500000000000004 1.5000000000000002 1.0000000180025095e-35 18.500000000000004
decision_type=2 2 2 2 2 2 2 2 2 2 2 2 2 2
left_child=1 -1 -3 -4 10 -6 -7 8 -8 -10 13 -12 -13 -2
right_child=4 2 3 -5 5 6 7 -9 9 -11 11 12 -14 -15
leaf_value=0.087180939414767761 0.00016202136903864913 0.086990106426375002 -0.087565037080172395 0.082979179830244137 -0.072708369949918639 -0.08289151895282304 -0.076272658084737974 -0.071575956934362236 0.01733732926768923 0.10114327998526307 -0.081554252390811363 0.083535867894481822 0.016804629926040569 -0.022744417961461653
leaf_weight=0.55393157628713996 396.95992693159496 0.18542865361087024 0.31037307367660105 0.11943292687647045 1.1723431799327944 0.47095944930333677 0.21987378713674921 0.334696958772838 1.521589119860437 0.51218473780318152 0.29305958026088719 0.96853130456293013 1.4888833212899044 4.6568323578976552
leaf_count=17 3840 21 8 13 58 27 46 48 22 9 28 32 12 163
internal_value=1.85812e-06 0.0403325 -0.00184795 -0.0401748 -0.000113544 -0.0205168 -0.000516726 0.0144717 0.0272509 0.038443 9.99736e-05 0.0298229 0.0431052 -0.000103584
internal_weight=409.768 1.16917 0.615235 0.429806 408.599 4.23165 3.0593 2.58834 2.25365 2.03377 404.367 2.75047 2.45741 401.617
internal_count=4344 59 42 21 4285 210 152 125 77 31 4075 72 44 4003
is_linear=0
shrinkage=0.08


Tree=106
num_leaves=15
num_cat=0
split_feature=7 10 1 11 8 0 0 13 1 13 1 0 5 14
split_gain=0.2716 0.33251 0.297858 0.35187 0.269008 2.26855 0.277319 0.777978 0.497161 0.587856 0.491768 0.362659 0.383514 0.329977
threshold=0.70835000000000015 0.67500000000000016 19.500000000000004 1.0000000180025095e-35 1.5000000000000002 3.5000000000000004 3.5000000000000004 1.0000000180025095e-35 21.500000000000004 1.0000000180025095e-35 20.500000000000004 2.5000000000000004 1.0000000180025095e-35 1.0000000180025095e-35
decision_type=2 2 2 2 2 2 2 2 2 2 2 2 2 2
left_child=1 -1 -3 -4 6 -6 8 -8 10 11 -2 12 -10 -12
right_child=4 2 3 -5 5 -7 7 -9 9 -11 13 -13 -14 -15
leaf_value=0.086610414300342095 -0.00037831981917632785 0.086433888062833641 -0.084481263065798701 0.082745825160210465 0.081228099141298582 -0.06387811921083307 -0.061200473776051596 0.068525629691961326 -0.086203738857012532 -0.08549877045803235 0.070777901050155939 0.0096691957412276229 0.08841982942539367 0.011808933689567052
leaf_weight=0.51457455684430786 398.20509791470249 0.17222892143763602 0.29654243495315313 0.11054877768037841 1.7548961536958805 1.1358220428228378 0.40352791696204682 1.108913253119681 0.55420215125195649 0.92563143820734683 0.99711089633637962 1.6674271984957159 0.094169665360823274 1.5535546795290429
leaf_count=17 3860 21 8 13 120 6 46 24 29 59 37 76 3 25
internal_value=1.56178e-06 0.0398111 -0.00175795 -0.0390694 -0.000105067 0.0242129 -0.000278421 0.033914 -0.000406426 -0.0316112 -0.000154033 -0.0100722 -0.0608414 0.0348612
internal_weight=409.494 1.09389 0.57932 0.407091 408.4 2.89072 405.51 1.51244 403.997 3.24143 400.756 2.3158 0.648372 2.55067
internal_count=4344 59 42 21 4285 126 4159 70 4089 167 3922 108 32 62
is_linear=0
shrinkage=0.08


Tree=107
num_leaves=15
num_cat=0
split_feature=1 1 14 1 9 1 9 8 14 0 9 14 1 1
split_gain=0.267944 0.384329 4.19992 1.17512 0.915615 0.389163 1.47944 1.75635 1.41728 0.99963 1.87469 1.12386 2.64357 2.90902
threshold=3.5000000000000004 4.5000000000000009 1.0000000180025095e-35 5.5000000000000009 1.0000000180025095e-35 7.5000000000000009 1.0000000180025095e-35 1.0000000180025095e-35 1.0000000180025095e-35 1.5000000000000002 1.0000000180025095e-35 1.0000000180025095e-35 10.500000000000002 9.5000000000000018
decision_type=2 2 2 2 2 2 2 2 2 2 2 2 2 2
left_child=-1 2 -2 4 -3 6 -5 -8 -9 10 11 12 13 -7
right_child=1 3 -4 5 -6 9 7 8 -10 -11 -12 -13 -14 -15
leaf_value=-0.014361706736846391 0.078634611179187047 -0.015631440231402473 -0.0069037825166532686 0.0098750586646970083 -0.10568894121418289 -0.027060092004213745 -0.090634302110206594 0.086179032665006761 -0.024707114731423216 0.0019252670396438581 -0.082960891677038226 0.0033614745734641721 -0.097727044205493566 0.034399958100066894
leaf_weight=8.1457973488140833 4.6043352271663052 19.798121165949855 18.174703939585015 63.220442942576483 0.74989215529058029 18.820921111386276 2.0862504642864215 0.9291142914444207 3.5808135196566582 225.87765899483929 2.148768362007103 31.876637218752876 2.4648214136250308 6.677491274662315
leaf_count=50 86 154 100 385 66 111 319 12 24 2506 296 174 19 42
internal_value=2.39923e-06 0.00029418 0.0103861 -0.000313609 -0.0189181 0.000755171 0.00611342 -0.0299396 -0.00186287 -0.000544373 -0.00954338 -0.00690706 -0.0186127 -0.010965
internal_weight=409.156 401.01 22.779 378.231 20.548 357.683 69.8166 6.59618 4.50993 287.866 61.9886 59.8399 27.9632 25.4984
internal_count=4344 4294 186 4108 220 3888 740 355 36 3148 642 346 172 153
is_linear=0
shrinkage=0.08


Tree=108
num_leaves=15
num_cat=0
split_feature=6 5 0 9 6 10 1 10 13 1 1 6 8 12
split_gain=0.287419 0.482352 0.287144 0.334836 0.272421 0.886023 1.03771 1.39557 0.753942 0.946657 0.755736 0.706906 1.53966 0.903101
threshold=1.4166500000000002 1.5000000000000002 1.5000000000000002 1.0000000180025095e-35 0.90000000000000013 0.67500000000000016 13.500000000000002 1.0000000180025095e-35 1.0000000180025095e-35 17.500000000000004 15.500000000000002 0.36665000000000009 1.0000000180025095e-35 2.5000000000000004
decision_type=2 2 2 2 2 2 2 2 2 2 2 2 2 2
left_child=1 4 3 -2 11 6 7 -6 9 -7 -10 13 -13 -1
right_child=2 -3 -4 -5 5 8 -8 -9 10 -11 -12 12 -14 -15
leaf_value=1.0061793527928123e-05 0.08054437755256183 -0.064592624797788004 0.086112620637891824 -0.083388838861852763 -0.020443261652583963 0.03044803726794473 0.085048753805262042 0.08214087808040775 -0.061993768080962054 -0.12235121377021678 0.10056095335904736 -0.031917586739829751 0.1059171517197899 0.086987144943652284
leaf_weight=386.5818187717814 0.14278147008735687 0.740781649335985 0.49008954846067354 0.18060324108227988 2.7367469458840774 2.5903932911460292 1.7689767067786304 1.2302745265187693 1.9957784730941059 0.28838505363091815 0.2015247456729411 8.0354728512465918 0.55445449054241258 0.76553657854674284
leaf_count=3038 34 35 59 8 50 182 58 264 49 27 28 484 3 25
internal_value=-1.92606e-06 -9.67613e-05 0.0475035 -0.0110087 2.07001e-05 0.0125494 0.0340929 0.0113707 -0.011795 0.0151412 -0.0470851 -0.000321427 -0.0230208 0.00018196
internal_weight=408.304 407.49 0.813474 0.323385 406.749 10.8121 5.736 3.96702 5.07608 2.87878 2.1973 395.937 8.58993 387.347
internal_count=4344 4243 101 42 4208 658 372 314 286 209 77 3550 487 3063
is_linear=0
shrinkage=0.08


Tree=109
num_leaves=15
num_cat=0
split_feature=6 5 2 0 9 11 6 1 9 1 6 14 1 6
split_gain=0.264172 0.425517 0.385882 0.26335 0.308441 0.242713 1.05422 0.496653 1.10115 0.413759 0.900026 0.745616 0.442655 0.36205
threshold=1.4166500000000002 1.5000000000000002 1.0000000180025095e-35 1.5000000000000002 1.0000000180025095e-35 1.0000000180025095e-35 0.90000000000000013 9.5000000000000018 1.0000000180025095e-35 14.500000000000002 0.90000000000000013 1.0000000180025095e-35 17.500000000000004 1.0000000180025095e-35
decision_type=2 2 2 2 2 2 2 2 2 2 2 2 2 2
left_child=1 5 -3 4 -2 9 -7 8 -8 10 -1 -12 -11 -14
right_child=3 2 -4 -5 -6 6 7 -9 -10 12 11 -13 13 -15
leaf_value=-0.080171256523406564 0.080502376535602521 -0.085746038135738056 0.082953960189453294 0.08567368141211025 -0.083125693815567184 0.00010335785859359048 0.080472901622528042 0.085094329814601799 -0.11146587176011377 0.010760945832524866 -0.019664789846584343 0.080822761921727979 -0.081925811513949467 -0.0098833540958406223
leaf_weight=1.4742204220092379 0.13186988665256649 0.61205109779257227 0.10111287684412673 0.45463354562525637 0.16722413944080372 388.39987604197813 0.49299053591676056 1.3754458185285328 0.31258664617780541 7.1295765765244123 4.4685889664106071 0.5284622733015566 0.62301944504724849 1.5752671710506545
leaf_count=883 34 17 18 59 8 2189 88 173 7 247 167 132 173 149
internal_value=8.50964e-07 -8.67572e-05 -0.0618276 0.0473186 -0.0109824 2.1593e-05 0.000414809 0.0558785 0.00599525 -0.00969936 -0.0252427 -0.00903775 0.00108392 -0.030301
internal_weight=407.847 407.093 0.713164 0.753728 0.299094 406.38 390.581 2.18102 0.805577 15.7991 6.47127 4.99705 9.32786 2.19829
internal_count=4344 4243 35 101 42 4208 2457 268 95 1751 1182 299 569 322
is_linear=0
shrinkage=0.08


Tree=110
num_leaves=15
num_cat=0
split_feature=7 10 1 8 1 14 12 6 0 1 1 12 1 1
split_gain=0.2648 0.293032 0.269726 2.1748 1.36989 2.86948 0.939534 0.673946 0.83116 1.09214 2.20239 0.816786 0.803888 0.81236
threshold=0.70835000000000015 0.67500000000000016 15.500000000000002 1.0000000180025095e-35 17.500000000000004 1.0000000180025095e-35 2.5000000000000004 0.90000000000000013 2.5000000000000004 18.500000000000004 17.500000000000004 1.5000000000000002 20.500000000000004 21.500000000000004
decision_type=2 2 2 2 2 2 2 2 2 2 2 2 2 2
left_child=1 -1 -2 6 -5 -6 7 8 9 10 -4 -10 -11 -14
right_child=2 -3 3 4 5 -7 -8 -9 11 12 -12 -13 13 -15
leaf_value=0.086334417502720612 0.00074564887016751336 0.00014056052200946562 -0.020462453899651258 0.085802450009533904 0.086353707837739851 -0.075455104503095685 0.092289322263719942 0.035795610666181032 -0.072903114693215282 -0.095450709210411266 0.043828419271220477 0.012684463802332475 0.0088508742112461767 -0.08503633464714043
leaf_weight=0.47841979662189149 347.71483495589928 0.53439738208544441 31.704127119504847 2.5567809334024778 1.3924810141324997 1.4133550152182579 0.56854492239653964 1.8906937743304286 0.7674286568653742 1.8769251812482242 3.8211865959456182 10.177616612869315 1.5760480915196242 0.94255165313370515
leaf_count=17 3327 42 208 39 24 12 155 85 125 53 43 139 20 55
internal_value=7.53748e-07 0.0408556 -0.000101063 -0.00511768 0.043445 0.00484741 -0.0100014 -0.0111037 -0.012847 -0.0182016 -0.0135472 0.00668336 -0.0558194 -0.0262851
internal_weight=407.415 1.01282 406.403 58.6877 5.36262 2.80584 53.3251 52.7566 50.8659 39.9208 35.5253 10.945 4.39552 2.5186
internal_count=4344 59 4285 958 75 36 883 728 643 379 251 264 128 75
is_linear=0
shrinkage=0.08


Tree=111
num_leaves=15
num_cat=0
split_feature=6 5 2 0 9 1 9 13 14 1 1 1 9 8
split_gain=0.23957 0.409354 0.341636 0.241205 0.284149 0.239892 1.41544 0.860666 0.422871 2.10352 2.05657 0.312624 1.22474 1.54556
threshold=1.4166500000000002 1.5000000000000002 1.0000000180025095e-35 1.5000000000000002 1.0000000180025095e-35 5.5000000000000009 1.0000000180025095e-35 1.0000000180025095e-35 1.0000000180025095e-35 4.5000000000000009 3.5000000000000004 7.5000000000000009 1.0000000180025095e-35 1.0000000180025095e-35
decision_type=2 2 2 2 2 2 2 2 2 2 2 2 2 2
left_child=1 5 -3 4 -2 6 7 8 9 10 -1 12 -7 -14
right_child=3 2 -4 -5 -6 11 -8 -9 -10 -11 -12 -13 13 -15
leaf_value=-0.0071938786714912106 0.080463283264305588 -0.085141099449115284 0.082647666040044476 0.085277446356924733 -0.082885253954293886 0.0089384685711297682 -0.095714339134128787 -0.02588916719097745 -0.0057049951134838699 -0.010933214480125712 0.0788365023922981 -0.00040769191409586211 -0.090147873963770636 -0.0027217301808808115
leaf_weight=2.9961062863003471 0.12169776193331927 0.57881980924866994 0.089699225878575817 0.41815232661610935 0.15490824915468593 63.048195246141404 1.0798553719068866 8.7795942806405929 22.516139099607244 11.436807941645384 4.3754410881083459 284.91708073450718 1.8236480820196437 4.4571455935947597
leaf_count=13 34 17 18 59 8 374 149 57 96 89 32 3048 314 36
internal_value=2.09367e-06 -7.82073e-05 -0.0626279 0.0469394 -0.0110171 2.49317e-05 -0.00509454 -0.00314148 0.00169138 0.0105458 0.0438701 0.000764629 0.00558244 -0.0281062
internal_weight=406.793 406.099 0.668519 0.694758 0.276606 405.43 51.1839 50.1041 41.3245 18.8084 7.37155 354.246 69.329 6.28079
internal_count=4344 4243 35 101 42 4208 436 287 230 134 45 3772 724 350
is_linear=0
shrinkage=0.08


Tree=112
num_leaves=15
num_cat=0
split_feature=1 10 1 13 8 9 8 1 13 1 14 8 0 4
split_gain=0.236064 1.8081 1.95581 5.51309 3.76651 2.04045 0.562071 0.586759 4.1506 4.26762 2.97427 1.98918 1.70739 1.59724
threshold=9.5000000000000018 1.0000000180025095e-35 8.5000000000000018 1.0000000180025095e-35 1.0000000180025095e-35 1.0000000180025095e-35 2.5000000000000004 14.500000000000002 1.0000000180025095e-35 16.500000000000004 1.0000000180025095e-35 1.5000000000000002 2.5000000000000004 1.0000000180025095e-35
decision_type=2 2 2 2 2 2 2 2 2 2 2 2 2 2
left_child=1 2 -1 4 5 -4 7 -2 11 10 13 12 -9 -10
right_child=6 -3 3 -5 -6 -7 -8 8 9 -11 -12 -13 -14 -15
leaf_value=-6.0673399458006251e-05 0.0047406462316202233 0.061152192013841582 -0.0093851474825809317 -0.098162292434192 0.093513371506228724 -0.12148990058092465 0.095521847320484382 -0.018121648066182341 0.041466406323796764 -0.023041036453359899 0.11335713350623763 -0.14321341042175567 0.012997484898496201 -0.084093871070354848
leaf_weight=158.05380257492652 139.81323545244231 2.8439972457708782 12.99042069911957 5.1280301059014155 2.230614071711897 1.1294467974221358 0.40827164053916831 51.388470127043547 6.1257956027984637 5.9786307634785762 4.2515161783667281 0.7396957129240026 14.458657510258488 0.72515940177254368
leaf_count=1261 1359 288 57 66 21 49 3 479 34 247 35 3 390 52
internal_value=4.37605e-07 -0.00213621 -0.00313877 -0.0257895 -0.00309111 -0.0183524 0.00174091 0.00156958 -0.00372942 0.0314511 0.0607948 -0.0127541 -0.0112885 0.0281761
internal_weight=406.266 182.376 179.532 21.4785 16.3505 14.1199 223.889 223.481 83.6679 17.0811 11.1025 66.5868 65.8471 6.85096
internal_count=4344 1742 1454 193 127 106 2602 2599 1240 368 121 872 869 86
is_linear=0
shrinkage=0.08


Tree=113
num_leaves=15
num_cat=0
split_feature=8 0 0 1 5 1 13 1 14 0 1 8 14 13
split_gain=0.273919 1.91487 0.357755 0.619058 0.849903 0.378615 0.61898 0.567545 0.359953 0.350849 0.320772 1.99896 0.81376 2.69938
threshold=1.5000000000000002 3.5000000000000004 3.5000000000000004 35.500000000000007 1.0000000180025095e-35 21.500000000000004 1.0000000180025095e-35 20.500000000000004 1.0000000180025095e-35 2.5000000000000004 18.500000000000004 1.0000000180025095e-35 1.0000000180025095e-35 1.0000000180025095e-35
decision_type=2 2 2 2 2 2 2 2 2 2 2 2 2 2
left_child=2 -2 5 4 -4 7 9 10 -9 -7 -1 12 -12 -14
right_child=1 -3 3 -5 -6 6 -8 8 -10 -11 11 -13 13 -15
leaf_value=-9.6123644512317825e-05 0.081121758121280391 -0.055662728369100328 0.090899496935234025 -0.08325434952108822 -0.069898901605436034 -0.061464628726296718 -0.083127648994789735 0.071845775026209702 0.011999743307397013 0.012079889195967246 -0.085861687968331338 0.087430992001985203 0.1062644994129045 -0.087969437471241682
leaf_weight=390.59798103301728 1.6062043625861397 1.1060495227575302 1.0640371208137356 0.22928466601297248 0.26221310350229021 0.54476406500907582 0.91948601003969077 1.0983856828242997 1.5521539322508033 1.744762174464995 1.7896839308377812 0.87385424226522435 0.759750086814165 1.1526810277719051
leaf_count=3733 120 6 45 7 24 32 62 46 26 80 118 15 15 15
internal_value=3.10415e-06 0.0253414 -0.000167601 0.0381239 0.059108 -0.000316127 -0.0276851 -9.53573e-05 0.0368 -0.00541911 -0.000342824 -0.0214008 -0.0470897 -0.0108063
internal_weight=405.301 2.71225 402.589 1.55553 1.32625 401.034 3.20901 397.824 2.65054 2.28953 395.174 4.57597 3.70212 1.91243
internal_count=4344 126 4218 76 69 4142 174 3968 72 112 3896 163 148 30
is_linear=0
shrinkage=0.08


end of trees

feature_importances:
Column_1=398
Column_0=164
Column_9=156
Column_10=147
Column_6=144
Column_13=99
Column_8=98
Column_14=87
Column_11=77
Column_7=65
Column_15=53
Column_5=48
Column_4=25
Column_2=19
Column_12=16

parameters:
[boosting: gbdt]
[objective: binary]
[metric: binary_logloss]
[tree_learner: serial]
[device_type: cpu]
[data_sample_strategy: bagging]
[data: ]
[valid: ]
[num_iterations: 150]
[learning_rate: 0.08]
[num_leaves: 15]
[num_threads: 0]
[seed: 0]
[deterministic: 0]
[force_col_wise: 0]
[force_row_wise: 0]
[histogram_pool_size: -1]
[max_depth: -1]
[min_data_in_leaf: 5]
[min_sum_hessian_in_leaf: 0.001]
[bagging_fraction: 1]
[pos_bagging_fraction: 1]
[neg_bagging_fraction: 1]
[bagging_freq: 0]
[bagging_seed: 3]
[bagging_by_query: 0]
[feature_fraction: 1]
[feature_fraction_bynode: 1]
[feature_fraction_seed: 2]
[extra_trees: 0]
[extra_seed: 6]
[early_stopping_round: 0]
[early_stopping_min_delta: 0]
[first_metric_only: 0]
[max_delta_step: 0]
[lambda_l1: 0]
[lambda_l2: 0]
[linear_lambda: 0]
[min_gain_to_split: 0]
[drop_rate: 0.1]
[max_drop: 50]
[skip_drop: 0.5]
[xgboost_dart_mode: 0]
[uniform_drop: 0]
[drop_seed: 4]
[top_rate: 0.2]
[other_rate: 0.1]
[min_data_per_group: 100]
[max_cat_threshold: 32]
[cat_l2: 10]
[cat_smooth: 10]
[max_cat_to_onehot: 4]
[top_k: 20]
[monotone_constraints: ]
[monotone_constraints_method: basic]
[monotone_penalty: 0]
[feature_contri: ]
[forcedsplits_filename: ]
[refit_decay_rate: 0.9]
[cegb_tradeoff: 1]
[cegb_penalty_split: 0]
[cegb_penalty_feature_lazy: ]
[cegb_penalty_feature_coupled: ]
[path_smooth: 0]
[interaction_constraints: ]
[verbosity: -1]
[saved_feature_importance_type: 0]
[use_quantized_grad: 0]
[num_grad_quant_bins: 4]
[quant_train_renew_leaf: 0]
[stochastic_rounding: 1]
[linear_tree: 0]
[max_bin: 255]
[max_bin_by_feature: ]
[min_data_in_bin: 3]
[bin_construct_sample_cnt: 200000]
[data_random_seed: 1]
[is_enable_sparse: 1]
[enable_bundle: 1]
[use_missing: 1]
[zero_as_missing: 0]
[feature_pre_filter: 0]
[pre_partition: 0]
[two_round: 0]
[header: 0]
[label_column: ]
[weight_column: ]
[group_column: ]
[ignore_column: ]
[categorical_feature: ]
[forcedbins_filename: ]
[precise_float_parser: 0]
[parser_config_file: ]
[objective_seed: 5]
[num_class: 1]
[is_unbalance: 0]
[scale_pos_weight: 1]
[sigmoid: 1]
[boost_from_average: 1]
[reg_sqrt: 0]
[alpha: 0.9]
[fair_c: 1]
[poisson_max_delta_step: 0.7]
[tweedie_variance_power: 1.5]
[lambdarank_truncation_level: 30]
[lambdarank_norm: 1]
[label_gain: ]
[lambdarank_position_bias_regularization: 0]
[eval_at: ]
[multi_error_top_k: 1]
[auc_mu_weights: ]
[num_machines: 1]
[local_listen_port: 12400]
[time_out: 120]
[machine_list_filename: ]
[machines: ]
[gpu_platform_id: -1]
[gpu_device_id: -1]
[gpu_device_id_list: ]
[gpu_use_dp: 0]
[num_gpu: 1]

end of parameters

pandas_categorical:null
