tree
version=v4
num_class=1
num_tree_per_iteration=1
label_index=0
max_feature_idx=15
objective=binary sigmoid:1
feature_names=Column_0 Column_1 Column_2 Column_3 Column_4 Column_5 Column_6 Column_7 Column_8 Column_9 Column_10 Column_11 Column_12 Column_13 Column_14 Column_15
feature_infos=[1:7] [3:54] [0:1] [0:1] [0:3] [0:3] [0:2] [0.5:1] [0:3] [0:0.90000000000000002] [0:0.84999999999999998] [0:0.5] [1:3] [0:1] [0:1] [0:1]
tree_sizes=1729 1728 1742 1725 1735 1745 1725 1737 1739 1747 1740 1735 1751 1742 1748 1732 1747 1749 1736 1739 1736 1739 1754 1739 1749 1749 1753 1742 1738 1753 1751 1758 1745 1756 1766 1743 1751 1755 1746 1752 1744 1744 1746 1745 1739 1746 1754 1751 1734 1763 1730 1748 1746 1758 1753 1745 1752 1743 1750 1749 1757 1751 1754 1750 1750 1743 1736 1740 1758 1746 1743 1755 1729 1739 1751 1746 1763 1724 1728 1749 1752 1741 1751

Tree=0
num_leaves=15
num_cat=0
split_feature=6 11 0 9 7 8 15 4 1 1 4 1 10 0
split_gain=1018.84 912.433 177.851 114.122 95.1507 76.1332 72.3829 49.9964 47.0415 48.4094 29.0656 27.5095 22.3798 36.2603
threshold=0.58335000000000015 1.0000000180025095e-35 1.5000000000000002 1.0000000180025095e-35 0.87500000000000011 1.0000000180025095e-35 1.0000000180025095e-35 1.0000000180025095e-35 9.5000000000000018 15.500000000000002 1.0000000180025095e-35 8.5000000000000018 1.0000000180025095e-35 1.5000000000000002
decision_type=2 2 2 2 2 2 2 2 2 2 2 2 2 2
left_child=1 4 3 11 -1 8 7 -2 -4 -10 -11 -3 13 -9
right_child=6 2 5 -5 -6 -7 -8 12 9 10 -12 -13 -14 -15
leaf_value=0.0066761822348146427 -0.28557476868557374 -0.12483674567936012 -0.21232706199919787 -0.27990166199123678 -0.26838459290002903 -0.0063982024116237823 -0.28557476868557374 -0.28557476868557374 -0.059209978889840961 -0.14735054043267343 0.03590127732685347 -0.20943570515631466 0.029371895269253379 -0.012725351481748956
leaf_weight=8.2121204137802106 3.4839298725128165 185.14598751068115 19.659318566322327 42.30486273765564 404.88242161273956 85.10742974281311 5.2258948087692252 3.4839298725128165 168.2240424156189 76.397605061531067 5.9724512100219718 28.36914324760437 208.2892359495163 29.613403916358948
leaf_count=33 14 744 79 170 1627 342 21 14 676 307 24 114 837 119
internal_value=-0.135728 -0.171074 -0.108999 -0.159861 -0.262917 -0.072383 0.00903164 0.015319 -0.0931628 -0.0838142 -0.134063 -0.136077 0.0196618 -0.0414463
internal_weight=1274.37 1024.28 611.181 255.82 413.095 355.361 250.096 244.87 270.253 250.594 82.3701 213.515 241.387 33.0973
internal_count=5121 4116 2456 1028 1660 1428 1005 984 1086 1007 331 858 970 133
is_linear=0
shrinkage=1


Tree=1
num_leaves=15
num_cat=0
split_feature=6 11 0 9 7 0 15 4 1 1 8 1 14 10
split_gain=860.721 783.493 150.148 98.398 81.5614 64.571 61.0737 42.1561 41.57 28.38 26.9724 23.4219 19.6812 18.7251
threshold=0.58335000000000015 1.0000000180025095e-35 1.5000000000000002 1.0000000180025095e-35 0.87500000000000011 2.5000000000000004 1.0000000180025095e-35 1.0000000180025095e-35 15.500000000000002 9.5000000000000018 1.0000000180025095e-35 8.5000000000000018 1.0000000180025095e-35 1.0000000180025095e-35
decision_type=2 2 2 2 2 2 2 2 2 2 2 2 2 2
left_child=1 4 3 11 -1 8 7 -2 9 10 -4 12 -3 -9
right_child=6 2 5 -5 -6 -7 -8 13 -10 -11 -12 -13 -14 -15
leaf_value=0.13037644832976414 -0.14012657367014131 -0.01919149755140856 -0.070959763633174189 -0.13471025922910604 -0.123747860123403 0.12316340789598722 -0.14012657367014131 0.086493263117337835 -0.015951017965234397 0.070905523062328238 0.062050953763872922 -0.068259732650834321 0.03329176491886799 0.15118361357126719
leaf_weight=8.249908044934271 3.4295999407768241 82.17940628528595 19.529065832495689 41.678334623575211 399.51245491206646 76.664922028779984 5.1443999111652365 33.178395912051201 64.664410427212715 175.85492265224457 19.499800086021423 28.189745217561722 103.09780061244965 209.20487532019615
leaf_count=33 14 330 79 170 1627 307 21 133 260 704 78 114 414 837
internal_value=-3.62415e-05 -0.0327171 0.0245692 -0.0222758 -0.118606 0.0581229 0.132678 0.138388 0.0402858 0.057209 -0.00450427 -0.000323528 0.0100129 0.142329
internal_weight=1270.08 1019.12 611.358 255.145 407.762 356.213 250.957 245.813 279.548 214.884 39.0289 213.467 185.277 242.383
internal_count=5121 4116 2456 1028 1660 1428 1005 984 1121 861 157 858 744 970
is_linear=0
shrinkage=0.08


Tree=2
num_leaves=15
num_cat=0
split_feature=6 11 0 9 7 8 15 4 1 1 4 1 14 10
split_gain=734.893 678.012 127.238 85.7082 70.4656 57.4245 52.1534 35.9772 33.4661 35.6432 22.4387 19.9784 16.6362 16.4409
threshold=0.58335000000000015 1.0000000180025095e-35 1.5000000000000002 1.0000000180025095e-35 0.87500000000000011 1.0000000180025095e-35 1.0000000180025095e-35 1.0000000180025095e-35 9.5000000000000018 15.500000000000002 1.0000000180025095e-35 8.5000000000000018 1.0000000180025095e-35 1.0000000180025095e-35
decision_type=2 2 2 2 2 2 2 2 2 2 2 2 2 2
left_child=1 4 3 11 -1 8 7 -2 -4 -10 -11 12 -3 -9
right_child=6 2 5 -5 -6 -7 -8 13 9 10 -12 -13 -14 -15
leaf_value=0.1205262110308791 -0.13226491924716602 -0.017679900921808045 -0.065880284282145221 -0.12695448571029302 -0.11627165479326294 0.11075054509753084 -0.13226491924716602 0.079579872432562787 0.064306783122641459 -0.011570901375510454 0.14951530458736051 -0.063342194174307392 0.030570858242690728 0.14023199009638598
leaf_weight=8.2113803476095182 3.3461002409458152 82.073628455400467 19.35899929702282 40.724613666534424 391.50590838491917 85.292619690299034 5.0191503614187232 33.175113335251808 168.99076142907143 76.336327761411667 5.9668564796447745 27.957542091608047 103.28345909714699 207.55382090806961
leaf_count=33 14 330 79 170 1627 342 21 133 676 307 24 114 414 837
internal_value=-6.33491e-05 -0.0304239 0.0226436 -0.0206057 -0.111407 0.0535108 0.123003 0.128252 0.0354725 0.0432804 0.000107605 -0.000302284 0.00920607 0.131873
internal_weight=1258.8 1009.7 609.985 254.039 399.717 355.946 249.094 244.075 270.653 251.294 82.3032 213.315 185.357 240.729
internal_count=5121 4116 2456 1028 1660 1428 1005 984 1086 1007 331 858 744 970
is_linear=0
shrinkage=0.08


Tree=3
num_leaves=15
num_cat=0
split_feature=6 11 0 9 7 0 15 4 1 1 8 13 1 10
split_gain=632.718 590.386 108.193 75.2642 61.26 50.7086 44.9596 30.9977 30.1012 21.4841 18.1617 18.1293 17.066 14.9072
threshold=0.58335000000000015 1.0000000180025095e-35 1.5000000000000002 1.0000000180025095e-35 0.87500000000000011 2.5000000000000004 1.0000000180025095e-35 1.0000000180025095e-35 15.500000000000002 9.5000000000000018 1.0000000180025095e-35 1.0000000180025095e-35 8.5000000000000018 1.0000000180025095e-35
decision_type=2 2 2 2 2 2 2 2 2 2 2 2 2 2
left_child=1 4 3 12 -1 8 7 -2 9 10 -4 -12 -3 -9
right_child=6 2 5 -5 -6 -7 -8 13 -10 -11 11 -13 -14 -15
leaf_value=0.11225754854872949 -0.1257897587212195 0.0084678773645961332 -0.061265663072197017 -0.1204755512401017 -0.10987539444422913 0.10737852671848046 -0.1257897587212195 0.073470126941230937 -0.014273103935394688 0.059923216740638038 0.086361077075306394 -0.11003988486346067 -0.0588679515267687 0.13137814146786941
leaf_weight=8.1146588623523694 3.2411251664161673 185.36686804890633 19.160055071115494 39.529983103275299 381.55851753056049 75.924711287021637 4.8616877496242514 33.063320577144623 64.518662229180336 175.68102106451988 15.641471251845362 3.7241598218679419 27.687117487192154 203.95780299603939
leaf_count=33 14 744 79 170 1627 307 21 133 260 704 63 15 114 837
internal_value=-8.35214e-05 -0.0283971 0.0209206 -0.0190931 -0.10525 0.0494187 0.115066 0.11994 0.0336304 0.0480588 -0.0060439 0.0485917 -0.000282651 0.1233
internal_weight=1242.03 996.907 607.234 252.584 389.673 354.65 245.124 240.262 278.725 214.207 38.5257 19.3656 213.054 237.021
internal_count=5121 4116 2456 1028 1660 1428 1005 984 1121 861 157 78 858 970
is_linear=0
shrinkage=0.08


Tree=4
num_leaves=15
num_cat=0
split_feature=6 11 0 9 7 8 15 4 1 1 4 14 0 13
split_gain=548.324 516.668 92.197 66.5352 53.5232 45.2457 39.0499 26.9096 23.985 26.6853 17.9311 16.0302 14.5926 16.5535
threshold=0.58335000000000015 1.0000000180025095e-35 1.5000000000000002 1.0000000180025095e-35 0.87500000000000011 1.0000000180025095e-35 1.0000000180025095e-35 1.0000000180025095e-35 9.5000000000000018 15.500000000000002 1.0000000180025095e-35 1.0000000180025095e-35 2.5000000000000004 1.0000000180025095e-35
decision_type=2 2 2 2 2 2 2 2 2 2 2 2 2 2
left_child=1 4 3 11 -1 8 7 -2 -4 -10 -11 -3 13 -7
right_child=6 2 5 -5 -6 12 -8 -9 9 10 -12 -13 -14 -15
leaf_value=0.10517072578189772 -0.12037741257353833 -0.023577161411284707 -0.057043737296300578 -0.11497499242316039 -0.10431037057751168 0.080092974708455431 -0.12037741257353833 0.11611348672000803 0.054565956880060204 -0.01140854518000084 0.13480643362876751 0.020412292303462403 0.12332929661724266 -0.075519040052149822
leaf_weight=7.9742021709680548 3.1208040714263907 100.03745198249817 18.941059738397598 38.163277506828308 370.22683195769787 26.615443736314777 4.6812061071395865 231.77746178209782 168.18977391719818 76.179863929748535 5.7748032063245764 112.79904136061668 51.784420296549797 5.235717996954917
leaf_count=33 14 405 79 170 1627 108 21 970 676 307 24 453 213 21
internal_value=-9.92881e-05 -0.026575 0.0193554 -0.0177049 -0.0998936 0.0457279 0.108412 0.112972 0.0297539 0.0363263 -0.00110574 -0.00026364 0.0971219 0.0545134
internal_weight=1221.5 981.922 603.721 251 378.201 352.721 239.579 234.898 269.086 250.144 81.9547 212.836 83.6356 31.8512
internal_count=5121 4116 2456 1028 1660 1428 1005 984 1086 1007 331 858 342 129
is_linear=0
shrinkage=0.08


Tree=5
num_leaves=15
num_cat=0
split_feature=6 11 8 14 7 15 15 1 10 0 9 1 1 10
split_gain=477.279 454.016 79.5468 50.8204 46.9515 34.0906 28.5609 26.0426 25.2101 38.4446 24.4563 14.7182 18.2905 13.4461
threshold=0.58335000000000015 1.0000000180025095e-35 1.0000000180025095e-35 1.0000000180025095e-35 0.87500000000000011 1.0000000180025095e-35 1.0000000180025095e-35 11.500000000000002 1.0000000180025095e-35 1.5000000000000002 1.0000000180025095e-35 4.5000000000000009 15.500000000000002 1.0000000180025095e-35
decision_type=2 2 2 2 2 2 2 2 2 2 2 2 2 2
left_child=1 4 3 7 -1 8 11 10 9 -2 -3 -5 -13 -9
right_child=5 2 -4 6 -6 -7 -8 13 -10 -11 -12 12 -14 -15
leaf_value=0.098987499220785244 -0.14684144593020029 -0.019308063855240788 0.091084170414323221 -0.023415988112461816 -0.099395722335406125 -0.115798040795925 -0.13446205099846839 0.0068729151994059851 0.11828155290729067 0.081112211576611526 -0.088474430376056387 0.04729169853110498 -0.0034596013556060503 0.13151213847184118
leaf_weight=7.8015912026166907 5.6314383745193473 97.640312075614929 82.119145184755325 29.037424430251122 357.95578102767467 4.4850378781557074 6.8520051240921012 56.75968562066555 193.2255127876997 29.746490731835365 49.205508291721344 213.87506514787674 57.710915267467499 6.1385235637426367
leaf_count=33 24 396 342 117 1627 21 30 230 837 123 216 866 233 26
internal_value=-0.000111356 -0.0249249 0.0179399 0.00632672 -0.0951642 0.102629 0.0270382 -0.0240354 0.106914 0.0448267 -0.0424845 0.0307192 0.0365073 0.019037
internal_weight=1198.18 965.096 599.339 517.219 365.757 233.088 307.475 209.744 228.603 35.3779 146.846 300.623 271.586 62.8982
internal_count=5121 4116 2456 2114 1660 1005 1246 868 984 147 612 1216 1099 256
is_linear=0
shrinkage=0.08


Tree=6
num_leaves=15
num_cat=0
split_feature=6 11 0 9 7 0 10 0 1 1 15 1 0 1
split_gain=417.544 400.331 70.7245 54.3805 41.3199 36.2855 30.3188 34.0495 20.301 15.9781 14.346 14.1636 12.4455 23.8377
threshold=0.58335000000000015 1.0000000180025095e-35 1.5000000000000002 1.0000000180025095e-35 0.87500000000000011 2.5000000000000004 1.0000000180025095e-35 1.5000000000000002 15.500000000000002 9.5000000000000018 1.0000000180025095e-35 8.5000000000000018 1.5000000000000002 14.500000000000002
decision_type=2 2 2 2 2 2 2 2 2 2 2 2 2 2
left_child=1 4 3 11 -1 8 7 -2 9 -4 -8 -3 -6 -14
right_child=6 2 5 -5 12 -7 10 -9 -10 -11 -12 -13 13 -15
leaf_value=0.093508099926447819 -0.13419284606448689 0.0072534514634534832 -0.008742704597931035 -0.10748132010303703 -0.11516464710408686 0.090345587392335433 0.11296846942087069 0.067023104410423792 -0.012686809768891265 0.048871990846364934 -0.11188370707466717 -0.054426915233807813 -0.054331474594391242 -0.10726588962638817
leaf_weight=7.6061129271984091 6.523877575993537 185.17570549249649 37.453140631318092 35.629263818264008 124.93184085190296 72.269649863243103 186.40700903534889 30.757969528436661 64.336247861385345 173.58244350552559 1.8338661342859257 27.344907447695732 98.63040067255497 121.5381066352129
leaf_count=33 29 744 157 170 589 307 837 130 260 704 9 114 465 573
internal_value=-0.000118287 -0.0233821 0.016607 -0.016017 -0.0909315 0.0398943 0.097724 0.0318127 0.0266536 0.0386469 0.110778 -0.000682927 -0.0949966 -0.0835525
internal_weight=1174.02 948.498 595.791 248.15 352.706 347.641 225.523 37.2818 275.372 211.036 188.241 212.521 345.1 220.169
internal_count=5121 4116 2456 1028 1660 1428 1005 159 1121 861 846 858 1627 1038
is_linear=0
shrinkage=0.08


Tree=7
num_leaves=15
num_cat=0
split_feature=6 11 8 14 7 10 0 15 1 9 15 5 6 10
split_gain=366.506 353.979 63.7561 40.8382 36.4656 27.9335 29.5591 23.5885 19.4401 20.4168 12.6889 12.6022 15.9356 12.5827
threshold=0.58335000000000015 1.0000000180025095e-35 1.0000000180025095e-35 1.0000000180025095e-35 0.87500000000000011 1.0000000180025095e-35 1.5000000000000002 1.0000000180025095e-35 11.500000000000002 1.0000000180025095e-35 1.0000000180025095e-35 1.5000000000000002 1.4166500000000002 1.0000000180025095e-35
decision_type=2 2 2 2 2 2 2 2 2 2 2 2 2 2
left_child=1 4 3 8 -1 6 -2 13 9 -3 -7 -8 -13 -5
right_child=5 2 -4 7 -6 10 11 -9 -10 -11 -12 12 -14 -15
leaf_value=0.088585585207314632 -0.12787822015691494 -0.017617599666478044 0.082185600169370543 0.023259080544111126 -0.091028893940814135 0.1083686417666504 0.089166697011065263 -0.12768896993280554 0.014954909486367905 -0.081827245701185908 -0.10850876961525269 -0.13223604573962183 0.12895785715465258 0.10077706852068737
leaf_weight=7.39520439505577 6.3071603924036017 97.289392858743668 79.214627310633659 284.99575524032116 331.91683213412762 179.07443565130234 23.944472551345829 6.4531477987766257 62.242581427097321 47.005998700857162 1.7433364838361729 4.0929391086101523 2.3551402986049652 14.062638431787489
leaf_count=33 29 396 342 1158 1627 837 102 30 256 216 9 18 10 58
internal_value=-0.000129218 -0.0219823 0.0153953 0.00506277 -0.0871143 0.093362 0.0297272 0.0236388 -0.022415 -0.0385347 0.106278 0.062434 -0.0368358 0.0269042
internal_weight=1148.09 930.576 591.264 512.05 339.312 217.517 36.6997 305.512 206.538 144.295 180.818 30.3926 6.44808 299.058
internal_count=5121 4116 2456 2114 1660 1005 159 1246 868 612 846 130 28 1216
is_linear=0
shrinkage=0.08


Tree=8
num_leaves=15
num_cat=0
split_feature=6 11 0 14 7 10 0 15 13 8 0 1 6 1
split_gain=322.861 313.616 55.9734 37.0005 32.2411 25.6148 25.8601 18.544 18.2737 18.479 12.5585 23.5044 21.6344 17.2026
threshold=0.58335000000000015 1.0000000180025095e-35 2.5000000000000004 1.0000000180025095e-35 0.87500000000000011 1.0000000180025095e-35 1.5000000000000002 1.0000000180025095e-35 1.0000000180025095e-35 1.0000000180025095e-35 1.5000000000000002 14.500000000000002 0.36665000000000009 9.5000000000000018
decision_type=2 2 2 2 2 2 2 2 2 2 2 2 2 2
left_child=1 4 3 8 -1 6 -2 -5 9 -3 -6 12 13 -12
right_child=5 2 -4 7 10 -7 -8 -9 -10 -11 11 -13 -14 -15
leaf_value=0.084109572443750266 -0.12252488640564284 -0.014450425597543884 0.081732801314241862 0.025695038524621693 -0.10861260782503018 0.10233269564954879 0.058700298522749189 -0.11995466409594173 -0.060040423111343534 0.088911040161916463 -0.11040723346695595 -0.10023725326755795 -0.10228121791350374 -0.000240793597252751
leaf_weight=7.1748058050870887 6.0659658908843985 144.45833598077297 69.384853035211563 300.80950386822224 114.28842805325985 173.08151690661907 29.775672137737274 5.7005542218685141 55.274489268660545 11.988482549786566 10.975759103894232 111.59874920547009 29.534769952297211 52.284525185823441
leaf_count=33 29 607 307 1227 589 846 130 28 236 51 55 573 148 262
internal_value=-0.000132344 -0.020652 0.0142546 0.00522011 -0.0835989 0.0895856 0.0280291 0.0229862 -0.0205 -0.00652986 -0.0873747 -0.0754993 -0.0457486 -0.0193548
internal_weight=1122.4 913.473 587.616 518.231 325.857 208.923 35.8416 306.51 211.721 156.447 318.682 204.394 92.7951 63.2603
internal_count=5121 4116 2456 2149 1660 1005 159 1255 894 658 1627 1038 465 317
is_linear=0
shrinkage=0.08


Tree=9
num_leaves=15
num_cat=0
split_feature=6 11 8 14 7 15 15 10 0 1 9 0 1 1
split_gain=284.437 278.648 50.2206 29.0156 28.5735 24.6889 18.3339 18.0317 22.4244 15.7453 18.4101 12.2515 22.2941 19.9949
threshold=0.58335000000000015 1.0000000180025095e-35 1.0000000180025095e-35 1.0000000180025095e-35 0.87500000000000011 1.0000000180025095e-35 1.0000000180025095e-35 1.0000000180025095e-35 1.5000000000000002 11.500000000000002 1.0000000180025095e-35 1.5000000000000002 14.500000000000002 12.500000000000002
decision_type=2 2 2 2 2 2 2 2 2 2 2 2 2 2
left_child=1 4 3 9 -1 7 -5 8 -2 10 -3 -6 13 -13
right_child=5 2 -4 6 11 -7 -8 -9 -10 -11 -12 12 -14 -15
leaf_value=0.079995823510701544 -0.1206810771177764 -0.01408830646927858 0.073983274125801662 0.022576222156315346 -0.10566773897200323 -0.10946444877029569 -0.11933773694262627 0.10082721895364284 0.063786456451032508 0.01445762736936099 -0.075769702198344127 -0.075901798344146607 -0.097054231688334075 -0.0001646516458727946
leaf_weight=6.9496353864669791 4.9689277410507193 96.733505219221115 75.711625099182129 298.34428597986698 108.31985512375832 4.0543085336685172 5.9422422647476187 163.78465256094933 27.89134156703949 62.050318583846092 45.552681043744087 51.477181166410446 106.25766867399216 39.372092574834824
leaf_count=33 24 396 342 1216 589 21 30 837 123 256 216 266 573 199
internal_value=-0.000142441 -0.0194108 0.0131954 0.00414674 -0.0804043 0.0859474 0.0198049 0.0899763 0.0358924 -0.0191705 -0.0338355 -0.0840541 -0.0721763 -0.043079
internal_weight=1097.41 896.711 584.335 508.623 312.376 200.699 304.287 196.645 32.8603 204.337 142.286 305.427 197.107 90.8493
internal_count=5121 4116 2456 2114 1660 1005 1246 984 147 868 612 1627 1038 465
is_linear=0
shrinkage=0.08


Tree=10
num_leaves=15
num_cat=0
split_feature=6 11 0 14 7 10 0 13 15 8 1 1 0 1
split_gain=251.654 247.911 45.188 27.2129 25.3606 22.0388 19.8433 15.8573 14.2243 13.8571 12.4722 13.8306 12.0509 21.2589
threshold=0.58335000000000015 1.0000000180025095e-35 2.5000000000000004 1.0000000180025095e-35 0.87500000000000011 1.0000000180025095e-35 1.5000000000000002 1.0000000180025095e-35 1.0000000180025095e-35 1.0000000180025095e-35 18.500000000000004 4.5000000000000009 1.5000000000000002 14.500000000000002
decision_type=2 2 2 2 2 2 2 2 2 2 2 2 2 2
left_child=1 4 3 7 -1 6 -2 9 10 -3 11 -5 -6 -14
right_child=5 2 -4 8 12 -7 -8 -9 -10 -11 -12 -13 13 -15
leaf_value=0.076179217043285827 -0.11390492227008618 -0.011730463460131076 0.074386807999010568 -0.0274636575714487 -0.10309386860360276 0.09549633678973575 0.051439216570025467 -0.05519562420593311 -0.11211682310570616 0.079705019604255578 -0.061306210416142599 0.030776196661530086 -0.040533091550318361 -0.0941681087738864
leaf_weight=6.7234170734882346 5.5393120050430289 143.4048819988966 66.290424853563309 29.011723011732101 102.38499382138252 157.60549396276474 28.783241614699364 54.341624781489372 5.1701333224773398 11.455072715878485 11.149717614054678 259.69427414238453 88.971021711826324 100.97056768834591
leaf_count=33 29 607 307 117 589 846 130 236 28 51 45 1065 465 573
internal_value=-0.000151392 -0.0182619 0.0122218 0.00420792 -0.0774371 0.0828455 0.0247543 -0.0180142 0.0194489 -0.00496693 0.0217174 0.0249237 -0.0809702 -0.0690448
internal_weight=1071.5 879.568 580.518 514.227 299.05 191.928 34.3226 209.202 305.026 154.86 299.856 288.706 292.327 189.942
internal_count=5121 4116 2456 2149 1660 1005 159 894 1255 658 1227 1182 1627 1038
is_linear=0
shrinkage=0.08


Tree=11
num_leaves=15
num_cat=0
split_feature=6 11 0 9 7 15 0 1 1 10 0 0 1 6
split_gain=222.446 220.787 39.8072 39.9814 22.5293 21.9407 21.1885 19.3159 19.2918 15.8308 17.3712 11.9472 20.3822 20.2355
threshold=0.58335000000000015 1.0000000180025095e-35 1.5000000000000002 1.0000000180025095e-35 0.87500000000000011 1.0000000180025095e-35 2.5000000000000004 13.500000000000002 9.5000000000000018 1.0000000180025095e-35 1.5000000000000002 1.5000000000000002 14.500000000000002 0.36665000000000009
decision_type=2 2 2 2 2 2 2 2 2 2 2 2 2 2
left_child=1 4 3 -3 -1 9 7 8 -4 10 -2 -6 13 -13
right_child=5 2 6 -5 11 -7 -8 -9 -10 -11 -12 12 -14 -15
leaf_value=0.072608885201396245 -0.11257912430086446 -0.0009679490589399848 -0.015944349712784491 -0.098450315059923257 -0.10083164646684387 -0.10791019588100702 0.07036383470470374 -0.0083149576677071495 0.049946701834983877 0.094772059228700203 0.056687965348760527 -0.012419329359023536 -0.091525910800996119 -0.09595466500562197
leaf_weight=6.4990609735250464 4.5336418449878719 210.89145456254482 36.161305502057076 30.868144139647484 96.546194419264793 3.901848390698432 64.547059312462807 101.12033788859844 133.15162302553654 148.37333965301514 26.925356850028038 60.437245592474937 95.787703067064285 26.78359466791153
leaf_count=33 24 858 157 170 589 21 307 412 552 837 123 317 573 148
internal_value=-0.000155141 -0.0171755 0.0113253 -0.0134146 -0.0746387 0.0797704 0.0291805 0.0193508 0.0358739 0.0838425 0.0322944 -0.0780619 -0.0660497 -0.0380712
internal_weight=1046.53 862.794 576.74 241.76 286.054 183.734 334.98 270.433 169.313 179.832 31.459 279.555 183.009 87.2208
internal_count=5121 4116 2456 1028 1660 1005 1428 1121 709 984 147 1627 1038 465
is_linear=0
shrinkage=0.08


Tree=12
num_leaves=15
num_cat=0
split_feature=6 11 8 10 10 15 14 10 0 15 1 1 1 0
split_gain=197.426 196.857 36.996 21.7706 20.4117 19.5829 18.707 14.9853 15.2751 13.2488 12.7459 18.1312 16.6426 11.1708
threshold=0.58335000000000015 1.0000000180025095e-35 1.0000000180025095e-35 1.0000000180025095e-35 0.68500000000000016 1.0000000180025095e-35 1.0000000180025095e-35 1.0000000180025095e-35 1.5000000000000002 1.0000000180025095e-35 9.5000000000000018 14.500000000000002 12.500000000000002 2.5000000000000004
decision_type=2 2 2 2 2 2 2 2 2 2 2 2 2 2
left_child=1 4 3 6 10 7 -3 8 -2 -8 -1 12 -12 -4
right_child=5 2 13 -5 -6 -7 9 -9 -10 -11 11 -13 -14 -15
leaf_value=-0.099516933758193662 -0.10926656260087628 -0.019671631341205042 0.026798919185758604 0.085312426166622782 0.10746863361591703 -0.10510358564821007 0.014796511524216568 0.092111737355216161 0.053219597850823946 -0.11359922606965657 -0.067877379537437582 -0.086919462065883427 0.0024406959088387114 0.091408671703901018
leaf_weight=88.714776024222374 4.3066914081573513 194.35992339253426 29.187962517142296 19.694811835885048 3.9956081807613364 3.6940594017505637 282.35735000669956 140.7589428126812 26.407572939991951 5.2389034628868094 47.814670041203499 93.647190853953362 39.20223668217659 41.444842502474785
leaf_count=565 24 839 129 87 21 21 1158 837 123 30 279 589 206 213
internal_value=-0.000163098 -0.0161751 0.0105022 0.00286973 -0.0720215 0.0771384 -0.000499233 0.0810644 0.0304361 0.0124576 -0.0746838 -0.0624895 -0.0361982 0.0647096
internal_weight=1020.83 845.658 572.284 501.651 273.374 175.167 481.956 171.473 30.7143 287.596 269.379 180.664 87.0169 70.6328
internal_count=5121 4116 2456 2114 1660 1005 2027 984 147 1188 1639 1074 485 342
is_linear=0
shrinkage=0.08


Tree=13
num_leaves=15
num_cat=0
split_feature=6 11 8 10 7 10 14 0 1 1 1 15 5 6
split_gain=175.337 175.489 32.5341 18.8679 18.5672 17.9786 15.8716 13.5893 11.9953 18.774 14.9645 11.7459 11.3401 13.7098
threshold=0.58335000000000015 1.0000000180025095e-35 1.0000000180025095e-35 1.0000000180025095e-35 0.87500000000000011 1.0000000180025095e-35 1.0000000180025095e-35 1.5000000000000002 9.5000000000000018 14.500000000000002 12.500000000000002 1.0000000180025095e-35 1.5000000000000002 1.4166500000000002
decision_type=2 2 2 2 2 2 2 2 2 2 2 2 2 2
left_child=1 4 3 6 -1 7 -3 -2 -6 10 -10 -8 -9 -14
right_child=5 2 -4 -5 8 -7 11 12 9 -11 -12 -13 13 -15
leaf_value=0.067763514198910621 -0.10470305097735282 -0.018150544537907817 0.061399667855740012 0.080247979816694459 -0.097672031017525238 0.087456786902895975 0.013628195214867758 0.069778505859591541 -0.065000329875338561 -0.086933080159691964 0.0022426636899920164 -0.1104658692097841 -0.14295543070672917 0.11240033642204403
leaf_weight=6.1617870032787314 4.7142744809389141 193.81938676536083 68.596504032611847 19.280013680458069 83.37726716697216 134.89114737510681 282.0512665361166 21.246122360229496 46.011847525835037 86.578089669346809 39.248678937554359 4.9676212668418875 3.9101842045783988 2.0516544580459595
leaf_count=33 29 839 342 87 565 846 1158 102 279 577 206 30 18 10
internal_value=-0.000161999 -0.0152022 0.0097345 0.00264808 -0.0694602 0.0746804 -0.00046342 0.0206924 -0.0727733 -0.0606922 -0.0340458 0.0114804 0.0424195 -0.0550796
internal_weight=996.906 830.092 568.715 500.118 261.378 166.813 480.838 31.9222 255.216 171.839 85.2605 287.019 27.208 5.96184
internal_count=5121 4116 2456 2114 1660 1005 2027 159 1627 1062 485 1188 130 28
is_linear=0
shrinkage=0.08


Tree=14
num_leaves=15
num_cat=0
split_feature=6 11 8 15 10 10 14 10 0 1 6 1 0 0
split_gain=155.693 156.666 28.4771 17.1378 16.7378 16.379 13.4651 13.3089 12.7326 17.0289 18.7126 13.9494 11.9771 10.9723
threshold=0.58335000000000015 1.0000000180025095e-35 1.0000000180025095e-35 1.0000000180025095e-35 0.68500000000000016 1.0000000180025095e-35 1.0000000180025095e-35 1.0000000180025095e-35 1.5000000000000002 14.500000000000002 0.36665000000000009 9.5000000000000018 1.5000000000000002 2.5000000000000004
decision_type=2 2 2 2 2 2 2 2 2 2 2 2 2 2
left_child=1 4 5 7 8 6 -3 12 -1 10 11 -10 -2 -4
right_child=3 2 13 -5 -6 -7 -8 -9 9 -11 -12 -13 -14 -15
leaf_value=-0.095669066492475599 -0.10384437517312392 -0.016745880971327697 0.020374997893784136 -0.10326817434750371 0.10305338465245301 0.075600469603743767 0.010579650367337668 0.08743121077522327 -0.099653011515677611 -0.082276740573771281 -0.090484091949062095 0.010207318858191284 0.047488962620883368 0.085951273778116261
leaf_weight=80.611057937145233 3.8584005236625698 193.29361793398857 28.414366096258163 3.4817762896418563 3.646863341331481 18.846163183450699 286.44347505271435 126.35275782644749 8.7076472491025907 83.609313815832138 23.894914790987968 49.143539115786552 25.255034595727921 38.397088140249252
leaf_count=589 24 839 129 21 21 87 1188 837 55 585 148 262 123 213
internal_value=-0.000163882 -0.0142893 0.009016 0.0722644 -0.0670777 0.00244368 -0.000430236 0.0761956 -0.0696002 -0.0568916 -0.0309278 -0.00632864 0.0274328 0.0580622
internal_weight=973.956 815.008 565.395 158.948 249.613 498.583 479.737 155.466 245.966 165.355 81.7461 57.8512 29.1134 66.8115
internal_count=5121 4116 2456 1005 1660 2114 2027 984 1639 1050 465 317 147 342
is_linear=0
shrinkage=0.08


Tree=15
num_leaves=15
num_cat=0
split_feature=6 11 0 9 10 7 8 2 0 0 0 1 6 1
split_gain=138.481 139.867 25.8919 34.8878 15.6266 15.3928 14.8024 12.2081 28.123 16.1215 12.0435 17.6651 17.1693 12.5914
threshold=0.58335000000000015 1.0000000180025095e-35 1.5000000000000002 1.0000000180025095e-35 1.0000000180025095e-35 0.87500000000000011 1.5000000000000002 1.0000000180025095e-35 2.5000000000000004 1.5000000000000002 1.5000000000000002 14.500000000000002 0.36665000000000009 9.5000000000000018
decision_type=2 2 2 2 2 2 2 2 2 2 2 2 2 2
left_child=1 5 3 -3 7 -1 -4 8 9 -2 -7 12 13 -12
right_child=4 2 6 -5 -6 10 -8 -9 -10 -11 11 -13 -14 -15
leaf_value=0.063595349949601379 -0.10024866143329896 -0.00040640836379321 0.018728093666295225 -0.09487809184529114 0.082912783100757823 -0.094239910088020851 0.090431256326800186 0.11106491512515533 -0.17535098965742396 0.07891271989135247 -0.097788939702078484 -0.082744698885889797 -0.088147300807440807 0.0093414070768780243
leaf_weight=5.8332549333572379 4.1836473792791447 209.69075010716915 304.56190386414528 28.407080963253975 120.98326975107193 75.495566055178642 19.612797886133194 7.0083146691322318 5.099133387207984 13.874159410595894 8.1850884109735471 76.95009671151638 22.61857782304287 49.392142489552498
leaf_count=33 29 858 1314 170 846 589 114 35 25 70 55 573 148 262
internal_value=-0.00016382 -0.0134208 0.00835368 -0.0116777 0.0700684 -0.0647604 0.0230662 0.0185539 -0.00944406 0.0374045 -0.0679788 -0.0553626 -0.0290886 -0.00588807
internal_weight=951.896 800.747 562.273 238.098 151.149 238.475 324.175 30.1653 23.1569 18.0578 232.641 157.146 80.1958 57.5772
internal_count=5121 4116 2456 1028 1005 1660 1428 159 124 99 1627 1038 465 317
is_linear=0
shrinkage=0.08


Tree=16
num_leaves=15
num_cat=0
split_feature=6 11 0 13 1 0 15 10 10 1 6 1 1 14
split_gain=123.254 124.978 23.0359 15.863 20.7787 14.7491 14.5152 12.0049 11.6449 15.4693 15.7628 11.3889 10.9653 12.029
threshold=0.58335000000000015 1.0000000180025095e-35 2.5000000000000004 1.0000000180025095e-35 5.5000000000000009 1.5000000000000002 1.0000000180025095e-35 1.0000000180025095e-35 0.68500000000000016 14.500000000000002 0.36665000000000009 9.5000000000000018 18.500000000000004 1.0000000180025095e-35
decision_type=2 2 2 2 2 2 2 2 2 2 2 2 2 2
left_child=1 5 3 -3 -5 -1 7 -2 9 10 11 -7 13 -6
right_child=6 2 -4 4 12 8 -8 -9 -10 -11 -12 -13 -14 -15
leaf_value=-0.092959571898236198 0.024408245190714623 0.0099155085126212145 0.056300589099709364 -0.095341148429015504 -0.034399139948219228 -0.096131727957362592 -0.10057988605162259 0.083312551723045719 0.099514624905546523 -0.078131887373900713 -0.08595972736590192 0.0085530877070311411 -0.14280646174883116 0.025271144083516779
leaf_weight=70.611704133450985 27.538498118519783 390.5037652105093 56.207258343696594 21.296925008296967 39.627674981951714 7.680688649415969 3.1984388902783385 113.02799364924431 3.3105153143405905 74.997640907764435 21.38920633494854 49.619050458073616 3.6806911379098883 47.585862144827843
leaf_count=589 147 1664 307 95 177 55 21 837 21 585 148 262 15 198
internal_value=-0.000171899 -0.0126216 0.00772915 0.00229828 -0.024215 -0.0625937 0.0679381 0.0717726 -0.0489362 -0.0521339 -0.0273555 -0.00547929 -0.00754982 -0.00184156
internal_weight=930.276 786.511 558.902 502.695 112.191 227.609 143.765 140.566 156.997 153.687 78.6889 57.2997 90.8942 87.2135
internal_count=5121 4116 2456 2149 485 1660 1005 984 1071 1050 465 317 390 375
is_linear=0
shrinkage=0.08


Tree=17
num_leaves=15
num_cat=0
split_feature=6 11 8 0 10 10 6 1 2 0 1 15 14 10
split_gain=109.423 111.567 21.5082 14.5662 13.8014 13.6307 11.0805 15.7431 10.9364 23.6427 14.3992 10.5887 10.9307 10.2653
threshold=0.58335000000000015 1.0000000180025095e-35 1.0000000180025095e-35 1.5000000000000002 1.0000000180025095e-35 1.0000000180025095e-35 0.36665000000000009 16.500000000000004 1.0000000180025095e-35 2.5000000000000004 11.500000000000002 1.0000000180025095e-35 1.0000000180025095e-35 0.68500000000000016
decision_type=2 2 2 2 2 2 2 2 2 2 2 2 2 2
left_child=1 3 5 -1 8 11 7 -5 9 10 -2 12 -3 -9
right_child=4 2 -4 6 -6 -7 -8 13 -10 -11 -12 -13 -14 -15
leaf_value=-0.091809439993972772 -0.055980999376125676 -0.01455079736976886 0.051441425256176058 -0.014633358801693022 0.07880871594186549 0.069691251452075303 -0.082573665534802873 -0.092895967310453145 0.10715113853866191 -0.16211534872764888 0.093774226203113917 -0.11298840270465579 0.01028726217569398 0.09766612867409237
leaf_weight=65.965947777032852 6.8001208305358984 190.41777287423611 62.296479821205139 79.254105105996132 108.23725318908691 18.104921191930771 40.522848293185234 29.793976120650772 6.577072635293006 5.0678706765174857 10.384097367525099 5.345817655324935 280.33862154185772 1.9261355400085438
leaf_count=589 44 836 342 498 846 87 313 247 35 25 55 33 1158 13
internal_value=-0.000175585 -0.0118432 0.00714379 -0.0604323 0.0657074 0.00155992 -0.0467699 -0.0336959 0.0165195 -0.0102685 0.0345132 -0.00103093 0.000240435 -0.0813245
internal_weight=911.033 773.967 556.504 217.463 137.066 494.207 151.497 110.974 28.8292 22.2521 17.1842 476.102 470.756 31.7201
internal_count=5121 4116 2456 1660 1005 2114 1071 758 159 124 99 2027 1994 260
is_linear=0
shrinkage=0.08


Tree=18
num_leaves=15
num_cat=0
split_feature=6 11 8 0 10 10 1 7 6 1 2 0 0 0
split_gain=97.3346 99.3295 18.7837 14.4869 12.7492 11.8542 10.6624 15.0703 13.5765 10.4241 9.82487 20.0328 13.1727 9.68304
threshold=0.58335000000000015 1.0000000180025095e-35 1.0000000180025095e-35 1.5000000000000002 1.0000000180025095e-35 1.0000000180025095e-35 14.500000000000002 0.87500000000000011 0.36665000000000009 9.5000000000000018 1.0000000180025095e-35 2.5000000000000004 1.5000000000000002 2.5000000000000004
decision_type=2 2 2 2 2 2 2 2 2 2 2 2 2 2
left_child=1 3 5 -1 10 -3 8 -8 9 -5 11 12 -2 -4
right_child=4 2 13 6 -6 -7 7 -9 -10 -11 -12 -13 -14 -15
leaf_value=-0.090773750722234245 -0.097802072867230555 -0.00095345157783953004 0.013436543913108636 -0.094440309080460902 0.076740353084560509 0.065794079255656127 0.060408617700382243 -0.077484277725917872 -0.081960193015093191 0.009065759299712926 0.10440751784175221 -0.14849333680356286 0.071647182377596125 0.077611057821226542
leaf_weight=61.56059817969799 3.8070232793688854 475.08617907762527 27.471777185797691 7.1238417178392401 102.49903251975775 17.661761790513992 5.4982603937387458 65.496243089437485 19.103749588131905 49.471423476934433 6.2243424803018561 5.0889610499143592 12.834973156452179 33.27248127758503
leaf_count=589 29 2027 129 55 846 87 33 573 148 262 35 25 70 213
internal_value=-0.000171641 -0.0111066 0.00661347 -0.0582025 0.0636794 0.00143901 -0.0445338 -0.066805 -0.0236467 -0.00396291 0.0157911 -0.00959101 0.032884 0.0485879
internal_weight=892.201 761.746 553.492 208.254 130.454 492.748 146.694 70.9945 75.699 56.5953 27.9553 21.731 16.642 60.7443
internal_count=5121 4116 2456 1660 1005 2114 1071 606 465 317 159 124 99 342
is_linear=0
shrinkage=0.08


Tree=19
num_leaves=15
num_cat=0
split_feature=6 11 0 9 0 15 1 8 10 1 1 0 12 1
split_gain=86.6692 88.7552 17.2761 31.0654 14.2487 12.0486 11.3855 11.3617 10.4428 10.3256 11.1511 10.5481 10.228 10.1691
threshold=0.58335000000000015 1.0000000180025095e-35 1.5000000000000002 1.0000000180025095e-35 1.5000000000000002 1.0000000180025095e-35 8.5000000000000018 1.5000000000000002 1.0000000180025095e-35 7.5000000000000009 13.500000000000002 2.5000000000000004 2.5000000000000004 14.500000000000002
decision_type=2 2 2 2 2 2 2 2 2 2 2 2 2 2
left_child=1 4 3 6 -1 8 -3 9 -2 -4 -11 -12 -5 -6
right_child=5 2 7 12 13 -7 -8 -9 -10 10 11 -13 -14 -15
leaf_value=-0.089839061289815322 0.020339930608584696 0.0071771489514709319 -0.064726287866982438 -0.10033845266051213 -0.022209976291053143 -0.099532551371632819 -0.048828482875145095 0.082752021361667052 0.077832820586278356 0.032041402255492256 -0.012338920900783652 0.039970437630624918 0.20725277506882855 -0.065154883519332782
leaf_weight=57.394663222134113 25.655350759625435 182.35105338692665 10.104230657219885 25.690866947174076 74.389014706015587 2.8936010524630538 26.622773721814156 16.606031388044357 95.427148461341858 156.21534389257431 100.32302284240723 32.717444077134132 0.71101342141628165 67.138171136379242
leaf_count=589 147 744 46 167 465 21 114 114 837 678 412 178 3 606
internal_value=-0.000169156 -0.0104084 0.00611921 -0.0102883 -0.0562173 0.0617957 4.21633e-05 0.0183418 0.065651 0.0147688 0.0175458 0.000525049 -0.0920549 -0.0425823
internal_weight=874.24 750.264 551.342 235.376 198.922 123.976 208.974 315.966 121.082 299.36 289.256 133.04 26.4019 141.527
internal_count=5121 4116 2456 1028 1660 1005 858 1428 984 1314 1268 590 170 1071
is_linear=0
shrinkage=0.08


Tree=20
num_leaves=15
num_cat=0
split_feature=6 11 8 1 10 10 11 14 9 0 15 1 7 6
split_gain=76.9362 78.5991 15.0784 14.4159 11.6437 36.8187 16.9669 18.8522 12.7779 13.5987 9.74391 9.57719 14.3465 10.1917
threshold=0.58335000000000015 1.0000000180025095e-35 1.0000000180025095e-35 9.5000000000000018 0.68500000000000016 0.67500000000000016 1.0000000180025095e-35 1.0000000180025095e-35 1.0000000180025095e-35 1.5000000000000002 1.0000000180025095e-35 14.500000000000002 0.87500000000000011 0.36665000000000009
decision_type=2 2 2 2 2 2 2 2 2 2 2 2 2 2
left_child=1 3 10 -1 5 8 7 -7 -2 -10 -3 13 -13 -5
right_child=4 2 -4 11 -6 6 -8 -9 9 -11 -12 12 -14 -15
leaf_value=-0.089477023033902314 0.09117963379278915 0.0022482805047400948 0.044340357556842569 -0.0052107195223797479 0.09117963379278915 -0.3302216399031685 0.091179633792789108 0.091179633792789067 -0.098520129562978676 0.042786612548270285 -0.1106790033811568 0.060631623741146487 -0.074302482762161073 -0.077950768933270839
leaf_weight=52.792657025158405 33.133898377418518 484.58851909637451 57.7216637134552 58.117707692086697 46.043209433555603 3.2273277640342704 1.2909311056137083 0.86062073707580555 5.1439429223537436 28.550545692443848 4.939922332763671 5.5125146508216849 59.198731124401093 15.646476812660692
leaf_count=565 308 2081 342 356 428 30 12 8 38 181 33 33 577 129
internal_value=-0.000167924 -0.0097607 0.0056686 -0.0539065 0.0597425 0.0396966 -0.161661 -0.241506 0.0559034 0.0212141 0.00110871 -0.0403456 -0.0628079 -0.02064
internal_weight=856.769 738.518 547.25 191.268 118.25 72.2073 5.37888 4.08795 66.8284 33.6945 489.528 138.475 64.7112 73.7642
internal_count=5121 4116 2456 1660 1005 577 50 38 527 219 2114 1095 610 485
is_linear=0
shrinkage=0.08


Tree=21
num_leaves=15
num_cat=0
split_feature=6 11 0 0 9 10 10 9 0 11 14 1 1 6
split_gain=68.6053 70.0239 14.3902 14.056 28.0406 11.2914 29.2433 12.2352 12.0847 11.2997 11.2306 10.3414 17.7388 10.2298
threshold=0.58335000000000015 1.0000000180025095e-35 1.5000000000000002 1.5000000000000002 1.0000000180025095e-35 0.68500000000000016 0.67500000000000016 1.0000000180025095e-35 1.5000000000000002 1.0000000180025095e-35 1.0000000180025095e-35 9.5000000000000018 13.500000000000002 0.36665000000000009
decision_type=2 2 2 2 2 2 2 2 2 2 2 2 2 2
left_child=1 2 -1 4 -3 6 7 -2 -9 10 -8 -5 -13 -4
right_child=5 3 13 11 -6 -7 9 8 -10 -11 -12 12 -14 -15
leaf_value=-0.088367813633277351 0.090205372761315419 -6.2293007406226953e-05 -0.025287147947194034 -0.024187879632647236 -0.090080620029025602 0.090205372761315419 -0.2370934150744119 -0.09683589274332409 0.040228729878173643 0.09020537276131535 0.090205372761315308 0.041514526397464772 0.00098425166081976805 -0.076514052600323554
leaf_weight=50.328135445713997 30.90328386425972 208.65548162162304 99.489017620682716 35.696045398712158 24.776210203766823 42.943524330854416 4.0884134173393241 4.8276540488004676 27.961669601500034 1.2040240466594694 0.80268269777297963 140.41990411281586 136.0903609842062 33.29948978126049
leaf_count=589 308 858 758 163 170 428 30 38 181 12 8 645 620 313
internal_value=-0.000149119 -0.00913327 -0.0519399 0.00523268 -0.00961675 0.0579292 0.0380682 0.0540881 0.0200484 -0.129336 -0.18338 0.0163354 0.0215667 -0.0381334
internal_weight=841.486 728.755 183.117 545.638 233.432 112.731 69.7877 63.6926 32.7893 6.09512 4.8911 312.206 276.51 132.789
internal_count=5121 4116 1660 2456 1028 1005 577 527 219 50 38 1428 1265 1071
is_linear=0
shrinkage=0.08


Tree=22
num_leaves=15
num_cat=0
split_feature=10 11 9 10 9 8 0 10 1 1 0 10 15 13
split_gain=61.2983 53.6342 48.5792 23.8015 14.9696 13.1025 12.4517 19.3497 15.5278 11.0546 10.5635 9.69965 9.33825 8.38805
threshold=0.68500000000000016 1.0000000180025095e-35 1.0000000180025095e-35 1.0000000180025095e-35 0.7250000000000002 1.5000000000000002 1.5000000000000002 0.67500000000000016 16.500000000000004 12.500000000000002 3.5000000000000004 1.0000000180025095e-35 1.0000000180025095e-35 1.0000000180025095e-35
decision_type=2 2 2 2 2 2 2 2 2 2 2 2 2 2
left_child=1 2 -1 5 6 12 -4 8 9 -8 -7 -11 13 -3
right_child=-2 3 4 -5 -6 10 7 -9 -10 11 -12 -13 -14 -15
leaf_value=0.089325087941907938 0.090255471843890198 0.0079608061104922967 -0.088241564013403231 0.074018935248601828 0.099441552689190568 0.094704633375176747 -0.047336954797552892 -0.1088810656916616 -0.081931765634947334 0.004181048680993899 -0.20384313000437673 0.21971905167715344 -0.10671894400826804 -0.016331194582914557
leaf_weight=17.203385055065155 45.378474324941635 397.62114831805229 50.476795546710491 32.427531607449055 4.1502542048692694 13.768067479133602 36.295158542692661 23.136475317180157 27.211883760988712 53.574464447796345 0.80273061990737993 1.3704328909516323 5.0683930888772002 117.96250054985285
leaf_count=184 465 1746 619 252 28 105 273 224 271 367 6 12 38 531
internal_value=-0.000135747 -0.00538729 -0.0395766 0.00746682 -0.0508782 0.00343463 -0.0541263 -0.0419641 -0.0288937 -0.0130753 0.0782571 0.00955699 0.00134067 0.00240294
internal_weight=826.448 781.069 213.419 567.65 196.215 535.223 192.065 141.588 118.452 91.2401 14.5708 54.9449 520.652 515.584
internal_count=5121 4656 1978 2678 1794 2426 1766 1147 923 652 111 379 2315 2277
is_linear=0
shrinkage=0.08


Tree=23
num_leaves=15
num_cat=0
split_feature=10 11 9 10 0 10 10 8 1 9 0 15 1 0
split_gain=55.8363 47.4007 43.4603 21.2719 14.7207 17.3476 11.9618 11.8459 9.6991 8.87605 8.80246 8.40869 8.35476 7.41251
threshold=0.68500000000000016 1.0000000180025095e-35 1.0000000180025095e-35 1.0000000180025095e-35 1.5000000000000002 0.67500000000000016 1.0000000180025095e-35 1.5000000000000002 16.500000000000004 0.7250000000000002 3.5000000000000004 1.0000000180025095e-35 12.500000000000002 1.5000000000000002
decision_type=2 2 2 2 2 2 2 2 2 2 2 2 2 2
left_child=1 2 -1 7 -4 6 8 11 12 -10 -9 13 -6 -3
right_child=-2 3 4 -5 5 -7 -8 10 9 -11 -12 -13 -14 -15
leaf_value=0.088528242706293336 0.089380300764088677 -0.00853055602614863 -0.087554551631383912 0.071317150504031313 -0.045686803345960585 -0.1001338715667365 0.12986899631691709 0.093376076425369769 -0.08190197197721201 0.097302713129546081 -0.1631456264867602 -0.10440582854473186 0.0045955669049564151 0.010782634482168898
leaf_weight=16.017831683158875 42.283021822571754 228.65376541763544 46.946667548269033 31.022031679749489 34.711743846535683 22.611467748880386 3.1596466600894919 12.882945254445072 25.519980870187286 1.900630623102187 0.91706514358520586 4.7781128957867613 54.125304184854031 286.60584805905819
leaf_count=184 465 1004 619 252 267 228 28 105 269 13 6 38 370 1273
internal_value=-0.000126278 -0.00504229 -0.0379941 0.00691624 -0.0487183 -0.0358812 -0.0237151 0.00317382 -0.0278892 -0.0694806 0.0763292 0.00123253 -0.0150515 0.00221213
internal_weight=812.136 769.853 204.993 564.86 188.975 142.029 119.417 533.838 116.258 27.4206 13.8 520.038 88.837 515.26
internal_count=5121 4656 1978 2678 1794 1175 947 2426 919 282 111 2315 637 2277
is_linear=0
shrinkage=0.08


Tree=24
num_leaves=15
num_cat=0
split_feature=10 11 9 10 1 10 10 8 1 9 15 0 0 13
split_gain=50.9104 41.8225 38.8647 18.9946 14.7311 15.571 12.9096 10.7194 8.93274 7.97939 7.58559 7.55761 7.11524 6.94723
threshold=0.68500000000000016 1.0000000180025095e-35 1.0000000180025095e-35 1.0000000180025095e-35 9.5000000000000018 0.67500000000000016 1.0000000180025095e-35 1.5000000000000002 16.500000000000004 0.7250000000000002 1.0000000180025095e-35 3.5000000000000004 1.5000000000000002 1.0000000180025095e-35
decision_type=2 2 2 2 2 2 2 2 2 2 2 2 2 2
left_child=1 2 -1 7 -4 6 8 10 12 -10 13 -9 -6 -3
right_child=-2 3 4 -5 5 -7 -8 11 9 -11 -12 -13 -14 -15
leaf_value=0.087805706393630209 0.088586738921857131 0.0071015863090181106 -0.087402833089110621 0.068685360134087534 -0.087366465074319305 -0.096162651372651342 0.15041336713629222 0.09218371574958234 -0.079660094941067322 0.095698425042924778 -0.10231339911824699 -0.13554567098018491 -0.007351582064522565 -0.015031404957144433
leaf_weight=14.903030812740324 39.367526032030582 396.77836374938488 43.145665191113949 29.689343400299549 7.7977012433111659 21.70012991130352 2.7027958258986464 12.039980269968506 24.269066646695141 1.7827071398496617 4.4972557052969924 1.0109808146953589 80.952938847243786 117.68396838009357
leaf_count=184 465 1746 590 252 102 228 25 105 270 13 38 6 566 531
internal_value=-0.000117196 -0.00471834 -0.0364086 0.00641045 -0.0465603 -0.0339015 -0.0224035 0.00293514 -0.0264721 -0.0676604 0.00113433 0.0745429 -0.0143818 0.00203863
internal_weight=798.321 758.954 197.254 561.7 182.351 139.205 117.505 532.011 114.802 26.0518 518.96 13.051 88.7506 514.462
internal_count=5121 4656 1978 2678 1794 1204 976 2426 951 283 2315 111 668 2277
is_linear=0
shrinkage=0.08


Tree=25
num_leaves=15
num_cat=0
split_feature=10 11 9 10 1 10 10 8 1 9 14 15 1 1
split_gain=46.4581 36.8663 34.7645 16.9489 14.5396 13.9094 11.6462 9.70819 8.27022 7.16548 6.9879 6.85428 6.74994 7.60611
threshold=0.68500000000000016 1.0000000180025095e-35 1.0000000180025095e-35 1.0000000180025095e-35 9.5000000000000018 0.67500000000000016 1.0000000180025095e-35 1.5000000000000002 16.500000000000004 0.7250000000000002 1.0000000180025095e-35 1.0000000180025095e-35 21.500000000000004 9.5000000000000018
decision_type=2 2 2 2 2 2 2 2 2 2 2 2 2 2
left_child=1 2 -1 7 -4 6 8 11 -6 -10 -7 12 13 -3
right_child=-2 3 4 -5 5 10 -8 -9 9 -11 -12 -13 -14 -15
leaf_value=0.087149554503806334 0.087866040651780136 -0.0073092670597375911 -0.086792368368485071 0.066114777117514192 -0.013383199569390729 -0.10327755717505939 0.14920607160154015 0.072872447744494806 -0.077364438988961726 0.094265766330200729 0.098136460117705659 -0.10041708765544162 -0.071491113821073274 0.012329346463736204
leaf_weight=13.856586098670958 36.626721180975437 239.92866440862417 40.097188774496317 28.428738757967949 87.894603874534369 19.728670276701454 2.5143953263759604 12.328686453402041 23.041059732437137 1.6696304082870472 1.1676682233810414 4.2266728058457366 7.9020879864692679 266.31885480880737
leaf_count=184 465 1055 590 252 668 219 25 111 270 13 9 38 36 1186
internal_value=-0.000108292 -0.00440972 -0.0348571 0.005935 -0.0444565 -0.0319761 -0.0210765 0.00271129 -0.0248788 -0.0657679 -0.0920227 0.00104263 0.0018767 0.00302191
internal_weight=785.73 749.104 189.97 559.134 176.113 136.016 115.12 530.705 112.605 24.7107 20.8963 518.376 514.15 506.248
internal_count=5121 4656 1978 2678 1794 1204 976 2426 951 283 228 2315 2277 2241
is_linear=0
shrinkage=0.08


Tree=26
num_leaves=15
num_cat=0
split_feature=10 11 9 10 0 10 8 10 1 1 1 9 1 0
split_gain=42.4302 32.4557 31.1015 15.1083 14.5034 12.7623 8.97914 8.49794 7.81534 7.44137 7.84601 14.3223 20.2487 11.0472
threshold=0.68500000000000016 1.0000000180025095e-35 1.0000000180025095e-35 1.0000000180025095e-35 1.5000000000000002 0.67500000000000016 1.0000000180025095e-35 1.0000000180025095e-35 16.500000000000004 18.500000000000004 11.500000000000002 1.0000000180025095e-35 9.5000000000000018 1.5000000000000002
decision_type=2 2 2 2 2 2 2 2 2 2 2 2 2 2
left_child=1 2 -1 6 -4 7 9 8 -6 10 11 -3 -13 -12
right_child=-2 3 4 -5 5 -7 -8 -9 -10 -11 13 12 -14 -15
leaf_value=0.086552850237431062 0.087210581023460285 0.004192762751228876 -0.085926269807434758 0.063598490914512792 -0.011668079810947123 -0.088828035245176337 0.034498240541168304 0.12312743991333597 -0.063792293792552579 -0.044355946224332088 -0.089980735837304315 -0.079221710786126054 0.0032584052406694122 0.018424819039266346
leaf_weight=12.875831127166746 34.054478630423546 201.71505810320377 38.043312449008226 27.238889470696449 86.246700316667557 19.953765444457531 50.75534925609827 2.6151092648506156 23.405881479382515 23.946272350847721 6.2367144823074332 36.77644032612443 39.519091103225946 170.22866409271955
leaf_count=184 465 831 619 252 637 228 330 28 282 103 28 230 175 729
internal_value=-9.95956e-05 -0.00411998 -0.0333317 0.00549486 -0.0423977 -0.0298734 0.00250403 -0.0193952 -0.0227942 -0.0008902 0.0014 -0.00697448 -0.0364992 0.0145935
internal_weight=773.612 739.557 183.141 556.416 170.265 132.221 529.178 112.268 109.653 478.422 454.476 278.011 76.2955 176.465
internal_count=5121 4656 1978 2678 1794 1175 2426 947 919 2096 1993 1236 405 757
is_linear=0
shrinkage=0.08


Tree=27
num_leaves=15
num_cat=0
split_feature=10 11 9 1 10 10 10 8 0 1 9 1 14 15
split_gain=38.7868 28.4252 27.7669 14.4482 13.4518 11.3194 9.5402 8.32939 7.14084 6.96093 6.59636 6.425 6.424 6.09925
threshold=0.68500000000000016 1.0000000180025095e-35 1.0000000180025095e-35 9.5000000000000018 1.0000000180025095e-35 0.67500000000000016 1.0000000180025095e-35 1.5000000000000002 3.5000000000000004 16.500000000000004 0.7250000000000002 12.500000000000002 1.0000000180025095e-35 1.0000000180025095e-35
decision_type=2 2 2 2 2 2 2 2 2 2 2 2 2 2
left_child=1 2 -1 -4 7 6 9 13 -9 11 -11 -5 -7 -3
right_child=-2 4 3 5 -6 12 -8 8 -10 10 -12 -13 -14 -15
leaf_value=0.086009536114681012 0.086613704325340851 0.0015741053885713477 -0.085874669893110891 -0.039429287200772642 0.061131240189896074 -0.096145893999641768 0.14627443591604264 0.089979792790100724 -0.13116434771581556 -0.073017973586380319 0.093837593707266728 0.005711633278352668 0.09798501253064229 -0.098989911221681035
leaf_weight=11.957913041114805 31.644053943455219 510.92810651659966 34.989424269646406 32.193512994796038 26.118000365793705 18.166532743722204 2.2133370935916892 10.350937977433201 1.0272380411624915 21.007327020168308 1.6343314498662938 54.074965666979551 1.1606256067752827 3.889239788055419
leaf_count=184 465 2277 590 288 252 219 25 105 6 270 13 380 9 38
internal_value=-9.60122e-05 -0.00385619 -0.0317164 -0.0402256 0.00509226 -0.0279816 -0.0181537 0.00231073 0.0700146 -0.0214954 -0.0609739 -0.011134 -0.084488 0.000814384
internal_weight=761.356 729.711 177.398 165.44 552.314 130.451 111.123 526.196 11.3782 108.91 22.6417 86.2685 19.3272 514.817
internal_count=5121 4656 1978 1794 2678 1204 976 2426 111 951 283 668 228 2315
is_linear=0
shrinkage=0.08


Tree=28
num_leaves=15
num_cat=0
split_feature=10 11 9 0 6 10 8 14 1 1 0 13 1 1
split_gain=35.4741 24.9812 24.8592 14.2223 12.2901 10.2471 8.46861 7.61381 9.26633 9.62959 7.02065 10.6383 10.711 13.9185
threshold=0.68500000000000016 1.0000000180025095e-35 1.0000000180025095e-35 1.5000000000000002 0.58335000000000015 0.67500000000000016 1.0000000180025095e-35 1.0000000180025095e-35 15.500000000000002 4.5000000000000009 2.5000000000000004 1.0000000180025095e-35 11.500000000000002 16.500000000000004
decision_type=2 2 2 2 2 2 2 2 2 2 2 2 2 2
left_child=1 2 -1 -4 6 -5 7 -3 9 -9 11 12 -8 -14
right_child=-2 4 3 5 -6 -7 10 8 -10 -11 -12 -13 13 -15
leaf_value=0.085514265468035741 0.086069518275022364 -0.013574732929929927 -0.085063661133525259 -0.01676643624281866 0.062708463417731591 -0.0810895170949084 0.054923399437590711 -0.02882082419265786 -0.021699567242897958 0.020402948805864605 0.064094221242891061 -0.099518094498761964 -0.21969790959878238 0.11390662355322123
leaf_weight=11.099872738122938 29.388309963047504 188.24370123445988 33.024480886757374 108.71287977695465 22.430097118020058 18.556162215769291 17.56466634571553 29.086376219987869 57.3218102902174 202.63491428643465 24.522233135998249 5.0717698484659186 2.2115979194641109 1.2543763518333433
leaf_count=184 465 852 619 947 238 228 90 120 235 891 213 21 12 6
internal_value=-8.77072e-05 -0.00359594 -0.0302662 -0.0382836 0.00471 -0.0261449 0.00224574 -0.00105421 0.00709997 0.0142242 0.0333575 0.00448145 0.0295621 -0.0989626
internal_weight=751.123 721.735 171.393 160.294 550.342 127.269 527.911 477.287 289.043 231.721 50.6246 26.1024 21.0306 3.46597
internal_count=5121 4656 1978 1794 2678 1175 2440 2098 1246 1011 342 129 108 18
is_linear=0
shrinkage=0.08


Tree=29
num_leaves=15
num_cat=0
split_feature=10 11 9 1 10 10 10 8 0 1 6 0 14 15
split_gain=32.4588 21.8017 22.1837 14.1481 11.1781 9.04509 8.51279 6.84155 6.56012 6.53174 6.56128 5.94197 5.82738 5.54225
threshold=0.68500000000000016 1.0000000180025095e-35 1.0000000180025095e-35 9.5000000000000018 1.0000000180025095e-35 0.67500000000000016 1.0000000180025095e-35 1.5000000000000002 3.5000000000000004 16.500000000000004 0.36665000000000009 1.5000000000000002 1.0000000180025095e-35 1.0000000180025095e-35
decision_type=2 2 2 2 2 2 2 2 2 2 2 2 2 2
left_child=1 2 -1 -4 7 6 9 13 -9 11 -11 -5 -7 -3
right_child=-2 4 3 5 -6 12 -8 8 -10 10 -12 -13 -14 -15
leaf_value=0.085062309596255548 0.085572863044356517 0.0013234663373278533 -0.085084605595220769 -0.085430457037925456 0.057386863324911185 -0.088552288976155719 0.14443011913761999 0.088554859554021592 -0.12114734055256453 -0.085762720834033954 0.013233233967650318 -0.0028531115169650044 0.097713194225437838 -0.097237321825935585
leaf_weight=10.298699021339415 27.279871702194214 508.84428220242262 30.456525225192308 6.0034152977168551 24.325458839535713 16.917762931436304 2.0874071530997744 9.1607683897018397 1.0658230483531959 15.415513653308155 5.9343037270009509 78.485994331538677 1.1478877365589131 3.6777804046869269
leaf_count=184 465 2277 590 102 252 219 25 105 6 246 37 566 9 38
internal_value=-6.99643e-05 -0.00334295 -0.028667 -0.0361536 0.00437581 -0.0243254 -0.0155556 0.001909 0.0666995 -0.0187109 -0.0582462 -0.00872066 -0.076717 0.000616209
internal_weight=741.101 713.822 166.748 156.449 547.074 125.992 107.927 522.749 10.2266 105.839 21.3498 84.4894 18.0657 512.522
internal_count=5121 4656 1978 1794 2678 1204 976 2426 111 951 283 668 228 2315
is_linear=0
shrinkage=0.08


Tree=30
num_leaves=15
num_cat=0
split_feature=10 11 9 1 6 10 10 8 14 1 1 5 0 13
split_gain=29.7267 19.1486 19.8907 13.7197 10.4865 8.05031 7.64551 7.02536 6.42811 7.81227 8.10027 6.29461 6.14055 8.94211
threshold=0.68500000000000016 1.0000000180025095e-35 1.0000000180025095e-35 9.5000000000000018 0.58335000000000015 0.67500000000000016 1.0000000180025095e-35 1.0000000180025095e-35 1.0000000180025095e-35 15.500000000000002 4.5000000000000009 1.5000000000000002 2.5000000000000004 1.0000000180025095e-35
decision_type=2 2 2 2 2 2 2 2 2 2 2 2 2 2
left_child=1 2 -1 -4 7 6 -5 8 -3 10 -10 -6 13 -9
right_child=-2 4 3 5 11 -7 -8 12 9 -11 -12 -13 -14 -15
leaf_value=0.084649505188100868 0.085119138381791651 -0.012649778186518381 -0.084675575228237626 -0.017543042717764367 0.077016769264330973 -0.073266871734551028 0.14199042384584337 0.027534672789659504 -0.026545917040847505 -0.020057199924801372 0.018642567562740981 -0.049959205394765997 0.061052575552512152 -0.090290194107264909
leaf_weight=9.5513724684715253 25.311266519129276 187.80743401497602 28.245201572775841 104.15917398035526 18.09670249000192 17.426829967647791 1.9587265737354744 20.732141464948658 29.04831862449646 57.308690845966339 201.46240595728159 2.8989084251224986 22.79305873811245 5.1454846858978263
leaf_count=184 465 852 590 951 219 228 25 108 120 235 891 19 213 21
internal_value=-6.61156e-05 -0.00311741 -0.0273279 -0.0343741 0.00404599 -0.022874 -0.0145984 0.00182593 -0.00113642 0.00637626 0.012948 0.0594849 0.030775 0.00410648
internal_weight=731.946 706.634 161.341 151.79 545.293 123.545 106.118 524.298 475.627 287.819 230.511 20.9956 48.6707 25.8776
internal_count=5121 4656 1978 1794 2678 1204 976 2440 2098 1246 1011 238 342 129
is_linear=0
shrinkage=0.08


Tree=31
num_leaves=15
num_cat=0
split_feature=10 15 13 6 1 14 1 1 1 11 11 7 1 6
split_gain=27.2342 17.0469 14.6611 15.4894 15.4565 14.1396 12.5286 10.5368 8.28708 12.6795 7.95204 6.72531 5.80835 11.3614
threshold=0.68500000000000016 1.0000000180025095e-35 1.0000000180025095e-35 0.58335000000000015 5.5000000000000009 1.0000000180025095e-35 14.500000000000002 18.500000000000004 12.500000000000002 1.0000000180025095e-35 1.0000000180025095e-35 0.87500000000000011 11.500000000000002 1.0000000180025095e-35
decision_type=2 2 2 2 2 2 2 2 2 2 2 2 2 2
left_child=1 2 3 6 -4 12 8 -7 9 -1 11 -8 -6 -14
right_child=-2 -3 4 -5 5 7 10 -9 -10 -11 -12 -13 13 -15
leaf_value=-0.048701523394996914 0.084704271255632999 -0.092987267779885474 -0.079852212964182601 0.056258096158498909 -0.057682340812353329 0.025460202816916282 0.11488005088431125 -0.083948483789502162 0.031129781548043856 0.0079169845242102847 -0.0097578954274909792 -0.068430529018780717 0.023643150410790993 -0.071563576019284911
leaf_weight=28.040871810168028 23.475024990737438 13.188902173191307 25.09868073835969 35.66525512561202 37.877041630446911 59.775349486619234 1.3481128364801431 6.2197492346167556 82.764347214251757 260.32726912200451 89.026928253471851 25.694175731390715 21.31105937063694 12.864171005785463
leaf_count=343 465 189 210 428 377 363 8 40 435 1193 411 380 135 144
internal_value=-5.23322e-05 -0.00289795 -0.00116595 0.00536687 -0.022103 -0.0116035 0.00164141 0.0151489 0.00881575 0.00241141 -0.0212986 -0.0592921 -0.0361069 -0.0121944
internal_weight=722.677 699.202 686.013 522.867 163.146 138.047 487.202 65.9951 371.132 288.368 116.069 27.0423 72.0523 34.1752
internal_count=5121 4656 4467 3198 1269 1059 2770 403 1971 1536 799 388 656 279
is_linear=0
shrinkage=0.08


Tree=32
num_leaves=15
num_cat=0
split_feature=10 15 13 6 1 14 1 1 11 1 11 7 0 1
split_gain=24.9731 15.6187 12.5658 13.69 13.5652 12.1387 10.7206 9.01767 7.43055 7.0156 11.0946 6.0465 5.60581 5.358
threshold=0.68500000000000016 1.0000000180025095e-35 1.0000000180025095e-35 0.58335000000000015 5.5000000000000009 1.0000000180025095e-35 14.500000000000002 18.500000000000004 1.0000000180025095e-35 12.500000000000002 1.0000000180025095e-35 0.87500000000000011 2.5000000000000004 8.5000000000000018
decision_type=2 2 2 2 2 2 2 2 2 2 2 2 2 2
left_child=1 2 3 6 -4 -6 9 12 11 10 -1 -8 13 -7
right_child=-2 -3 4 -5 5 7 8 -9 -10 -11 -12 -13 -14 -15
leaf_value=-0.046571627377555873 0.084324640657838817 -0.092096996275911822 -0.075469869778041349 0.053727765066367755 -0.033705202431487495 0.050579143943573303 0.11151616501615656 -0.078433263870065453 -0.0089654231494148313 0.028663964031026043 0.0072867608409661134 -0.066858123011749135 0.10231144546161274 -0.0023058016109496178
leaf_weight=27.020291071385145 21.763771511614323 12.287792157381771 24.458566825836897 34.410114109516144 71.088612612336874 18.667392112314701 1.280450247228148 6.1283845081925383 89.139588266611099 82.696255594491959 260.21990232169628 24.254004210233688 5.2629109993576995 35.725144002586603
leaf_count=343 465 189 210 428 656 124 8 40 411 435 1193 380 40 199
internal_value=-5.57013e-05 -0.00270706 -0.00109259 0.00496898 -0.0205934 -0.0107872 0.00150683 0.013979 -0.0198647 0.00813162 0.00222038 -0.0579134 0.0234725 0.0158442
internal_weight=714.403 692.639 680.352 519.021 161.331 136.872 484.61 65.7838 114.674 369.936 287.24 25.5345 59.6554 54.3925
internal_count=5121 4656 4467 3198 1269 1059 2770 403 799 1971 1536 388 363 323
is_linear=0
shrinkage=0.08


Tree=33
num_leaves=15
num_cat=0
split_feature=10 15 9 10 10 1 11 0 14 8 0 8 1 6
split_gain=22.9084 14.3191 11.558 12.9718 19.5383 10.8832 8.24929 15.2613 5.20541 5.02444 6.31227 4.62818 4.83837 6.76042
threshold=0.68500000000000016 1.0000000180025095e-35 0.7250000000000002 0.67500000000000016 1.0000000180025095e-35 21.500000000000004 1.0000000180025095e-35 1.5000000000000002 1.0000000180025095e-35 1.5000000000000002 3.5000000000000004 1.0000000180025095e-35 16.500000000000004 0.29165000000000002
decision_type=2 2 2 2 2 2 2 2 2 2 2 2 2 2
left_child=1 2 3 4 5 6 7 -1 -5 -8 -11 12 13 -9
right_child=-2 -3 -4 8 -6 -7 9 11 -10 10 -12 -13 -14 -15
leaf_value=-0.083649440141435966 0.08397699516686484 -0.091271744616748127 0.09701520768239176 -0.085949303661223109 0.063278323782980012 -0.076330769281624355 0.0013461367077176737 0.016183161150235704 0.094333674431156103 0.087052740827515657 -0.12024784259480691 -0.095840217017610987 -0.05626910923029646 -0.044221498224874659
leaf_weight=20.750029973685741 20.170280367136002 11.441450871527193 7.6098673269152632 14.820441395044323 29.449423056095839 12.828291796147822 493.45221510529518 57.722437120974064 1.1011610478162772 7.8047285825014097 1.0688176453113554 3.6124377362430087 9.7408570758998376 14.923869475722311
leaf_count=524 465 189 70 223 423 135 2224 432 10 105 6 34 141 140
internal_value=-5.4504e-05 -0.00252409 -0.00101953 -0.00213756 -0.000393654 -0.00340876 -0.00187288 -0.0220692 -0.0734807 0.00241906 0.0620834 -0.00721109 -0.00332496 0.00377412
internal_weight=706.496 686.326 674.885 667.275 651.353 621.904 609.075 106.75 15.9216 502.326 8.87355 85.9996 82.3872 72.6463
internal_count=5121 4656 4467 4397 4164 3741 3606 1271 233 2335 111 747 713 572
is_linear=0
shrinkage=0.08


Tree=34
num_leaves=15
num_cat=0
split_feature=10 15 9 10 10 1 11 0 1 9 8 0 1 13
split_gain=21.0222 13.135 10.4865 11.3739 17.3502 9.49768 7.13575 14.4319 4.72882 20.2689 9.90603 8.24441 9.36071 6.98478
threshold=0.68500000000000016 1.0000000180025095e-35 0.7250000000000002 0.67500000000000016 1.0000000180025095e-35 21.500000000000004 1.0000000180025095e-35 1.5000000000000002 9.5000000000000018 1.0000000180025095e-35 1.0000000180025095e-35 1.5000000000000002 13.500000000000002 1.0000000180025095e-35
decision_type=2 2 2 2 2 2 2 2 2 2 2 2 2 2
left_child=1 2 3 4 5 6 7 -1 9 -8 -11 -10 -13 -12
right_child=-2 -3 -4 -5 -6 -7 8 -9 11 10 13 12 -14 -15
leaf_value=-0.083358607366358209 0.083658428413372218 -0.090505784653278076 0.095583617443875724 -0.069896711545184412 0.061094672768972763 -0.072217308281320169 0.0060978926710996738 -0.0066686978385388455 -0.040196580816714206 -0.076058698235100045 0.029613633743380833 0.029310696325288238 -0.001889732690478387 -0.095184938797296059
leaf_weight=19.218805611133575 18.687534876167774 10.647541495040057 7.1256984099745742 15.416537903249262 28.117348918691278 12.488653145730494 186.20259775221348 85.885306891053915 19.741564251482487 33.660527177155018 12.257556058466436 121.71245267242193 124.4845442995429 3.7477832436561576
leaf_count=524 465 189 70 233 423 135 768 747 92 209 66 603 582 15
internal_value=-5.06375e-05 -0.00234871 -0.000947858 -0.00198545 -0.000368571 -0.00315866 -0.00173762 -0.0206918 0.00223237 -0.00601384 -0.051422 0.00954616 0.0135348 0.000391011
internal_weight=699.394 680.707 670.059 662.934 647.517 619.4 606.911 105.104 501.807 235.868 49.6659 265.939 246.197 16.0053
internal_count=5121 4656 4467 4397 4164 3741 3606 1271 2335 1058 290 1277 1185 81
is_linear=0
shrinkage=0.08


Tree=35
num_leaves=15
num_cat=0
split_feature=10 15 9 10 10 1 11 1 14 12 8 0 0 7
split_gain=19.3028 12.0517 9.52808 9.82196 15.3967 8.6583 6.12555 13.6889 4.6369 4.5753 4.48063 5.52213 4.02673 6.14325
threshold=0.68500000000000016 1.0000000180025095e-35 0.7250000000000002 0.67500000000000016 1.0000000180025095e-35 23.500000000000004 1.0000000180025095e-35 9.5000000000000018 1.0000000180025095e-35 2.5000000000000004 1.5000000000000002 3.5000000000000004 2.5000000000000004 0.87500000000000011
decision_type=2 2 2 2 2 2 2 2 2 2 2 2 2 2
left_child=1 2 3 4 5 6 7 -1 -5 -6 -8 -12 -9 -14
right_child=-2 -3 -4 8 9 -7 10 12 -10 -11 11 -13 13 -15
leaf_value=-0.083489186892527559 0.08336634922283892 -0.089794017943311946 0.094283665179937345 -0.077839683437333884 0.089773176029237012 -0.093513265558154479 0.00073633229451100415 -0.0015768781280294946 0.094012678394131979 0.023604994431655823 0.086327560867378056 -0.10347882727249254 0.07170704116073813 -0.11146897586378779
leaf_weight=17.794295916333795 17.308752667158842 9.903663953766225 6.6648322008550158 14.053193312138315 14.343398196622729 6.6816843003034583 495.26800946891308 80.238295570015907 1.0822198987007148 12.53110733628273 7.1169701479375345 1.1378273516893385 1.5425936877727506 4.8743781819939604
leaf_count=498 465 189 70 223 325 96 2243 719 10 98 105 6 7 67
internal_value=-5.07155e-05 -0.00219536 -0.000887492 -0.00185343 -0.000350616 -0.00294211 -0.00194672 -0.0195777 -0.0655518 0.0589201 0.00171061 0.060165 -0.00645377 -0.0674348
internal_weight=690.541 673.232 663.329 656.664 641.529 614.654 607.972 104.45 15.1354 26.8745 503.523 8.2548 86.6553 6.41697
internal_count=5121 4656 4467 4397 4164 3741 3645 1291 233 423 2354 111 793 74
is_linear=0
shrinkage=0.08


Tree=36
num_leaves=15
num_cat=0
split_feature=10 15 9 13 1 6 14 0 1 5 1 6 1 9
split_gain=17.7269 11.0648 8.6656 8.90044 11.9863 9.92606 9.64643 8.92116 8.76446 10.5482 7.73431 7.29497 10.3389 8.26564
threshold=0.68500000000000016 1.0000000180025095e-35 0.7250000000000002 1.0000000180025095e-35 5.5000000000000009 0.90000000000000013 1.0000000180025095e-35 2.5000000000000004 14.500000000000002 1.0000000180025095e-35 18.500000000000004 1.0000000180025095e-35 11.500000000000002 1.0000000180025095e-35
decision_type=2 2 2 2 2 2 2 2 2 2 2 2 2 2
left_child=1 2 3 5 -5 8 11 -7 -1 -10 -8 12 13 -6
right_child=-2 -3 -4 4 6 7 10 -9 9 -11 -12 -13 -14 -15
leaf_value=0.0068673481640806446 0.08309838640561433 -0.089131877720587588 0.093101250839733196 -0.072117437039411481 -0.0063884718915319565 0.064153274933963528 0.021670051187404438 -0.14131707798282592 -0.016034748713587572 -0.24354526235833329 -0.077892604067701432 -0.085834314460069491 0.025990485295872504 -0.087450448358816879
leaf_weight=363.49533879384398 16.027422361075878 9.207390829920767 6.2273593693971625 22.834961159154773 16.373097091913223 23.693918909877542 57.772387951612473 1.4342574030160893 110.88162805326283 1.3197507597506035 5.4659917950630179 12.454207053408025 20.914212387055159 15.83776045963168
leaf_count=1972 465 189 70 210 72 369 360 6 792 9 37 151 135 284
internal_value=-4.45807e-05 -0.0020397 -0.000822328 -0.00171875 -0.0186985 0.00342281 -0.00922914 0.0524255 0.000834294 -0.0187108 0.0130644 -0.0307269 -0.0178079 -0.0462458
internal_weight=683.94 667.912 658.705 652.478 151.653 500.825 128.818 25.1282 475.697 112.201 63.2384 65.5793 53.1251 32.2109
internal_count=5121 4656 4467 4397 1249 3148 1039 375 2773 801 397 642 491 356
is_linear=0
shrinkage=0.08


Tree=37
num_leaves=15
num_cat=0
split_feature=10 15 9 10 10 1 0 9 1 1 1 13 1 8
split_gain=16.2859 10.1624 7.88983 8.29707 13.0983 7.39831 5.53222 38.9743 9.06926 7.77731 7.44957 14.0278 5.38132 12.2069
threshold=0.68500000000000016 1.0000000180025095e-35 0.7250000000000002 0.67500000000000016 1.0000000180025095e-35 23.500000000000004 1.5000000000000002 1.0000000180025095e-35 7.5000000000000009 7.5000000000000009 5.5000000000000009 1.0000000180025095e-35 15.500000000000002 1.0000000180025095e-35
decision_type=2 2 2 2 2 2 2 2 2 2 2 2 2 2
left_child=1 2 3 4 5 6 7 8 10 -8 11 -1 -11 -14
right_child=-2 -3 -4 -5 -6 -7 9 -9 -10 12 -12 -13 13 -15
leaf_value=0.013498999172929158 0.082852421515710512 -0.088515276467586917 0.092024144404363378 -0.061693290150682131 0.05640793508021108 -0.089046663737214496 -0.068057692831257899 -0.089201337312043022 -0.024737577310527226 0.012871201347261439 0.03149376448001736 -0.070054802010018818 -0.017390098523229681 0.073596010891530173
leaf_weight=59.294118762016296 14.837312698364256 8.5562965646386129 5.8131138496100894 14.37567059136927 25.097714446485043 6.2654992826282969 9.2102563790976983 34.939357168972492 57.269543811678886 248.50452597439289 70.666015908122063 16.42135289311409 97.108646035194397 10.452849335968493
leaf_count=240 465 189 70 233 423 96 58 679 243 1383 291 72 601 78
internal_value=-4.08248e-05 -0.00189317 -0.000762347 -0.00159266 -0.000232548 -0.00256245 -0.00166512 -0.0111396 0.0022531 0.00452338 0.0128128 -0.00462235 0.00640081 -0.00854805
internal_weight=678.812 663.975 655.419 649.606 635.23 610.132 603.867 238.59 203.651 365.276 146.381 75.7155 356.066 107.561
internal_count=5121 4656 4467 4397 4164 3741 3645 1525 846 2120 603 312 2062 679
is_linear=0
shrinkage=0.08


Tree=38
num_leaves=15
num_cat=0
split_feature=10 15 9 10 10 1 0 9 1 1 13 1 1 6
split_gain=14.9713 9.33379 7.19277 7.13799 11.5902 6.60617 4.76193 35.907 7.82611 7.10003 6.43223 6.69464 6.26152 11.0199
threshold=0.68500000000000016 1.0000000180025095e-35 0.7250000000000002 0.67500000000000016 1.0000000180025095e-35 23.500000000000004 1.5000000000000002 1.0000000180025095e-35 8.5000000000000018 9.5000000000000018 1.0000000180025095e-35 14.500000000000002 13.500000000000002 0.36665000000000009
decision_type=2 2 2 2 2 2 2 2 2 2 2 2 2 2
left_child=1 2 3 4 5 6 7 8 -1 -8 -10 -12 13 -11
right_child=-2 -3 -4 -5 -6 -7 9 -9 10 12 11 -13 -14 -15
leaf_value=0.0079713426429319396 0.08262656187926512 -0.087940560611038984 0.091041666537619914 -0.05766322604317306 0.054222751643404524 -0.086104768786594454 -0.029996706119983379 -0.088490718347380981 -0.013088778052113984 0.024983683469998238 -0.13486246222734213 0.066579908837335444 -0.0031681977264577626 -0.051820296556024721
leaf_weight=178.03658312559128 13.732485070824621 7.947980534285306 5.4217258673161259 14.159277420490978 24.063680665567517 5.9733795635402194 35.154947355389595 32.501557588577271 17.536002427339557 150.97820838168263 6.3248848021030417 1.2674410790205 165.14168573543429 12.984424665570257
leaf_count=735 465 189 70 233 423 96 218 679 78 786 27 6 994 122
internal_value=-4.51547e-05 -0.00177185 -0.000717468 -0.00148983 -0.000227252 -0.00238977 -0.00155623 -0.0104174 0.00207252 0.0041767 -0.0397212 -0.101234 0.0078271 0.0189015
internal_weight=671.224 657.492 649.544 644.122 629.963 605.899 599.926 235.666 203.165 364.259 25.1283 7.59233 329.104 163.963
internal_count=5121 4656 4467 4397 4164 3741 3645 1525 846 2120 111 33 1902 908
is_linear=0
shrinkage=0.08


Tree=39
num_leaves=15
num_cat=0
split_feature=10 15 9 10 6 0 5 10 1 0 1 1 9 0
split_gain=13.7672 8.57546 6.56339 6.1314 10.3085 11.8861 7.42258 11.461 5.18761 5.05605 4.90701 5.65042 21.1261 8.63204
threshold=0.68500000000000016 1.0000000180025095e-35 0.7250000000000002 0.67500000000000016 0.90000000000000013 2.5000000000000004 1.0000000180025095e-35 1.0000000180025095e-35 21.500000000000004 2.5000000000000004 16.500000000000004 9.5000000000000018 1.0000000180025095e-35 1.5000000000000002
decision_type=2 2 2 2 2 2 2 2 2 2 2 2 2 2
left_child=1 2 3 4 6 -6 8 -8 9 10 11 12 -1 -13
right_child=-2 -3 -4 -5 5 -7 7 -9 -10 -11 -12 13 -14 -15
leaf_value=0.0046782704171768174 0.082419072026229903 -0.087404449430479869 0.090144451221948432 -0.053821136121224127 0.064920342529218647 -0.13025620572670898 -0.10881129546705819 0.030271155494162479 -0.056883281809530624 0.029771780043133852 -0.030539884550843093 -0.039502567303421332 -0.050612805585403049 0.012916538878039275
leaf_weight=185.53429175913334 12.70729900896549 7.3800868559628716 5.0526657160371533 13.964834112673996 24.143908271566037 2.1770040094852439 9.9802228063344973 6.1154239252209655 10.402993489056824 34.582217369228601 35.477737434208393 21.968784507364035 58.069830885156989 237.0474748685956
leaf_count=768 465 189 70 233 429 9 115 42 129 311 222 178 751 1210
internal_value=-5.055e-05 -0.00165811 -0.000676269 -0.00139388 -0.000223395 0.0487773 -0.00237591 -0.0559679 -0.000896538 0.000120486 -0.00178513 0.000244543 -0.0085019 0.00847055
internal_weight=664.605 651.897 644.517 639.465 625.5 26.3209 599.179 16.0956 583.083 572.68 538.098 502.62 243.604 259.016
internal_count=5121 4656 4467 4397 4164 438 3726 157 3569 3440 3129 2907 1519 1388
is_linear=0
shrinkage=0.08


Tree=40
num_leaves=15
num_cat=0
split_feature=10 15 9 11 9 1 1 8 1 1 0 13 1 6
split_gain=12.6612 7.88248 5.99317 5.48222 8.64495 8.87855 7.55026 4.78981 4.79911 4.77728 18.7444 8.02175 6.1548 4.66644
threshold=0.68500000000000016 1.0000000180025095e-35 0.7250000000000002 1.0000000180025095e-35 1.0000000180025095e-35 9.5000000000000018 16.500000000000004 1.0000000180025095e-35 15.500000000000002 11.500000000000002 2.5000000000000004 1.0000000180025095e-35 8.5000000000000018 0.36665000000000009
decision_type=2 2 2 2 2 2 2 2 2 2 2 2 2 2
left_child=1 2 3 4 -1 -6 13 -5 9 11 -11 12 -9 -7
right_child=-2 -3 -4 7 5 6 -8 8 -10 10 -12 -13 -14 -15
leaf_value=0.08250587519127317 0.082228372982587589 -0.086904000880408824 0.089324240815961367 -7.0716857732941265e-05 -0.082748617594784621 0.0077334564846614296 -0.06134540613032171 0.008820426767274462 0.074684335830213971 -0.19880263913820792 0.032934010079119995 -0.074481273158346947 0.099659772371169048 -0.034932096350414554
leaf_weight=5.3803923893719903 11.756414730101822 6.8503188844770184 4.705280600115656 469.52318076044321 13.289719544351099 62.743484884500504 17.342836046591401 9.4423972070217186 10.490543022751806 3.0599702149629566 8.2748848646879196 3.6642437875270835 9.6543563157320005 22.21516827493906
leaf_count=184 465 189 70 2256 498 502 347 48 81 15 105 15 78 268
internal_value=-4.83251e-05 -0.00154419 -0.000630222 -0.00129669 -0.0166196 -0.0212335 -0.0132422 0.00230883 0.0273669 0.0128084 -0.0296259 0.0339405 0.0547442 -0.00342282
internal_weight=658.393 646.637 639.786 635.081 120.972 115.591 102.301 514.11 44.5864 34.0959 11.3349 22.761 19.0968 84.9587
internal_count=5121 4656 4467 4397 1799 1615 1117 2598 342 261 120 141 126 770
is_linear=0
shrinkage=0.08


Tree=41
num_leaves=15
num_cat=0
split_feature=10 15 9 6 6 0 10 1 12 0 9 1 1 13
split_gain=11.6444 7.24918 5.47561 5.10955 10.591 8.03384 7.40491 5.5643 4.99027 4.34649 26.8529 6.18271 6.3035 12.0559
threshold=0.68500000000000016 1.0000000180025095e-35 0.7250000000000002 0.90000000000000013 0.36665000000000009 2.5000000000000004 0.67500000000000016 21.500000000000004 2.5000000000000004 1.5000000000000002 1.0000000180025095e-35 7.5000000000000009 5.5000000000000009 1.0000000180025095e-35
decision_type=2 2 2 2 2 2 2 2 2 2 2 2 2 2
left_child=1 2 3 4 7 6 -5 9 -6 10 11 12 13 -1
right_child=-2 -3 -4 5 8 -7 -8 -9 -10 -11 -12 -13 -14 -15
leaf_value=0.01141214467965284 0.082053056172842462 -0.086436573917910819 0.088573724245188737 0.062953872211649428 -0.078169891926003085 -0.11914001402822351 -0.028852180560954871 -0.059675453500302025 -0.0054913789345332857 0.0063043482899693805 -0.081817606875782864 -0.020446857634134084 0.027963377649382757 -0.066522208841233707
leaf_weight=59.29680061340332 10.874785024672745 6.3564511705189934 4.3788257054984561 22.841977391391996 17.048654830083251 2.1656689047813407 7.4589928723871699 10.021123830229042 9.3690829984843749 333.16576307825744 27.731848292052746 56.103445038199425 70.676270619034767 16.167010948061943
leaf_count=240 465 189 70 429 317 9 39 130 71 1901 658 240 291 72
internal_value=-3.79044e-05 -0.00142674 -0.000577689 -0.00119533 -0.00286912 0.0297156 0.0403546 -0.000586447 -0.0523944 0.000465045 -0.00799436 0.00212836 0.010795 -0.00528414
internal_weight=653.657 642.782 636.425 632.047 599.58 32.4666 30.301 573.162 26.4177 563.141 229.975 202.244 146.14 75.4638
internal_count=5121 4656 4467 4397 3920 477 468 3532 388 3402 1501 843 603 312
is_linear=0
shrinkage=0.08


Tree=42
num_leaves=15
num_cat=0
split_feature=10 15 9 1 6 6 0 10 12 13 4 0 9 1
split_gain=10.7166 6.66548 5.00853 4.76223 4.32265 9.24992 6.93575 6.57757 4.59455 3.95113 3.73597 3.60366 24.2518 6.30253
threshold=0.68500000000000016 1.0000000180025095e-35 0.7250000000000002 25.500000000000004 0.90000000000000013 0.36665000000000009 2.5000000000000004 0.67500000000000016 2.5000000000000004 1.0000000180025095e-35 1.0000000180025095e-35 1.5000000000000002 1.0000000180025095e-35 10.500000000000002
decision_type=2 2 2 2 2 2 2 2 2 2 2 2 2 2
left_child=1 2 3 4 5 11 7 10 -7 -10 -6 12 13 -1
right_child=-2 -3 -4 -5 6 8 -8 -9 9 -11 -12 -13 -14 -15
leaf_value=0.0044198775519721104 0.081891823491112556 -0.085999779925100273 0.087886409984361993 -0.10799467477049803 -0.10680076456750794 -0.075487512462738368 -0.11071828759949147 -0.026408863337695633 0.012289089036688898 -0.16028481042698062 0.066910428298440391 0.0051417192179724139 -0.080669192544343821 -0.06602418167965543
leaf_weight=194.20193110406399 10.057654019445179 5.8963378341868511 4.0724895484745494 2.6570269688963881 0.82325592823327554 16.010672004893422 2.1447696834802619 7.4955502822995177 8.4590934365987778 0.94382215663790781 21.120089165866375 339.44213342107832 25.949484508484602 8.4835069924592954
leaf_count=810 465 189 70 44 12 316 9 39 63 8 417 1982 658 39
internal_value=-4.3788e-05 -0.00133606 -0.000545929 -0.00111965 -0.000665347 -0.00220005 0.0281733 0.0382922 -0.0494197 -0.0050331 0.0603932 -8.76213e-05 -0.00785135 0.0014714
internal_weight=647.758 637.7 631.804 627.731 625.074 593.491 31.5837 29.4389 25.4136 9.40292 21.9433 568.077 228.635 202.685
internal_count=5121 4656 4467 4397 4353 3876 477 468 387 71 429 3489 1507 849
is_linear=0
shrinkage=0.08


Tree=43
num_leaves=15
num_cat=0
split_feature=10 15 9 1 6 5 10 6 5 1 10 1 14 7
split_gain=9.86424 6.13071 4.58407 4.31277 3.90622 6.10809 4.62142 9.67927 4.64398 10.125 11.8856 7.45145 3.761 3.52833
threshold=0.68500000000000016 1.0000000180025095e-35 0.7250000000000002 25.500000000000004 1.4166500000000002 1.5000000000000002 0.67500000000000016 0.90000000000000013 1.0000000180025095e-35 13.500000000000002 1.0000000180025095e-35 8.5000000000000018 1.0000000180025095e-35 0.87500000000000011
decision_type=2 2 2 2 2 2 2 2 2 2 2 2 2 2
left_child=1 2 3 4 5 6 7 8 13 10 -10 -12 -8 -1
right_child=-2 -3 -4 -5 -6 -7 12 -9 9 -11 11 -13 -14 -15
leaf_value=0.11841976790627107 0.081743499496798794 -0.085591472132646493 0.087256505443568277 -0.10594765982750053 0.0783753825238062 -0.12970724074941628 -0.061959395035863105 0.059095080396787195 -0.09488049279283349 -0.20955188747867945 -0.12630581097931551 0.11235934834987336 0.095686470227066667 -0.00062053446989672456
leaf_weight=1.5980036407709111 9.3005477003753168 5.4679186753928652 3.7854155590757719 2.4982024729251853 3.9801287911832324 2.3557011634111396 11.497511632740494 17.437081128358841 6.1158931851387006 2.0894575659185639 1.0316032916307447 4.4433573335409164 1.0576357878744609 569.86258631199598
leaf_count=12 465 189 70 44 63 11 221 369 100 14 6 33 9 3515
internal_value=-4.67241e-05 -0.00124803 -0.000513376 -0.00104585 -0.000624161 -0.00113337 -0.000640982 0.000359934 -0.00139036 -0.0474531 -0.0182319 0.0673896 -0.0486794 -0.000287656
internal_weight=642.521 633.22 627.753 623.967 621.469 617.489 615.133 602.578 585.141 13.6803 11.5909 5.47496 12.5551 571.461
internal_count=5121 4656 4467 4397 4353 4290 4279 4049 3680 153 139 39 230 3527
is_linear=0
shrinkage=0.08


Tree=44
num_leaves=15
num_cat=0
split_feature=10 15 9 1 13 1 6 6 1 0 1 9 1 1
split_gain=9.07887 5.64182 4.19701 3.90986 3.76806 9.26334 6.62321 6.39263 5.73301 6.136 14.2713 9.13567 8.81182 8.57925
threshold=0.68500000000000016 1.0000000180025095e-35 0.7250000000000002 25.500000000000004 1.0000000180025095e-35 5.5000000000000009 0.90000000000000013 0.29165000000000002 18.500000000000004 1.5000000000000002 8.5000000000000018 1.0000000180025095e-35 14.500000000000002 9.5000000000000018
decision_type=2 2 2 2 2 2 2 2 2 2 2 2 2 2
left_child=1 2 3 4 6 -6 -1 8 9 10 11 -7 -12 -11
right_child=-2 -3 -4 -5 5 7 -8 -9 -10 13 12 -13 -14 -15
leaf_value=0.00081866293004684743 0.081607014399047148 -0.085209696131023055 0.086678830840428087 -0.10402340891531729 -0.062530025830652369 0.028632567060732375 0.047682142814763191 -0.055510560444581074 -0.076619325400742691 -0.076080663658731548 -0.10847409323006942 -0.08422507133100389 0.16064432211993065 0.036525090101367376
leaf_weight=460.28973545134068 8.5992636419832689 5.069223432801663 3.5167194595560423 2.3470511846244326 20.011817514896393 30.578970327973362 20.145744908601046 13.514671782031654 5.4968694169074288 4.7648506276309481 11.030129672959443 5.4013246409595039 0.83782608620822507 47.469821769744158
leaf_count=2745 465 189 70 44 210 129 375 196 44 27 139 220 7 261
internal_value=-3.87212e-05 -0.00115232 -0.000470989 -0.000963812 -0.000573385 -0.012168 0.00278375 -0.00370555 0.00292571 0.00729458 -0.013402 0.0116905 -0.0894755 0.0262532
internal_weight=639.074 630.475 625.406 621.889 619.542 139.106 480.435 119.094 105.58 100.083 47.8483 35.9803 11.868 52.2347
internal_count=5121 4656 4467 4397 4353 1233 3120 1023 827 783 495 349 146 288
is_linear=0
shrinkage=0.08


Tree=45
num_leaves=15
num_cat=0
split_feature=10 15 9 11 9 1 1 8 1 1 0 13 1 14
split_gain=8.36019 5.19141 3.846 3.67119 5.98438 7.76581 5.98293 4.11954 4.28995 4.38567 14.8051 6.3709 5.81238 4.63318
threshold=0.68500000000000016 1.0000000180025095e-35 0.7250000000000002 1.0000000180025095e-35 1.0000000180025095e-35 9.5000000000000018 16.500000000000004 1.0000000180025095e-35 15.500000000000002 11.500000000000002 2.5000000000000004 1.0000000180025095e-35 8.5000000000000018 1.0000000180025095e-35
decision_type=2 2 2 2 2 2 2 2 2 2 2 2 2 2
left_child=1 2 3 4 -1 -6 -7 -5 9 11 -11 12 -9 -12
right_child=-2 -3 -4 7 5 6 -8 8 -10 10 13 -13 -14 -15
leaf_value=0.081858074673658146 0.081481386523036436 -0.084852681210777409 0.086148736076017141 -0.00019388318968747786 -0.082481988391131397 -0.0018975829816916395 -0.056041784830848478 0.0077015139881967936 0.071912061166558031 -0.17198874267122619 0.087715067330704763 -0.065032415736533344 0.097717651025639368 -0.034565361855235538
leaf_weight=4.0226453877985469 7.9498629439622155 4.6983737843111149 3.2655039615929118 463.63608790375292 10.622062216512857 82.517299626022577 15.517638172954319 9.3914040774107033 9.891530826687811 3.2732938528060895 4.2110283896327019 3.5740598738193503 8.9811512008309347 3.7482907064259052
leaf_count=184 465 189 70 2256 498 770 347 48 81 15 60 15 78 45
internal_value=-4.22836e-05 -0.00107536 -0.000443199 -0.000899726 -0.0139605 -0.0175078 -0.0104679 0.00200468 0.0256711 0.0118856 -0.0287698 0.0326937 0.0517046 0.0301294
internal_weight=635.3 627.35 622.652 619.386 112.68 108.657 98.0349 506.707 43.0708 33.1792 11.2326 21.9466 18.3726 7.95932
internal_count=5121 4656 4467 4397 1799 1615 1117 2598 342 261 120 141 126 105
is_linear=0
shrinkage=0.08


Tree=46
num_leaves=15
num_cat=0
split_feature=10 15 9 1 6 5 10 6 5 10 1 7 14 8
split_gain=7.69724 4.77943 3.52513 3.49347 3.39352 5.42538 3.72398 8.13407 4.05744 8.56304 3.91991 3.28325 3.21332 3.05994
threshold=0.68500000000000016 1.0000000180025095e-35 0.7250000000000002 25.500000000000004 1.4166500000000002 1.5000000000000002 0.67500000000000016 0.90000000000000013 1.0000000180025095e-35 1.0000000180025095e-35 8.5000000000000018 0.87500000000000011 1.0000000180025095e-35 1.5000000000000002
decision_type=2 2 2 2 2 2 2 2 2 2 2 2 2 2
left_child=1 2 3 4 5 6 7 8 11 -10 -11 -1 -8 -13
right_child=-2 -3 -4 -5 -6 -7 12 -9 9 10 -12 13 -14 -15
leaf_value=0.11668450107793792 0.081365736215965448 -0.084518813646122709 0.085662042119979895 -0.10251868115301158 0.075831558756364437 -0.12493232473079541 -0.056891924894830775 0.056367694691473354 -0.10392269437744434 -0.10943563425240715 0.058605071241996307 -0.0010974933154041643 0.094261559661006133 0.053187358412064512
leaf_weight=1.5355888232588757 7.3486563023179761 4.3535840623080722 3.0308701265603295 2.1544785518199197 3.7079638093709937 2.2499386817216864 11.037798138335344 16.176468538120389 7.161106735467909 1.0953580588102338 4.7030532248318195 559.03867311123759 0.98003547638654787 6.7255655340850344
leaf_count=12 465 189 70 44 63 11 221 369 111 6 36 3404 9 111
internal_value=-3.17321e-05 -0.000990401 -0.000403491 -0.000826565 -0.000469974 -0.000933249 -0.000474725 0.00041368 -0.00114621 -0.0454068 0.0268611 -0.000135108 -0.0445656 -0.000452178
internal_weight=631.299 623.95 619.597 616.566 614.412 610.704 608.454 596.436 580.259 12.9595 5.79841 567.3 12.0178 565.764
internal_count=5121 4656 4467 4397 4353 4290 4279 4049 3680 153 42 3527 230 3515
is_linear=0
shrinkage=0.08


Tree=47
num_leaves=15
num_cat=0
split_feature=10 15 9 1 6 5 11 6 9 1 1 6 8 0
split_gain=7.08899 4.40039 3.23307 3.17129 2.98746 4.80727 3.52944 6.23848 4.54012 7.19643 4.67549 4.74669 4.82319 4.14811
threshold=0.68500000000000016 1.0000000180025095e-35 0.7250000000000002 25.500000000000004 1.4166500000000002 1.5000000000000002 1.0000000180025095e-35 0.90000000000000013 1.0000000180025095e-35 9.5000000000000018 14.500000000000002 0.36665000000000009 1.0000000180025095e-35 1.5000000000000002
decision_type=2 2 2 2 2 2 2 2 2 2 2 2 2 2
left_child=1 2 3 4 5 6 8 -8 -1 -10 11 12 13 -11
right_child=-2 -3 -4 -5 -6 -7 7 -9 9 10 -12 -13 -14 -15
leaf_value=0.081631152671234733 0.081259244872701433 -0.084206606091625891 0.085214976346450838 -0.10080411910780333 0.072495435392471552 -0.12005861905006424 0.0012888757133459813 0.076275111450554905 -0.082249518165097207 -0.082435490655678678 -0.034316216221718869 -0.04006380433847806 -0.09914622299573024 0.026183111671390057
leaf_weight=3.1025335211306801 6.7921943068504325 4.033161378465592 2.8119272477924815 2.0212818365544072 3.573962338268756 2.1577444598078719 493.64525723457336 7.2042301706969729 9.6779146073386055 2.3736530989408484 32.364208608865738 12.737879596650599 2.2619221061468116 43.265801474452019
leaf_count=161 465 189 70 44 63 11 2403 158 496 84 555 171 15 236
internal_value=-2.6784e-05 -0.00091552 -0.000371243 -0.000762955 -0.000432741 -0.000860872 -0.000436896 0.00236748 -0.0137146 -0.0165955 -0.00976357 0.00334059 0.0148826 0.020534
internal_weight=628.024 621.231 617.198 614.386 612.365 608.791 606.633 500.849 105.784 102.681 93.0035 60.6393 47.9014 45.6395
internal_count=5121 4656 4467 4397 4353 4290 4279 2561 1718 1557 1061 506 335 320
is_linear=0
shrinkage=0.08


Tree=48
num_leaves=15
num_cat=0
split_feature=10 15 9 1 8 0 13 1 6 6 1 1 0 1
split_gain=6.531 4.05139 2.9671 2.88107 2.83288 5.29964 2.97516 8.03595 5.23844 5.02468 4.83678 4.63699 4.57764 12.9055
threshold=0.68500000000000016 1.0000000180025095e-35 0.7250000000000002 25.500000000000004 1.5000000000000002 3.5000000000000004 1.0000000180025095e-35 5.5000000000000009 0.90000000000000013 0.29165000000000002 18.500000000000004 22.500000000000004 1.5000000000000002 8.5000000000000018
decision_type=2 2 2 2 2 2 2 2 2 2 2 2 2 2
left_child=1 2 3 4 6 -6 8 -8 -1 10 12 -12 13 -9
right_child=-2 -3 -4 -5 5 -7 7 9 -10 -11 11 -13 -14 -15
leaf_value=0.00033588508465455324 0.08116115517942088 -0.08391469355026436 0.084804134689319896 -0.0992092493470004 0.08452029456556287 -0.1061777031259122 -0.059369789747812755 0.012077243751165539 0.044227326165409447 -0.050520970412757063 -0.11692093439667202 0.054063954833410532 0.023186496137922875 -0.086946249815859994
leaf_weight=451.42202565632761 6.2772555816918603 3.7355038644745937 2.6078000431880346 1.8946499880403269 5.4435737617313853 1.1255268752574918 19.214196853339672 35.148343662731349 18.100742924027145 12.897741809487341 3.8847507853060952 1.3741425666958091 50.506812404841185 11.078067013993858
leaf_count=2649 465 189 70 44 108 6 210 349 375 196 29 15 270 146
internal_value=-2.87182e-05 -0.000852815 -0.000348051 -0.00071084 -0.000405004 0.0518468 -0.000973645 -0.0114828 0.00202796 -0.00347419 0.00247527 -0.0722428 0.00653731 -0.0116535
internal_weight=624.711 618.434 614.698 612.091 610.196 6.5691 603.627 134.104 469.523 114.89 101.992 5.25889 96.7332 46.2264
internal_count=5121 4656 4467 4397 4353 114 4239 1215 3024 1005 809 44 765 495
is_linear=0
shrinkage=0.08


Tree=49
num_leaves=15
num_cat=0
split_feature=10 15 9 1 6 5 11 6 9 1 1 0 14 13
split_gain=6.01735 3.73095 2.72399 2.62 2.59503 4.32771 3.05916 5.49715 3.98841 6.75295 4.23273 3.57001 5.72154 7.08609
threshold=0.68500000000000016 1.0000000180025095e-35 0.7250000000000002 25.500000000000004 1.4166500000000002 1.5000000000000002 1.0000000180025095e-35 0.90000000000000013 1.0000000180025095e-35 9.5000000000000018 16.500000000000004 2.5000000000000004 1.0000000180025095e-35 1.0000000180025095e-35
decision_type=2 2 2 2 2 2 2 2 2 2 2 2 2 2
left_child=1 2 3 4 5 6 8 11 -1 -10 -11 -8 -13 -14
right_child=-2 -3 -4 -5 -6 -7 7 -9 9 10 -12 12 13 -15
leaf_value=0.081478547845341823 0.081070804604773894 -0.083641813525708056 0.084426430636701813 -0.097728803597908712 0.069487213132686562 -0.11673464528933097 -0.00056487326968981315 0.074381041332053296 -0.082082923737159239 -0.0020518441602971056 -0.051015811203126087 0.065783109260947839 -0.032580257769924827 0.076760181296899918
leaf_weight=2.7912731952965251 5.8008334562182418 3.4590989025309673 2.4176347954198709 1.7743960265070189 3.383778133429586 2.0525201782584181 459.61958853527904 6.6677034869790068 8.8821864323690516 79.086553378030658 13.182604081928728 13.869557123631237 13.538698565214874 5.2699404247105113
leaf_count=161 465 189 70 44 63 11 2115 158 496 754 307 137 109 42
internal_value=-2.75379e-05 -0.000791241 -0.00032337 -0.000659197 -0.000376068 -0.00076684 -0.000372043 0.00222888 -0.0128575 -0.0154607 -0.00904738 0.00125165 0.026801 -0.00194446
internal_weight=621.796 615.996 612.536 610.119 608.344 604.961 602.908 498.965 103.943 101.151 92.2692 492.298 32.6782 18.8086
internal_count=5121 4656 4467 4397 4353 4290 4279 2561 1718 1557 1061 2403 288 151
is_linear=0
shrinkage=0.08


Tree=50
num_leaves=15
num_cat=0
split_feature=10 15 9 1 8 0 13 1 14 1 1 1 0 1
split_gain=5.54444 3.43662 2.50163 2.49279 2.33644 4.74208 2.34955 7.22687 4.92929 5.71526 7.67559 6.99898 9.20436 12.5371
threshold=0.68500000000000016 1.0000000180025095e-35 0.7250000000000002 21.500000000000004 1.5000000000000002 3.5000000000000004 1.0000000180025095e-35 5.5000000000000009 1.0000000180025095e-35 15.500000000000002 13.500000000000002 10.500000000000002 1.5000000000000002 8.5000000000000018
decision_type=2 2 2 2 2 2 2 2 2 2 2 2 2 2
left_child=1 2 3 4 6 -6 -1 -8 -9 10 11 12 13 -10
right_child=-2 -3 -4 -5 5 -7 7 8 9 -11 -12 -13 -14 -15
leaf_value=0.00219227955398737 0.080987553883615712 -0.083386794058242564 0.084079069787113062 -0.041404423778386594 0.08402561645317054 -0.095230390693561442 -0.056119032759076502 -0.01885203399864854 0.047476118881531859 -0.030743454880265291 0.11383863743802364 -0.042062806135520485 0.14382346036374521 -0.10422488803341839
leaf_weight=462.8750209743157 5.3601250983774653 3.2025206210091701 2.2406037198379627 9.4369262186810356 4.8947755806148043 1.1703249067068098 18.618796801194549 56.247928853146732 16.684156743809588 13.262071024626492 5.9313414357602587 9.7762583065777999 4.3302882220596066 4.4077014094218603
leaf_count=2952 465 189 70 147 108 6 210 619 124 83 31 52 22 43
internal_value=-2.29213e-05 -0.000731193 -0.00029716 -0.00060829 3.52921e-05 0.0494363 -0.000470712 -0.0100069 -0.00224699 0.0149247 0.0296501 0.0154634 0.0375855 0.0157742
internal_weight=618.439 613.079 609.876 607.636 598.199 6.0651 592.134 129.259 110.64 54.3918 41.1297 35.1984 25.4221 21.0919
internal_count=5121 4656 4467 4397 4250 114 4136 1184 974 355 272 241 189 167
is_linear=0
shrinkage=0.08


Tree=51
num_leaves=15
num_cat=0
split_feature=10 15 6 14 13 6 2 10 7 1 13 4 11 1
split_gain=5.10916 3.16608 2.3651 4.56011 3.92422 3.80693 4.15353 3.45288 6.16045 3.3509 13.7993 7.62059 5.10261 4.0233
threshold=0.68500000000000016 1.0000000180025095e-35 0.90000000000000013 1.0000000180025095e-35 1.0000000180025095e-35 0.36665000000000009 1.0000000180025095e-35 1.0000000180025095e-35 0.87500000000000011 13.500000000000002 1.0000000180025095e-35 1.0000000180025095e-35 1.0000000180025095e-35 8.5000000000000018
decision_type=2 2 2 2 2 2 2 2 2 2 2 2 2 2
left_child=1 2 5 4 -4 -1 7 8 -7 10 13 -11 -13 -9
right_child=-2 -3 3 -5 -6 6 -8 9 -10 11 -12 12 -14 -15
leaf_value=1.1748214070909879e-05 0.080910852603868627 -0.083148548133452085 0.030479808703501012 0.088019196951844278 -0.043335184876589106 0.1403243503771292 0.08380403332019648 -0.096006626938539466 -0.10259570718772176 -0.35697896124240935 -0.37018300085410355 -0.086067998231532744 0.097757569282588525 0.066133617816455159
leaf_weight=557.48405659012496 4.9525196459144345 2.9644267465919247 13.946897360496228 5.4937226902693501 6.8848070697858921 0.73050107061862934 1.8169105211272825 1.1492551267147044 7.8261773902922922 0.52164226770400901 0.55654243938624848 3.4850720716640353 1.337219290435314 6.6288697253912687
leaf_count=3532 465 189 275 162 48 3 62 6 122 3 9 180 11 54
internal_value=-1.70544e-05 -0.00067321 -0.000270993 0.0231828 0.00608421 -0.00133272 -0.0324949 -0.041998 -0.0818571 -0.0170641 0.0146416 -0.0665138 -0.0350932 0.0421766
internal_weight=615.779 610.826 607.862 26.3254 20.8317 581.536 24.0522 22.2353 8.55668 13.6786 8.33467 5.34393 4.82229 7.77812
internal_count=5121 4656 4467 485 323 3982 450 388 125 263 69 194 191 60
is_linear=0
shrinkage=0.08


Tree=52
num_leaves=15
num_cat=0
split_feature=10 15 6 5 6 10 6 2 12 10 7 1 13 4
split_gain=4.70853 2.91729 2.2327 3.36744 2.36353 4.08709 3.182 3.69287 3.27453 3.16992 5.55228 2.97969 10.4749 4.86106
threshold=0.68500000000000016 1.0000000180025095e-35 1.4166500000000002 1.5000000000000002 0.90000000000000013 0.67500000000000016 0.36665000000000009 1.0000000180025095e-35 2.5000000000000004 1.0000000180025095e-35 0.87500000000000011 13.500000000000002 1.0000000180025095e-35 1.0000000180025095e-35
decision_type=2 2 2 2 2 2 2 2 2 2 2 2 2 2
left_child=1 2 3 4 6 -6 8 9 -1 10 -8 12 -11 -13
right_child=-2 -3 -4 -5 5 -7 7 -9 -10 11 -12 13 -14 -15
leaf_value=-0.00031902876953103786 0.080840158848521235 -0.082926049680418959 0.066669374863589537 -0.10028624944671828 0.051125497876441939 -0.024839426985876371 0.13249464249252813 0.083506892024711593 0.11398279913807099 0.039992181465447738 -0.10186265286767908 -0.27382633057338751 -0.29986277793221378 -0.034887810207532975
leaf_weight=555.87553685344756 4.5755874291062346 2.7435556491836897 3.1745703099295488 2.1608790187165132 13.908450298011305 6.7242872491478911 0.71249423921108235 1.6829453767277289 1.6087111234664906 7.5682831909507495 7.0367451710626545 0.62040258944034476 0.62863190751522768 4.4792644344270229
leaf_count=3517 465 189 63 16 373 36 3 62 15 60 119 3 9 191
internal_value=-1.04882e-05 -0.000618017 -0.000245493 -0.000597771 -0.000239252 0.0263682 -0.00118543 -0.0305264 1.08077e-05 -0.0396452 -0.080315 -0.0159429 0.0139283 -0.063956
internal_weight=613.5 608.925 606.181 603.007 600.846 20.6327 580.213 22.7288 557.484 21.0458 7.74924 13.2966 8.19692 5.09967
internal_count=5121 4656 4467 4404 4388 409 3979 447 3532 385 122 263 69 194
is_linear=0
shrinkage=0.08


Tree=53
num_leaves=15
num_cat=0
split_feature=10 15 8 0 9 1 13 1 1 10 8 6 1 8
split_gain=4.34005 2.68823 2.11656 4.21471 2.00555 2.2466 2.03546 6.33098 4.03524 6.44757 5.27031 4.66142 4.09503 9.41118
threshold=0.68500000000000016 1.0000000180025095e-35 1.5000000000000002 3.5000000000000004 0.7250000000000002 25.500000000000004 1.0000000180025095e-35 5.5000000000000009 13.500000000000002 1.0000000180025095e-35 1.0000000180025095e-35 0.36665000000000009 12.500000000000002 1.0000000180025095e-35
decision_type=2 2 2 2 2 2 2 2 2 2 2 2 2 2
left_child=1 2 4 -4 5 6 8 -8 9 11 -10 12 -1 -14
right_child=-2 -3 3 -5 -6 -7 7 -9 10 -11 -12 -13 13 -15
leaf_value=0.0014834238231751582 0.080775001796831808 -0.082718343723829246 0.083693797073095835 -0.083817965337295672 0.083281245023555203 -0.095704408596350488 -0.053401988112076422 -0.002438625394169119 -0.014651484526117559 0.061362188741445167 0.045612709789629308 -0.056875337556135358 0.030344761479547996 -0.19554819368505294
leaf_weight=256.88173913396895 4.2270686412230125 2.5387228773906818 4.5243957415223113 1.2206452041864393 1.8149376874789585 1.5968918232247222 18.120545054785907 112.16898748744279 121.84767873305827 13.155586529523132 10.053793452680109 7.7984811738133422 54.342369645833969 1.2065794318914402
leaf_count=1339 465 189 108 6 70 44 210 1005 857 339 90 134 256 9
internal_value=-6.41731e-06 -0.000568717 -0.000223846 0.0481027 -0.000687357 -0.000942556 -0.000688475 -0.00952656 0.00178637 0.00647252 -0.010058 0.00421756 0.00574248 0.0254381
internal_weight=611.498 607.271 604.733 5.74504 598.988 597.173 595.576 130.29 465.286 333.385 131.901 320.229 312.431 55.5489
internal_count=5121 4656 4467 114 4353 4283 4239 1215 3024 2077 947 1738 1604 265
is_linear=0
shrinkage=0.08


Tree=54
num_leaves=15
num_cat=0
split_feature=10 15 6 5 11 6 9 1 1 14 4 1 6 1
split_gain=4.00076 2.47747 1.99149 2.96581 2.23111 4.57897 3.00061 6.44018 3.37779 3.65903 5.81291 3.84382 8.36685 3.76396
threshold=0.68500000000000016 1.0000000180025095e-35 1.4166500000000002 1.5000000000000002 1.0000000180025095e-35 0.70835000000000015 1.0000000180025095e-35 9.5000000000000018 14.500000000000002 1.0000000180025095e-35 1.0000000180025095e-35 16.500000000000004 0.29165000000000002 15.500000000000002
decision_type=2 2 2 2 2 2 2 2 2 2 2 2 2 2
left_child=1 2 3 4 6 -6 -1 -8 -9 11 -11 12 13 -10
right_child=-2 -3 -4 -5 5 -7 7 8 9 10 -12 -13 -14 -15
leaf_value=0.081182752201790845 0.080714936028855072 -0.082524529505483737 0.063970250364015241 -0.096530559881810557 0.0011598008244864328 0.07181566642181525 -0.081906876271202758 0.0041961148656913883 0.057063918944347314 -0.070206226233792426 0.10293552890350773 -0.036101992020204685 -0.035956728419574605 0.23231244172742574
leaf_weight=2.2093817656859747 3.9048620807006946 2.3488175892271093 3.0791349867358795 2.0526153584942213 490.25042983423918 5.9413231443613759 7.998658903874456 59.455024369992316 1.6552213728427896 14.466037287376819 1.3574468540027744 8.7848736932501179 3.8307522451505065 1.4908134452998638
leaf_count=161 465 189 63 16 2444 161 496 506 21 248 13 240 82 16
internal_value=-1.36505e-06 -0.000522402 -0.000202759 -0.000532366 -0.000202547 0.00200582 -0.0110252 -0.0130822 -0.00703537 -0.0281772 -0.0553529 -0.000894882 0.0434364 0.140109
internal_weight=608.825 604.921 602.572 599.493 597.44 496.192 101.248 99.0388 91.0402 31.5851 15.8235 15.7617 6.97679 3.14603
internal_count=5121 4656 4467 4404 4388 2605 1783 1622 1126 620 261 359 119 37
is_linear=0
shrinkage=0.08


Tree=55
num_leaves=15
num_cat=0
split_feature=10 15 8 0 9 1 0 13 1 14 1 12 0 1
split_gain=3.68959 2.28274 1.89783 3.78032 1.87109 2.02073 1.94237 1.87451 5.36842 4.18774 5.73026 7.99639 6.04515 11.4236
threshold=0.68500000000000016 1.0000000180025095e-35 1.5000000000000002 3.5000000000000004 0.7250000000000002 25.500000000000004 3.5000000000000004 1.0000000180025095e-35 5.5000000000000009 1.0000000180025095e-35 15.500000000000002 2.5000000000000004 1.5000000000000002 8.5000000000000018
decision_type=2 2 2 2 2 2 2 2 2 2 2 2 2 2
left_child=1 2 4 -4 5 6 7 -1 -9 -10 11 12 13 -11
right_child=-2 -3 3 -5 -6 -7 -8 8 9 10 -12 -13 -14 -15
leaf_value=0.0014658017202558208 0.080659559622097976 -0.082343756857914438 0.083393484495144096 -0.074555803056918044 0.08310866208018744 -0.094654963812639978 0.074172861668096127 -0.050511263480607596 -0.018635817546808844 0.044283670741249656 -0.028737315983412805 -0.24581835187515669 0.070880915356929683 -0.076065733156732332
leaf_weight=461.2643888713792 3.6070164879783979 2.1727990787476292 4.1863204836845389 1.2621665596961973 1.7029909589327861 1.4666286576539267 2.213069853372871 17.595421662554145 54.973580768331885 16.423632944934074 15.603209618479012 0.66961066797375579 16.043545877560973 7.2874767975881687
leaf_count=3014 465 189 108 6 70 44 16 210 623 124 104 4 83 61
internal_value=-1.00144e-05 -0.000492671 -0.000196602 0.0468038 -0.000626815 -0.000867069 -0.000634747 -0.000915414 -0.00945663 -0.00294882 0.0124431 0.0283382 0.032956 0.00729496
internal_weight=606.472 602.865 600.692 5.44849 595.244 593.541 592.074 589.861 128.596 111.001 56.0275 40.4243 39.7547 23.7111
internal_count=5121 4656 4467 114 4353 4283 4239 4223 1209 999 376 272 268 185
is_linear=0
shrinkage=0.08


Tree=56
num_leaves=15
num_cat=0
split_feature=10 15 6 5 11 6 8 8 1 1 0 1 14 13
split_gain=3.40189 2.10417 1.75574 2.65862 1.92311 4.16392 2.95593 2.68525 3.90147 4.99092 10.3305 5.36526 3.62342 4.39184
threshold=0.68500000000000016 1.0000000180025095e-35 1.4166500000000002 1.5000000000000002 1.0000000180025095e-35 0.70835000000000015 1.0000000180025095e-35 1.0000000180025095e-35 15.500000000000002 11.500000000000002 2.5000000000000004 8.5000000000000018 1.0000000180025095e-35 1.0000000180025095e-35
decision_type=2 2 2 2 2 2 2 2 2 2 2 2 2 2
left_child=1 2 3 4 6 7 -1 -6 9 11 -11 -9 -12 -14
right_child=-2 -3 -4 -5 5 -7 -8 8 -10 10 12 -13 13 -15
leaf_value=-0.0080280131149269903 0.080608499734700398 -0.082175229466725841 0.061037420838275756 -0.093577325790594565 -0.00068658911326157149 0.070214776065757989 -0.09326686517248152 -0.0095045292892761753 0.067599555874974362 -0.15146881928682601 0.08605731571414206 0.071849128078872851 -0.092403798968955134 0.098738187411432643
leaf_weight=96.987292055040598 3.3317193919792762 2.0096931802108875 2.9835472078993908 1.95697681326419 448.86167600564659 5.6393893193453541 2.6755733750760546 10.726621001958852 8.9227695129811746 3.4297131747007352 2.9297357462346554 10.048317354172466 2.5032602101564407 1.1106816530227663
leaf_count=1750 465 189 63 16 2102 161 33 54 81 15 60 87 27 18
internal_value=-6.29391e-06 -0.000453352 -0.000179066 -0.000485619 -0.000178837 0.00186566 -0.0103164 0.00107667 0.0210272 0.00751253 -0.0390051 0.0298442 0.01994 -0.0336597
internal_weight=604.117 600.785 598.776 595.792 593.835 494.172 99.6629 488.533 39.6711 30.7483 9.97339 20.7749 6.54368 3.61394
internal_count=5121 4656 4467 4404 4388 2605 1783 2444 342 261 120 141 105 45
is_linear=0
shrinkage=0.08


Tree=57
num_leaves=15
num_cat=0
split_feature=10 15 9 1 1 10 10 12 14 6 6 6 1 0
split_gain=3.13651 1.94 1.71814 1.90913 2.21078 2.29708 3.67968 4.01196 2.62776 2.53082 2.12955 7.52841 5.05835 3.95351
threshold=0.68500000000000016 1.0000000180025095e-35 0.7250000000000002 21.500000000000004 20.500000000000004 0.67500000000000016 1.0000000180025095e-35 2.5000000000000004 1.0000000180025095e-35 0.36665000000000009 0.29165000000000002 0.90000000000000013 11.500000000000002 2.5000000000000004
decision_type=2 2 2 2 2 2 2 2 2 2 2 2 2 2
left_child=1 2 3 4 5 6 10 -8 -7 -9 -1 -12 -13 -14
right_child=-2 -3 -4 -5 -6 8 7 9 -10 -11 11 12 13 -15
leaf_value=0.00014421238416416246 0.080561424724679129 -0.082018189048960174 0.082921454563038691 -0.037477144981229588 0.046687541306725512 -0.051434348840159488 0.092982095988361366 0.11139504144740441 0.091700641701599694 -0.0064029287532843529 -0.09059844097528226 -0.064798159520544352 0.078292287597996321 -0.076954517893770308
leaf_weight=536.12582837045193 3.0772889647632828 1.858588849660008 1.5888939858414222 8.7477333899587375 6.4676247388124457 9.0486675677821005 5.5693222815170857 1.3403818197548378 0.90276382863521654 9.0371631737798452 7.2948926091194179 3.507914995774625 6.1506510153412819 1.2658946216106413
leaf_count=3339 465 189 70 147 51 207 324 14 10 83 123 39 54 6
internal_value=2.06971e-06 -0.000411859 -0.000157821 -0.000379506 0.000173612 -0.000344851 0.000320065 0.0382078 -0.0384496 0.00881206 -0.000769853 -0.0276673 0.0143555 0.051794
internal_weight=601.984 598.906 597.048 595.459 586.711 580.243 570.292 15.9469 9.95143 10.3775 554.345 18.2194 10.9245 7.41655
internal_count=5121 4656 4467 4397 4250 4199 3982 421 217 97 3561 222 99 60
is_linear=0
shrinkage=0.08


Tree=58
num_leaves=15
num_cat=0
split_feature=10 15 9 1 6 5 10 6 5 10 1 1 7 14
split_gain=2.89243 1.78856 1.58066 1.78273 1.54663 2.75304 1.77436 3.8159 2.22901 6.07828 7.45428 5.52896 2.62732 2.03519
threshold=0.68500000000000016 1.0000000180025095e-35 0.7250000000000002 25.500000000000004 1.4166500000000002 1.5000000000000002 0.67500000000000016 0.90000000000000013 1.0000000180025095e-35 1.0000000180025095e-35 14.500000000000002 8.5000000000000018 0.87500000000000011 1.0000000180025095e-35
decision_type=2 2 2 2 2 2 2 2 2 2 2 2 2 2
left_child=1 2 3 4 5 6 7 8 12 -10 11 -11 -1 -8
right_child=-2 -3 -4 -5 -6 -7 13 -9 9 10 -12 -13 -14 -15
leaf_value=0.10939983936464592 0.080518009395655635 -0.081871920819942642 0.082694233854060231 -0.093095883476108879 0.059103816097895903 -0.10418767706646877 -0.043148367943412119 0.045339244524259907 -0.10014437463522897 -0.095613182800434904 -0.22460714660284276 0.10566226389788375 -7.5338275187367389e-05 0.091155860798574601
leaf_weight=1.4065766278654326 2.8421654412522903 1.7186347576789547 1.4706005672924209 1.3233931912109245 2.8067695694044223 1.6318838410079468 9.5512965377420151 11.872097172774373 5.0591754289343935 1.1513496637344358 0.68794521689414967 3.6188657954335213 554.13069784455001 0.78117445856332857
leaf_count=12 465 189 70 44 63 11 221 369 111 6 3 33 3515 9
internal_value=5.05219e-06 -0.000378114 -0.000142917 -0.000347995 -0.000140904 -0.000422798 -0.000134944 0.000452535 -0.000488893 -0.0369744 0.021578 0.057082 0.000201844 -0.0329945
internal_weight=600.053 597.21 595.492 594.021 592.698 589.891 588.259 577.927 566.055 10.5173 5.45816 4.77022 555.537 10.3325
internal_count=5121 4656 4467 4397 4353 4290 4279 4049 3680 153 42 39 3527 230
is_linear=0
shrinkage=0.08


Tree=59
num_leaves=15
num_cat=0
split_feature=10 15 8 0 9 1 0 1 8 14 1 9 8 1
split_gain=2.66763 1.64904 1.5119 3.33795 1.46768 1.6144 1.75713 1.72646 7.03004 4.25671 6.04253 15.7076 9.00216 8.74163
threshold=0.68500000000000016 1.0000000180025095e-35 1.5000000000000002 3.5000000000000004 0.7250000000000002 25.500000000000004 3.5000000000000004 15.500000000000002 1.0000000180025095e-35 1.0000000180025095e-35 11.500000000000002 1.0000000180025095e-35 1.0000000180025095e-35 7.5000000000000009
decision_type=2 2 2 2 2 2 2 2 2 2 2 2 2 2
left_child=1 2 4 -4 5 6 7 9 -9 10 11 13 -13 -1
right_child=-2 -3 3 -5 -6 -7 -8 8 -10 -11 -12 12 -14 -15
leaf_value=0.020290142264195406 0.080477964412220118 -0.081735751604265425 0.08297496132959023 -0.066792470757253281 0.082484880981376879 -0.092076737338548362 0.07183906912368751 -0.015937626730076024 0.061508533062458827 0.0079217735642086104 0.013465797301748943 -0.066894625500121346 0.017395951872196929 -0.032423423370321613
leaf_weight=63.534235025756061 2.6249018590897313 1.5890358258038748 3.6536466758698216 1.288219168782234 1.3608410763554264 1.2346166446804989 2.1411730265244833 97.878444893285632 8.1239381879568082 269.63762193638831 62.750614766962826 42.978509257547557 9.9948088433593494 29.474207404069602
leaf_count=401 465 189 108 6 70 44 16 795 81 1580 414 726 60 166
internal_value=6.53779e-06 -0.000348089 -0.000130383 0.0439344 -0.00050003 -0.000692169 -0.000499804 -0.000764857 -0.0100022 0.00128206 -0.00729504 -0.0162191 -0.050991 0.00358531
internal_weight=598.265 595.64 594.051 4.94187 589.109 587.748 586.514 584.372 106.002 478.37 208.732 145.982 52.9733 93.0084
internal_count=5121 4656 4467 114 4353 4283 4239 4223 876 3347 1767 1353 786 567
is_linear=0
shrinkage=0.08


Tree=60
num_leaves=15
num_cat=0
split_feature=10 15 6 5 6 14 11 1 6 12 13 7 10 2
split_gain=2.46076 1.52034 1.41134 2.09342 1.46975 2.87181 2.92894 2.82385 2.6004 2.49302 2.45065 2.21173 3.07657 2.58717
threshold=0.68500000000000016 1.0000000180025095e-35 1.4166500000000002 1.5000000000000002 0.90000000000000013 1.0000000180025095e-35 1.0000000180025095e-35 18.500000000000004 0.36665000000000009 2.5000000000000004 1.0000000180025095e-35 0.87500000000000011 1.0000000180025095e-35 1.0000000180025095e-35
decision_type=2 2 2 2 2 2 2 2 2 2 2 2 2 2
left_child=1 2 3 4 8 6 7 10 9 -1 -6 -10 13 -13
right_child=-2 -3 -4 -5 5 -7 -8 -9 11 -11 -12 12 -14 -15
leaf_value=-8.7342768256271755e-05 0.080441034845024198 -0.081609039780383794 0.057444727844165773 -0.088600423044004867 0.0078345770715593441 0.08693739233438999 0.064312335196628739 0.17193664981956058 0.067143055511385524 0.10786983635401973 -0.072793683799884962 -0.099053204575439008 -0.013464120344736047 0.081708262183621663
leaf_weight=547.74939698446542 2.4241571025922886 1.4690502227749664 2.7130191586911669 1.7167843626812089 5.9420295599848032 3.5402064798399797 4.0578785510733715 0.4892563000321396 1.4124035928398395 1.37242599017918 4.0617925440892577 5.6192871676757958 12.208586961030958 0.55697853490710247
leaf_count=3517 465 189 63 16 111 137 129 4 15 15 28 119 285 28
internal_value=3.63196e-06 -0.000325243 -0.000123346 -0.000388636 -0.000130649 0.0223175 0.00659566 -0.0157245 -0.000844482 0.000182476 -0.0249024 -0.0293295 -0.0367409 -0.0827521
internal_weight=595.333 592.909 591.44 588.727 587.01 18.0912 14.551 10.4931 568.919 549.122 10.0038 19.7973 18.3849 6.17627
internal_count=5121 4656 4467 4404 4388 409 272 143 3979 3532 139 447 432 147
is_linear=0
shrinkage=0.08


Tree=61
num_leaves=15
num_cat=0
split_feature=10 15 8 0 13 1 1 10 6 8 0 1 0 14
split_gain=2.26984 1.40195 1.35268 3.01755 1.39509 5.16965 3.26246 4.40756 3.45569 3.39014 3.26542 4.42687 4.33355 2.78544
threshold=0.68500000000000016 1.0000000180025095e-35 1.5000000000000002 3.5000000000000004 1.0000000180025095e-35 5.5000000000000009 13.500000000000002 1.0000000180025095e-35 0.36665000000000009 1.0000000180025095e-35 2.5000000000000004 12.500000000000002 1.5000000000000002 1.0000000180025095e-35
decision_type=2 2 2 2 2 2 2 2 2 2 2 2 2 2
left_child=1 2 4 -4 6 -6 7 8 10 -8 11 -1 -13 -7
right_child=-2 -3 3 -5 5 13 9 -9 -10 -11 -12 12 -14 -15
leaf_value=0.0014927601548591347 0.080406978143886948 -0.081491181424205653 0.082737155746518687 -0.060025999488317654 -0.048839500628681198 -0.014248089933248996 -0.012627421837861872 0.054866859323404536 -0.054007999947203553 0.038412856824340272 -0.10176305516515098 -0.11748198596628308 0.030161082772104542 0.011217475603770163
leaf_weight=254.43851234018803 2.2386885308660558 1.357986106770112 3.3758115526288739 1.317300036549568 17.067289212718606 54.985255925916135 121.20493946457282 11.333754702471195 6.4186551459133616 8.943130396306513 1.8127603977918614 1.3035306930541981 53.144500494003296 54.972753927111626
leaf_count=1332 465 189 108 6 210 656 935 339 134 90 14 6 252 385
internal_value=4.29334e-06 -0.000299921 -0.000113146 0.0426653 -0.000455966 -0.0078751 0.00159902 0.00584648 0.0040945 -0.00912019 0.00529482 0.00592311 0.0266264 -0.00151675
internal_weight=593.915 591.676 590.318 4.69311 585.625 127.025 458.6 328.452 317.118 130.148 310.699 308.887 54.448 109.958
internal_count=5121 4656 4467 114 4353 1251 3102 2077 1738 1025 1604 1590 258 1041
is_linear=0
shrinkage=0.08


Tree=62
num_leaves=15
num_cat=0
split_feature=10 9 1 8 15 6 5 10 6 6 10 7 11 14
split_gain=2.09377 1.31335 1.5171 1.83537 1.27191 1.26707 2.03522 1.63088 3.17893 1.78857 3.04073 4.12749 2.74227 2.32535
threshold=0.68500000000000016 0.7250000000000002 23.500000000000004 1.0000000180025095e-35 1.0000000180025095e-35 1.4166500000000002 1.5000000000000002 0.67500000000000016 0.90000000000000013 0.36665000000000009 1.0000000180025095e-35 0.87500000000000011 1.0000000180025095e-35 1.0000000180025095e-35
decision_type=2 2 2 2 2 2 2 2 2 2 2 2 2 2
left_child=1 2 4 -4 5 6 7 8 9 -1 11 -11 -12 -14
right_child=-2 -3 3 -5 -6 -7 -8 -9 -10 10 12 -13 13 -15
leaf_value=0.00045949772651929916 0.080375552894043023 0.082312708701985718 -0.079117689832252633 0.097210621505074396 -0.081401322098521425 0.055208417506634001 -0.10027256162629498 -0.032417574631267231 0.043012791779672231 0.117413200976278 0.14797273888783755 -0.097845061383585466 -0.11888016889240316 0.0044099375109398643
leaf_weight=544.42419363651425 2.0673452033661297 1.2297679358161975 2.7846277276985343 0.43709939718246449 1.2303365417756129 2.6508399592712513 1.29844645038247 9.7665919447317702 11.065714325755833 0.64257001876830955 0.74504515528678794 5.0544602982699853 1.1310428306460378 7.286369651556015
leaf_count=3438 465 70 101 3 184 63 10 227 369 3 3 116 12 57
internal_value=6.58692e-06 -0.000275145 -0.000447721 -0.0551948 -0.000146368 2.47957e-05 -0.000226803 -2.87496e-06 0.00055219 -0.000287914 -0.0276717 -0.073566 0.000864424 -0.0121565
internal_weight=591.814 589.747 588.517 3.22173 585.296 584.065 581.414 580.116 570.349 559.284 14.8595 5.69703 9.16246 8.41741
internal_count=5121 4656 4586 104 4482 4298 4235 4225 3998 3629 191 119 72 69
is_linear=0
shrinkage=0.08


Tree=63
num_leaves=15
num_cat=0
split_feature=10 1 9 8 1 14 13 1 13 1 13 0 1 13
split_gain=1.93162 1.24275 13.976 8.5634 3.98253 5.47575 3.44003 3.4304 5.86178 3.18762 4.57443 3.17826 4.7324 4.52174
threshold=0.68500000000000016 9.5000000000000018 1.0000000180025095e-35 1.0000000180025095e-35 7.5000000000000009 1.0000000180025095e-35 1.0000000180025095e-35 8.5000000000000018 1.0000000180025095e-35 5.5000000000000009 1.0000000180025095e-35 1.5000000000000002 13.500000000000002 1.0000000180025095e-35
decision_type=2 2 2 2 2 2 2 2 2 2 2 2 2 2
left_child=1 2 4 -4 9 -6 -5 8 -7 10 -1 13 -13 -3
right_child=-2 11 3 6 5 7 -8 -9 -10 -11 -12 12 -14 -15
leaf_value=0.0096594419466694247 0.080346566649601422 0.0025845829270377263 -0.064235979296682746 0.025602376153607997 -0.044912821487401666 -0.0091933114218410283 -0.063011066094240023 -0.10529929436858622 0.089938799565573921 0.023591405889082893 -0.04042455892127822 0.014450369752947508 -0.0046893448958859815 -0.073891140240250647
leaf_weight=60.410238872747868 1.909060704987495 12.516767113469541 34.76389825087972 12.701502496842297 21.095753380097449 11.129011080134665 3.5980099886655799 1.4043951481580723 5.8107386920601121 71.609535675495863 14.466145534068344 161.7229939554818 169.15623197890818 8.1829640539363027
leaf_count=349 465 113 811 84 118 52 18 11 31 413 87 1013 1447 109
internal_value=5.50891e-06 -0.000255083 -0.00473254 -0.0418033 0.00544872 -0.017116 0.00604154 0.0148503 0.0248114 0.0115241 -1.68058e-05 0.00276304 0.00466552 -0.0276476
internal_weight=590.477 588.568 236.989 51.0634 185.926 39.4399 16.2995 18.3441 16.9397 146.486 74.8764 351.579 330.879 20.6997
internal_count=5121 4656 1974 913 1061 212 102 94 83 849 436 2682 2460 222
is_linear=0
shrinkage=0.08


Tree=64
num_leaves=15
num_cat=0
split_feature=9 6 6 14 13 12 10 7 1 1 8 1 9 8
split_gain=1.84086 1.47485 3.17995 3.16995 2.37127 2.31405 1.94779 3.75479 1.83478 1.79486 6.48415 3.61489 11.0482 6.9119
threshold=0.7250000000000002 0.90000000000000013 0.36665000000000009 1.0000000180025095e-35 1.0000000180025095e-35 2.5000000000000004 1.0000000180025095e-35 0.70835000000000015 11.500000000000002 15.500000000000002 1.0000000180025095e-35 9.5000000000000018 1.0000000180025095e-35 1.0000000180025095e-35
decision_type=2 2 2 2 2 2 2 2 2 2 2 2 2 2
left_child=1 2 5 4 -3 9 7 -4 -6 11 -11 12 -1 -14
right_child=-2 3 6 -5 8 -7 -8 -9 -10 10 -12 -13 13 -15
leaf_value=0.0037154666268358577 0.081503937374915833 0.027517036755241163 0.11347390398622663 0.084970285955915603 -0.10498558279625052 0.10500411601930085 -0.016304576620058672 -0.095955120610537903 -0.007731559552425305 -0.015998590250122856 0.059642483612766639 0.0093118941875590319 -0.062827856400398785 0.002845520158019393
leaf_weight=182.02622168976814 1.7681405008770514 11.585893550422048 0.61489698290824879 3.9518002315890035 1.6766842934302975 1.3410767232999194 12.219221827108411 5.0276697147637632 4.7833845033310354 90.945000066421926 7.8815706297755233 218.04665122134611 29.951708053704351 15.597663251683114
leaf_count=777 230 423 3 246 36 23 272 133 68 692 81 1291 750 96
internal_value=-1.64378e-06 -0.000247718 -0.00104082 0.0200741 0.00586274 4.6217e-05 -0.0342567 -0.0731327 -0.0329734 -0.000212313 -0.0099661 0.0019508 -0.00510207 -0.040339
internal_weight=587.418 585.649 563.652 21.9978 18.046 545.79 17.8618 5.64257 6.46007 544.449 98.8266 445.622 227.576 45.5494
internal_count=5121 4891 4118 773 527 3710 408 136 104 3687 773 2914 1623 846
is_linear=0
shrinkage=0.08


Tree=65
num_leaves=15
num_cat=0
split_feature=9 1 8 6 6 14 13 12 10 7 10 11 14 1
split_gain=1.6966 1.3263 1.56698 1.33586 2.90472 2.90408 2.1305 2.08226 1.77153 3.41312 2.0595 2.20384 1.82084 9.48382
threshold=0.7250000000000002 23.500000000000004 1.0000000180025095e-35 0.90000000000000013 0.36665000000000009 1.0000000180025095e-35 1.0000000180025095e-35 2.5000000000000004 1.0000000180025095e-35 0.70835000000000015 0.67500000000000016 1.0000000180025095e-35 1.0000000180025095e-35 11.500000000000002
decision_type=2 2 2 2 2 2 2 2 2 2 2 2 2 2
left_child=1 3 -3 4 7 6 -5 -1 9 -6 11 -10 13 -13
right_child=-2 2 -4 5 8 -7 -8 -9 10 -11 -12 12 -14 -15
leaf_value=8.0354206676302127e-05 0.081389643881806376 -0.076380758414777997 0.094781293261729141 0.027145961283550769 0.10992542729689811 0.084428953101360102 -0.030580695467313498 0.10299802057714058 0.13323769934009347 -0.09518081955051455 -0.076515938157272381 -0.36017420184725246 0.0054731210864369297 0.089162058123819665
leaf_weight=539.95783341606148 1.634398475056513 2.5711395530961449 0.3948921114206313 11.300260310759773 0.58518257737159718 3.670418965863063 6.4143237220123401 1.2610954320989538 0.75120031926780662 4.6083543333224979 2.7888074414804569 0.51833935081958749 7.3228367641568184 0.71571698412299156
leaf_count=3593 230 103 3 420 3 246 104 23 6 127 194 3 57 9
internal_value=-4.38618e-06 -0.000232623 -0.0535926 4.03011e-05 -0.000711038 0.0196629 0.00624355 0.000320163 -0.0329893 -0.0720704 -0.0162107 0.00185745 -0.00967628 -0.0995722
internal_weight=584.495 582.86 2.96603 579.894 558.509 21.385 17.7146 541.219 17.2904 5.19354 12.0969 9.30809 8.55689 1.23406
internal_count=5121 4891 106 4785 4015 770 524 3616 399 130 269 75 69 12
is_linear=0
shrinkage=0.08


Tree=66
num_leaves=15
num_cat=0
split_feature=10 8 11 8 0 9 1 4 1 6 6 1 14 1
split_gain=1.61673 1.22463 1.14784 2.99839 3.03708 5.15122 3.53863 3.2713 1.682 1.59541 2.39073 2.73731 2.50711 2.38286
threshold=0.68500000000000016 2.5000000000000004 1.0000000180025095e-35 1.0000000180025095e-35 1.5000000000000002 1.0000000180025095e-35 16.500000000000004 1.0000000180025095e-35 9.5000000000000018 1.4166500000000002 0.36665000000000009 11.500000000000002 1.0000000180025095e-35 10.500000000000002
decision_type=2 2 2 2 2 2 2 2 2 2 2 2 2 2
left_child=1 2 3 4 5 -1 8 -8 -6 10 13 12 -12 -10
right_child=-2 -3 -4 -5 6 -7 7 -9 9 -11 11 -13 -14 -15
leaf_value=0.080740802495198397 0.080290264098158814 0.1124934610766489 0.0012392633680126462 -0.092417213048596583 -0.082673008548382318 -0.081574611098472055 -0.083238352012031766 0.0021134626058648682 0.053010615788116326 0.10486445793871525 -0.21430907749127318 -0.0070598771594711776 -0.046292387861112838 0.0056665188879012731
leaf_weight=1.5311463321559129 1.600600754842161 0.61624395847320457 485.07435377128422 2.6398263145238152 1.3727627713233221 6.8470964648295176 6.0418147551827115 5.481163612101227 7.8566705286502829 1.0446648229844857 0.82758080679923218 9.6935522584244591 1.8148608319461346 50.766930264420807
leaf_count=181 465 3 2675 37 56 619 242 149 50 12 9 175 74 374
internal_value=-1.4322e-06 -0.000222397 -0.000341952 -0.00833843 -0.00595895 -0.051911 -0.00142424 -0.0426388 0.00504802 0.00672043 0.00527555 -0.0267354 -0.0989132 0.0120115
internal_weight=583.209 581.609 580.992 95.9181 93.2782 8.37824 84.9 11.523 73.377 72.0043 70.9596 12.336 2.64244 58.6236
internal_count=5121 4656 4653 1978 1941 800 1141 391 750 694 682 258 83 424
is_linear=0
shrinkage=0.08


Tree=67
num_leaves=15
num_cat=0
split_feature=9 1 6 5 0 6 6 14 11 1 12 12 1 13
split_gain=1.52111 1.20344 1.13612 2.03539 1.29586 1.27021 2.26672 2.17997 2.517 2.48139 1.88577 1.73736 1.64617 4.52965
threshold=0.7250000000000002 25.500000000000004 1.4166500000000002 1.5000000000000002 1.5000000000000002 0.90000000000000013 0.36665000000000009 1.0000000180025095e-35 1.0000000180025095e-35 18.500000000000004 2.5000000000000004 2.5000000000000004 16.500000000000004 1.0000000180025095e-35
decision_type=2 2 2 2 2 2 2 2 2 2 2 2 2 2
left_child=1 2 3 5 -4 6 10 8 9 -7 -1 -8 13 -13
right_child=-2 -3 4 -5 -6 7 11 -9 -10 -11 -12 12 -14 -15
leaf_value=-4.6353645899740629e-05 0.08130226992998521 -0.088921196617729056 -0.026906817027022533 -0.098862320076336718 0.096249322436016804 -0.020626214459642571 -0.056864342138673252 0.084744693729437492 0.063541752956310232 0.16495880184908113 0.10118364735494773 0.0024492671336522006 0.099485812030757403 -0.20613517758762329
leaf_weight=540.59633629047312 1.4687845224980254 0.9771174390334626 0.82792861340567414 1.3376495810225595 1.6103091323748229 9.9050622645299882 7.9323041529860356 2.8893163460306814 3.8779207011684766 0.48360682604834515 1.1803141077980388 7.2707613927777839 0.86533394781872708 0.73354022204875935
leaf_count=3644 230 47 40 13 62 216 328 206 228 10 23 61 9 4
internal_value=-7.34042e-06 -0.000213075 -6.35034e-05 -0.00029375 0.0544304 -6.47381e-05 -0.000723278 0.0213766 0.00854312 -0.011987 0.000174186 -0.0296619 -0.00533415 -0.0166661
internal_weight=581.956 580.488 579.51 577.072 2.43824 575.734 558.579 17.1559 14.2666 10.3887 541.777 16.8019 8.86964 8.0043
internal_count=5121 4891 4844 4742 102 4729 4069 660 454 226 3667 402 74 65
is_linear=0
shrinkage=0.08


Tree=68
num_leaves=15
num_cat=0
split_feature=10 15 8 9 1 6 5 0 10 6 1 10 11 14
split_gain=1.40445 1.09573 1.09096 0.947854 1.10305 0.927183 1.83444 1.18308 1.12077 2.28941 1.64127 3.27006 1.42377 1.52496
threshold=0.68500000000000016 1.0000000180025095e-35 2.5000000000000004 0.7250000000000002 25.500000000000004 1.4166500000000002 1.5000000000000002 1.5000000000000002 0.67500000000000016 0.90000000000000013 13.500000000000002 1.0000000180025095e-35 1.0000000180025095e-35 1.0000000180025095e-35
decision_type=2 2 2 2 2 2 2 2 2 2 2 2 2 2
left_child=1 2 3 4 5 6 8 -7 9 -1 11 -11 13 -10
right_child=-2 -3 -4 -5 -6 7 -8 -9 12 10 -12 -13 -14 -15
leaf_value=-0.00036087976712320251 0.080253528794419313 -0.081153258964547823 0.10903760720106868 0.081684601737370618 -0.088856612612055713 -0.024614717767618918 -0.097299309434447243 0.096279689762196058 -0.044889698647924386 -0.036182265783513759 0.081863594598223538 0.080977497368178553 0.090344899757579353 0.090733642819059657
leaf_weight=553.44831565301865 1.3921097533311684 1.0680121567565937 0.58616441488265891 0.90424245689064164 0.8985038329847147 0.82341221580281798 1.2463149894028891 1.3970229299739001 8.1079602218232996 3.5701397624798101 3.5730736516416073 2.6611698712222278 0.61088166572153646 0.56775721535086709
leaf_count=3677 465 189 3 70 44 39 11 24 214 42 50 277 8 8
internal_value=-3.79561e-06 -0.000196607 -4.71196e-05 -0.000157782 -0.000286062 -0.000147902 -0.000347568 0.051448 -0.000136521 0.000317966 0.0386382 0.0138525 -0.0277022 -0.0360142
internal_weight=580.855 579.463 578.395 577.809 576.905 576.006 573.786 2.22044 572.539 563.253 9.80438 6.23131 9.2866 8.67572
internal_count=5121 4656 4467 4464 4394 4350 4287 63 4276 4046 369 319 230 222
is_linear=0
shrinkage=0.08


Tree=69
num_leaves=15
num_cat=0
split_feature=10 8 0 15 9 1 0 1 13 1 1 1 6 6
split_gain=1.2958 1.03387 3.07955 1.00334 0.87721 1.00599 1.53343 1.14124 0.854034 4.14467 2.97976 3.65515 4.05991 3.61064
threshold=0.68500000000000016 1.5000000000000002 3.5000000000000004 1.0000000180025095e-35 0.7250000000000002 25.500000000000004 3.5000000000000004 23.500000000000004 1.0000000180025095e-35 5.5000000000000009 22.500000000000004 18.500000000000004 0.58335000000000015 0.29165000000000002
decision_type=2 2 2 2 2 2 2 2 2 2 2 2 2 2
left_child=1 3 -3 4 5 6 7 8 -1 -10 11 13 -13 -11
right_child=-2 2 -4 -5 -6 -7 -8 -9 9 10 -12 12 -14 -15
leaf_value=0.0012034079008806317 0.080233984911586703 0.082467515470018321 -0.065418738259401796 -0.081066405266624175 0.081554511201018948 -0.088163328845139943 0.072058491290411961 -0.084307812796381429 -0.044226573197928644 0.0061565421319860446 0.15070536094404793 -0.10991384209539692 0.09017984661382171 -0.04678892729120164
leaf_weight=447.49647755734622 1.2853795953560609 3.0498835192993274 1.2791389077901838 0.98691294225864012 0.83599847415462036 0.83568039489909907 1.8669857773929823 1.039545128121971 16.054920057300478 90.764317615889013 0.82664642762392659 3.5654228972271076 0.79338929802179325 9.0668641356751305
leaf_count=2976 465 108 6 189 70 44 16 47 210 762 9 46 6 167
internal_value=-6.44364e-07 -0.000178931 0.0387701 -0.00047261 -0.000333834 -0.000453452 -0.000325192 -0.000562442 -0.000409325 -0.0063702 -0.000582727 -0.00178305 -0.0734929 0.00134793
internal_weight=579.748 578.462 4.32902 574.133 573.146 572.31 571.475 569.608 568.568 121.072 105.017 104.19 4.35881 99.8312
internal_count=5121 4656 114 4542 4353 4283 4239 4223 4176 1200 990 981 52 929
is_linear=0
shrinkage=0.08


Tree=70
num_leaves=15
num_cat=0
split_feature=10 8 15 1 9 8 1 14 1 13 1 13 1 1
split_gain=1.19574 1.04671 0.929667 0.881967 10.2312 6.86216 3.51751 4.66973 3.0947 5.07301 3.0042 3.00412 2.94429 2.79556
threshold=0.68500000000000016 2.5000000000000004 1.0000000180025095e-35 9.5000000000000018 1.0000000180025095e-35 1.0000000180025095e-35 7.5000000000000009 1.0000000180025095e-35 8.5000000000000018 1.0000000180025095e-35 7.5000000000000009 1.0000000180025095e-35 8.5000000000000018 6.5000000000000009
decision_type=2 2 2 2 2 2 2 2 2 2 2 2 2 2
left_child=1 2 3 4 6 10 13 -8 9 -9 -6 12 -7 -1
right_child=-2 -3 -4 -5 5 11 7 8 -10 -11 -12 -13 -14 -15
leaf_value=0.0050301071881149063 0.080215951749078904 0.10779825122365058 -0.080985976294174783 0.002419464941812101 -0.087048269851059901 0.0022026060929065464 -0.04259274070648672 -0.0090673202658979862 -0.1039487693676972 0.084046607093651707 -0.037104505397713136 -0.059536421996816968 0.093448291387374052 0.033715546991695183
leaf_weight=118.53168921591714 1.1868108629714686 0.57412339746951957 0.91190356528386374 344.49679535115138 13.676504232920708 9.4985293652862328 20.849608093500137 11.115732537116861 1.3421030715107907 5.6471081543713799 17.662851206958294 3.5426161419600239 2.9712376222014418 26.627951863687485
leaf_count=693 465 3 189 2612 441 57 118 52 11 31 260 18 24 147
internal_value=-2.0821e-06 -0.000166952 -0.000274402 -0.000146614 -0.00396578 -0.0371311 0.00456391 -0.0167816 0.0129423 0.0223011 -0.0589 0.00547476 0.0239442 0.0102921
internal_weight=578.636 577.449 576.875 575.963 231.466 47.3517 184.114 38.9546 18.1049 16.7628 31.3394 16.0124 12.4698 145.16
internal_count=5121 4656 4653 4464 1852 800 1052 212 94 83 701 99 81 840
is_linear=0
shrinkage=0.08


Tree=71
num_leaves=15
num_cat=0
split_feature=9 6 5 6 14 11 1 6 12 10 7 10 11 14
split_gain=1.15966 0.979246 1.72854 1.11533 1.89632 2.09918 1.96244 1.80672 1.78916 1.72387 3.08324 1.54313 2.00154 1.50129
threshold=0.7250000000000002 1.4166500000000002 1.5000000000000002 0.90000000000000013 1.0000000180025095e-35 1.0000000180025095e-35 18.500000000000004 0.36665000000000009 2.5000000000000004 1.0000000180025095e-35 0.70835000000000015 0.67500000000000016 1.0000000180025095e-35 1.0000000180025095e-35
decision_type=2 2 2 2 2 2 2 2 2 2 2 2 2 2
left_child=1 2 3 7 5 6 -5 8 -1 10 -9 12 -11 -14
right_child=-2 -3 -4 4 -6 -7 -8 9 -10 11 -12 -13 13 -15
leaf_value=-0.00018278684028134401 0.081038708919832933 0.053217912081076797 -0.095024646980047311 -0.017297695523782821 0.084300133527982199 0.062438614961514809 0.15285943844836541 0.10730590305588153 0.10147710066324252 0.13037560682841076 -0.093954923890724698 -0.067103264100832644 -0.086619882929055411 0.0070883164692922438
leaf_weight=538.54899913445115 1.1277264631353308 2.1908025534357867 1.2320715766400088 9.6621447943616658 2.521657445235177 3.4715487763751289 0.45417783060111183 0.5557568073272704 1.1102609990630288 0.73791273683309277 3.9466505241580334 2.4758827632758758 1.2863208744674919 7.3252605423331261
leaf_count=3687 230 102 17 216 206 228 10 3 23 6 127 197 12 57
internal_value=-6.67047e-06 -0.000165478 -0.000369467 -0.000165617 0.0205858 0.00876158 -0.0096584 -0.000766881 2.63618e-05 -0.0269848 -0.0691122 -0.0109452 0.00392627 -0.00690897
internal_weight=576.647 575.519 573.329 572.097 16.1095 13.5879 10.1163 555.987 539.659 16.3278 4.50241 11.8254 9.34949 8.61158
internal_count=5121 4891 4789 4772 660 454 226 4112 3710 402 130 272 75 69
is_linear=0
shrinkage=0.08


Tree=72
num_leaves=15
num_cat=0
split_feature=9 1 1 12 1 8 0 1 13 12 1 14 4 1
split_gain=1.06921 0.959283 2.08312 1.67155 1.60987 4.84627 1.44712 1.74694 1.89791 1.39241 1.20624 2.24655 1.40679 1.15106
threshold=0.7250000000000002 21.500000000000004 20.500000000000004 1.5000000000000002 18.500000000000004 1.0000000180025095e-35 2.5000000000000004 22.500000000000004 1.0000000180025095e-35 1.5000000000000002 19.500000000000004 1.0000000180025095e-35 1.0000000180025095e-35 11.500000000000002
decision_type=2 2 2 2 2 2 2 2 2 2 2 2 2 2
left_child=1 2 4 -4 13 10 -3 -8 -9 -10 12 -12 -6 -1
right_child=-2 6 3 -5 5 -7 7 8 9 -11 11 -13 -14 -15
leaf_value=-0.002941911495882743 0.080959444323671262 -0.090317288245644237 -0.0464773737264653 0.064617985938794281 -0.083164198493572497 0.09060650573468064 -0.10371419258746338 -0.013901930774402894 -0.081131880196508382 0.16227901361617242 -0.10745815394104563 0.0090577968872415683 0.022373123786142202 0.0044321796403029587
leaf_weight=298.55148634372745 1.04200064158067 1.8405420137569297 1.0396767714992154 5.212079894146882 5.7111329352483118 1.9523706212639815 1.0019163291435687 3.5059785731136799 0.18773336336016644 0.75647685094736516 1.3866912289522586 4.4826854614075273 0.94161761098075647 248.02388812694699
leaf_count=2579 230 42 26 38 48 21 10 82 20 5 36 30 37 1917
internal_value=-5.13345e-06 -0.000151959 0.000218652 0.0461427 -0.000293077 -0.0266265 -0.0289821 -0.00827637 0.0132105 0.113883 -0.0449047 -0.0184701 -0.0682266 0.000404289
internal_weight=575.636 574.594 567.302 6.25176 561.05 14.4745 7.29265 5.45211 4.45019 0.94421 12.5221 5.86938 6.65275 546.575
internal_count=5121 4891 4732 64 4668 172 159 117 107 25 151 66 85 4496
is_linear=0
shrinkage=0.08


Tree=73
num_leaves=15
num_cat=0
split_feature=10 11 8 0 9 1 4 1 10 1 10 6 6 1
split_gain=1.01736 0.872324 2.80565 2.84088 4.24188 3.11884 2.84421 1.45439 1.23931 1.39584 1.2383 1.1487 1.46186 2.47208
threshold=0.68500000000000016 1.0000000180025095e-35 1.0000000180025095e-35 1.5000000000000002 1.0000000180025095e-35 16.500000000000004 1.0000000180025095e-35 9.5000000000000018 0.67500000000000016 20.500000000000004 0.52500000000000013 1.4166500000000002 0.36665000000000009 11.500000000000002
decision_type=2 2 2 2 2 2 2 2 2 2 2 2 2 2
left_child=1 2 3 4 -1 7 -7 -5 -8 -10 -3 12 -9 -14
right_child=-2 10 -4 5 -6 6 8 11 9 -11 -12 -13 13 -15
leaf_value=0.080610648905913782 0.080186100021352 0.0010258245265050319 -0.091482087062345091 -0.082378135411866241 -0.081388041152866214 -0.082772973553629253 0.041568758401844715 0.010476027600487926 -0.063971540850283101 0.10506038798751659 0.085569740169581229 0.099479632563126488 -0.093540878625742396 -0.0017942615641527687
leaf_weight=1.2525575193576513 1.0107152309501533 480.2209538097959 2.4639267805032423 1.1977157869841892 5.94113935669884 5.3050357419997436 2.4754474172368646 59.176741496659815 2.0871548065915708 0.36775559186935414 1.1113389171659935 0.84062462672591109 2.3679743891116223 9.1133417943492514
leaf_count=181 465 2628 37 56 619 242 49 424 87 13 50 12 83 175
internal_value=-5.671e-06 -0.000146894 -0.00725812 -0.00495553 -0.053181 -0.000772343 -0.042118 0.00504898 0.00162652 -0.0386499 0.00122103 0.00651352 0.00540749 -0.0207166
internal_weight=574.932 573.922 92.5894 90.1255 7.1937 82.9318 10.2354 72.6964 4.93036 2.45491 481.332 71.4987 70.6581 11.4813
internal_count=5121 4656 1978 1941 800 1141 391 750 149 100 2678 694 682 258
is_linear=0
shrinkage=0.08


Tree=74
num_leaves=15
num_cat=0
split_feature=9 8 2 1 1 15 1 9 8 1 1 14 1 13
split_gain=0.951144 0.93439 0.901023 5.10183 0.874257 0.830733 0.799016 8.69835 6.10369 3.07115 2.99239 4.00561 2.73445 4.41913
threshold=0.7250000000000002 2.5000000000000004 1.0000000180025095e-35 13.500000000000002 25.500000000000004 1.0000000180025095e-35 9.5000000000000018 1.0000000180025095e-35 1.0000000180025095e-35 7.5000000000000009 7.5000000000000009 1.0000000180025095e-35 8.5000000000000018 1.0000000180025095e-35
decision_type=2 2 2 2 2 2 2 2 2 2 2 2 2 2
left_child=1 2 4 -4 5 6 7 10 9 -9 -1 -12 13 -13
right_child=-2 -3 3 -5 -6 -7 -8 8 -10 -11 11 12 -14 -15
leaf_value=0.0095543411366938152 0.080907436384175635 0.10482620000888748 0.12222392521903604 -0.149863611051819 -0.086822670923909953 -0.08089114146446115 0.0026341522861040275 -0.086022634813239254 0.0054832442003367021 -0.034038570904198567 -0.039612942284372579 -0.0082090864793336604 -0.10021942428314239 0.079398858719735246
leaf_weight=144.95511983521283 0.92817565961740811 0.54222781956195731 0.67835555970668693 1.2607842953875659 0.74225018406286736 0.81023572222329576 339.70580811752006 12.626782760955395 15.763113982044159 17.155709802638739 20.582612211350352 11.125355275813495 1.287204436957835 5.50992203131318
leaf_count=840 230 3 3 14 47 187 2781 441 99 264 118 52 11 31
internal_value=-1.08008e-05 -0.000141935 -0.000241404 -0.0546812 -5.62857e-05 5.67958e-05 0.000172121 -0.00348004 -0.034772 -0.0560781 0.00428846 -0.0155353 0.012116 0.0208083
internal_weight=573.674 572.745 572.203 1.93914 570.264 569.522 568.712 229.006 45.5456 29.7825 183.46 38.5051 17.9225 16.6353
internal_count=5121 4891 4888 17 4871 4824 4637 1856 804 705 1052 212 94 83
is_linear=0
shrinkage=0.08


Tree=75
num_leaves=15
num_cat=0
split_feature=10 1 8 4 1 8 0 0 0 9 0 14 1 1
split_gain=0.915991 0.847208 4.92667 1.91886 1.84473 6.66252 7.67201 6.12042 6.01511 4.14266 10.7039 4.95052 7.03594 6.29349
threshold=0.68500000000000016 15.500000000000002 1.0000000180025095e-35 1.0000000180025095e-35 11.500000000000002 1.0000000180025095e-35 2.5000000000000004 1.5000000000000002 2.5000000000000004 1.0000000180025095e-35 1.5000000000000002 1.0000000180025095e-35 7.5000000000000009 10.500000000000002
decision_type=2 2 2 2 2 2 2 2 2 2 2 2 2 2
left_child=1 4 3 -3 9 7 -7 -6 -9 -1 -11 -12 -13 -14
right_child=-2 2 -4 -5 5 6 -8 8 -10 10 11 12 13 -15
leaf_value=0.0043390506474819453 0.080168790134664922 -0.014965396093035271 0.056399966082804162 0.024544353200318419 -0.069797719961401522 -0.12619357797631478 0.010052892418801716 0.017461466326044655 -0.087563493434002937 -0.077232430490558363 -0.027954905833793803 -0.084536970475385331 0.04537513166942362 -0.013814901380156378
leaf_weight=194.55400887783617 0.91033141885418345 88.382348871324211 7.3696991242468348 8.6357819358818215 5.6434950507245949 4.9491961598396284 5.6815808918327093 150.50829228479415 3.5729592735879114 15.311939091770908 34.833659106865525 4.4951018063584334 27.055294634192251 19.992024990031496
leaf_count=1131 465 680 84 262 46 27 106 877 30 775 222 31 226 159
internal_value=-1.55936e-05 -0.000143433 -0.0066585 -0.0114486 0.00131413 0.00794744 -0.0533771 0.012029 0.0150261 -0.0025004 -0.0155859 -0.00465782 0.0110869 0.0202232
internal_weight=571.896 570.985 104.388 97.0181 466.598 170.356 10.6308 159.725 154.081 296.242 101.688 86.3761 51.5424 47.0473
internal_count=5121 4656 1026 942 3630 1086 133 953 907 2544 1413 638 416 385
is_linear=0
shrinkage=0.08


Tree=76
num_leaves=15
num_cat=0
split_feature=9 6 5 11 6 8 1 0 9 4 1 0 14 13
split_gain=0.846873 0.850362 1.56422 0.9299 2.38458 2.29775 2.44174 2.50356 3.42681 2.2829 1.24627 1.16847 4.12105 6.44276
threshold=0.7250000000000002 1.4166500000000002 1.5000000000000002 1.0000000180025095e-35 0.90000000000000013 1.0000000180025095e-35 16.500000000000004 1.5000000000000002 1.0000000180025095e-35 1.0000000180025095e-35 9.5000000000000018 2.5000000000000004 1.0000000180025095e-35 1.0000000180025095e-35
decision_type=2 2 2 2 2 2 2 2 2 2 2 2 2 2
left_child=1 2 3 5 11 6 7 8 -1 -8 -9 -5 -13 -14
right_child=-2 -3 -4 4 -6 -7 9 10 -10 -11 -12 12 13 -15
leaf_value=0.08057214247861938 0.080829127118457564 0.052039374411438029 -0.093610049259978151 -0.00022984715701400413 0.064871329479338352 -0.089535963711466576 -0.082527051857049602 -0.081834765604665155 -0.08099306936792465 -0.0033534242000368515 0.0043420080232830522 0.054810579836723494 -0.03724994713830157 0.073729033307558686
leaf_weight=1.0239327596500514 0.82800918980501492 1.9921986355911929 1.1479404717683781 444.57333156839013 3.7437630415661252 2.1386966505087903 4.8244398729875666 1.090451503987423 4.6818586176959789 4.5094255898147821 71.248964558588341 10.998212353093551 12.653507261537017 4.5523576522245994
leaf_count=160 230 102 17 2149 270 36 243 57 614 151 786 150 113 43
internal_value=-1.82329e-05 -0.000135845 -0.000319106 -0.00012991 0.00127549 -0.00761111 -0.00560592 -0.00098111 -0.0519994 -0.0442763 0.00304297 0.000771892 0.016562 -0.00788694
internal_weight=570.007 569.179 567.187 566.039 476.521 89.5178 87.3791 78.0452 5.70579 9.33387 72.3394 472.777 28.2041 17.2059
internal_count=5121 4891 4789 4772 2725 2047 2011 1617 774 394 843 2455 306 156
is_linear=0
shrinkage=0.08


Tree=77
num_leaves=15
num_cat=0
split_feature=9 1 1 1 8 0 1 13 12 1 14 4 0 7
split_gain=0.78105 0.840262 1.84994 1.32864 3.91244 1.28384 1.60079 1.66239 1.23932 1.16085 2.07413 1.11914 0.998568 0.930058
threshold=0.7250000000000002 21.500000000000004 20.500000000000004 18.500000000000004 1.0000000180025095e-35 2.5000000000000004 22.500000000000004 1.0000000180025095e-35 1.5000000000000002 19.500000000000004 1.0000000180025095e-35 1.0000000180025095e-35 2.5000000000000004 0.70835000000000015
decision_type=2 2 2 2 2 2 2 2 2 2 2 2 2 2
left_child=1 2 3 -1 9 -3 -7 -8 13 11 -11 -5 -10 -4
right_child=-2 5 8 4 -6 6 7 -9 12 10 -12 -13 -14 -15
leaf_value=0.00035618742923448389 0.080765741261177151 -0.088521156465279929 0.11064898766323449 -0.0780402790125172 0.089056184606583266 -0.101285921891236 -0.012916419251191767 0.11051246105291405 0.032247012515645358 -0.10498633821815757 0.011039254641821213 0.018216525106755831 0.10514750587748563 -0.084466874018578067
leaf_weight=541.12620816938579 0.76492436206899483 1.6894895771984 0.20026783645153046 5.4429076472297275 1.6931739002466208 0.95994136342778791 3.2904719831421971 0.88651214004494239 3.2226074032951146 1.2666926358360795 4.4509853851050138 0.90100992796942581 1.9183898374903945 0.71301619126461346
leaf_count=4496 230 42 1 48 21 10 82 25 18 36 30 37 20 25
internal_value=-1.87168e-05 -0.000127555 0.000211957 -0.000267936 -0.0248216 -0.0280256 -0.00812919 0.0132798 0.0441946 -0.0408074 -0.014665 -0.0643692 0.0594502 -0.0416812
internal_weight=568.527 567.762 560.935 554.881 13.7548 6.82642 5.13693 4.17698 6.05428 12.0616 5.71768 6.34392 5.141 0.913284
internal_count=5121 4891 4732 4668 172 159 117 107 64 151 66 85 38 26
is_linear=0
shrinkage=0.08


Tree=78
num_leaves=15
num_cat=0
split_feature=7 4 1 1 12 1 8 1 14 0 1 13 12 0
split_gain=0.766019 2.01981 0.924584 1.32801 1.60077 1.08551 3.46314 1.3292 1.4331 1.03294 1.39002 1.62897 0.926445 0.903792
threshold=0.87500000000000011 1.0000000180025095e-35 21.500000000000004 20.500000000000004 1.5000000000000002 18.500000000000004 1.0000000180025095e-35 19.500000000000004 1.0000000180025095e-35 2.5000000000000004 22.500000000000004 1.0000000180025095e-35 1.5000000000000002 2.5000000000000004
decision_type=2 2 2 2 2 2 2 2 2 2 2 2 2 2
left_child=1 -1 3 5 -5 -2 7 -7 -9 -4 -11 -12 -13 -6
right_child=2 -3 9 4 13 6 -8 8 -10 10 11 12 -14 -15
leaf_value=-0.12856280735315692 0.00028993957820963421 0.073044089667208448 -0.086216017962116587 -0.080875763532172795 0.02954478584843721 -0.063902018836900248 0.088311065685785575 -0.093757217523270722 0.010159449374183593 -0.11142198329946075 -0.021108402315830058 -0.073552491532442282 0.13748171948450269 0.1015952930618792
leaf_weight=0.37225682300049756 540.33033324661665 2.1835884485626593 1.5996052552945901 0.63192799943499167 3.2353953543351963 6.0760419685393536 1.5756464079022414 1.0492327911779282 4.4583565628854558 0.75291974120773364 3.0321725396206607 0.16148596559651185 0.75834927253890783 1.6995237965602426
leaf_count=3 4567 81 42 26 18 111 21 49 31 22 97 21 7 25
internal_value=-1.79274e-05 0.0436802 -0.000215475 0.000128082 0.0390068 -0.00026295 -0.022965 -0.0381012 -0.00963737 -0.0306805 -0.0117993 0.00718044 0.100433 0.0543581
internal_weight=567.917 2.55585 565.361 559.056 5.56685 553.49 13.1593 11.5836 5.50759 6.30453 4.70493 3.95201 0.919835 4.93492
internal_count=5121 84 5037 4848 69 4779 212 191 80 189 147 125 28 43
is_linear=0
shrinkage=0.08


Tree=79
num_leaves=15
num_cat=0
split_feature=15 7 4 1 8 1 8 0 0 0 1 14 9 8
split_gain=0.737588 0.737642 1.84266 0.840983 3.83833 1.57341 5.75405 6.34729 5.30743 5.58389 4.11602 3.36973 8.88805 7.55632
threshold=1.0000000180025095e-35 0.87500000000000011 1.0000000180025095e-35 15.500000000000002 1.0000000180025095e-35 11.500000000000002 1.0000000180025095e-35 2.5000000000000004 1.5000000000000002 2.5000000000000004 14.500000000000002 1.0000000180025095e-35 1.0000000180025095e-35 1.0000000180025095e-35
decision_type=2 2 2 2 2 2 2 2 2 2 2 2 2 2
left_child=1 2 -1 5 -5 11 8 -8 10 -10 -7 12 -3 -14
right_child=-2 3 -4 4 -6 6 7 -9 9 -11 -12 -13 13 -15
leaf_value=-0.12322866024100047 -0.080852578050912505 0.0030720074861242709 0.073501525220482158 -0.010909496351216288 0.051903265954243917 -0.10652798778119678 -0.11741921706284378 0.0081450082317993094 0.016183338574967752 -0.093511813230453267 0.053859854283706037 0.005791377891245778 -0.057145333859851932 0.021712433721712922
leaf_weight=0.35789106274023597 0.72149456513579835 91.323572574183345 2.0504524604184553 93.775289010489359 6.6690433938056222 4.0843619890511027 4.8194605931639654 5.5363023690879345 150.24473638494965 3.0297904205508521 1.3666906878352163 157.44803081417922 35.953370795934461 9.9232269432395679
leaf_count=3 189 567 80 1096 84 38 27 106 1010 39 8 1054 751 69
internal_value=-1.67405e-05 8.61971e-05 0.0442665 -0.0001024 -0.00673902 0.0013351 0.00748662 -0.0502912 0.0112562 0.014015 -0.0663155 -0.0021949 -0.0113598 -0.0400882
internal_weight=567.304 566.582 2.40834 564.174 100.444 463.73 169.081 10.3558 158.726 153.275 5.45105 294.648 137.2 45.8766
internal_count=5121 4932 83 4849 1180 3669 1228 133 1095 1049 46 2441 1387 820
is_linear=0
shrinkage=0.08


Tree=80
num_leaves=15
num_cat=0
split_feature=6 5 0 6 14 11 1 6 12 10 7 13 5 14
split_gain=0.746501 1.14055 0.89809 0.793955 1.76512 1.88406 1.48661 1.294 1.7475 1.38267 2.08788 1.27338 1.23599 4.39069
threshold=1.4166500000000002 1.5000000000000002 1.5000000000000002 0.90000000000000013 1.0000000180025095e-35 1.0000000180025095e-35 18.500000000000004 0.36665000000000009 2.5000000000000004 1.0000000180025095e-35 0.70835000000000015 1.0000000180025095e-35 1.0000000180025095e-35 1.0000000180025095e-35
decision_type=2 2 2 2 2 2 2 2 2 2 2 2 2 2
left_child=1 3 -2 7 5 6 11 8 -1 10 -9 -5 13 -11
right_child=2 -3 -4 4 -6 -7 -8 9 -10 12 -12 -13 -14 -15
leaf_value=-5.4604168734479244e-05 -0.021314633956293131 -0.080695158170336775 0.092148398266547138 0.0076531542760457354 0.084242573735930415 0.061215327726515216 0.13203935728938862 0.099230520810845435 0.10369588715187429 -0.10262382546947424 -0.081454526271544106 -0.051999016848190596 0.019337739081280093 0.029981810233913497
leaf_weight=529.95440893771593 0.71129748946986993 1.1239860780769948 1.1991592018166555 5.534925876767371 2.2020930574508375 3.0989579621236762 0.44849312317092049 0.45873734354972828 1.0410429465118785 3.0251297247596067 3.7979552129982066 3.9068552503595129 5.4133164762752131 3.3875328841386363
leaf_count=3694 40 36 62 173 207 236 12 3 28 205 158 48 187 32
internal_value=-1.90193e-05 -0.000188308 0.0499041 -2.7373e-05 0.0180129 0.00678481 -0.0102701 -0.000528317 0.000148804 -0.0228845 -0.0619824 -0.0170299 -0.00881151 -0.032574
internal_weight=565.304 563.393 1.91046 562.269 15.1913 12.9892 9.89027 547.078 530.995 16.0827 4.25669 9.44178 11.826 6.41266
internal_count=5121 5019 102 4983 676 469 233 4307 3722 585 161 221 424 237
is_linear=0
shrinkage=0.08


Tree=81
num_leaves=15
num_cat=0
split_feature=9 2 1 1 9 8 1 13 1 1 14 1 13 1
split_gain=0.750616 0.855977 4.50973 0.720353 6.36512 5.13772 2.73334 2.58173 2.55723 2.53024 3.39875 2.43014 3.87335 2.40666
threshold=0.7250000000000002 1.0000000180025095e-35 13.500000000000002 9.5000000000000018 1.0000000180025095e-35 1.0000000180025095e-35 7.5000000000000009 1.0000000180025095e-35 8.5000000000000018 7.5000000000000009 1.0000000180025095e-35 8.5000000000000018 1.0000000180025095e-35 6.5000000000000009
decision_type=2 2 2 2 2 2 2 2 2 2 2 2 2 2
left_child=1 3 -3 4 9 6 -6 8 -7 13 -11 12 -12 -1
right_child=-2 2 -4 -5 5 7 -8 -9 -10 10 11 -13 -14 -15
leaf_value=0.0030120008979507206 0.080745780464055991 0.11611674578732062 -0.14675674190058621 0.0024046373810212179 -0.08327754537133332 0.0029662156922135165 -0.031531036960239053 -0.055503966424256194 0.090772373021039535 -0.037563531079702617 -0.0084302484633544811 -0.097911907163990702 0.074432853449558106 0.029679652997639857
leaf_weight=118.27794053312391 0.73554463230539013 0.64288035035133262 1.192299206741154 335.91290153888986 10.858817806001754 9.4644934774842095 16.399280245183036 3.4746186202391973 2.7365201599895945 20.370455745141953 11.117735542822635 1.2341585848480452 5.3465015864931038 26.513337043114007
leaf_count=702 230 3 14 2896 511 60 304 18 24 118 52 11 31 147
internal_value=-1.6988e-05 -0.000122401 -0.0546697 5.58133e-05 -0.00343853 -0.0311588 -0.0521453 0.00533433 0.0226599 0.00306991 -0.0152827 0.010362 0.0184782 0.00789523
internal_weight=564.277 563.542 1.83518 561.707 225.794 42.9337 27.2581 15.6756 12.201 182.86 38.0689 17.6984 16.4642 144.791
internal_count=5121 4891 17 4874 1978 917 815 102 84 1061 212 94 83 849
is_linear=0
shrinkage=0.08


Tree=82
num_leaves=15
num_cat=0
split_feature=9 2 1 6 5 0 9 8 0 6 14 11 6 12
split_gain=0.692367 0.757649 3.99152 0.686981 1.28512 0.800596 0.775993 0.683891 3.18195 0.701757 1.64767 1.71417 1.49223 1.64643
threshold=0.7250000000000002 1.0000000180025095e-35 13.500000000000002 1.4166500000000002 1.5000000000000002 1.5000000000000002 1.0000000180025095e-35 1.5000000000000002 3.5000000000000004 0.90000000000000013 1.0000000180025095e-35 1.0000000180025095e-35 0.36665000000000009 2.5000000000000004
decision_type=2 2 2 2 2 2 2 2 2 2 2 2 2 2
left_child=1 3 -3 4 7 6 -5 9 -9 12 11 -11 13 -1
right_child=-2 2 -4 5 -6 -7 -8 8 -10 10 -12 -13 -14 -15
leaf_value=-0.00013544954037344594 0.08068868701391832 0.11215730426478789 -0.14067387136721965 0.080962358365597273 -0.09112328510176966 0.091268728824308976 -0.090092625791189318 0.082178134537927175 -0.073819417215668509 -0.0097218778899980183 0.083833709525409111 0.060065782199450406 -0.025518271269109993 0.10477680583660635
leaf_weight=522.72600190120284 0.67945423314813425 0.61353000998496909 1.1462488016113637 0.29318184312433004 0.99119113048072804 1.1149532163981346 0.40310281713027407 2.6790460534393779 1.2169646322727206 9.793339296593329 2.0366177584510288 2.92544045834802 15.019830854958853 0.9591038110665967
leaf_count=3559 230 3 14 34 17 62 6 108 6 226 206 228 402 20
internal_value=-1.91481e-05 -0.000116737 -0.0525267 4.79122e-05 -0.000111655 0.0492373 -0.0180672 5.01987e-05 0.0334505 -0.000184918 0.0170274 0.00632995 -0.000656373 5.66922e-05
internal_weight=562.598 561.919 1.75978 560.159 558.348 1.81124 0.696285 557.356 3.89601 553.46 14.7554 12.7188 538.705 523.685
internal_count=5121 4891 17 4874 4772 102 40 4755 114 4641 660 454 3981 3579
is_linear=0
shrinkage=0.08


end of trees

feature_importances:
Column_1=270
Column_10=146
Column_0=128
Column_6=111
Column_9=91
Column_8=74
Column_15=66
Column_14=61
Column_11=59
Column_13=49
Column_7=33
Column_5=25
Column_4=20
Column_12=20
Column_2=9

parameters:
[boosting: gbdt]
[objective: binary]
[metric: binary_logloss]
[tree_learner: serial]
[device_type: cpu]
[data_sample_strategy: bagging]
[data: ]
[valid: ]
[num_iterations: 150]
[learning_rate: 0.08]
[num_leaves: 15]
[num_threads: 0]
[seed: 0]
[deterministic: 0]
[force_col_wise: 0]
[force_row_wise: 0]
[histogram_pool_size: -1]
[max_depth: -1]
[min_data_in_leaf: 5]
[min_sum_hessian_in_leaf: 0.001]
[bagging_fraction: 1]
[pos_bagging_fraction: 1]
[neg_bagging_fraction: 1]
[bagging_freq: 0]
[bagging_seed: 3]
[bagging_by_query: 0]
[feature_fraction: 1]
[feature_fraction_bynode: 1]
[feature_fraction_seed: 2]
[extra_trees: 0]
[extra_seed: 6]
[early_stopping_round: 0]
[early_stopping_min_delta: 0]
[first_metric_only: 0]
[max_delta_step: 0]
[lambda_l1: 0]
[lambda_l2: 0]
[linear_lambda: 0]
[min_gain_to_split: 0]
[drop_rate: 0.1]
[max_drop: 50]
[skip_drop: 0.5]
[xgboost_dart_mode: 0]
[uniform_drop: 0]
[drop_seed: 4]
[top_rate: 0.2]
[other_rate: 0.1]
[min_data_per_group: 100]
[max_cat_threshold: 32]
[cat_l2: 10]
[cat_smooth: 10]
[max_cat_to_onehot: 4]
[top_k: 20]
[monotone_constraints: ]
[monotone_constraints_method: basic]
[monotone_penalty: 0]
[feature_contri: ]
[forcedsplits_filename: ]
[refit_decay_rate: 0.9]
[cegb_tradeoff: 1]
[cegb_penalty_split: 0]
[cegb_penalty_feature_lazy: ]
[cegb_penalty_feature_coupled: ]
[path_smooth: 0]
[interaction_constraints: ]
[verbosity: -1]
[saved_feature_importance_type: 0]
[use_quantized_grad: 0]
[num_grad_quant_bins: 4]
[quant_train_renew_leaf: 0]
[stochastic_rounding: 1]
[linear_tree: 0]
[max_bin: 255]
[max_bin_by_feature: ]
[min_data_in_bin: 3]
[bin_construct_sample_cnt: 200000]
[data_random_seed: 1]
[is_enable_sparse: 1]
[enable_bundle: 1]
[use_missing: 1]
[zero_as_missing: 0]
[feature_pre_filter: 0]
[pre_partition: 0]
[two_round: 0]
[header: 0]
[label_column: ]
[weight_column: ]
[group_column: ]
[ignore_column: ]
[categorical_feature: ]
[forcedbins_filename: ]
[precise_float_parser: 0]
[parser_config_file: ]
[objective_seed: 5]
[num_class: 1]
[is_unbalance: 0]
[scale_pos_weight: 1]
[sigmoid: 1]
[boost_from_average: 1]
[reg_sqrt: 0]
[alpha: 0.9]
[fair_c: 1]
[poisson_max_delta_step: 0.7]
[tweedie_variance_power: 1.5]
[lambdarank_truncation_level: 30]
[lambdarank_norm: 1]
[label_gain: ]
[lambdarank_position_bias_regularization: 0]
[eval_at: ]
[multi_error_top_k: 1]
[auc_mu_weights: ]
[num_machines: 1]
[local_listen_port: 12400]
[time_out: 120]
[machine_list_filename: ]
[machines: ]
[gpu_platform_id: -1]
[gpu_device_id: -1]
[gpu_device_id_list: ]
[gpu_use_dp: 0]
[num_gpu: 1]

end of parameters

pandas_categorical:null
