tree
version=v4
num_class=1
num_tree_per_iteration=1
label_index=0
max_feature_idx=21
objective=binary sigmoid:1
feature_names=Column_0 Column_1 Column_2 Column_3 Column_4 Column_5 Column_6 Column_7 Column_8 Column_9 Column_10 Column_11 Column_12 Column_13 Column_14 Column_15 Column_16 Column_17 Column_18 Column_19 Column_20 Column_21
feature_infos=[1:7] [3:54] [0:1] [0:1] [0:3] [0:3] [0:2] [0.40000000000000002:1] [0:2] [0:0.90000000000000002] [0:0.84999999999999998] [0:0.5] [1:3] [0:1] [0:1] [0:1] [0:1] [0:1] [0:1] [0:1] [0:1] [0:1]
tree_sizes=1701 1728 1733 1738 1741 1735 1735 1733 1743 1739 1756 1749 1742 1759 1755 1754 1758 1746 1754 1736 1770 1758 1763 1761 1751 1756 1745 1748 1749 1741 1749 1748 1752 1745 1754 1731 1759 1773 1748 1761 1759 1748 1748 1748 1775 1744 1747 1747 1755 1750 1737 1747 1731 1761 1759 1753 1753 1740 1750 1753 1759 1745 1740 1756 1744 1734 1751 1757 1739 1756 1742 1758 1726 1741 1764 1741 1753 1736 1752 1748 1744 1747 1749 1751 1748 1777 1772 1743 1772 1751 1759 1751 1752 1745 1742 1753 1763 1775 1758 1764 1759 1761 1768 1756 1754 1745 1754 1747 1753 1770 1762 1750 1754 1767 1769 1763 1765 1770 1763 1762 1730 1772 1763 1757 1760

Tree=0
num_leaves=15
num_cat=0
split_feature=21 11 6 17 16 0 19 20 8 18 19 19 12 10
split_gain=638.936 433.869 502.402 351.911 248.173 94.9772 79.2126 147.661 107.57 75.3798 188.046 67.1181 53.2052 30.2499
threshold=1.0000000180025095e-35 1.0000000180025095e-35 0.58335000000000015 1.0000000180025095e-35 1.0000000180025095e-35 1.5000000000000002 0.41665000000000002 1.0000000180025095e-35 1.0000000180025095e-35 1.0000000180025095e-35 0.87500000000000011 0.41665000000000002 1.5000000000000002 0.68500000000000016
decision_type=2 2 2 2 2 2 2 2 2 2 2 2 2 2
left_child=1 2 4 11 9 -2 12 8 -8 -1 -11 -4 -3 -13
right_child=5 6 3 -5 -6 -7 7 -9 -10 10 -12 13 -14 -15
leaf_value=0.15944282555872782 0.13966986899188524 0.36250987754529396 0.45812068461271582 0.13623219752312848 0.46487358993627359 0.32568429432600038 0.21839254562641477 0.45559742160203165 0.44052978309085544 0.46487358993627359 0.13623219752312848 0.2183925456264148 0.45877351768730573 0.46487358993627359
leaf_weight=151.65466417372227 116.35783222317696 44.547036185860634 142.1610335111618 28.724318414926529 22.882084161043167 20.691246315836906 47.711579740047455 60.369753956794739 19.717540606856346 19.474114179611206 26.046627715229988 11.684468507766725 209.83358028531075 4.3816756904125205
leaf_count=623 478 183 584 118 94 85 196 248 81 80 107 48 862 18
internal_value=0.327198 0.354887 0.297408 0.393839 0.215484 0.167754 0.416101 0.364716 0.28335 0.186543 0.276827 0.440605 0.441916 0.285615
internal_weight=926.238 789.188 407.009 186.951 220.057 137.049 382.179 127.799 67.4291 197.175 45.5207 158.227 254.381 16.0661
internal_count=3805 3242 1672 768 904 563 1570 525 277 810 187 650 1045 66
is_linear=0
shrinkage=1


Tree=1
num_leaves=15
num_cat=0
split_feature=21 11 6 17 16 10 19 20 8 18 19 19 12 0
split_gain=532.856 373.446 422.624 299.089 207.615 79.5994 69.9963 128.065 90.7779 60.631 157.732 59.0107 47.737 29.1503
threshold=1.0000000180025095e-35 1.0000000180025095e-35 0.58335000000000015 1.0000000180025095e-35 1.0000000180025095e-35 1.0000000180025095e-35 0.41665000000000002 1.0000000180025095e-35 1.0000000180025095e-35 1.0000000180025095e-35 0.87500000000000011 0.41665000000000002 1.5000000000000002 1.5000000000000002
decision_type=2 2 2 2 2 2 2 2 2 2 2 2 2 2
left_child=1 2 4 11 9 13 12 8 -8 -1 -11 -4 -3 -2
right_child=5 6 3 -5 -6 -7 7 -9 -10 10 -12 -13 -14 -15
leaf_value=-0.15108431820930288 -0.17199152354563998 0.03269148370432564 0.12367126830239712 -0.17167583464359326 0.13025716066389934 0.092689215211066364 -0.098568317617730689 0.12121639932842497 0.10662317491492598 0.13025716066389934 -0.17167583464359326 -0.038033607329204487 0.12430694363173132 -0.047426216872971237
leaf_weight=154.76431395113468 117.67517298460007 44.279275193810463 138.5997828245163 29.363547772169113 22.274736672639847 8.5485054552555066 48.420345962047577 58.89079749584198 19.298463821411133 18.957222700119019 26.626267895102501 16.123419016599655 204.54698133468628 13.39173339307308
leaf_count=623 473 183 584 118 94 35 196 248 81 80 107 66 862 55
internal_value=0.000129673 0.0258282 -0.0272829 0.0623976 -0.10144 -0.143837 0.0833635 0.034938 -0.040093 -0.1272 -0.0461082 0.10682 0.108004 -0.159264
internal_weight=921.761 782.145 406.709 184.087 222.623 139.615 375.436 126.61 67.7188 200.348 45.5835 154.723 248.826 131.067
internal_count=3805 3242 1672 768 904 563 1570 525 277 810 187 650 1045 528
is_linear=0
shrinkage=0.08


Tree=2
num_leaves=15
num_cat=0
split_feature=21 11 6 17 16 10 19 20 8 19 18 19 12 10
split_gain=451.129 323.508 360.033 257.215 176.234 66.7776 62.1369 111.796 77.1176 52.4556 49.5683 134.49 43.5015 25.5198
threshold=1.0000000180025095e-35 1.0000000180025095e-35 0.58335000000000015 1.0000000180025095e-35 1.0000000180025095e-35 1.0000000180025095e-35 0.41665000000000002 1.0000000180025095e-35 1.0000000180025095e-35 0.41665000000000002 1.0000000180025095e-35 0.87500000000000011 1.5000000000000002 0.68500000000000016
decision_type=2 2 2 2 2 2 2 2 2 2 2 2 2 2
left_child=1 2 4 9 10 -2 12 8 -8 -4 -1 -12 -3 -11
right_child=5 6 3 -5 -6 -7 7 -9 -10 13 11 -13 -14 -15
leaf_value=-0.13807076854652423 -0.14576659502831624 0.03026870600830216 0.1175640518868266 -0.15721416737042115 0.12411923881642606 0.086689500907558406 -0.089896396745878585 0.11513019588264907 0.10076509495608235 -0.095159418788458766 0.12411923881642606 -0.15721416737042115 0.11819511849236344 0.13220543582071589
leaf_weight=155.74727995693684 131.70636206865311 44.009136334061623 134.31036901473999 29.490737080574036 21.536128729581833 8.4144274145364744 48.824537456035614 57.115983963012695 18.806942045688629 11.902938365936281 18.328620195388794 26.741600573062897 198.1734424829483 4.3011005222797385
leaf_count=623 528 183 584 118 94 35 196 248 81 48 80 107 862 18
internal_value=0.000216992 0.0242643 -0.0252776 0.0588298 -0.0933662 -0.131807 0.0785898 0.0327198 -0.0368773 0.10116 -0.11669 -0.0428049 0.102217 -0.0348091
internal_weight=909.41 769.289 402.359 180.005 222.354 140.121 366.93 124.747 67.6315 150.514 200.818 45.0702 242.183 16.204
internal_count=3805 3242 1672 768 904 563 1570 525 277 650 810 187 1045 66
is_linear=0
shrinkage=0.08


Tree=3
num_leaves=15
num_cat=0
split_feature=11 6 17 16 21 10 19 20 8 18 19 0 12 1
split_gain=390.509 429.075 217.894 178.394 128.445 60.6607 55.3716 98.1152 65.8539 52.7123 116.092 49.6059 40.1321 34.9192
threshold=1.0000000180025095e-35 0.58335000000000015 1.0000000180025095e-35 1.0000000180025095e-35 1.0000000180025095e-35 1.0000000180025095e-35 0.41665000000000002 1.0000000180025095e-35 1.0000000180025095e-35 1.0000000180025095e-35 0.87500000000000011 1.5000000000000002 1.5000000000000002 9.5000000000000018
decision_type=2 2 2 2 2 2 2 2 2 2 2 2 2 2
left_child=1 3 5 9 6 13 12 8 -8 -1 -11 -6 -2 -3
right_child=4 2 -4 -5 11 -7 7 -9 -10 10 -12 -13 -14 -15
leaf_value=-0.13513465148876497 0.028025633018763423 -0.15587627970245596 -0.14774369691534439 0.11969966994139906 -0.14422890186882059 0.11010560923420672 -0.082412496884959927 0.10989093919226475 0.095571052968462106 0.11896939814718975 -0.14598113616404373 0.06190359905089933 0.11297581622938914 0.039142046871292753
leaf_weight=245.87399855256081 43.74043183028698 8.4557392150163668 30.180985853075981 21.202610194683075 25.542622715234756 128.87051093578339 48.989030122756958 55.133199453353882 18.265084996819496 17.621104717254639 26.503307491540909 10.561011165380476 191.03444340825081 19.261742308735847
leaf_count=989 183 34 122 96 103 576 196 248 81 80 107 43 862 85
internal_value=0.000280844 -0.046779 0.0490778 -0.104308 0.0598701 0.0870134 0.0744062 0.0307789 -0.0340752 -0.120686 -0.040173 -0.0839312 0.0971489 -0.020352
internal_weight=891.236 497.97 186.769 311.201 393.266 156.588 357.162 122.387 67.2541 289.998 44.1244 36.1036 234.775 27.7175
internal_count=3805 2089 817 1272 1716 695 1570 525 277 1176 187 146 1045 119
is_linear=0
shrinkage=0.08


Tree=4
num_leaves=15
num_cat=0
split_feature=11 6 17 16 21 10 19 20 8 18 19 0 12 1
split_gain=339.974 370.611 189.808 154.14 112.08 54.1794 49.5009 86.4884 56.4657 44.1992 101.176 42.8275 37.3849 29.9005
threshold=1.0000000180025095e-35 0.58335000000000015 1.0000000180025095e-35 1.0000000180025095e-35 1.0000000180025095e-35 1.0000000180025095e-35 0.41665000000000002 1.0000000180025095e-35 1.0000000180025095e-35 1.0000000180025095e-35 0.87500000000000011 1.5000000000000002 1.5000000000000002 9.5000000000000018
decision_type=2 2 2 2 2 2 2 2 2 2 2 2 2 2
left_child=1 3 5 9 6 13 12 8 -8 -1 -11 -6 -2 -3
right_child=4 2 -4 -5 11 -7 7 -9 -10 10 -12 -13 -14 -15
leaf_value=-0.12616183029135825 0.025947084305204177 -0.14501162788638811 -0.13851134693331033 0.11524218558037955 -0.13513883347974648 0.10533342977082655 -0.075854404369691694 0.10531688498678313 0.09090304963534887 0.11459838972118412 -0.13701918532617116 0.057398892977212415 0.10845786854327377 0.036435853337580509
leaf_weight=242.42447456717491 43.476120382547379 8.3652999103069323 29.638218730688095 20.297870934009552 25.097112417221069 124.12724161148071 48.966272592544556 53.012595415115356 17.690559446811676 16.860826015472412 25.997524231672287 10.481934055685995 183.38646909594536 19.046167954802513
leaf_count=989 183 34 122 96 103 576 196 248 81 80 107 43 862 85
internal_value=0.000321932 -0.0440159 0.0466418 -0.0977663 0.0568023 0.0828544 0.0706853 0.0290545 -0.0315974 -0.112922 -0.0380308 -0.0784153 0.0926454 -0.0189374
internal_weight=868.869 486.758 181.177 305.581 382.111 151.539 346.532 119.669 66.6568 285.283 42.8584 35.579 226.863 27.4115
internal_count=3805 2089 817 1272 1716 695 1570 525 277 1176 187 146 1045 119
is_linear=0
shrinkage=0.08


Tree=5
num_leaves=15
num_cat=0
split_feature=21 11 6 17 16 19 10 19 20 8 12 18 19 10
split_gain=298.406 212.968 232.24 171.082 113.179 45.5873 44.8331 44.3704 76.5185 48.5723 35.0927 28.022 88.8546 27.2199
threshold=1.0000000180025095e-35 1.0000000180025095e-35 0.58335000000000015 1.0000000180025095e-35 1.0000000180025095e-35 0.29165000000000002 1.0000000180025095e-35 0.41665000000000002 1.0000000180025095e-35 1.0000000180025095e-35 1.5000000000000002 1.0000000180025095e-35 0.87500000000000011 0.68500000000000016
decision_type=2 2 2 2 2 2 2 2 2 2 2 2 2 2
left_child=1 2 4 5 11 -4 -2 10 9 -9 -3 -1 -13 -7
right_child=6 7 3 -5 -6 13 -8 8 -10 -11 -12 12 -14 -15
leaf_value=-0.11063472541218206 -0.12069223557000473 0.024019773698370155 0.10710930825065511 -0.12955651923425607 0.11080985565238512 -0.088101650455676306 0.075027752955769092 -0.070034539077864263 0.10127233237134338 0.086656680608791059 0.10449906253389371 0.110852223400819 -0.12971807337891467 0.11510736489710172
leaf_weight=149.94540025293827 126.17024545371532 43.21845169365406 116.12977465987206 27.87110823392868 18.869081854820251 13.512675359845163 7.9632183611392966 48.798783361911774 50.809999585151672 17.09743894636631 175.43363627791405 16.06858491897583 25.292227476835251 6.1336771845817557
leaf_count=623 528 183 565 118 94 56 35 196 248 81 862 80 107 29
internal_value=0.000350315 0.0210464 -0.0204767 0.0509831 -0.076117 0.0880429 -0.109073 0.0673322 0.027502 -0.0293794 0.0885916 -0.0945541 -0.036257 -0.0246589
internal_weight=843.314 709.181 373.823 163.647 210.175 135.776 134.133 335.358 116.706 65.8962 218.652 191.306 41.3608 19.6464
internal_count=3805 3242 1672 768 904 650 563 1570 525 277 1045 810 187 85
is_linear=0
shrinkage=0.08


Tree=6
num_leaves=15
num_cat=0
split_feature=11 6 17 16 21 19 19 20 8 0 12 18 19 10
split_gain=263.525 282.737 147.503 118.399 82.715 46.6841 39.8593 67.9041 41.8888 37.2282 33.1375 32.0135 78.5241 23.545
threshold=1.0000000180025095e-35 0.58335000000000015 1.0000000180025095e-35 1.0000000180025095e-35 1.0000000180025095e-35 0.41665000000000002 0.41665000000000002 1.0000000180025095e-35 1.0000000180025095e-35 1.5000000000000002 1.5000000000000002 1.0000000180025095e-35 0.87500000000000011 0.68500000000000016
decision_type=2 2 2 2 2 2 2 2 2 2 2 2 2 2
left_child=1 3 5 11 6 -3 10 8 -8 -6 -2 -1 -13 -7
right_child=4 2 -4 -5 9 13 7 -9 -10 -11 -12 12 -14 -15
leaf_value=-0.11252755885944124 0.022231968111104457 0.094874412500237537 -0.12536420052899108 0.108512416602527 -0.12197476698452211 -0.086545811544795209 -0.064815446573389238 0.097653632000394272 0.08275165746797454 0.059350090828919226 0.10099119040500618 0.10761492994737509 -0.12366952171792074 0.11369921190026647
leaf_weight=231.25106397271156 42.969102814793587 120.26544053852558 27.908965349197388 18.412345111370087 23.731624484062195 15.121059983968737 48.521081328392029 48.569632172584534 16.496861636638641 10.432233005762098 167.3376353085041 15.260854959487913 24.44144269824028 5.0008359253406516
leaf_count=989 183 609 122 96 103 62 196 248 81 43 862 80 107 24
internal_value=0.000379268 -0.03984 0.0426109 -0.0877938 0.0517867 0.0760043 0.0642745 0.0260876 -0.0273736 -0.0666056 0.0848994 -0.101134 -0.0347679 -0.0367795
internal_weight=815.72 457.662 168.296 289.366 358.058 140.387 323.894 113.588 65.0179 34.1639 210.307 270.953 39.7023 20.1219
internal_count=3805 2089 817 1272 1716 695 1570 525 277 146 1045 1176 187 86
is_linear=0
shrinkage=0.08


Tree=7
num_leaves=15
num_cat=0
split_feature=21 11 6 17 16 0 19 19 20 8 12 7 10 10
split_gain=233.688 162.975 179.294 134.21 86.9823 38.8844 38.1315 35.8711 60.4127 36.1969 31.4345 22.291 21.5943 20.8513
threshold=1.0000000180025095e-35 1.0000000180025095e-35 0.58335000000000015 1.0000000180025095e-35 1.0000000180025095e-35 1.5000000000000002 0.29165000000000002 0.41665000000000002 1.0000000180025095e-35 1.0000000180025095e-35 1.5000000000000002 0.87500000000000011 0.65500000000000014 0.68500000000000016
decision_type=2 2 2 2 2 2 2 2 2 2 2 2 2 2
left_child=1 2 4 6 11 -2 -4 10 9 12 -3 -1 -9 -8
right_child=5 7 3 -5 -6 -7 13 8 -10 -11 -12 -13 -14 -15
leaf_value=0.078688919333321755 -0.11815043255118114 0.020573170363788456 0.100609895389229 -0.1184052092340642 0.10474225462226754 0.003321369288260888 -0.075797331133594187 -0.071846329948452053 0.094380147673944953 0.079125438405935958 0.097850320001220514 -0.089633230918026816 0.18408582557044864 0.10810720247640875
leaf_weight=5.1847576797008506 106.95123271644115 42.729276314377785 105.79913274943829 25.859523206949234 16.959509074687958 20.023308023810387 13.536411121487619 45.949678838253021 46.326267719268799 15.897575810551642 159.22557833790779 174.69296602904797 2.2114818692207328 5.5690624713897696
leaf_count=24 478 183 565 118 94 85 56 187 248 81 862 786 9 29
internal_value=0.000394102 0.0195168 -0.0181684 0.0474819 -0.0684522 -0.0989949 0.0818262 0.0614565 0.0247857 -0.0255439 0.0815001 -0.0847815 -0.0600943 -0.0221909
internal_weight=786.916 659.941 347.601 150.764 196.837 126.975 124.905 312.34 110.385 64.0587 201.955 179.878 48.1612 19.1055
internal_count=3805 3242 1672 768 904 563 650 1570 525 277 1045 810 196 85
is_linear=0
shrinkage=0.08


Tree=8
num_leaves=15
num_cat=0
split_feature=21 11 6 17 16 0 19 19 20 8 12 19 18 10
split_gain=205.579 143.655 156.967 119.419 76.0787 35.4932 34.7111 32.3208 53.8714 31.3465 29.9214 21.8168 71.6202 18.2247
threshold=1.0000000180025095e-35 1.0000000180025095e-35 0.58335000000000015 1.0000000180025095e-35 1.0000000180025095e-35 1.5000000000000002 0.29165000000000002 0.41665000000000002 1.0000000180025095e-35 1.0000000180025095e-35 1.5000000000000002 0.41665000000000002 1.0000000180025095e-35 0.65500000000000014
decision_type=2 2 2 2 2 2 2 2 2 2 2 2 2 2
left_child=1 2 4 6 11 -2 -4 10 9 13 -3 12 -1 -9
right_child=5 7 3 -5 -6 -7 -8 8 -10 -11 -12 -13 -14 -15
leaf_value=-0.083316973538926045 -0.11339558340049104 0.019033939172058589 0.097736075497487446 -0.11411672863151302 0.10228179662456224 0.0030569607201468355 -0.020657662185174491 -0.066836955126639702 0.091388093719842425 0.075728799968829252 0.095010151084199829 -0.1156812670781269 0.10682497333297392 0.16658528405292627
leaf_weight=94.080780774354935 102.69515098631382 42.499792993068695 100.41811686754227 24.730946898460388 16.016639918088913 20.015138134360313 18.818649426102638 45.462252900004387 44.106971979141235 15.306378051638601 151.19647309184074 67.178724378347397 14.65287798643112 2.2464838922023764
leaf_count=424 478 183 565 118 94 85 85 187 248 81 862 308 78 9
internal_value=0.000412117 0.0186849 -0.0172756 0.045868 -0.0646403 -0.0944011 0.0790505 0.0588388 0.0235774 -0.0238862 0.0783399 -0.0798383 -0.0576936 -0.0558457
internal_weight=759.425 636.715 335.897 143.968 191.929 122.71 119.237 300.818 107.122 63.0151 193.696 175.912 108.734 47.7087
internal_count=3805 3242 1672 768 904 563 650 1570 525 277 1045 810 502 196
is_linear=0
shrinkage=0.08


Tree=9
num_leaves=15
num_cat=0
split_feature=11 6 17 16 21 10 10 0 18 19 7 17 19 19
split_gain=182.497 193.98 104.296 81.7979 53.9901 41.0736 29.9759 28.6084 25.3268 62.5378 19.0599 19.5023 17.0155 16.6706
threshold=1.0000000180025095e-35 0.58335000000000015 1.0000000180025095e-35 1.0000000180025095e-35 1.0000000180025095e-35 1.0000000180025095e-35 1.0000000180025095e-35 1.5000000000000002 1.0000000180025095e-35 0.87500000000000011 0.87500000000000011 1.0000000180025095e-35 0.29165000000000002 0.41665000000000002
decision_type=2 2 2 2 2 2 2 2 2 2 2 2 2 2
left_child=1 3 5 8 6 12 13 -6 10 -10 11 -1 -3 -2
right_child=4 2 -4 -5 7 -7 -8 -9 9 -11 -12 -13 -14 -15
leaf_value=0.22853576342091877 0.061970926845502657 0.027775581341430426 -0.11263468319577406 0.10122191719187797 -0.10805944858263539 0.090603008094639434 0.10309667606396673 0.054609788063444208 0.1042862281802603 -0.11142696447227354 -0.10190591546916748 -0.12291723302125412 -0.10984192550827376 0.017888038583826888
leaf_weight=2.2751638293266288 122.42425143718719 14.843693271279337 24.543332874774933 15.575955986976622 20.925056830048565 99.617805138230324 67.458031371235847 10.337673857808111 14.263975501060484 21.6668431609869 205.1664645075798 1.8178800195455549 9.3860781341791135 99.544133365154266
leaf_count=10 665 79 122 96 103 576 401 43 80 107 971 8 40 504
internal_value=0.000420301 -0.0349957 0.0380249 -0.0765485 0.0456064 0.0678817 0.0563946 -0.0542695 -0.0878416 -0.0257922 -0.0984957 0.0724418 -0.0255344 0.0422015
internal_weight=729.846 409.157 148.391 260.766 320.689 123.848 289.426 31.2627 245.19 35.9308 209.26 4.09304 24.2298 221.968
internal_count=3805 2089 817 1272 1716 695 1570 146 1176 187 989 18 119 1169
is_linear=0
shrinkage=0.08


Tree=10
num_leaves=15
num_cat=0
split_feature=21 11 6 17 16 19 10 10 19 18 20 19 8 0
split_gain=163.943 109.514 123.196 94.9511 59.6844 30.9961 30.8843 28.9266 18.9458 55.2367 17.6126 49.1623 31.5076 20.9168
threshold=1.0000000180025095e-35 1.0000000180025095e-35 0.58335000000000015 1.0000000180025095e-35 1.0000000180025095e-35 0.29165000000000002 1.0000000180025095e-35 1.0000000180025095e-35 0.41665000000000002 1.0000000180025095e-35 1.0000000180025095e-35 0.41665000000000002 1.0000000180025095e-35 1.5000000000000002
decision_type=2 2 2 2 2 2 2 2 2 2 2 2 2 2
left_child=1 2 4 5 8 -4 -2 10 9 -1 11 13 -13 -3
right_child=6 7 3 -5 -6 -7 -8 -9 -10 -11 -12 12 -14 -15
leaf_value=-0.074449194609969474 -0.098630150633166519 0.012921331779579525 0.093103478123255132 -0.10719508681336161 0.098178990306734493 -0.020506282653228004 0.069410243736696381 0.10091796128350911 -0.10795182016359871 0.10172245463789011 0.087565397221377683 -0.063487912379806652 0.071769738835291974 0.083396556283607634
leaf_weight=87.961591526865959 106.20912897586823 41.529153943061829 90.59264999628067 22.341519862413406 14.182423889636992 18.509553968906403 7.4937698394060126 63.560559019446373 61.504597648978233 13.084675580263136 39.978316769003868 45.068228229880333 14.590689718723295 76.790081784129143
leaf_count=424 528 183 565 118 94 85 35 401 308 78 239 187 81 479
internal_value=0.000400357 0.0173597 -0.0155909 0.0430605 -0.0592123 0.0738292 -0.0875552 0.0534307 -0.0729445 -0.0516364 0.0395824 0.0288042 -0.0304082 0.0586603
internal_weight=703.397 589.694 308.177 131.444 176.733 109.102 113.703 281.517 162.551 101.046 217.956 177.978 59.6589 118.319
internal_count=3805 3242 1672 768 904 650 563 1570 810 502 1169 930 268 662
is_linear=0
shrinkage=0.08


Tree=11
num_leaves=15
num_cat=0
split_feature=21 11 6 17 16 0 19 10 19 18 10 20 19 8
split_gain=145.12 96.8104 109.399 84.8588 53.1323 29.6809 28.6835 27.2904 17.5085 48.8528 16.7545 16.1675 43.1632 27.2967
threshold=1.0000000180025095e-35 1.0000000180025095e-35 0.58335000000000015 1.0000000180025095e-35 1.0000000180025095e-35 1.5000000000000002 0.29165000000000002 1.0000000180025095e-35 0.41665000000000002 1.0000000180025095e-35 0.68500000000000016 1.0000000180025095e-35 0.41665000000000002 1.0000000180025095e-35
decision_type=2 2 2 2 2 2 2 2 2 2 2 2 2 2
left_child=1 2 4 6 8 -2 -4 11 9 -1 -8 12 -3 -14
right_child=5 7 3 -5 -6 -7 10 -9 -10 -11 -12 -13 13 -15
leaf_value=-0.070792315025597019 -0.10347527469338234 0.055961226469582938 0.090898814242457354 -0.10443071989474163 0.096479011867159944 0.0053398419659920083 -0.065853797366103362 0.098985150910908509 -0.10461551224065835 0.09962253649476159 0.10401487499458303 0.085014500539991059 -0.059206182807945588 0.068757928658956691
leaf_weight=85.219527944922447 89.679134503006935 114.33344814181328 85.572694301605225 21.147143065929413 13.313226431608198 19.537848949432373 13.419345900416376 59.772310316562653 58.511490538716316 12.322783470153807 5.1392485797405234 37.966580390930176 44.485734686255455 14.03460945188999
leaf_count=424 478 662 565 118 94 85 56 401 308 78 29 239 187 81
internal_value=0.00041115 0.0167231 -0.0150049 0.0416743 -0.0569298 -0.0840093 0.0713455 0.0512715 -0.0700173 -0.0492633 -0.0188137 0.0377436 0.0273607 -0.0285173
internal_weight=674.455 565.238 294.645 125.278 169.367 109.217 104.131 270.593 156.054 97.5423 18.5586 210.82 172.854 58.5203
internal_count=3805 3242 1672 768 904 563 650 1570 810 502 85 1169 930 268
is_linear=0
shrinkage=0.08


Tree=12
num_leaves=15
num_cat=0
split_feature=21 11 6 17 16 0 19 10 7 1 17 20 19 8
split_gain=128.867 85.3674 97.373 76.1412 47.3812 27.617 26.3134 25.9264 17.3955 15.5973 14.9685 14.9248 37.6696 23.6692
threshold=1.0000000180025095e-35 1.0000000180025095e-35 0.58335000000000015 1.0000000180025095e-35 1.0000000180025095e-35 1.5000000000000002 0.29165000000000002 1.0000000180025095e-35 0.87500000000000011 9.5000000000000018 1.0000000180025095e-35 1.0000000180025095e-35 0.41665000000000002 1.0000000180025095e-35
decision_type=2 2 2 2 2 2 2 2 2 2 2 2 2 2
left_child=1 2 4 6 8 -2 -4 11 10 -10 -1 12 -3 -14
right_child=5 7 3 -5 -6 -7 -8 -9 9 -11 -12 -13 13 -15
leaf_value=0.18548475076542595 -0.10058000260825876 0.053071184468770884 0.088856149573825191 -0.10200810135188393 0.094963420620709477 0.0049155490853553608 -0.017562321395143601 0.097263135480991358 -0.0067427917096321652 -0.082773112187954218 -0.11257638185067588 0.082609307532798021 -0.05526236745209339 0.065875656606033811
leaf_weight=3.133099526166915 85.068847849965096 111.05302819609642 80.73517906665802 19.965732246637344 12.477742642164229 19.526810958981514 18.227739840745926 56.113534107804298 20.041638448834419 124.80360986292362 1.6442105323076246 36.026233479380608 43.873414263129234 13.499122917652128
leaf_count=16 478 662 565 118 94 85 85 401 108 678 8 239 187 81
internal_value=0.000409404 0.0161095 -0.0144737 0.0405035 -0.054809 -0.0808852 0.0692552 0.0490944 -0.0672992 -0.0722531 0.0829008 0.0358741 0.0258775 -0.0267599
internal_weight=646.19 541.594 281.029 118.929 162.1 104.596 98.9629 260.565 149.623 144.845 4.77731 204.452 168.426 57.3725
internal_count=3805 3242 1672 768 904 563 650 1570 810 786 24 1169 930 268
is_linear=0
shrinkage=0.08


Tree=13
num_leaves=15
num_cat=0
split_feature=21 16 11 9 10 17 10 19 18 10 20 19 8 0
split_gain=114.501 78.9339 84.6035 69.7691 43.6101 55.1233 26.0897 24.4657 49.07 22.3982 17.4736 28.3331 22.6045 18.1255
threshold=1.0000000180025095e-35 1.0000000180025095e-35 1.0000000180025095e-35 1.0000000180025095e-35 0.69500000000000006 1.0000000180025095e-35 1.0000000180025095e-35 1.0000000180025095e-35 1.0000000180025095e-35 1.0000000180025095e-35 1.0000000180025095e-35 0.41665000000000002 1.0000000180025095e-35 1.5000000000000002
decision_type=2 2 2 2 2 2 2 2 2 2 2 2 2 2
left_child=1 2 3 -1 7 -6 -2 8 -5 10 11 13 -13 -4
right_child=6 -3 9 4 5 -7 -8 -9 -10 -11 -12 12 -14 -15
leaf_value=0.098174681492318061 -0.089467084417024251 0.098375933494640147 0.0015868349229108136 -0.059464120527335296 0.099399483987645712 -0.10039113082953119 0.06736510927184941 -0.10005020569825263 0.098517654665304127 0.095853585908887928 0.080043438363106484 -0.05755553427455997 0.063104305406773892 0.072963877366462149
leaf_weight=24.577821090817451 92.716968074440956 64.395943358540535 39.231968522071838 92.597868278622627 26.077412694692612 13.369410961866377 7.3248999863862982 65.528456464409828 14.561703011393545 37.448772132396698 33.592270180583 42.320212170481682 12.986039400100706 54.262319415807724
leaf_count=181 528 472 180 514 189 83 35 361 96 285 235 183 81 382
internal_value=0.000405742 0.0154595 0.00376434 -0.0294237 -0.0442072 0.031686 -0.0779841 -0.0615434 -0.0379963 0.0394993 0.0279287 0.0161636 -0.0292243 0.0430127
internal_weight=620.992 520.95 456.554 236.713 212.135 39.4468 100.042 172.688 107.16 219.842 182.393 148.801 55.3063 93.4943
internal_count=3805 3242 2770 1424 1243 272 563 971 610 1346 1061 826 264 562
is_linear=0
shrinkage=0.08


Tree=14
num_leaves=15
num_cat=0
split_feature=11 6 17 16 10 10 21 0 7 18 19 20 19 5
split_gain=103.222 109.967 62.6681 47.3712 33.6664 29.9481 22.2617 18.2189 17.318 16.3081 40.4551 12.6529 28.6945 22.4294
threshold=1.0000000180025095e-35 0.58335000000000015 1.0000000180025095e-35 1.0000000180025095e-35 1.0000000180025095e-35 1.0000000180025095e-35 1.0000000180025095e-35 1.5000000000000002 0.87500000000000011 1.0000000180025095e-35 0.87500000000000011 1.0000000180025095e-35 0.41665000000000002 1.0000000180025095e-35
decision_type=2 2 2 2 2 2 2 2 2 2 2 2 2 2
left_child=1 3 5 8 6 -3 11 -8 -1 -10 -11 12 -2 -13
right_child=4 2 -4 -5 -6 -7 7 -9 9 10 -12 13 -14 -15
leaf_value=0.080168890791116609 0.047927417309376191 -0.026283253467620359 -0.10165324271070034 0.094394251864352643 0.095451313924617268 0.080881853120669991 -0.099108741666600428 0.047512421874053426 -0.086633692581899027 0.098427557155404258 -0.099092124314574037 0.087855759193614116 -0.023440256579633143 -0.37771116920697717
leaf_weight=4.5836953520774832 104.42189970612526 21.279230445623398 18.786269903182983 11.368498504161833 51.442508101463318 77.376075893640518 15.874434024095537 8.2388380318880063 166.09302644431591 11.040014430880548 16.6376933157444 31.70874497294426 55.071443915367126 0.67639385163783927
leaf_count=24 662 119 122 96 412 576 102 33 971 74 107 234 268 5
internal_value=0.000422416 -0.0297139 0.0322658 -0.0644216 0.0372896 0.0577671 0.0234372 -0.0490123 -0.073524 -0.0771596 -0.020306 0.0325419 0.0232849 0.078132
internal_weight=594.599 327.165 117.442 209.723 267.434 98.6553 215.992 24.1133 198.354 193.771 27.6777 191.878 159.493 32.3851
internal_count=3805 2089 817 1272 1716 695 1304 135 1176 1152 181 1169 930 239
is_linear=0
shrinkage=0.08


Tree=15
num_leaves=15
num_cat=0
split_feature=16 11 6 17 10 10 15 7 20 6 0 19 8 13
split_gain=95.5682 97.421 75.0794 46.3431 33.2353 27.9556 17.7106 15.4288 14.5124 21.278 16.0905 28.6304 21.2934 18.4538
threshold=1.0000000180025095e-35 1.0000000180025095e-35 0.58335000000000015 1.0000000180025095e-35 1.0000000180025095e-35 1.0000000180025095e-35 1.0000000180025095e-35 0.87500000000000011 1.0000000180025095e-35 0.45000000000000007 1.5000000000000002 0.41665000000000002 1.0000000180025095e-35 1.0000000180025095e-35
decision_type=2 2 2 2 2 2 2 2 2 2 2 2 2 2
left_child=1 2 7 4 -4 6 8 -1 10 -10 13 -12 -13 -3
right_child=-2 5 3 -5 -6 -7 -8 -9 9 -11 11 12 -14 -15
leaf_value=0.072922801946812027 0.096678916951300028 0.009834412192552407 -0.051960264299198491 -0.099775225805557713 0.073929541359764497 0.094448225954994025 -0.12987179061715284 -0.074881768481786126 0.085986512273730664 -0.2043401146527819 0.069800878576494932 -0.043600879141883979 0.070858397003283363 -0.088493427915420017
leaf_weight=4.6337732523679724 59.156721979379654 33.858840867877007 17.543531373143196 17.65490734577179 57.120852865278721 34.335862256586552 5.1726722717285147 184.08008004724979 29.469792008399967 1.709319919347762 53.242598325014114 39.101075738668442 14.172520279884337 19.110068157315254
leaf_count=24 481 168 94 122 443 293 32 1152 231 11 394 172 87 101
internal_value=0.000414209 -0.0107255 -0.0423313 0.0167877 0.0443498 0.0278641 0.0161899 -0.0712525 0.0201525 0.0700701 0.0103937 0.0283129 -0.013151 -0.0256402
internal_weight=570.363 511.206 281.033 92.3193 74.6644 230.173 195.837 188.714 190.664 31.1791 159.485 106.516 53.2736 52.9689
internal_count=3805 3324 1835 659 537 1489 1196 1176 1164 242 922 653 259 269
is_linear=0
shrinkage=0.08


Tree=16
num_leaves=15
num_cat=0
split_feature=16 11 9 10 17 10 18 19 9 15 20 6 8 19
split_gain=86.6841 86.064 68.3282 45.1311 46.1364 26.0077 19.3004 49.6574 17.358 15.8849 13.3483 18.9583 14.2818 22.9901
threshold=1.0000000180025095e-35 1.0000000180025095e-35 1.0000000180025095e-35 0.69500000000000006 1.0000000180025095e-35 1.0000000180025095e-35 1.0000000180025095e-35 0.87500000000000011 0.7250000000000002 1.0000000180025095e-35 1.0000000180025095e-35 0.45000000000000007 1.0000000180025095e-35 0.29165000000000002
decision_type=2 2 2 2 2 2 2 2 2 2 2 2 2 2
left_child=1 2 -1 6 -5 9 8 -8 -4 10 12 -12 13 -3
right_child=-2 5 3 4 -6 -7 7 -9 -10 -11 11 -13 -14 -15
leaf_value=0.095877261201712846 0.095376945411405997 0.023475493455087787 -0.079517949571090291 0.096084335292490997 -0.098593050379291614 0.093252998455162453 0.10064723224039442 -0.098847210257704821 0.12158026245636955 -0.12723150577278503 0.084309201061277025 -0.19439009928647669 0.075106688052926071 -0.04655864894748981
leaf_weight=21.609283566474915 55.323471829295158 92.854447096586227 178.37259614467621 23.503882691264153 11.654016867280005 32.085621803998947 14.492742359638212 17.78509096801281 2.7899894863367072 4.869977891445159 27.723220981657509 1.6553677916526783 18.854638516902924 44.315845981240273
leaf_count=185 481 590 1127 198 85 293 101 121 18 32 231 11 129 203
internal_value=0.000427884 -0.0102365 -0.0405717 -0.0524324 0.0315534 0.0266264 -0.0662666 -0.00927424 -0.0764209 0.0153913 0.0191375 0.0686056 0.00982297 0.000849441
internal_weight=547.89 492.567 270.208 248.598 35.1579 222.359 213.44 32.2778 181.163 190.273 185.404 29.3786 156.025 137.17
internal_count=3805 3324 1835 1650 283 1489 1367 222 1145 1196 1164 242 922 793
is_linear=0
shrinkage=0.08


Tree=17
num_leaves=15
num_cat=0
split_feature=21 16 13 19 15 20 11 0 14 0 8 6 1 17
split_gain=79.9463 55.9435 50.3479 55.0121 53.1586 31.3491 31.2632 26.7314 25.2492 21.3951 20.5249 16.9561 10.6524 10.551
threshold=1.0000000180025095e-35 1.0000000180025095e-35 1.0000000180025095e-35 0.41665000000000002 1.0000000180025095e-35 1.0000000180025095e-35 1.0000000180025095e-35 1.5000000000000002 1.0000000180025095e-35 1.5000000000000002 1.0000000180025095e-35 0.45000000000000007 14.500000000000002 1.0000000180025095e-35
decision_type=2 2 2 2 2 2 2 2 2 2 2 2 2 2
left_child=1 2 3 4 13 10 -4 8 -8 -2 -5 -7 -12 -1
right_child=9 -3 6 5 -6 11 7 -9 -10 -11 12 -13 -14 -15
leaf_value=0.065384391673237591 -0.091988495795004913 0.093740117502793846 -0.077746778868893779 -0.067671046400392995 -0.10873541751831767 0.087875244558738505 0.029336160507458128 0.05609055890924812 -0.1750401168540181 0.0057480138170232214 0.096667344762378968 -0.040217931701122173 -0.09021656594787128 -0.046447831295685429
leaf_weight=157.1184790879488 66.216735914349556 50.05659382045269 64.679727904498577 65.596981205046177 12.645880073308943 20.079061836004261 7.6006104871630651 28.268335580825806 7.8792335540056229 18.294893905520439 8.133391320705412 9.8624541237950307 2.5684393644332877 5.5914757773280135
leaf_count=1237 478 472 435 367 80 177 42 211 36 85 57 68 18 42
internal_value=0.00043589 0.0141217 0.00390328 0.0217391 0.0492617 -0.0236887 -0.0424177 0.00981475 -0.0746913 -0.0708307 -0.0509117 0.0456826 0.0518152 0.0615413
internal_weight=524.592 440.081 390.024 281.596 175.356 106.24 108.428 43.7482 15.4798 84.5116 76.2988 29.9415 10.7018 162.71
internal_count=3805 3242 2770 2046 1359 687 724 289 78 563 442 245 75 1279
is_linear=0
shrinkage=0.08


Tree=18
num_leaves=15
num_cat=0
split_feature=16 11 9 10 17 10 18 19 9 15 0 13 1 19
split_gain=71.9098 69.2466 57.7796 37.8028 39.7519 23.6431 15.3567 42.5954 14.759 13.324 11.4205 20.2854 17.2021 13.7475
threshold=1.0000000180025095e-35 1.0000000180025095e-35 1.0000000180025095e-35 0.69500000000000006 1.0000000180025095e-35 1.0000000180025095e-35 1.0000000180025095e-35 0.87500000000000011 0.7250000000000002 1.0000000180025095e-35 1.5000000000000002 1.0000000180025095e-35 10.500000000000002 0.41665000000000002
decision_type=2 2 2 2 2 2 2 2 2 2 2 2 2 2
left_child=1 2 -1 6 -5 9 8 -8 -4 10 11 12 -3 -12
right_child=-2 5 3 4 -6 -7 7 -9 -10 -11 13 -13 -14 -15
leaf_value=0.094644712986653196 0.093223517201881642 0.033129045524547845 -0.074828644356930166 0.094369963487568001 -0.096273370099479214 0.091931566120022956 0.098457676694767016 -0.096131685791401758 0.11813351722376343 -0.124022879583324 0.064705239042794446 -0.074185103181801784 -0.21990520098505173 0.0083369640867333224
leaf_weight=19.344948515295982 48.324475571513176 39.758913971483707 164.19411481171846 21.280966937541962 10.431036233901979 28.696654036641121 13.052740462124349 16.055037967860699 2.576649382710456 4.3832407593727103 48.230638600885868 21.064718686044216 1.7972307503223408 65.021829232573509
leaf_count=185 481 243 1127 198 85 293 101 121 18 32 397 119 10 395
internal_value=0.000428926 -0.00940736 -0.0380882 -0.0493704 0.0316616 0.024487 -0.0624892 -0.00887238 -0.0718473 0.0137499 0.0171835 -0.010232 0.0221858 0.0323424
internal_weight=504.213 455.889 246.935 227.591 31.712 208.953 195.879 29.1078 166.771 180.257 175.873 62.6209 41.5561 113.252
internal_count=3805 3324 1835 1650 283 1489 1367 222 1145 1196 1164 372 253 792
is_linear=0
shrinkage=0.08


Tree=19
num_leaves=15
num_cat=0
split_feature=21 16 13 19 15 20 11 0 14 0 8 6 6 1
split_gain=66.1118 46.8516 39.0284 44.7297 43.998 26.9946 26.1554 19.4265 19.8572 19.0132 17.4688 14.629 9.88949 9.4602
threshold=1.0000000180025095e-35 1.0000000180025095e-35 1.0000000180025095e-35 0.41665000000000002 1.0000000180025095e-35 1.0000000180025095e-35 1.0000000180025095e-35 1.5000000000000002 1.0000000180025095e-35 1.5000000000000002 1.0000000180025095e-35 0.45000000000000007 0.58335000000000015 14.500000000000002
decision_type=2 2 2 2 2 2 2 2 2 2 2 2 2 2
left_child=1 2 3 4 -1 10 -4 8 -8 -2 -5 -7 -13 -12
right_child=9 -3 6 5 -6 11 7 -9 -10 -11 13 12 -14 -15
leaf_value=0.057875078949460014 -0.089234470286210746 0.091759151540404177 -0.072692253192897058 -0.063377214791707631 -0.10543577927768225 0.086311488077875462 0.03241256805854828 0.051144057007152091 -0.14545116363406432 0.0047774102613351776 0.095005945894710953 -0.10624245308112346 0.061491594897675209 -0.079205887674635392
leaf_weight=149.89387238025665 59.316449008882046 43.518988624215126 58.925896309316158 62.16268802434206 11.358041867613791 18.553309902548794 7.727612055838109 26.801217086613178 8.3665637075901031 17.929626524448395 7.5810060203075391 5.4302316978573781 3.8407900333404541 2.7073464095592499
leaf_count=1279 478 472 435 367 80 177 42 211 36 85 57 44 24 18
internal_value=0.00043577 0.0133173 0.00392216 0.020282 0.046372 -0.0216731 -0.038098 0.00942452 -0.06005 -0.0674133 -0.0473961 0.0453064 -0.0367538 0.0491627
internal_weight=484.114 406.868 363.349 261.527 161.252 100.275 101.821 42.8954 16.0942 77.2461 72.451 27.8243 9.27102 10.2884
internal_count=3805 3242 2770 2046 1359 687 724 289 78 563 442 245 68 75
is_linear=0
shrinkage=0.08


Tree=20
num_leaves=15
num_cat=0
split_feature=16 11 9 10 17 10 21 19 18 8 20 6 19 0
split_gain=59.8831 55.7842 49.0994 31.1845 35.0121 21.6299 12.8315 20.6477 24.6134 11.7204 12.4033 15.6793 14.7679 24.1563
threshold=1.0000000180025095e-35 1.0000000180025095e-35 1.0000000180025095e-35 0.69500000000000006 1.0000000180025095e-35 1.0000000180025095e-35 1.0000000180025095e-35 1.0000000180025095e-35 1.0000000180025095e-35 1.0000000180025095e-35 1.0000000180025095e-35 0.45000000000000007 0.29165000000000002 1.5000000000000002
decision_type=2 2 2 2 2 2 2 2 2 2 2 2 2 2
left_child=1 2 -1 6 -5 9 7 8 -4 10 12 -12 13 -3
right_child=-2 5 3 4 -6 -7 -8 -9 -10 -11 11 -13 -14 -15
leaf_value=0.093490302725939986 0.091436988319022514 -0.023283625473382363 -0.038548156777399159 0.092859937192630512 -0.094661745044793272 0.090875524523693907 -0.094364159627825142 -0.087729461902129435 0.091834882089877487 0.071628801385978907 0.078486447721779359 -0.18915394549392212 -0.042549661214679312 0.061258790319933615
leaf_weight=17.355168700218201 42.081513911485672 48.469534300267696 72.890315771102905 19.244586877524853 9.5268002226948756 25.685909494757652 47.971418432891369 48.202369920909405 10.615966521203516 18.891708746552467 20.598406814038757 1.5031131878495205 43.583364635705948 39.062480866909027
leaf_count=185 481 271 514 198 85 293 396 361 96 153 207 11 210 344
internal_value=0.000418431 -0.00862356 -0.0357946 -0.0465585 0.0307676 0.0223955 -0.0589404 -0.0460383 -0.0219729 0.0121754 0.00484472 0.0602844 -0.00450049 0.0144447
internal_weight=465.683 423.601 225.807 208.451 28.7714 197.795 179.68 131.709 83.5063 172.109 153.217 22.1015 131.115 87.532
internal_count=3805 3324 1835 1650 283 1489 1367 971 610 1196 1043 218 825 615
is_linear=0
shrinkage=0.08


Tree=21
num_leaves=15
num_cat=0
split_feature=16 11 9 10 17 10 21 19 18 1 15 8 1 9
split_gain=54.5829 49.6094 44.1962 27.5646 31.9466 20.1627 12.4489 19.0994 21.9153 11.2802 10.979 9.42794 11.9893 8.72285
threshold=1.0000000180025095e-35 1.0000000180025095e-35 1.0000000180025095e-35 0.69500000000000006 1.0000000180025095e-35 1.0000000180025095e-35 1.0000000180025095e-35 1.0000000180025095e-35 1.0000000180025095e-35 9.5000000000000018 1.0000000180025095e-35 1.0000000180025095e-35 18.500000000000004 0.7250000000000002
decision_type=2 2 2 2 2 2 2 2 2 2 2 2 2 2
left_child=1 2 -1 6 -5 10 7 8 9 -4 11 12 -3 -11
right_child=-2 5 3 4 -6 -7 -8 -9 -10 13 -12 -13 -14 -15
leaf_value=0.092502872367239752 0.090603989911756597 0.013344514232306917 0.035682361480173973 0.09188494333300827 -0.093504282101437741 0.090051323124487367 -0.092920521588625335 -0.08533540361265407 0.090799784997027996 -0.056148496941698878 -0.12148685194983096 0.069324324918343505 -0.089554502256490379 0.10661737386290437
leaf_weight=16.184887528419495 39.188727296888828 138.31552229076624 11.701279267668722 17.945807479321957 8.8987586572766322 23.91925410926342 44.943132504820824 45.693838320672512 9.9069174006581289 57.664724618196487 3.8787898719310752 17.995327167212963 7.6475954577326766 2.1871528178453437
leaf_count=185 481 956 71 198 85 293 396 361 96 426 32 153 55 17
internal_value=0.000432318 -0.00825252 -0.0346259 -0.0449684 0.0304299 0.021335 -0.0567294 -0.0439375 -0.020716 -0.0361559 0.0115419 0.014689 0.00795322 -0.0502006
internal_weight=446.072 406.883 215.126 198.942 26.8446 191.756 172.097 127.154 81.4601 71.5532 167.837 163.958 145.963 59.8519
internal_count=3805 3324 1835 1650 283 1489 1367 971 610 514 1196 1164 1011 443
is_linear=0
shrinkage=0.08


Tree=22
num_leaves=15
num_cat=0
split_feature=16 11 9 10 17 10 21 19 18 20 6 8 19 0
split_gain=49.7837 43.9497 39.8291 24.4011 29.1752 18.9425 12.0302 17.606 19.5702 10.6073 14.2101 9.86188 12.4596 21.5288
threshold=1.0000000180025095e-35 1.0000000180025095e-35 1.0000000180025095e-35 0.69500000000000006 1.0000000180025095e-35 1.0000000180025095e-35 1.0000000180025095e-35 1.0000000180025095e-35 1.0000000180025095e-35 1.0000000180025095e-35 0.45000000000000007 1.0000000180025095e-35 0.29165000000000002 1.5000000000000002
decision_type=2 2 2 2 2 2 2 2 2 2 2 2 2 2
left_child=1 2 -1 6 -5 9 7 8 -4 11 -11 12 13 -3
right_child=-2 5 3 4 -6 -7 -8 -9 -10 10 -12 -13 -14 -15
leaf_value=0.091591277581131489 0.089837830961864748 -0.022091432970287914 -0.034022581012889852 0.09099119005511834 -0.092449640176342315 0.089295767705613385 -0.091574936781314356 -0.083015761776913402 0.08986516816065411 0.077974729154577746 -0.1791620000890275 0.064001446702729337 -0.0396058697363754 0.058817924840265441
leaf_weight=15.083180218935011 36.471708826720715 48.306876882910728 70.056696698069572 16.722154729068279 8.3044730648398417 22.259469881653786 42.072524949908257 43.311351358890533 9.2364620417356473 21.337804980576042 1.4702404737472523 15.025187306106089 43.036647267639637 37.298982471227646
leaf_count=185 481 271 514 198 85 293 396 361 96 231 11 129 210 344
internal_value=0.000423142 -0.00786383 -0.0335299 -0.0434781 0.0301208 0.0199851 -0.0546633 -0.0419968 -0.0195915 0.0107175 0.0613993 0.00267152 -0.0044917 0.0131613
internal_weight=429.994 393.522 204.787 189.704 25.0266 188.735 164.677 122.605 79.2932 166.476 22.808 143.668 128.643 85.6059
internal_count=3805 3324 1835 1650 283 1489 1367 971 610 1196 242 954 825 615
is_linear=0
shrinkage=0.08


Tree=23
num_leaves=15
num_cat=0
split_feature=16 11 9 10 17 10 21 19 18 1 15 20 6 1
split_gain=45.4365 39.0522 35.8694 21.5444 26.6655 17.6586 11.6825 16.2907 17.4591 10.0044 9.6895 8.59808 12.6161 9.69864
threshold=1.0000000180025095e-35 1.0000000180025095e-35 1.0000000180025095e-35 0.69500000000000006 1.0000000180025095e-35 1.0000000180025095e-35 1.0000000180025095e-35 1.0000000180025095e-35 1.0000000180025095e-35 9.5000000000000018 1.0000000180025095e-35 1.0000000180025095e-35 0.45000000000000007 16.500000000000004
decision_type=2 2 2 2 2 2 2 2 2 2 2 2 2 2
left_child=1 2 -1 6 -5 10 7 8 9 -4 11 13 -13 -3
right_child=-2 5 3 4 -6 -7 -8 -9 -10 -11 -12 12 -14 -15
leaf_value=0.090748328217050075 0.089131638062312321 0.01296019504409765 0.035515126723273963 0.090170167069460433 -0.09148625614172208 0.08860190490116325 -0.090311756401750487 -0.080755786492771639 0.089019649485839611 -0.04563940913851991 -0.12004016762783376 0.076559113880949839 -0.16887616577974102 -0.056700569944808842
leaf_weight=14.047600641846655 33.923525273799896 123.17911407351494 11.712609216570852 15.571321792900564 7.7434272244572631 20.702446974813938 39.358963839709759 41.054780565202236 8.6040054559707624 57.195521466434002 3.5780405625700942 20.046754159033302 1.4364290609955777 14.273493342101572
leaf_count=185 481 811 71 198 85 293 396 361 96 443 32 231 11 111
internal_value=0.000435737 -0.00751365 -0.0324034 -0.0419487 0.0298374 0.0190161 -0.0525465 -0.0400102 -0.018429 -0.0318452 0.0101517 0.0130826 0.0601486 0.00572641
internal_weight=412.428 378.505 195.288 181.241 23.3147 183.216 157.926 118.567 77.5121 68.9081 162.514 158.936 21.4832 137.453
internal_count=3805 3324 1835 1650 283 1489 1367 971 610 514 1196 1164 242 922
is_linear=0
shrinkage=0.08


Tree=24
num_leaves=15
num_cat=0
split_feature=16 21 13 19 15 20 11 0 14 0 14 6 8 1
split_gain=41.4881 34.7309 25.237 28.4039 32.0065 18.392 15.741 15.4143 15.3382 12.2026 10.2031 9.44056 9.21183 9.58343
threshold=1.0000000180025095e-35 1.0000000180025095e-35 1.0000000180025095e-35 0.41665000000000002 1.0000000180025095e-35 1.0000000180025095e-35 1.0000000180025095e-35 1.5000000000000002 1.0000000180025095e-35 1.5000000000000002 1.0000000180025095e-35 0.45000000000000007 1.0000000180025095e-35 14.500000000000002
decision_type=2 2 2 2 2 2 2 2 2 2 2 2 2 2
left_child=1 2 3 4 -1 12 -4 8 -8 -3 -9 -7 -5 -14
right_child=-2 9 6 5 -6 11 7 10 -10 -11 -12 -13 13 -15
leaf_value=0.051262969045551277 0.088479485605915953 -0.084444684765949476 -0.063363447170832546 -0.052979964515761757 -0.10111759635692609 0.083014321068369729 0.028619846050824033 -0.014376352298053157 -0.12882374750602943 -0.0010473847645738408 0.091730197339042738 -0.029286501232057546 0.090973973473591582 -0.094921831936376683
leaf_weight=126.76457732543349 31.536789756268263 44.165619324892759 48.115049712359905 53.524990431964397 9.481704041361807 14.246146515011789 7.3635089546442005 10.231636241078377 8.5678805708885193 15.056637957692145 13.390968091785908 7.2182775884866706 6.0463656708598119 2.5123156607151031
leaf_count=1279 481 478 435 367 80 177 42 91 36 76 120 68 57 18
internal_value=0.000429895 -0.00714281 0.00366273 0.018138 0.0406584 -0.0185872 -0.0326281 0.00475953 -0.0560531 -0.0632418 0.0457724 0.0452486 -0.0406575 0.0364061
internal_weight=398.222 366.686 307.463 219.794 136.246 83.5481 87.669 39.554 15.9314 59.2223 23.6226 21.4644 62.0837 8.55868
internal_count=3805 3324 2770 2046 1359 687 724 289 78 554 211 245 442 75
is_linear=0
shrinkage=0.08


Tree=25
num_leaves=15
num_cat=0
split_feature=16 11 9 9 10 18 19 15 21 1 0 1 13 1
split_gain=37.9153 31.3451 30.8334 18.8853 16.3525 12.9841 30.7102 8.19636 7.61697 9.82746 7.51012 11.8319 12.0289 11.3706
threshold=1.0000000180025095e-35 1.0000000180025095e-35 1.0000000180025095e-35 0.7250000000000002 1.0000000180025095e-35 1.0000000180025095e-35 0.87500000000000011 1.0000000180025095e-35 1.0000000180025095e-35 9.5000000000000018 1.5000000000000002 10.500000000000002 1.0000000180025095e-35 16.500000000000004
decision_type=2 2 2 2 2 2 2 2 2 2 2 2 2 2
left_child=1 2 -1 5 7 8 -7 10 9 -4 11 12 -3 -12
right_child=-2 4 3 -5 -6 6 -8 -9 -10 -11 13 -13 -14 -15
leaf_value=0.090271819451335708 0.087876224592850535 0.026240208394409423 0.019538953936181797 0.10262161606121442 0.088047086518442924 0.094524722536269354 -0.089404219842695018 -0.11748738837277697 -0.085514094140510491 -0.052536198624705654 0.0376282321417864 -0.13415240172469325 -0.055203750186553185 -0.035749962006484393
leaf_weight=12.63304817676544 29.303854115307331 35.147708304226398 14.031792335212229 5.7897657789289942 18.681670546531677 12.740395698696375 10.680110834538937 3.2187051922082892 35.82488290220499 88.280754152685404 79.671637795865536 4.6232694610953322 17.328094892203808 16.276610106229782
leaf_count=185 481 243 88 64 293 161 121 32 404 812 654 26 103 138
internal_value=0.000416463 -0.00680445 -0.0302438 -0.0393415 0.0173092 -0.0444291 0.0106503 0.00885248 -0.0537675 -0.0426514 0.0115095 -0.0114628 -0.000653494 0.0251804
internal_weight=384.232 354.928 179.981 167.348 174.948 161.558 23.4205 156.266 138.137 102.313 153.047 57.0991 52.4758 95.9482
internal_count=3805 3324 1835 1650 1489 1586 282 1196 1304 900 1164 372 346 792
is_linear=0
shrinkage=0.08


Tree=26
num_leaves=15
num_cat=0
split_feature=16 21 13 19 15 20 11 0 0 14 14 6 8 1
split_gain=34.6499 28.2453 19.2167 23.8016 26.7197 16.3008 13.4241 11.5197 11.1891 12.6854 9.45196 8.2005 7.65711 8.36758
threshold=1.0000000180025095e-35 1.0000000180025095e-35 1.0000000180025095e-35 0.41665000000000002 1.0000000180025095e-35 1.0000000180025095e-35 1.0000000180025095e-35 1.5000000000000002 1.5000000000000002 1.0000000180025095e-35 1.0000000180025095e-35 0.45000000000000007 1.0000000180025095e-35 14.500000000000002
decision_type=2 2 2 2 2 2 2 2 2 2 2 2 2 2
left_child=1 2 3 4 -1 12 -4 -3 9 -8 -10 -7 -5 -14
right_child=-2 7 6 5 -6 11 8 -9 10 -11 -12 -13 13 -15
leaf_value=0.047359524093556732 0.087317380160006106 -0.082550995547650691 -0.059071845188962628 -0.050407706122612313 -0.099009530490063558 0.081728857838996846 0.030974279077570326 0.00035404818178550362 -0.01614177175762679 -0.11129137664454197 0.087750219895221374 -0.026314880831449595 0.089649671583107673 -0.08351483658129949
leaf_weight=120.16706316545606 27.216962281614542 38.954282283782959 44.500402539968491 51.41834769397974 8.5499498248100263 13.077557288110258 7.4502201229333886 14.802677847445009 10.099354416131973 8.6901374012231827 12.59264425188303 6.8513983041048041 5.474949046969412 2.6505120098590851
leaf_count=1279 481 478 435 367 80 177 42 76 91 36 120 68 57 18
internal_value=0.000412274 -0.0064381 0.00338749 0.0163824 0.037637 -0.0180425 -0.0290775 -0.059722 0.00529491 -0.045623 0.0415118 0.0445844 -0.0390034 0.0331637
internal_weight=372.496 345.279 291.523 208.19 128.717 79.4728 83.3328 53.757 38.8324 16.1404 22.692 19.929 59.5438 8.12546
internal_count=3805 3324 2770 2046 1359 687 724 554 289 78 211 245 442 75
is_linear=0
shrinkage=0.08


Tree=27
num_leaves=15
num_cat=0
split_feature=16 21 13 19 15 20 11 0 1 6 10 12 18 6
split_gain=31.6996 25.2144 16.7672 20.6895 23.7285 14.3062 11.9883 10.9593 9.63295 7.51822 7.32779 7.29944 7.27055 6.97781
threshold=1.0000000180025095e-35 1.0000000180025095e-35 1.0000000180025095e-35 0.41665000000000002 1.0000000180025095e-35 1.0000000180025095e-35 1.0000000180025095e-35 1.5000000000000002 5.5000000000000009 0.45000000000000007 1.0000000180025095e-35 1.5000000000000002 1.0000000180025095e-35 0.58335000000000015
decision_type=2 2 2 2 2 2 2 2 2 2 2 2 2 2
left_child=1 2 3 4 12 -5 -4 10 -8 -7 -3 -9 -1 -11
right_child=-2 7 6 5 -6 9 8 11 -10 13 -12 -13 -14 -15
leaf_value=0.03527103517421433 0.086799038325608632 -0.087556084007968021 -0.056640198237313526 -0.03685886015483246 -0.0979718125665026 0.080494140270421718 -0.10781053682284951 -0.10295905220298127 0.019285633687330179 -0.099292108759168024 0.12358144388166968 0.030881710497306251 0.086912795934889792 0.063238495186791019
leaf_weight=96.057149589061737 25.268365971744061 35.413078211247921 42.770544320344925 57.990055769681931 7.9727889597415915 12.249844260513784 4.2998919412493697 3.3794380277395222 33.954965278506279 3.6681530326604834 1.0842248946428288 11.423114873468876 21.320711582899094 3.1357200369238853
leaf_count=956 481 473 435 442 80 177 21 20 268 44 5 56 323 24
internal_value=0.000396764 -0.00612584 0.00321565 0.0155273 0.0355799 -0.0170984 -0.0275378 -0.0577354 0.00499987 0.0430425 -0.0812838 0.000325727 0.0446513 -0.0243862
internal_weight=359.988 334.72 283.42 202.394 125.351 77.0438 81.0254 51.2999 38.2549 19.0537 36.4973 14.8026 117.378 6.80387
internal_count=3805 3324 2770 2046 1359 687 724 554 289 245 478 76 1279 68
is_linear=0
shrinkage=0.08


Tree=28
num_leaves=15
num_cat=0
split_feature=16 11 9 9 10 10 17 19 18 8 1 0 14 9
split_gain=29.0172 23.0309 24.7588 15.8574 14.8566 10.1088 19.6541 8.35651 16.715 7.78677 9.14378 7.7535 7.1456 9.73532
threshold=1.0000000180025095e-35 1.0000000180025095e-35 1.0000000180025095e-35 0.7250000000000002 1.0000000180025095e-35 0.69500000000000006 1.0000000180025095e-35 0.41665000000000002 1.0000000180025095e-35 1.0000000180025095e-35 16.500000000000004 1.5000000000000002 1.0000000180025095e-35 0.7250000000000002
decision_type=2 2 2 2 2 2 2 2 2 2 2 2 2 2
left_child=1 2 -1 5 9 7 -7 8 11 10 -3 -4 13 -12
right_child=-2 4 3 -5 -6 6 -8 -9 -10 -11 12 -13 -14 -15
leaf_value=0.089463153650058094 0.086317768569042941 0.0076201143335303412 -0.086107370109129472 0.10133309040108709 0.087452077692075289 0.08841346518073355 -0.089942048599459007 -0.080394072285366325 0.087633361353514003 0.061881703715184803 -0.1519150537729812 -0.030656167452556771 0.016833162294622697 0.099929454323634259
leaf_weight=10.836073189973829 23.450415089726448 120.68594632670283 21.673140838742256 5.2130579911172381 16.425923109054565 10.035959482192995 6.5251687839627257 36.921300530433655 6.5699320808053008 14.995627216994761 6.3652308285236341 63.192684680223465 4.2370777502655983 1.1616204008460043
leaf_count=185 481 952 332 64 293 152 85 403 97 153 44 517 37 10
internal_value=0.000375647 -0.0058286 -0.0273214 -0.0357506 0.0152834 -0.0406819 0.0181405 -0.0482714 -0.0353004 0.00724352 0.00105753 -0.0448174 -0.0662679 -0.113048
internal_weight=348.289 324.839 160.967 150.131 163.871 144.918 16.5611 128.357 91.4358 147.446 132.45 84.8658 11.7639 7.52685
internal_count=3805 3324 1835 1650 1489 1586 237 1349 946 1196 1043 849 91 54
is_linear=0
shrinkage=0.08


Tree=29
num_leaves=15
num_cat=0
split_feature=16 21 13 15 19 20 0 11 0 14 14 18 19 1
split_gain=26.5618 21.2023 13.5 16.7361 21.3136 12.4408 10.2258 9.83191 9.11331 10.632 8.4251 6.95054 6.42586 6.79299
threshold=1.0000000180025095e-35 1.0000000180025095e-35 1.0000000180025095e-35 1.0000000180025095e-35 0.41665000000000002 1.0000000180025095e-35 1.5000000000000002 1.0000000180025095e-35 1.5000000000000002 1.0000000180025095e-35 1.0000000180025095e-35 1.0000000180025095e-35 0.87500000000000011 6.5000000000000009
decision_type=2 2 2 2 2 2 2 2 2 2 2 2 2 2
left_child=1 2 3 4 11 -6 -3 -4 9 12 -10 -1 -9 -14
right_child=-2 6 7 -5 5 -7 -8 8 10 -11 -12 -13 13 -15
leaf_value=0.032548618719336717 0.085870536479274714 -0.080340194598247747 -0.052863784923373708 -0.096218579401710913 -0.03305341047741886 0.044676101410165633 0.0010739554228594397 0.075150265543872191 -0.016385282127558166 -0.10180039274368839 0.083448881401386801 0.086041336754299994 -0.32294240430075 0.00017314486480302676
leaf_weight=92.287808302789927 21.755630109459162 32.25029543787241 39.710465472191572 8.3547419533133489 54.679775878787041 17.362773071974516 14.230350464582441 5.3328000158071527 9.9677286520600319 8.656144917011261 11.831608258187771 18.694755330681801 0.58147624880075488 1.4669270664453504
leaf_count=956 481 478 435 91 433 243 76 24 91 36 120 323 6 12
internal_value=0.00037395 -0.00552328 0.00309983 0.0145095 0.019564 -0.01432 -0.0554147 -0.0250583 0.00412413 -0.0416507 0.0377998 0.0415593 0.0288885 -0.091549
internal_weight=337.163 315.408 268.927 191.38 183.025 72.0425 46.4806 77.5472 37.8367 16.0373 21.7993 110.983 7.3812 2.0484
internal_count=3805 3324 2770 2046 1955 676 554 724 289 78 211 1279 42 18
is_linear=0
shrinkage=0.08


Tree=30
num_leaves=15
num_cat=0
split_feature=16 11 9 9 10 21 19 18 6 20 1 0 19 8
split_gain=24.324 19.219 21.3363 13.9601 13.6943 8.9967 10.6275 13.5954 7.44765 9.46821 8.40032 9.54917 10.0294 8.4701
threshold=1.0000000180025095e-35 1.0000000180025095e-35 1.0000000180025095e-35 0.7250000000000002 1.0000000180025095e-35 1.0000000180025095e-35 0.41665000000000002 1.0000000180025095e-35 0.22500000000000003 1.0000000180025095e-35 21.500000000000004 1.5000000000000002 0.29165000000000002 1.0000000180025095e-35
decision_type=2 2 2 2 2 2 2 2 2 2 2 2 2 2
left_child=1 2 -1 5 8 6 7 -4 9 10 11 -3 -13 -14
right_child=-2 4 3 -5 -6 -7 -8 -9 -10 -11 -12 12 13 -15
leaf_value=0.089052839488783189 0.085454651163212783 -0.02170880207330949 -0.024069929089603825 0.10027578203076003 0.087071456741527345 -0.080524913952613103 -0.068379510174176247 0.085713576858547275 -0.072047307774047359 0.07053290118950073 -0.15131037191034882 0.064558073543881087 -0.019271525112327305 0.05709542359208624
leaf_weight=9.6683481931686384 20.1767503246665 47.227798528969288 69.413176946341991 4.7953699529170981 14.934471890330313 26.373320359736681 30.533283539116383 8.0573639161884767 7.3170758411288253 15.102107070386408 2.206449180841445 25.776999264955521 33.034421101212502 12.934726059436796
leaf_count=185 481 293 666 64 293 405 362 153 57 231 18 299 169 129
internal_value=0.000365186 -0.00522027 -0.0258656 -0.033849 0.0141627 -0.0386353 -0.0284064 -0.0126518 0.00658014 0.0108017 0.00335769 0.00622611 0.0246146 0.00221649
internal_weight=327.552 307.375 148.841 139.173 158.534 134.377 108.004 77.4705 143.6 136.283 121.18 118.974 71.7461 45.9691
internal_count=3805 3324 1835 1650 1489 1586 1181 819 1196 1139 908 890 597 298
is_linear=0
shrinkage=0.08


Tree=31
num_leaves=15
num_cat=0
split_feature=16 21 9 1 11 0 6 17 6 0 7 10 10 10
split_gain=22.2744 17.2917 12.0055 12.963 11.0253 9.65657 8.45547 12.9262 7.37314 7.09109 8.67434 7.05011 6.11484 6.07467
threshold=1.0000000180025095e-35 1.0000000180025095e-35 0.7250000000000002 9.5000000000000018 1.0000000180025095e-35 1.5000000000000002 0.58335000000000015 1.0000000180025095e-35 0.45000000000000007 2.5000000000000004 0.87500000000000011 1.0000000180025095e-35 1.0000000180025095e-35 1.0000000180025095e-35
decision_type=2 2 2 2 2 2 2 2 2 2 2 2 2 2
left_child=1 2 3 11 6 12 8 9 -5 -8 -11 -1 -3 -6
right_child=-2 5 -4 4 13 -7 7 -9 -10 10 -12 -13 -14 -15
leaf_value=0.016935216708152966 0.085067718058524047 -0.085837408972100723 0.09272982800561104 -0.02872375683666472 0.0023941978784336841 0.0023595675428835475 0.048161258399692763 -0.086922420433564795 -0.088493030067326381 0.053321381913462994 -0.19924035346996546 0.085957121818440854 0.1154742060064549 0.086120943577546946
leaf_weight=65.545582517981529 18.706769358366728 27.580550864338878 9.1863856017589551 35.82138117775321 75.300250224769115 13.973641060292719 20.446037940680984 8.0650626048445719 20.925538014620543 1.7085133604705334 1.7740169912576667 11.070832829922436 1.0007041543722142 5.9868630468845359
leaf_count=486 481 473 154 423 685 76 230 118 275 14 9 249 5 127
internal_value=0.000386101 -0.00492287 0.00293164 -0.000412938 -0.0127244 -0.0521424 -0.0322217 0.000666279 -0.0507638 0.0301878 -0.0753347 0.0269087 -0.078789 0.00856074
internal_weight=317.092 298.385 255.83 246.644 170.028 42.5549 88.7406 31.9936 56.7469 23.9286 3.48253 76.6164 28.5813 81.2871
internal_count=3805 3324 2770 2616 1881 554 1069 371 698 253 23 735 478 812
is_linear=0
shrinkage=0.08


Tree=32
num_leaves=15
num_cat=0
split_feature=16 15 13 6 6 17 11 0 14 20 1 0 19 0
split_gain=20.4235 16.6005 17.912 11.4298 18.3195 10.1213 8.12347 9.25731 8.69337 7.96033 7.65205 12.9847 7.19722 6.76275
threshold=1.0000000180025095e-35 1.0000000180025095e-35 1.0000000180025095e-35 0.58335000000000015 0.45000000000000007 1.0000000180025095e-35 1.0000000180025095e-35 1.5000000000000002 1.0000000180025095e-35 1.0000000180025095e-35 21.500000000000004 3.5000000000000004 0.29165000000000002 1.5000000000000002
decision_type=2 2 2 2 2 2 2 2 2 2 2 2 2 2
left_child=1 2 3 4 9 12 -4 -8 -9 10 13 -12 -5 -1
right_child=-2 -3 6 5 -6 -7 7 8 -10 -11 11 -13 -14 -15
leaf_value=-0.020383412475955792 0.084707587562091707 -0.09297437748744837 -0.054199385787604783 0.075071929267928147 -0.080457993244625589 -0.092725914975253121 -0.046342120866246499 -0.01904994023984553 0.080328383307006632 0.078576254568498982 -0.46022807821908246 -0.016727973180219881 0.0043157210214090263 0.021569505902825439
leaf_weight=35.87378204613924 17.338963793590665 13.014551207423208 45.141126956790686 33.603853143751621 15.511451981961725 3.1398972980678073 18.978312205523252 11.535394553095102 11.011131171137094 10.438092872500418 0.60134377330541555 1.4206012375652788 12.669415649026631 78.188939433544874
leaf_count=330 481 183 595 658 195 34 119 99 120 181 6 15 92 697
internal_value=0.000358258 -0.00466541 -0.000532917 0.0131271 0.0015976 0.0462677 -0.0307082 -0.0051713 0.0294838 0.0116575 0.00564026 -0.148629 0.0556992 0.00837492
internal_weight=308.467 291.128 278.113 191.447 142.034 49.4132 86.666 41.5248 22.5465 126.523 116.085 2.02195 46.2733 114.063
internal_count=3805 3324 3141 2208 1424 784 933 338 219 1229 1048 21 750 1027
is_linear=0
shrinkage=0.08


Tree=33
num_leaves=15
num_cat=0
split_feature=16 15 13 6 6 17 11 0 14 20 19 1 1 1
split_gain=18.7198 15.2491 15.5655 10.2887 16.3386 9.07678 7.33418 7.90067 7.72036 7.33342 6.85333 6.06229 5.9463 7.4505
threshold=1.0000000180025095e-35 1.0000000180025095e-35 1.0000000180025095e-35 0.58335000000000015 0.45000000000000007 1.0000000180025095e-35 1.0000000180025095e-35 1.5000000000000002 1.0000000180025095e-35 1.0000000180025095e-35 0.29165000000000002 15.500000000000002 8.5000000000000018 5.5000000000000009
decision_type=2 2 2 2 2 2 2 2 2 2 2 2 2 2
left_child=1 2 3 4 9 10 -4 12 -9 -1 -5 -10 13 -8
right_child=-2 -3 6 5 -6 -7 7 8 11 -11 -12 -13 -14 -15
leaf_value=0.0052126407228549696 0.084372315946217941 -0.09224298129993086 -0.051908724476638773 0.073610812682452217 -0.078335786418197564 -0.091745688158731312 -0.089894984767431366 -0.017427963336183263 0.11491294778286036 0.077328033900274581 0.003970738900028201 -0.019910250688066213 -0.11571579273300296 0.031172453105270743
leaf_weight=116.15617809817195 16.066904380917549 12.105336066335438 43.434213608503342 31.611193601042032 14.691119913011788 2.9281959012150756 5.2726077362895039 11.597531259059906 7.6077415086328983 9.7848829701542837 12.668569933623074 2.9668472595512867 5.1849506571888915 8.4940000772476179
leaf_count=1048 481 183 595 658 195 34 34 99 93 181 92 27 30 55
internal_value=0.000359562 -0.00438493 -0.000480532 0.0123502 0.0015024 0.0446658 -0.0289832 -0.00476968 0.027649 0.0108156 0.0536866 0.0770864 -0.0426974 -0.0151963
internal_weight=300.57 284.503 272.398 187.84 140.632 47.208 84.5579 41.1237 22.1721 125.941 44.2798 10.5746 18.9516 13.7666
internal_count=3805 3324 3141 2208 1424 784 933 338 219 1229 750 120 119 89
is_linear=0
shrinkage=0.08


Tree=34
num_leaves=15
num_cat=0
split_feature=16 15 13 6 6 17 20 11 0 14 19 1 0 19
split_gain=17.1687 14.0093 13.5166 9.25291 14.5522 8.13768 6.74493 6.5856 6.79006 6.90576 6.50917 5.91252 7.60019 6.28891
threshold=1.0000000180025095e-35 1.0000000180025095e-35 1.0000000180025095e-35 0.58335000000000015 0.45000000000000007 1.0000000180025095e-35 1.0000000180025095e-35 1.0000000180025095e-35 1.5000000000000002 1.0000000180025095e-35 0.29165000000000002 21.500000000000004 3.5000000000000004 0.87500000000000011
decision_type=2 2 2 2 2 2 2 2 2 2 2 2 2 2
left_child=1 2 3 4 6 10 11 -4 -9 -10 -5 13 -13 -1
right_child=-2 -3 7 5 -6 -7 -8 8 9 -11 -12 12 -14 -15
leaf_value=0.015623071375577398 0.084060145344927908 -0.09155807271140308 -0.049634098219726579 0.072125912476339954 -0.076173548304513186 -0.090844839786196133 0.076025725124054949 -0.039611478105827741 -0.015951927999576059 0.074401911853420516 0.0036533144316521415 -0.32837624980788455 -0.015829075305727767 -0.035132930206441641
leaf_weight=95.247009344398975 14.884468141943215 11.254835009574888 41.857098884880543 29.757376739755273 13.931012924760578 2.7287775538861743 9.1811186634004098 18.806343141943216 11.654512010514736 10.110070411115885 12.667787861078976 0.7672255970537657 1.4186537601053713 18.689215734601021
leaf_count=879 481 183 595 658 195 34 181 119 99 120 92 6 15 148
internal_value=0.00035182 -0.00412888 -0.000440948 0.011598 0.00139244 0.0430674 0.0100161 -0.0273716 -0.00440341 0.0260192 0.0516806 0.0047971 -0.125531 0.00729745
internal_weight=292.956 278.071 266.816 184.388 139.234 45.1539 125.303 82.428 40.5709 21.7646 42.4252 116.122 2.18588 113.936
internal_count=3805 3324 3141 2208 1424 784 1229 933 338 219 750 1048 21 1027
is_linear=0
shrinkage=0.08


Tree=35
num_leaves=15
num_cat=0
split_feature=16 21 9 0 1 12 6 6 17 0 7 12 19 20
split_gain=15.7505 13.3385 10.1672 9.58262 9.03797 7.3927 6.051 14.1909 8.2575 11.1918 11.4803 7.17992 7.10987 10.5382
threshold=1.0000000180025095e-35 1.0000000180025095e-35 0.7250000000000002 1.5000000000000002 9.5000000000000018 2.5000000000000004 0.45000000000000007 0.58335000000000015 1.0000000180025095e-35 2.5000000000000004 0.87500000000000011 1.5000000000000002 0.41665000000000002 1.0000000180025095e-35
decision_type=2 2 2 2 2 2 2 2 2 2 2 2 2 2
left_child=1 2 4 -3 -1 6 11 -8 9 -9 -11 -6 -13 -14
right_child=-2 3 -4 -5 5 -7 7 8 -10 10 -12 12 13 -15
leaf_value=0.023290030184119525 0.083769470036269264 -0.077923391849190046 0.092848138346192377 0.0061055472720562779 -0.029969187300452123 0.086322499510272391 -0.093573352507224442 0.041922322452335195 -0.085107001963794018 0.050774448926327972 -0.22692410714213093 0.04848312022873829 -0.026608843611600829 0.084897344375937142
leaf_weight=73.076500467956066 13.785840017721055 24.34580629132688 7.8329834397882214 13.503214724361895 38.531338714063168 4.8469593264162532 18.008674446493387 19.9488267377019 6.3212913163006297 1.681488433852792 2.198449730873107 23.65651910007 31.454800963401794 6.5547328144311896
leaf_count=735 481 478 154 76 448 122 284 252 118 15 12 315 186 129
internal_value=0.000347067 -0.00388165 0.00324205 -0.0479448 0.000140209 -0.010902 -0.0140785 -0.0373831 -0.00382054 0.0177431 -0.106575 -0.0028774 0.0140506 -0.00737963
internal_weight=285.747 271.962 234.113 37.849 226.28 153.203 148.356 48.1587 30.1501 23.8288 3.87994 100.197 61.6661 38.0095
internal_count=3805 3324 2770 554 2616 1881 1759 681 397 279 27 1078 630 315
is_linear=0
shrinkage=0.08


Tree=36
num_leaves=15
num_cat=0
split_feature=16 15 9 13 19 18 0 18 21 19 1 6 12 14
split_gain=14.4631 12.3996 11.3365 10.2399 5.81884 17.418 12.2041 9.83983 6.12524 9.0773 7.03086 5.43066 7.16684 6.40234
threshold=1.0000000180025095e-35 1.0000000180025095e-35 0.7250000000000002 1.0000000180025095e-35 0.87500000000000011 1.0000000180025095e-35 3.5000000000000004 1.0000000180025095e-35 1.0000000180025095e-35 0.29165000000000002 5.5000000000000009 0.45000000000000007 1.5000000000000002 1.0000000180025095e-35
decision_type=2 2 2 2 2 2 2 2 2 2 2 2 2 2
left_child=1 2 3 4 5 8 7 -6 10 -10 -1 12 -5 -14
right_child=-2 -3 -4 11 6 -7 -8 -9 9 -11 -12 -13 13 -15
leaf_value=0.097658077275213015 0.083498824885381712 -0.090649146993326185 0.092935423101241574 -0.035583892713967689 0.016064794406014458 0.087080735660875333 -0.43892813148458543 -0.079749971034576497 -0.08053602676188075 0.059023821715457891 0.005521754645965893 -0.065395780922019434 -0.020399217805974312 0.071185619439368658
leaf_weight=5.5961172040551892 12.76551087386906 10.092742387205361 8.0921863764524442 38.578703869134188 19.367753624916084 18.397629346698523 0.44712804257869621 10.621616441756485 11.296337671577929 4.0528862103819838 100.38252808339894 18.452840806916356 10.108459547162056 9.4537572897970676
leaf_count=79 481 183 161 439 208 346 3 143 191 21 1081 263 86 120
internal_value=0.000325674 -0.00368182 -0.000237651 -0.0032932 0.00764058 0.0145451 -0.0240564 -0.0178708 0.00354616 -0.0436859 0.0103869 -0.0275839 -0.0155831 0.0238606
internal_weight=277.706 264.941 254.848 246.756 170.162 139.725 30.4365 29.9894 121.328 15.3492 105.979 76.5938 58.1409 19.5622
internal_count=3805 3324 3141 2980 2072 1718 354 351 1372 212 1160 908 645 206
is_linear=0
shrinkage=0.08


Tree=37
num_leaves=15
num_cat=0
split_feature=16 15 9 13 10 10 10 17 8 21 19 1 14 20
split_gain=13.2751 11.3999 10.357 8.84994 5.55344 12.9866 15.0132 6.70244 5.75665 6.44074 10.8952 10.5079 7.80904 7.04066
threshold=1.0000000180025095e-35 1.0000000180025095e-35 0.7250000000000002 1.0000000180025095e-35 0.69500000000000006 0.67500000000000016 1.0000000180025095e-35 1.0000000180025095e-35 1.0000000180025095e-35 1.0000000180025095e-35 0.29165000000000002 21.500000000000004 1.0000000180025095e-35 1.0000000180025095e-35
decision_type=2 2 2 2 2 2 2 2 2 2 2 2 2 2
left_child=1 2 3 4 5 6 8 -6 9 10 11 -1 -11 -12
right_child=-2 -3 -4 -5 7 -7 -8 -9 -10 12 13 -13 -14 -15
leaf_value=0.029548043737250486 0.08324685607047641 -0.09005578309603085 0.092228347459211574 -0.025882815783506086 0.086865032829356231 -0.079224695722268562 0.096158063459118051 -0.087694262772175111 0.054187725370374279 -0.083940090743971268 -0.04322244762497128 -0.24368310233338975 0.059337111350971243 0.032850479561209414
leaf_weight=60.441810183227062 11.818273548036812 9.3756749834865314 7.5249800737947217 75.143562229350209 9.6347243729978764 11.334398381412027 11.805331122130154 1.6486407443881042 12.292383804917334 11.391079559922217 35.060061421245337 0.91444449126720329 3.0963479727506629 10.009248577058314
leaf_count=533 481 183 161 908 233 146 298 26 141 210 265 5 13 202
internal_value=0.000325365 -0.00344857 -0.000204424 -0.00306948 0.00715716 0.00324538 0.00969145 0.0613597 0.00202834 -0.00327434 0.00353796 0.0254758 -0.0533179 -0.0263277
internal_weight=271.491 259.673 250.297 242.772 167.628 156.345 145.011 11.2834 133.205 120.913 106.426 61.3563 14.4874 45.0693
internal_count=3805 3324 3141 2980 2072 1813 1667 259 1369 1228 1005 538 223 467
is_linear=0
shrinkage=0.08


Tree=38
num_leaves=15
num_cat=0
split_feature=16 15 9 21 1 0 19 18 0 18 1 1 10 8
split_gain=12.1909 10.4808 9.46813 8.06064 8.07617 7.83649 7.12383 11.4023 7.92383 9.005 8.96626 6.27477 6.09753 5.52779
threshold=1.0000000180025095e-35 1.0000000180025095e-35 0.7250000000000002 1.0000000180025095e-35 16.500000000000004 1.5000000000000002 0.87500000000000011 1.0000000180025095e-35 3.5000000000000004 1.0000000180025095e-35 15.500000000000002 15.500000000000002 0.68500000000000016 1.0000000180025095e-35
decision_type=2 2 2 2 2 2 2 2 2 2 2 2 2 2
left_child=1 2 3 4 6 -5 7 13 9 10 -8 -9 -6 -1
right_child=-2 -3 -4 5 12 -7 8 11 -10 -11 -12 -13 -14 -15
leaf_value=0.0054980155103803545 0.083012310682151341 -0.089495370716078576 0.091556479820986261 -0.074654286607008249 -0.053521413139208732 0.010703904349125125 -0.0002681867535961203 0.099885320558819227 -0.32429626260640249 -0.085267935210546375 0.32487088032333467 -0.076713569845453092 0.050959186131614091 0.088211796149907484
leaf_weight=128.17348572425544 10.939216572791336 8.7068401183933002 6.9953435696661463 18.117983425036076 23.455153886228803 11.101173505187033 21.561307247728113 13.363408090546724 0.55749911069869895 9.4822893440723437 0.5568353533744802 1.4249675497412688 4.21772851422429 5.3884017392992964
leaf_count=1409 481 183 161 396 270 59 223 303 3 141 3 15 86 72
internal_value=0.000327441 -0.00324624 -0.000173529 -0.00287649 0.00264616 -0.0422243 0.00881567 0.0162151 -0.0253192 -0.0200446 0.00791735 0.0828687 -0.0375971 0.00883501
internal_weight=264.042 253.102 244.396 237.4 208.181 29.2192 180.508 148.35 32.1579 31.6004 22.1181 14.7884 27.6729 133.562
internal_count=3805 3324 3141 2980 2525 455 2169 1799 370 367 226 318 356 1481
is_linear=0
shrinkage=0.08


Tree=39
num_leaves=15
num_cat=0
split_feature=16 15 9 11 9 19 0 17 7 0 6 10 6 20
split_gain=11.198 9.63865 8.6586 7.52394 11.4301 7.47299 9.18435 9.36616 8.25135 9.0506 6.74347 6.72277 7.3552 5.74081
threshold=1.0000000180025095e-35 1.0000000180025095e-35 0.7250000000000002 1.0000000180025095e-35 1.0000000180025095e-35 0.41665000000000002 1.5000000000000002 1.0000000180025095e-35 0.87500000000000011 2.5000000000000004 0.70835000000000015 1.0000000180025095e-35 0.22500000000000003 1.0000000180025095e-35
decision_type=2 2 2 2 2 2 2 2 2 2 2 2 2 2
left_child=1 2 3 4 -1 6 -6 8 -8 10 -10 12 13 -5
right_child=-2 -3 -4 11 5 -7 7 -9 9 -11 -12 -13 -14 -15
leaf_value=0.088064847301532495 0.082794036314011721 -0.088964916420351342 0.090917373345845334 0.0039549548749365435 -0.083135411604285281 -0.062769266608709809 0.14099072172830224 -0.087989841015778031 -0.0071962592022558293 -0.17430043974516291 0.062253099502922807 0.086120341862950645 -0.089416231332149376 0.063970032299148494
leaf_weight=5.9964257702231398 10.123712962493299 8.0834101568907482 6.5010726228356353 109.60025371983647 10.023756939917801 25.612062914296985 2.9522370249032965 6.9117029160261145 36.407264124602079 1.7703002952039231 11.863866560161112 7.0063710641115895 5.0062231719493857 11.247603021562098
leaf_count=185 481 183 161 878 280 405 26 126 396 12 190 210 41 231
internal_value=0.000316496 -0.00303707 -0.000153745 -0.00267962 -0.0190749 -0.0257993 -0.0122588 -0.000399286 0.0110247 0.00335726 0.0098727 0.00985039 0.0056044 0.0095407
internal_weight=259.106 248.983 240.899 234.398 101.538 95.5412 69.9291 59.9054 52.9937 50.0414 48.2711 132.86 125.854 120.848
internal_count=3805 3324 3141 2980 1620 1435 1030 750 624 598 586 1360 1150 1109
is_linear=0
shrinkage=0.08


Tree=40
num_leaves=15
num_cat=0
split_feature=16 15 9 13 1 10 8 10 10 10 21 1 19 6
split_gain=10.2916 8.86311 7.92352 7.00894 4.71422 6.25984 6.82989 6.18301 5.77787 5.07348 4.764 8.03705 6.12464 4.6585
threshold=1.0000000180025095e-35 1.0000000180025095e-35 0.7250000000000002 1.0000000180025095e-35 13.500000000000002 1.0000000180025095e-35 1.0000000180025095e-35 0.69500000000000006 0.67500000000000016 1.0000000180025095e-35 1.0000000180025095e-35 10.500000000000002 0.29165000000000002 0.45000000000000007
decision_type=2 2 2 2 2 2 2 2 2 2 2 2 2 2
left_child=1 2 3 4 5 6 10 8 9 -6 12 -12 -1 -14
right_child=-2 -3 -4 -5 7 -7 -8 -9 -10 -11 11 -13 13 -15
leaf_value=0.027495336845103871 0.082590948561048524 -0.088461885151666073 0.0903089016480558 -0.023060231179809983 -0.017439855217452307 0.064626746514992908 0.093328874211700483 0.067372400313324587 -0.083173034782319674 0.12534507930657326 -0.084266127061616736 0.065403048160379548 -0.002568741909999631 -0.080830077147181406
leaf_weight=49.797242414206266 9.3674134444445354 7.5026429779827586 6.0400449261069289 72.661613337695599 28.444867227226499 14.547531669959424 5.7093717120587817 5.1267980802804223 8.7864171974360925 1.6871161218732584 8.6244845725595933 3.1293935403227797 25.152480315417055 6.0359237864613524
leaf_count=432 481 183 161 908 288 414 66 141 127 21 189 27 265 102
internal_value=0.000306703 -0.00286207 -0.000137812 -0.00251611 0.00698946 0.0156432 0.00840504 -0.0152114 -0.0260904 -0.0094452 0.00317683 -0.0444177 0.0100845 -0.0177147
internal_weight=252.613 243.246 235.743 229.703 157.042 112.996 98.4489 44.0452 38.9184 30.132 92.7395 11.7539 80.9856 31.1884
internal_count=3805 3324 3141 2980 2072 1495 1081 577 436 309 1015 216 799 367
is_linear=0
shrinkage=0.08


Tree=41
num_leaves=15
num_cat=0
split_feature=16 15 9 1 21 19 12 7 19 18 18 1 0 1
split_gain=9.45969 8.15279 7.25243 6.40057 6.22259 10.0611 7.79761 6.0254 5.65112 10.3511 6.32875 6.97896 6.28254 5.90896
threshold=1.0000000180025095e-35 1.0000000180025095e-35 0.7250000000000002 16.500000000000004 1.0000000180025095e-35 1.0000000180025095e-35 1.5000000000000002 0.87500000000000011 0.87500000000000011 1.0000000180025095e-35 1.0000000180025095e-35 15.500000000000002 3.5000000000000004 15.500000000000002
decision_type=2 2 2 2 2 2 2 2 2 2 2 2 2 2
left_child=1 2 3 4 8 -6 -7 -5 9 -1 11 12 -10 -11
right_child=-2 -3 -4 7 5 6 -8 -9 10 13 -12 -13 -14 -15
leaf_value=0.0079108672074582019 0.082402050692437862 -0.087984150096954344 0.089729237560847275 0.060266083494716537 -0.068824261309977694 -0.06233572744946158 0.11310909823931281 -0.050887031567674525 -0.0011568511918791532 0.10067679090336901 -0.083062542718691554 0.25935105117549084 -0.25426909481705395 -0.075705547364715561
leaf_weight=129.76179220713675 8.6662318017333728 6.9618970602750769 5.6102269496768704 3.5545731503516462 16.868730695918206 2.6244641952216616 4.241546344012022 25.600768243893981 21.033689774572856 11.770051069557663 8.239737521857025 0.63993984460830589 0.6469109058380117 1.3555702362209565
leaf_count=1481 481 183 161 37 369 44 24 337 223 303 141 3 3 15
internal_value=0.000295841 -0.00268248 -0.000122163 -0.00234931 0.00282373 -0.0355942 0.0460471 -0.0373354 0.00808087 0.014759 -0.0231433 -0.00102387 -0.00870927 0.0824606
internal_weight=247.576 238.91 231.948 226.338 197.182 23.7347 6.86601 29.1553 173.448 142.887 30.5603 22.3205 21.6806 13.1256
internal_count=3805 3324 3141 2980 2606 437 68 374 2169 1799 370 229 226 318
is_linear=0
shrinkage=0.08


Tree=42
num_leaves=15
num_cat=0
split_feature=16 15 12 13 6 12 14 1 1 9 8 14 1 19
split_gain=8.69627 7.50147 6.9263 5.94979 5.13175 6.32979 5.1434 5.82836 4.75827 4.58126 4.52879 5.54956 8.08328 4.57087
threshold=1.0000000180025095e-35 1.0000000180025095e-35 2.5000000000000004 1.0000000180025095e-35 0.45000000000000007 1.5000000000000002 1.0000000180025095e-35 15.500000000000002 5.5000000000000009 1.0000000180025095e-35 1.0000000180025095e-35 1.0000000180025095e-35 17.500000000000004 0.29165000000000002
decision_type=2 2 2 2 2 2 2 2 2 2 2 2 2 2
left_child=1 2 3 8 5 -5 -7 -8 9 -1 13 -12 -13 -10
right_child=-2 -3 -4 4 -6 6 7 -9 10 -11 11 12 -14 -15
leaf_value=0.079770559845503811 0.082226397743355426 -0.087529923687929015 0.084419848347409648 -0.029431813312225108 -0.06075825771661765 -0.012921904240722893 0.11272520754245344 -0.024827286086853802 0.010896663382945884 -0.084179353747059163 0.09097560489783206 0.023489707119521391 -0.29279450686390412 -0.019643482092763044
leaf_weight=8.8642313722521049 8.0163371684029681 6.4586428217589846 6.0408151587471357 36.053514966741204 16.370972817763686 9.74667764082551 6.4011273197829723 2.8488869592547417 77.568112773820758 1.243856232613324 7.553671929985283 3.2416585497558121 0.61530586704611767 52.655320214107633
leaf_count=175 481 183 210 439 254 87 93 27 1107 32 99 36 6 576
internal_value=0.000284719 -0.00250262 -0.000106673 -0.00239472 -0.0214348 -0.0097407 0.0276307 0.0703608 0.00656696 0.0595956 0.00278243 0.0511091 -0.0269675 -0.00145212
internal_weight=243.679 235.663 229.204 223.163 71.4212 55.0502 18.9967 9.25001 151.742 10.1081 141.634 11.4106 3.85696 130.223
internal_count=3805 3324 3141 2931 900 646 207 120 2031 207 1824 141 42 1683
is_linear=0
shrinkage=0.08


Tree=43
num_leaves=15
num_cat=0
split_feature=16 15 9 11 9 19 0 17 7 0 6 10 1 0
split_gain=7.99325 6.90576 6.48902 5.61885 9.01499 5.90388 7.52742 8.20851 7.08015 7.6247 5.89723 5.56719 5.7438 5.16629
threshold=1.0000000180025095e-35 1.0000000180025095e-35 0.7250000000000002 1.0000000180025095e-35 1.0000000180025095e-35 0.41665000000000002 1.5000000000000002 1.0000000180025095e-35 0.87500000000000011 2.5000000000000004 0.70835000000000015 1.0000000180025095e-35 17.500000000000004 1.5000000000000002
decision_type=2 2 2 2 2 2 2 2 2 2 2 2 2 2
left_child=1 2 3 4 -1 6 -6 8 -8 10 -10 12 13 -5
right_child=-2 -3 -4 11 5 -7 7 -9 9 -11 -12 -13 -14 -15
leaf_value=0.087518534207074949 0.082063119268991985 -0.087097699898261369 0.089345006932396984 -0.0099808410796198756 -0.082523175681008226 -0.058168622281627204 0.13511986317346533 -0.087273181136560296 -0.0068624030022518077 -0.16359216779409483 0.060173489362842156 0.085225343247340976 -0.052947816400637934 0.0248299087951772
leaf_weight=4.9874831847846499 7.414138786494731 5.990469502285122 5.0774755179882041 46.870246067643166 8.1889752093702537 22.71376945450902 2.7437475621700278 6.215236570686101 35.29429067671299 1.6964158825576294 11.021413283422588 5.8140790862962595 10.014875225722788 65.299823332577944
leaf_count=185 481 183 161 372 280 405 26 126 396 12 190 210 96 682
internal_value=0.000294207 -0.00231973 -7.1945e-05 -0.0021276 -0.0171086 -0.023047 -0.0108041 -0.000495265 0.010131 0.00298826 0.00908964 0.00874089 0.00510143 0.0102842
internal_weight=239.342 231.928 225.938 220.86 92.8613 87.8738 65.1601 56.9711 50.7559 48.0121 46.3157 127.999 122.185 112.17
internal_count=3805 3324 3141 2980 1620 1435 1030 750 624 598 586 1360 1150 1054
is_linear=0
shrinkage=0.08


Tree=44
num_leaves=15
num_cat=0
split_feature=16 15 9 8 21 19 18 20 14 1 0 11 1 17
split_gain=7.35367 6.35386 5.94459 5.12672 5.94231 8.00523 7.68153 7.28856 6.33258 5.92142 7.678 6.92634 5.67652 5.29188
threshold=1.0000000180025095e-35 1.0000000180025095e-35 0.7250000000000002 1.0000000180025095e-35 1.0000000180025095e-35 1.0000000180025095e-35 1.0000000180025095e-35 1.0000000180025095e-35 1.0000000180025095e-35 7.5000000000000009 1.5000000000000002 1.0000000180025095e-35 21.500000000000004 1.0000000180025095e-35
decision_type=2 2 2 2 2 2 2 2 2 2 2 2 2 2
left_child=1 2 3 4 5 6 9 -7 -6 -1 -11 13 -13 -12
right_child=-2 -3 -4 -5 8 7 -8 -9 -10 10 11 12 -14 -15
leaf_value=0.043351931122758494 0.081911384184038788 -0.086686217285536785 0.088814871107216545 0.049946840564292043 -0.061796049558251021 -0.03634880165299402 0.083045017653738326 0.026194466254579284 0.051845772964238139 -0.053262575702390916 0.0012647163370896818 0.06056898014463271 -0.099319106971572715 -0.085182221150548826
leaf_weight=22.251474190503359 6.8562771826982489 5.555088832974433 4.7139469543471924 11.518281888216732 19.225081281736497 51.926373379305005 9.1503820363432151 15.480123329907654 3.7504350356757632 15.825730102136729 43.18645785190165 18.414960343390707 1.5399599559605111 5.0633657574653617
leaf_count=235 481 183 161 154 429 506 319 285 20 102 457 342 11 120
internal_value=0.000280762 -0.00217828 -6.40888e-05 -0.00199187 -0.00489859 -7.99131e-05 0.0127118 -0.0219855 -0.0432456 0.00665647 -0.00306057 0.00858793 0.0482301 -0.00780708
internal_weight=234.458 227.602 222.047 217.333 205.814 182.839 115.432 67.4065 22.9755 106.282 84.0305 68.2047 19.9549 48.2498
internal_count=3805 3324 3141 2980 2826 2377 1586 791 449 1267 1032 930 353 577
is_linear=0
shrinkage=0.08


Tree=45
num_leaves=15
num_cat=0
split_feature=10 17 10 10 21 0 6 19 18 18 0 1 1 1
split_gain=7.29708 13.9549 13.2507 15.0142 7.81499 6.47805 4.77158 4.03795 7.25348 6.17698 5.58226 5.24605 4.08088 4.36746
threshold=0.68500000000000016 1.0000000180025095e-35 0.67500000000000016 1.0000000180025095e-35 1.0000000180025095e-35 1.5000000000000002 0.22500000000000003 0.87500000000000011 1.0000000180025095e-35 1.0000000180025095e-35 3.5000000000000004 15.500000000000002 6.5000000000000009 4.5000000000000009
decision_type=2 2 2 2 2 2 2 2 2 2 2 2 2 2
left_child=2 -2 3 4 7 -6 -7 8 -1 10 12 -10 13 -9
right_child=1 -3 -4 -5 5 6 -8 9 11 -11 -12 -13 -14 -15
leaf_value=0.0033187991025673109 0.085898732010502618 -0.085770377639992582 -0.078573774742868502 0.094827318556970561 -0.082978252388066664 0.040133259300413913 -0.091339210983702998 0.05445821395113986 0.10738056269416339 -0.090714666299326729 -0.22909713649954949 -0.06667707150864649 0.027352191989754519 -0.091344987198164279
leaf_weight=127.07116416562349 14.158951800316574 3.8558407183736554 14.182081448845564 10.445096598938106 13.505672791972758 6.5570172294974309 2.4183469414710999 1.8452922999858952 7.0759232211858016 6.9403003975749007 0.68177524209022422 1.3140216786414383 14.293323080986736 4.5740077830851078
leaf_count=1441 568 97 254 398 473 36 19 45 149 138 3 9 131 44
internal_value=0.000284053 0.0491551 -0.00389037 0.00149371 -0.00373978 -0.0479699 0.00470895 0.00233082 0.00807557 -0.0251334 -0.00385897 0.0801199 0.00355495 -0.0494324
internal_weight=228.919 18.0148 210.904 196.722 186.277 22.481 8.97536 163.796 135.461 28.3347 21.3944 8.38994 20.7126 6.4193
internal_count=3805 665 3140 2886 2488 528 55 1960 1599 361 223 158 220 89
is_linear=0
shrinkage=0.08


Tree=46
num_leaves=15
num_cat=0
split_feature=10 17 10 10 21 0 6 5 19 18 18 1 0 15
split_gain=6.67639 12.8176 11.782 13.6435 7.03631 6.13081 4.1878 3.94051 3.70944 6.36906 5.897 4.83394 4.48103 3.75118
threshold=0.68500000000000016 1.0000000180025095e-35 0.67500000000000016 1.0000000180025095e-35 1.0000000180025095e-35 1.5000000000000002 0.22500000000000003 1.5000000000000002 0.87500000000000011 1.0000000180025095e-35 1.0000000180025095e-35 15.500000000000002 3.5000000000000004 1.0000000180025095e-35
decision_type=2 2 2 2 2 2 2 2 2 2 2 2 2 2
left_child=2 -2 3 4 7 -6 -7 8 9 13 12 -11 -10 -1
right_child=1 -3 -4 -5 5 6 -8 -9 10 11 -12 -13 -14 -15
leaf_value=0.0068870665364746632 0.085489617122160022 -0.085349018834250057 -0.075735726955003843 0.09350071877065172 -0.082744871293730038 0.037224228953703892 -0.088181971051387018 -0.10397910545437977 0.0042517983586246059 0.10688573574273941 -0.089949925619759535 -0.062731467003923222 -0.19856966960728165 -0.086576687970424684
leaf_weight=122.2013879949227 13.130373556166889 3.57624871097505 13.562419085763393 9.7734167240560037 12.501043269410731 6.5060640238225442 2.3090808168053627 2.2081173444166771 20.49677347578109 6.5609617158770552 6.4589603617787352 1.2861214205622671 0.72170385718345542 2.8115151450037947
leaf_count=1332 568 97 254 398 473 36 19 21 219 149 138 9 3 89
internal_value=0.000268441 0.0489196 -0.00365059 0.00139313 -0.00349765 -0.0467172 0.00437473 0.00216319 0.00362312 0.00917349 -0.0230203 0.0790858 -0.00264677 0.00478509
internal_weight=224.104 16.7066 207.398 193.835 184.062 21.3162 8.81514 162.746 160.537 132.86 27.6774 7.84708 21.2185 125.013
internal_count=3805 665 3140 2886 2488 528 55 1960 1939 1579 360 158 222 1421
is_linear=0
shrinkage=0.08


Tree=47
num_leaves=15
num_cat=0
split_feature=16 15 9 8 1 7 14 6 19 21 19 12 10 14
split_gain=6.26652 5.29553 4.99028 4.66727 5.31377 5.18917 5.93104 5.84325 4.1471 4.12452 5.8659 4.87623 4.12241 4.01362
threshold=1.0000000180025095e-35 1.0000000180025095e-35 0.7250000000000002 1.0000000180025095e-35 16.500000000000004 0.87500000000000011 1.0000000180025095e-35 1.4166500000000002 0.41665000000000002 1.0000000180025095e-35 1.0000000180025095e-35 1.5000000000000002 0.68500000000000016 1.0000000180025095e-35
decision_type=2 2 2 2 2 2 2 2 2 2 2 2 2 2
left_child=1 2 3 4 9 -6 7 12 -8 -1 -11 -12 -7 -5
right_child=-2 -3 -4 13 5 6 8 -9 -10 10 11 -13 -14 -15
leaf_value=0.0044023211894053463 0.081752999162655202 -0.085925943413804703 0.088503441836804933 0.087519577964935175 0.056449936401175703 -0.10341352828631997 0.088917216711747099 0.10448348393316906 -0.086992663495600017 -0.064627646395848601 -0.057665604453384242 0.10618500818278281 0.03620402649824523 -0.011492459251123157
leaf_weight=153.02604459971189 5.8759360909461966 4.7047721790149799 3.9903769101947537 6.7083090636879188 3.0588779160752919 13.626287464052441 2.6801935750991102 1.0631524641066796 1.2613866515457628 12.851634933613242 1.9707680232822884 2.8340819478034973 1.5027410350739963 4.2996604777872562
leaf_count=2069 481 183 161 100 37 177 41 12 9 369 44 18 50 54
internal_value=0.000250452 -0.00199184 -0.000101261 -0.00182696 -0.0047041 -0.0406335 -0.0553832 -0.0768059 0.0326224 0.000178052 -0.036433 0.0389797 -0.0895456 0.0488459
internal_weight=219.454 213.578 208.874 204.883 193.875 23.1926 20.1338 16.1922 3.94158 170.683 17.6565 4.80485 15.129 11.008
internal_count=3805 3324 3141 2980 2826 326 289 239 50 2500 431 62 227 154
is_linear=0
shrinkage=0.08


Tree=48
num_leaves=15
num_cat=0
split_feature=16 15 12 8 14 19 18 20 21 1 9 6 5 12
split_gain=5.76717 4.87513 4.60853 4.13527 3.87649 8.09213 7.90314 6.30734 5.24043 5.43561 4.94123 5.5238 4.4762 4.0486
threshold=1.0000000180025095e-35 1.0000000180025095e-35 2.5000000000000004 1.0000000180025095e-35 1.0000000180025095e-35 0.58335000000000015 1.0000000180025095e-35 1.0000000180025095e-35 1.0000000180025095e-35 16.500000000000004 0.7250000000000002 1.1250000000000002 1.0000000180025095e-35 1.5000000000000002
decision_type=2 2 2 2 2 2 2 2 2 2 2 2 2 2
left_child=1 2 3 4 8 6 13 -7 9 -1 11 -11 -9 -6
right_child=-2 -3 -4 -5 5 7 -8 12 -10 10 -12 -13 -14 -15
leaf_value=0.00092980010360010749 0.081624030986677615 -0.08557014981771191 0.083327675620491398 0.046865723751500603 -0.015087931269225887 -0.092781243306047118 0.084647598416916964 0.08651723242178265 -0.055760360168654113 -0.076662051803735004 0.085686906515044833 0.09760579497674389 -0.088916259261455202 0.035497036177088263
leaf_weight=95.84327579382807 5.4323958465829483 4.3603802639991036 4.1532494137063614 10.589581642299889 21.430178079754114 7.4501199964433891 11.22576475329697 2.8608643971383572 15.715002586133776 14.047589585185049 1.5961881866678602 1.2692620903253562 1.3797296583652494 19.196919322013855
leaf_count=1164 481 183 210 154 117 120 339 64 429 203 57 13 40 231
internal_value=0.000236348 -0.00185788 -9.24482e-05 -0.0018025 -0.00448654 0.011676 0.0252316 -0.0484485 -0.0124807 -0.00644879 -0.048262 -0.062221 0.0294378 0.00881423
internal_weight=216.551 211.118 206.758 202.604 192.015 63.5436 51.8529 11.6907 128.471 112.756 16.913 15.3169 4.24059 40.6271
internal_count=3805 3324 3141 2931 2777 911 687 224 1866 1437 273 216 104 348
is_linear=0
shrinkage=0.08


Tree=49
num_leaves=15
num_cat=0
split_feature=16 9 15 1 7 8 0 21 19 12 18 10 19 18
split_gain=5.3087 4.49227 4.32578 3.66437 3.84241 3.63195 4.58724 3.20495 5.13107 4.14285 3.42219 3.19543 3.09831 7.50936
threshold=1.0000000180025095e-35 0.7250000000000002 1.0000000180025095e-35 16.500000000000004 0.87500000000000011 1.0000000180025095e-35 3.5000000000000004 1.0000000180025095e-35 1.0000000180025095e-35 1.5000000000000002 1.0000000180025095e-35 1.0000000180025095e-35 0.58335000000000015 1.0000000180025095e-35
decision_type=2 2 2 2 2 2 2 2 2 2 2 2 2 2
left_child=1 2 3 5 -5 7 -7 12 10 -10 11 -9 13 -1
right_child=-2 -3 -4 4 -6 6 -8 8 9 -11 -12 -13 -14 -15
leaf_value=0.0034173644501591313 0.081504203371562681 0.088108405094136075 -0.08523182247895246 0.055493725762445642 -0.041718751997396428 0.085995730834115797 -0.092024086395396304 -0.08577450895313142 -0.055170379846529553 0.10067099239345012 0.10892940525494486 0.061137619120601033 -0.02160584147058546 0.078515203485112109
leaf_weight=116.7374380081892 5.021807264070957 3.5015613157302132 4.0404703356325617 2.9499343521893051 22.074742672964931 6.0026335660368195 1.0954530760645864 10.114106655120848 1.8126028701663006 2.7450848370790482 0.71163839846849519 1.0454762428998954 25.64859221316874 9.1927963038906437
leaf_count=1402 481 161 183 37 337 100 6 358 44 18 4 7 349 318
internal_value=0.00022758 -0.0017378 -0.00327868 -0.00162411 -0.0302592 0.00246819 0.0585218 0.000100004 -0.0334622 0.0386925 -0.0611644 -0.0720112 0.00373765 0.00889944
internal_weight=212.694 207.673 204.171 200.13 25.0247 175.106 7.09809 168.008 16.4289 4.55769 11.8712 11.1596 151.579 125.93
internal_count=3805 3324 3163 2980 374 2606 106 2500 431 62 369 365 2069 1720
is_linear=0
shrinkage=0.08


Tree=50
num_leaves=15
num_cat=0
split_feature=16 12 15 13 1 6 12 14 9 19 1 14 1 19
split_gain=4.88664 4.26297 3.98073 3.45162 4.4317 3.98803 5.25117 4.78247 3.59826 5.55936 3.7256 3.50958 5.25071 3.788
threshold=1.0000000180025095e-35 2.5000000000000004 1.0000000180025095e-35 1.0000000180025095e-35 5.5000000000000009 0.45000000000000007 1.5000000000000002 1.0000000180025095e-35 1.0000000180025095e-35 0.87500000000000011 9.5000000000000018 1.0000000180025095e-35 15.500000000000002 0.41665000000000002
decision_type=2 2 2 2 2 2 2 2 2 2 2 2 2 2
left_child=1 2 3 4 -1 6 7 8 9 10 -5 -8 -13 -14
right_child=-2 -3 -4 5 -6 -7 11 -9 -10 -11 -12 12 13 -15
leaf_value=0.06265687588025394 0.081392913731254221 0.083007197948850475 -0.084910296882515987 0.11803927117986991 0.001976128317270091 -0.055911019308131332 -0.0056942854856758341 -0.077403616005709247 -0.027640207192115768 -0.069941085536898373 -0.030908865492582087 0.11145503280340377 0.08796042446005306 -0.10225561664579597
leaf_weight=8.2078604418784362 4.6417940072715274 3.7408152893185607 3.7433769516646853 4.1748600527644184 125.18078831490129 13.273319561965762 8.8572969175875187 8.373038884252308 17.821161616593599 2.2150867134332657 1.447339206933975 5.5589521005749702 1.1434605382382872 1.6183087639510629
leaf_count=207 481 210 183 21 1824 254 87 39 355 18 6 93 15 12
internal_value=0.000222323 -0.00161243 -0.00318249 -0.00163634 0.00571002 -0.016833 -0.00670408 -0.0249048 -0.00777305 0.0374028 0.0796951 0.0293535 0.0666614 -0.0235001
internal_weight=209.997 205.356 201.615 197.871 133.389 64.4828 51.2095 34.0315 25.6584 7.83729 5.6222 17.178 8.32072 2.76177
internal_count=3805 3324 3114 2931 2031 900 646 439 400 45 27 207 120 27
is_linear=0
shrinkage=0.08


Tree=51
num_leaves=15
num_cat=0
split_feature=10 17 10 10 21 0 14 5 6 19 18 18 1 0
split_gain=4.74622 11.195 9.66551 11.5983 4.70512 5.13287 3.09471 2.98118 2.88667 2.54555 5.1118 4.4593 5.08231 3.51228
threshold=0.68500000000000016 1.0000000180025095e-35 0.67500000000000016 1.0000000180025095e-35 1.0000000180025095e-35 1.5000000000000002 1.0000000180025095e-35 1.5000000000000002 0.22500000000000003 0.87500000000000011 1.0000000180025095e-35 1.0000000180025095e-35 15.500000000000002 3.5000000000000004
decision_type=2 2 2 2 2 2 2 2 2 2 2 2 2 2
left_child=2 -2 3 4 7 -6 -4 9 -7 11 13 -1 -13 -11
right_child=1 -3 6 -5 5 8 -8 -9 -10 10 -12 12 -14 -15
leaf_value=0.0039246046389434198 0.085189631874744626 -0.0849024004280238 -0.080807857214191689 0.092612114495999917 -0.08213361680450007 0.032299528108470907 0.13739148168233695 -0.091256500696341614 -0.080667691934301441 0.0047354436263228449 -0.088448245827235025 0.10520672821450842 -0.069425067715360569 -0.17204304496547981
leaf_weight=120.79749142285436 10.608358782716094 3.2306705545634022 11.460129691287872 8.5329517810605449 9.4721133792772907 6.0177765078842631 0.43166925571858961 2.187467459589242 1.9062669612467287 19.863835385069258 5.5041269063949576 5.4115119427442542 1.3284063320606945 0.74632497131824393
leaf_count=1421 568 97 243 398 473 36 11 21 19 219 138 149 9 3
internal_value=0.000221403 0.0454823 -0.00301296 0.00155842 -0.00292656 -0.0423876 -0.0728873 0.00147844 0.00512329 0.00279866 -0.0199571 0.00745809 0.0707876 -0.00166597
internal_weight=207.499 13.839 193.66 181.768 173.235 17.3962 11.8918 155.839 7.92404 153.652 26.1143 127.537 6.73992 20.6102
internal_count=3805 665 3140 2886 2488 528 254 1960 55 1939 360 1579 158 222
is_linear=0
shrinkage=0.08


Tree=52
num_leaves=15
num_cat=0
split_feature=16 9 8 14 1 15 1 14 10 6 19 7 0 17
split_gain=4.34745 3.88113 3.62317 3.71678 6.18024 3.37991 3.42206 3.8735 4.67631 5.07846 3.56165 3.00154 2.95216 2.67398
threshold=1.0000000180025095e-35 0.7250000000000002 1.0000000180025095e-35 1.0000000180025095e-35 17.500000000000004 1.0000000180025095e-35 16.500000000000004 1.0000000180025095e-35 0.68500000000000016 1.2916500000000002 0.41665000000000002 0.87500000000000011 3.5000000000000004 1.0000000180025095e-35
decision_type=2 2 2 2 2 2 2 2 2 2 2 2 2 2
left_child=1 2 5 -4 12 6 -1 8 9 11 -9 -8 -5 -10
right_child=-2 -3 3 4 -6 -7 7 10 13 -11 -12 -13 -14 -15
leaf_value=3.2312723124477051e-05 0.081297110471242079 0.087959490169950652 0.085401756215632257 0.08592409503193281 -0.22450987358493293 -0.084528737862743106 0.03962421790759018 0.088799993631502885 0.09046688298432054 0.12076761697820496 -0.078408677369220803 -0.092789356137836551 -0.073263408163643032 -0.086066027604003045
leaf_weight=162.28543028747663 4.1452630823478094 3.0577794760465613 5.8108752910047752 2.2005059793591499 0.7337481603026389 3.3890951955690971 1.2027889974415327 2.6907973922789092 2.0710630919784303 0.84864496998488981 1.16970494762063 12.29640593752265 1.127686455845833 0.74728796631097782
leaf_count=2500 481 161 100 42 6 183 8 49 54 6 9 177 6 23
internal_value=0.000206879 -0.00147692 -0.00286814 0.0443626 -0.0143467 -0.00536571 -0.00390214 -0.0342685 -0.0505517 -0.0690576 0.0381369 -0.0809912 0.0319868 0.043659
internal_weight=203.777 199.632 196.574 9.87282 4.06194 186.701 183.312 21.0267 17.1662 14.3478 3.8605 13.4992 3.32819 2.81835
internal_count=3805 3324 3163 154 54 3009 2826 326 268 191 58 185 48 77
is_linear=0
shrinkage=0.08


Tree=53
num_leaves=15
num_cat=0
split_feature=10 17 10 10 21 0 14 6 4 19 15 19 18 18
split_gain=4.06022 10.0164 8.34984 10.3688 4.18067 4.83607 2.72915 2.48848 2.46829 2.39412 2.39032 2.38653 4.81081 3.65444
threshold=0.68500000000000016 1.0000000180025095e-35 0.67500000000000016 1.0000000180025095e-35 1.0000000180025095e-35 1.5000000000000002 1.0000000180025095e-35 0.22500000000000003 1.5000000000000002 1.0000000180025095e-35 1.0000000180025095e-35 0.87500000000000011 1.0000000180025095e-35 1.0000000180025095e-35
decision_type=2 2 2 2 2 2 2 2 2 2 2 2 2 2
left_child=2 -2 3 4 8 -6 -4 9 10 -7 11 13 -13 -1
right_child=1 -3 6 -5 5 7 -8 -9 -10 -11 -12 12 -14 -15
leaf_value=0.0052705481590018732 0.084632175559421916 -0.084413866225109657 -0.078041272103026402 0.090644523517240588 -0.081970955315541577 -0.034534189691788772 0.13384057044134076 -0.07792128677102185 -0.078152170091376941 0.070498047612054457 -0.085333372079126266 -0.0010516906541684853 -0.087838661692628772 0.068541825902180012
leaf_weight=118.00543429050595 9.4619581159204227 2.9403770919889203 10.615681577473875 7.9739315039478234 8.6964558223262447 2.2507413178682318 0.40386475669220168 1.7699073292315004 2.456926478073 3.627394076436758 1.9494758108630765 20.356387147679929 5.1149284075945607 6.1466716472059479
leaf_count=1333 568 97 243 398 473 15 11 19 21 21 91 220 138 157
internal_value=0.000210042 0.0445543 -0.00269421 0.00148143 -0.00269162 -0.0411621 -0.0702758 0.00524098 0.00139058 0.0302811 0.00267993 0.00382668 -0.0184795 0.00840306
internal_weight=201.77 12.4023 189.368 178.348 170.374 16.3445 11.0195 7.64804 154.03 5.87814 151.573 149.623 25.4713 124.152
internal_count=3805 665 3140 2886 2488 528 254 55 1960 36 1939 1848 358 1490
is_linear=0
shrinkage=0.08


Tree=54
num_leaves=15
num_cat=0
split_feature=16 9 8 14 1 21 18 19 20 18 1 0 11 1
split_gain=3.87771 3.43301 3.1398 3.40502 4.67612 2.96862 4.00449 3.88875 5.74882 4.53803 4.54896 6.42614 4.91477 4.37387
threshold=1.0000000180025095e-35 0.7250000000000002 1.0000000180025095e-35 1.0000000180025095e-35 17.500000000000004 1.0000000180025095e-35 1.0000000180025095e-35 1.0000000180025095e-35 1.0000000180025095e-35 1.0000000180025095e-35 7.5000000000000009 1.5000000000000002 1.0000000180025095e-35 21.500000000000004
decision_type=2 2 2 2 2 2 2 2 2 2 2 2 2 2
left_child=1 2 5 -4 -5 7 -7 9 -9 10 -1 -12 -13 -14
right_child=-2 -3 3 4 -6 6 -8 8 -10 -11 11 12 13 -15
leaf_value=0.037442410823536831 0.081216544971272384 0.087749332088423296 0.084234815460858953 0.030802773738740647 -0.182798996983604 -0.047439923918074618 0.10455755889809566 -0.031449712043428085 0.026939512604588326 0.081627911314647986 -0.050557454180724014 -0.0072177233826502298 0.054652353978805968 -0.087143523430981404
leaf_weight=20.551276901736856 3.7093210415914646 2.7285179924219838 5.362311100587247 3.1808251217007637 0.82632793486118306 15.808657160494477 1.1930295825004584 46.328449133783579 14.069042537361382 5.0483831721357992 15.741095701232551 46.14731069188565 16.130683260969821 1.5237732063978899
leaf_count=235 481 161 100 48 6 533 8 519 287 319 102 652 343 11
internal_value=0.000189272 -0.00135489 -0.00262174 0.0425445 -0.0132447 -0.00494003 -0.0367741 -0.00167053 -0.0178485 0.00762263 0.00389008 -0.00477875 0.00651572 0.0424138
internal_weight=198.349 194.64 191.911 9.36946 4.00715 182.542 17.0017 165.54 60.3975 105.143 100.094 79.5429 63.8018 17.6545
internal_count=3805 3324 3163 154 54 3009 541 2468 806 1662 1343 1108 1006 354
is_linear=0
shrinkage=0.08


Tree=55
num_leaves=15
num_cat=0
split_feature=16 7 17 11 9 19 18 10 20 6 1 19 14 8
split_gain=3.56951 3.28186 3.85263 3.39751 4.62528 3.42521 6.97138 3.40949 2.99062 5.47157 3.93944 4.44178 3.87185 4.77699
threshold=1.0000000180025095e-35 0.87500000000000011 1.0000000180025095e-35 1.0000000180025095e-35 1.0000000180025095e-35 0.58335000000000015 1.0000000180025095e-35 1.0000000180025095e-35 1.0000000180025095e-35 0.45000000000000007 17.500000000000004 0.41665000000000002 1.0000000180025095e-35 1.0000000180025095e-35
decision_type=2 2 2 2 2 2 2 2 2 2 2 2 2 2
left_child=1 2 -1 4 -3 6 -6 8 10 -10 -5 12 13 -12
right_child=-2 3 -4 7 5 -7 -8 -9 9 -11 11 -13 -14 -15
leaf_value=0.097218288268074937 0.081126107297958383 0.08478102334396459 -0.092999300652543943 0.0037002347449272143 -0.021710396067499582 -0.08241305680305247 0.096631761258383991 0.083427382268551703 0.061137854261751744 -0.13553686754109184 -0.11298960198269815 -0.13154629673442889 0.088721496028270203 0.084702650146227756
leaf_weight=3.9407830275595179 3.4277973845601073 2.772088441066443 0.82392950356006611 91.962553232908249 60.491257628425956 5.2988297068513921 3.3629196546971789 3.495400537736713 9.8584412466734612 0.99684506841003973 2.701109526678918 2.9982879310846329 1.7267093472182748 1.1011791899800303
leaf_count=69 481 182 10 870 1263 193 149 265 231 11 19 20 21 21
internal_value=0.000210027 -0.00123812 0.0643252 -0.00291075 -0.0165449 -0.0206067 -0.0154778 0.0056284 0.00318609 0.0430771 -0.00112309 -0.0531402 -0.0106219 -0.055736
internal_weight=194.958 191.53 4.76471 186.766 71.9251 69.153 63.8542 114.841 111.345 10.8553 100.49 8.52729 5.529 3.80229
internal_count=3805 3324 79 3245 1787 1605 1412 1458 1193 242 951 81 61 40
is_linear=0
shrinkage=0.08


Tree=56
num_leaves=15
num_cat=0
split_feature=10 17 10 10 21 0 14 5 1 1 11 15 19 18
split_gain=3.42018 8.78828 7.26642 8.68497 3.22908 4.62787 2.28044 2.27128 2.05786 2.85676 2.89094 1.97796 1.96198 4.13383
threshold=0.68500000000000016 1.0000000180025095e-35 0.67500000000000016 1.0000000180025095e-35 1.0000000180025095e-35 1.5000000000000002 1.0000000180025095e-35 1.5000000000000002 9.5000000000000018 18.500000000000004 1.0000000180025095e-35 1.0000000180025095e-35 0.87500000000000011 1.0000000180025095e-35
decision_type=2 2 2 2 2 2 2 2 2 2 2 2 2 2
left_child=2 -2 3 4 7 -6 -4 11 -7 10 -10 12 -1 -14
right_child=1 -3 6 -5 5 8 -8 -9 9 -11 -12 -13 13 -15
leaf_value=0.0076743687981201038 0.084471276804663875 -0.083759461486529199 -0.075356729571338779 0.089063521153421366 -0.081726384434762753 -0.064552606077430935 0.12876455993773295 -0.080589049566835214 -0.075499101671602689 -0.1025421467026937 0.087828640007850997 -0.08470634402090188 -0.0015861291466750492 -0.086955518124717593
leaf_weight=121.08358726510778 8.2291573449037951 2.62009791471064 9.8139286087825859 6.9560711979866019 7.5446023005060834 1.8798296265304086 0.36325077898800451 2.134540735743939 0.85185900330543507 0.84566020965576161 3.7329654023051262 1.6447684112936247 19.748874494805936 4.4477579258382312
leaf_count=1490 568 97 243 398 473 14 11 21 14 6 21 90 221 138
internal_value=0.000214363 0.0438435 -0.00240011 0.00151131 -0.00220416 -0.0377727 -0.0680711 0.00134051 0.00758968 0.0325626 0.0574824 0.00253079 0.00351843 -0.0172785
internal_weight=191.897 10.8493 181.048 170.871 163.914 14.8549 10.1772 149.06 7.31031 5.43048 4.58482 146.925 145.28 24.1966
internal_count=3805 665 3140 2886 2488 528 254 1960 55 41 35 1939 1849 359
is_linear=0
shrinkage=0.08


Tree=57
num_leaves=15
num_cat=0
split_feature=9 16 15 8 14 1 0 1 6 14 10 19 1 18
split_gain=3.21761 2.93918 2.7646 2.47744 3.0421 3.3267 2.70518 2.66052 3.14843 3.85743 3.52764 2.82617 2.74159 5.15825
threshold=0.7250000000000002 1.0000000180025095e-35 1.0000000180025095e-35 1.0000000180025095e-35 1.0000000180025095e-35 17.500000000000004 3.5000000000000004 16.500000000000004 1.1250000000000002 1.0000000180025095e-35 0.68500000000000016 0.41665000000000002 15.500000000000002 1.0000000180025095e-35
decision_type=2 2 2 2 2 2 2 2 2 2 2 2 2 2
left_child=1 2 3 7 -5 6 -6 12 9 10 -9 -11 -1 -14
right_child=-2 -3 -4 4 5 -7 -8 8 -10 11 -12 -13 13 -15
leaf_value=-0.0025300949587436505 0.086684541267655693 0.081131530546828437 -0.083918681907887455 0.083119510754203318 0.085266689719803529 -0.14534593559279035 -0.069986213676151474 -0.074184070200622815 0.094156870952286656 0.087892533215437649 0.043888556881161112 -0.071360722732772386 0.067935069889467861 -0.089471376219618912
leaf_weight=143.88219124404714 2.7131645663175723 2.7430030126124612 2.6179178776219478 4.8116346634924394 1.9600278809666634 0.91392774134874333 1.1337738186120987 12.258056501857942 1.1889349734410632 2.2543469560332592 1.8659585919231165 1.0432145968079565 7.9830165589228255 1.5993474526330826
leaf_count=2362 226 416 183 100 42 6 6 185 15 48 69 9 119 19
internal_value=0.000192106 -0.00106782 -0.00229647 -0.00111523 0.0402389 -0.0112431 0.0283717 -0.00323476 -0.0318001 -0.040396 -0.0585852 0.0375113 0.000229339 0.0416631
internal_weight=188.969 186.255 183.512 180.894 8.81936 4.00773 3.0938 172.075 18.6105 17.4216 14.124 3.29756 153.465 9.58236
internal_count=3805 3579 3163 2980 154 54 48 2826 326 311 254 57 2500 138
is_linear=0
shrinkage=0.08


Tree=58
num_leaves=15
num_cat=0
split_feature=9 16 15 13 1 20 14 1 0 14 1 9 1 14
split_gain=2.95396 2.70179 2.55221 2.24869 3.8309 8.06928 6.26837 4.40046 4.32217 6.93304 4.96985 4.1567 3.47767 3.05535
threshold=0.7250000000000002 1.0000000180025095e-35 1.0000000180025095e-35 1.0000000180025095e-35 5.5000000000000009 1.0000000180025095e-35 1.0000000180025095e-35 7.5000000000000009 1.5000000000000002 1.0000000180025095e-35 15.500000000000002 1.0000000180025095e-35 5.5000000000000009 1.0000000180025095e-35
decision_type=2 2 2 2 2 2 2 2 2 2 2 2 2 2
left_child=1 2 3 12 5 6 -5 11 13 -10 -11 -6 -1 -9
right_child=-2 -3 -4 4 7 -7 -8 8 9 10 -12 -13 -14 -15
leaf_value=0.060167914032099756 0.086306788159655548 0.081047116534859409 -0.083669151864472019 0.06839670050039702 0.088261553810613499 -0.36370930282177311 -0.12633998501009311 -0.025918914737855795 -0.020862133501469558 0.11165946561488685 -0.029592047831385044 -0.075291826136548196 0.0018818764493877544 -0.12626714907689232
leaf_weight=6.9517030976712695 2.515086645493283 2.5346413394436231 2.4235587199218562 1.8295481493696559 4.9817759245634079 0.57268455624580372 2.508159851655364 4.4164806520566335 32.869093685410917 4.8848170917481175 2.3664944507181644 1.2425642078742374 113.79498976981267 3.4657068103551865
leaf_count=207 226 416 183 34 27 12 15 118 518 90 27 52 1865 15
internal_value=0.000191371 -0.000980373 -0.00212081 -0.00102212 -0.0138031 -0.0814673 -0.0442044 -0.00767596 -0.0158822 -0.00524204 0.0655615 0.0556114 0.00523756 -0.0700409
internal_weight=187.357 184.842 182.308 179.884 59.1373 4.91039 4.33771 54.2269 48.0026 40.1204 7.25131 6.22434 120.747 7.88219
internal_count=3805 3579 3163 2980 908 61 49 847 768 635 117 79 2072 133
is_linear=0
shrinkage=0.08


Tree=59
num_leaves=15
num_cat=0
split_feature=12 15 16 7 17 1 1 18 10 13 19 18 19 21
split_gain=2.84861 2.41079 2.33836 2.26735 3.35015 2.66547 2.59002 4.82345 5.23693 3.1915 3.47448 2.6314 11.4066 2.89895
threshold=2.5000000000000004 1.0000000180025095e-35 1.0000000180025095e-35 0.87500000000000011 1.0000000180025095e-35 16.500000000000004 15.500000000000002 1.0000000180025095e-35 0.67500000000000016 1.0000000180025095e-35 0.41665000000000002 1.0000000180025095e-35 0.87500000000000011 1.0000000180025095e-35
decision_type=2 2 2 2 2 2 2 2 2 2 2 2 2 2
left_child=1 2 3 4 -1 6 11 8 9 -8 -11 13 -13 -5
right_child=-2 -3 -4 5 -6 -7 7 -9 -10 10 -12 12 -14 -15
leaf_value=0.096423314143047167 0.082038335756786776 -0.083432805792359968 0.08099777771579135 -0.0010315380873965494 -0.091958442609213153 -0.030656196130055338 0.1469469864961899 -0.091020156447219391 -0.06535136156365795 0.095421098585275449 -0.091486825893191889 0.10269337600907025 -0.066847831722196271 -0.043396735827283199
leaf_weight=3.1002786564640696 2.6820632629096499 2.2433080933988085 2.2533759796060613 124.03788745030761 0.75042276456952084 18.975434934720397 3.6460569165646994 1.4889202238991863 1.5747989648953078 1.9513310417532923 0.94467473588883866 6.5228842087089998 4.1591029670089483 11.276980212423949
leaf_count=43 305 183 386 1513 10 362 45 16 53 17 9 299 139 425
internal_value=0.000189705 -0.00101036 1.29742e-05 -0.00100978 0.0597116 -0.00234912 0.00110287 0.041341 0.0656208 0.0971482 0.0344519 -0.00154458 0.0366814 -0.0045622
internal_weight=185.608 182.925 180.682 178.429 3.8507 174.578 155.603 9.60578 8.11686 6.54206 2.89601 145.997 10.682 135.315
internal_count=3805 3500 3317 2931 53 2878 2516 140 124 71 26 2376 438 1938
is_linear=0
shrinkage=0.08


Tree=60
num_leaves=15
num_cat=0
split_feature=10 17 10 10 21 0 4 17 14 20 5 19 12 1
split_gain=2.70848 7.81739 6.34645 7.4365 2.52479 4.27599 2.11423 1.8928 1.88863 1.86457 3.96125 3.14847 3.71352 3.30641
threshold=0.68500000000000016 1.0000000180025095e-35 0.67500000000000016 1.0000000180025095e-35 1.0000000180025095e-35 1.5000000000000002 1.5000000000000002 1.0000000180025095e-35 1.0000000180025095e-35 1.0000000180025095e-35 1.0000000180025095e-35 1.0000000180025095e-35 1.5000000000000002 6.5000000000000009
decision_type=2 2 2 2 2 2 2 2 2 2 2 2 2 2
left_child=2 -2 3 4 6 -6 9 -5 -4 11 -11 12 -1 -13
right_child=1 -3 8 7 5 -7 -8 -9 -10 10 -12 13 -14 -15
leaf_value=0.00044504525314612232 0.084225225298046241 -0.083333159622750966 -0.073114161477004086 0.097664682016820437 -0.081529315035337918 0.0091467389037120945 -0.07410218808714418 -0.084420993999256219 0.12114422283943464 0.053278093110034161 -0.076619821031258153 -0.095755623794760325 0.042110995393652706 -0.011489424637923995
leaf_weight=69.97341524111107 7.0585156555753183 2.3838332425802946 9.0113852838985586 5.9553973299916825 6.5096889170818013 6.810578141361475 2.3461850490421048 0.38925111480057228 0.33211237750947553 9.7649532523937488 1.7756938459351665 3.2127909734845153 17.019870445597917 41.145943540148437
leaf_count=766 568 97 243 390 473 55 21 8 11 237 46 24 423 443
internal_value=0.00019265 0.0419231 -0.0020687 0.00156553 -0.00183282 -0.0351672 0.00122437 0.0864935 -0.0662093 0.00246117 0.0332914 -0.000247587 0.00859681 -0.0175926
internal_weight=183.69 9.44235 174.247 164.904 158.559 13.3203 145.239 6.34465 9.3435 142.893 11.5406 131.352 86.9933 44.3587
internal_count=3805 665 3140 2886 2488 528 1960 398 254 1939 283 1656 1189 467
is_linear=0
shrinkage=0.08


Tree=61
num_leaves=15
num_cat=0
split_feature=9 8 14 1 0 16 7 1 17 6 14 10 19 15
split_gain=2.48652 2.24612 2.86196 2.58266 2.54835 2.32759 2.18862 3.37484 2.87464 2.80678 3.4969 2.0219 1.98846 1.96387
threshold=0.7250000000000002 1.0000000180025095e-35 1.0000000180025095e-35 17.500000000000004 3.5000000000000004 1.0000000180025095e-35 0.87500000000000011 16.500000000000004 1.0000000180025095e-35 1.4166500000000002 1.0000000180025095e-35 0.68500000000000016 0.41665000000000002 1.0000000180025095e-35
decision_type=2 2 2 2 2 2 2 2 2 2 2 2 2 2
left_child=1 5 -3 4 -4 6 8 13 -1 10 11 -9 -12 -8
right_child=-2 2 3 -5 -6 -7 7 9 -10 -11 12 -13 -14 -15
leaf_value=0.092684689565085826 0.085639910678777603 0.082637558661074167 0.084916877516002937 -0.12429356265992876 -0.068812074491036712 0.080926197214264514 -0.00050460114405154622 -0.080001188705242879 -0.090909437422317232 0.090732925976656442 0.071938362862922822 0.040983890205311194 -0.066123328462829617 -0.083125465454561273
leaf_weight=2.8961324901320036 2.1532517187297335 4.5371955521404725 1.8177786581218247 0.96582374721765507 1.1124813258647919 2.0963691170327357 146.75448779016733 10.505228432826691 0.67256930842995633 0.97307496238499958 2.040795395150782 0.96527999453246671 0.99228054657578457 1.8646509195677925
leaf_count=48 226 100 42 6 6 416 2479 177 10 13 45 50 10 177
internal_value=0.000186368 -0.00084623 0.0394514 -0.0108411 0.0265533 -0.00284811 -0.00389557 -0.00524348 0.0580839 -0.0407957 -0.0496202 -0.0698199 0.026771 -0.0015412
internal_weight=180.347 178.194 8.43328 3.89608 2.93026 169.761 167.664 164.096 3.5687 15.4767 14.5036 11.4705 3.03308 148.619
internal_count=3805 3579 154 54 48 3425 3009 2951 58 295 282 227 55 2656
is_linear=0
shrinkage=0.08


Tree=62
num_leaves=15
num_cat=0
split_feature=12 15 16 8 14 1 0 7 17 1 14 6 9 19
split_gain=2.36527 2.05563 1.92828 2.01329 2.64091 2.11977 2.28051 1.89374 2.5551 2.5502 2.45974 2.92244 2.23587 2.13592
threshold=2.5000000000000004 1.0000000180025095e-35 1.0000000180025095e-35 1.0000000180025095e-35 1.0000000180025095e-35 17.500000000000004 3.5000000000000004 0.87500000000000011 1.0000000180025095e-35 16.500000000000004 1.0000000180025095e-35 1.4166500000000002 0.7250000000000002 0.41665000000000002
decision_type=2 2 2 2 2 2 2 2 2 2 2 2 2 2
left_child=1 2 3 7 -5 6 -6 8 -1 -9 11 12 -11 -12
right_child=-2 -3 -4 4 5 -7 -8 9 -10 10 13 -13 -14 -15
leaf_value=0.088616436427772033 0.081845626443066796 -0.083249634635411129 0.080881895453362898 0.081782980624737003 0.08452931193293621 -0.10975820448145288 -0.062516317380074765 -0.00073329622973273677 -0.09002579235266564 -0.069582638523474225 0.086037221300171329 0.085866756628786706 0.085001271920618224 -0.062247322507490876
leaf_weight=2.8097535073757167 2.241597809130325 1.9166826996952284 1.8687155928928394 4.2303724326193315 1.6854021660983562 1.0044548660516741 1.1259511560201645 146.2177497963421 0.62670522741973389 10.940842540003354 1.7635914352722459 0.93566243071109134 0.63349447166547257 0.96015817299485196
leaf_count=43 305 183 386 100 42 6 6 2410 10 203 41 11 50 9
internal_value=0.000184746 -0.00085108 5.24052e-05 -0.000821033 0.0382543 -0.0100035 0.0256373 -0.00272783 0.0560375 -0.00397863 -0.0351283 -0.0501281 -0.0611218 0.0337649
internal_weight=178.961 176.72 174.803 172.934 8.04618 3.81581 2.81135 164.888 3.43646 161.451 15.2337 12.51 11.5743 2.72375
internal_count=3805 3500 3317 2931 154 54 48 2777 53 2724 314 264 253 50
is_linear=0
shrinkage=0.08


Tree=63
num_leaves=15
num_cat=0
split_feature=10 17 10 10 21 0 4 6 19 20 5 1 13 19
split_gain=2.19893 6.9778 5.50467 6.48541 2.22733 3.99112 1.92747 1.75501 2.10177 1.70827 3.52773 3.19177 10.9887 2.78678
threshold=0.68500000000000016 1.0000000180025095e-35 0.67500000000000016 1.0000000180025095e-35 1.0000000180025095e-35 1.5000000000000002 1.5000000000000002 0.22500000000000003 1.0000000180025095e-35 1.0000000180025095e-35 1.0000000180025095e-35 5.5000000000000009 1.0000000180025095e-35 1.0000000180025095e-35
decision_type=2 2 2 2 2 2 2 2 2 2 2 2 2 2
left_child=2 -2 3 4 6 -6 9 8 -7 13 11 12 -11 -1
right_child=1 -3 -4 -5 5 7 -8 -9 -10 10 -12 -13 -14 -15
leaf_value=0.0081987654552126248 0.08388197311832761 -0.08291559046380638 -0.064199954154142966 0.084523334944747772 -0.081416029735727355 -0.031608565713440978 -0.071836954426573355 -0.073119997293908931 0.071428827343384946 0.082291373254226752 -0.07315678090863062 0.074546236334286017 -0.35088889257630096 -0.016737125596559949
leaf_weight=85.879217483103275 6.148345699766649 2.1722873291000724 8.5858464434277249 5.8103300584480158 5.9460014412179572 2.1278171390295029 2.2706451136618844 1.3299362137913702 3.1318243406713009 1.2914371434599123 1.7101105358451612 7.5944875557906926 0.52803558111190785 43.068371871719137
leaf_count=1189 568 97 254 398 473 15 21 19 21 48 46 186 3 467
internal_value=0.000184635 0.0403357 -0.00178899 0.00154574 -0.00156721 -0.0338955 0.00127982 0.00898394 0.0297445 0.00246509 0.0325444 0.0517458 -0.0434234 -0.000129798
internal_weight=177.595 8.32063 169.274 160.688 154.878 12.5356 142.342 6.58958 5.25964 140.072 11.1241 9.41396 1.81947 128.948
internal_count=3805 665 3140 2886 2488 528 1960 55 36 1939 283 237 51 1656
is_linear=0
shrinkage=0.08


Tree=64
num_leaves=15
num_cat=0
split_feature=9 15 16 8 14 1 0 1 1 18 10 13 19 18
split_gain=2.09716 1.85943 1.80324 1.81033 2.40115 1.82676 2.0166 1.69285 2.20836 4.09658 4.34891 2.70947 3.7439 2.59682
threshold=0.7250000000000002 1.0000000180025095e-35 1.0000000180025095e-35 1.0000000180025095e-35 1.0000000180025095e-35 17.500000000000004 3.5000000000000004 16.500000000000004 15.500000000000002 1.0000000180025095e-35 0.67500000000000016 1.0000000180025095e-35 0.41665000000000002 1.0000000180025095e-35
decision_type=2 2 2 2 2 2 2 2 2 2 2 2 2 2
left_child=1 2 3 7 -5 6 -6 8 13 10 11 -10 -13 -1
right_child=-2 -3 -4 4 5 -7 -8 -9 9 -11 -12 12 -14 -15
leaf_value=-0.0052996873196091091 0.08562706200676426 -0.083052264061882111 0.080826374528748066 0.080855377617887039 0.084245678421275796 -0.099978320473169055 -0.055449460040553768 -0.027108407355505099 0.14805584314468676 -0.085737776693316531 -0.061828719263607231 0.096865024578215275 -0.10314738003090974 0.037673393351666161
leaf_weight=127.55274294409901 1.819502702448516 1.7375500306952734 1.7538690476212639 3.936949821189045 1.5753873232752085 1.0197895467281344 1.1398919820785522 16.121006541419774 2.9432636331766826 1.4059585770592091 1.427393367514014 2.08150476962328 0.84092382341623295 9.6829306571744365
leaf_count=1914 226 183 416 100 42 6 6 326 36 19 59 18 6 448
internal_value=0.000187216 -0.000710249 0.000124088 -0.000709843 0.0372627 -0.00868623 0.0256007 -0.00250753 0.000210059 0.0392981 0.0634024 0.093877 0.0393118 -0.00226764
internal_weight=175.039 173.219 171.482 169.728 7.67202 3.73507 2.71528 162.056 145.935 8.69904 7.29309 5.86569 2.92243 137.236
internal_count=3805 3579 3396 2980 154 54 48 2826 2500 138 119 60 24 2362
is_linear=0
shrinkage=0.08


Tree=65
num_leaves=15
num_cat=0
split_feature=10 17 10 10 21 0 17 1 5 1 1 11 6 1
split_gain=2.03413 6.34849 4.70989 5.7451 2.03829 3.61966 1.77996 1.71296 1.61439 1.5558 2.0045 2.27084 1.42194 1.25371
threshold=0.68500000000000016 1.0000000180025095e-35 0.67500000000000016 1.0000000180025095e-35 1.0000000180025095e-35 1.5000000000000002 1.0000000180025095e-35 12.500000000000002 1.5000000000000002 9.5000000000000018 18.500000000000004 1.0000000180025095e-35 1.4166500000000002 14.500000000000002
decision_type=2 2 2 2 2 2 2 2 2 2 2 2 2 2
left_child=2 -2 3 4 8 -6 -5 -4 -1 -7 11 -11 13 -9
right_child=1 -3 7 6 5 9 -8 12 -10 10 -12 -13 -14 -15
leaf_value=0.0022131028727354024 0.083701101376085621 -0.082664239369864487 0.053418784253633646 0.094590260980299462 -0.081302686017686893 -0.056802562692005197 -0.084385135321200747 -0.13432578923478874 -0.070130662989286718 -0.076627115794812836 -0.096519141609799852 0.081888111426435539 0.096352330168172892 -0.059150853919766933
leaf_weight=138.84604414808564 5.6591569464653722 1.9821738218888638 0.76067065540700962 5.074633425101637 5.4441724969074112 1.742664170451462 0.38243501260876644 1.9616400357335804 2.0026514367200425 0.70405681058764491 0.66531718894839276 3.2405989952385426 0.30549740628339339 5.1402669192757457
leaf_count=1939 568 97 11 390 473 14 8 48 21 14 6 21 5 190
internal_value=0.000186887 0.0405457 -0.00166789 0.00139251 -0.0014909 -0.0334339 0.0820475 -0.0609055 0.00118449 0.00758946 0.031931 0.0535957 -0.0726455 -0.0799152
internal_weight=173.912 7.64133 166.271 158.103 152.646 11.7968 5.45707 8.16808 140.849 6.35264 4.60997 3.94466 7.4074 7.10191
internal_count=3805 665 3140 2886 2488 528 398 254 1960 55 41 35 243 238
is_linear=0
shrinkage=0.08


Tree=66
num_leaves=15
num_cat=0
split_feature=12 15 16 8 14 7 17 1 14 6 19 1 18 10
split_gain=1.88262 1.67471 1.58056 1.57145 2.2018 1.5662 2.15316 1.94557 2.14229 2.48905 1.91105 1.69815 3.74347 3.50823
threshold=2.5000000000000004 1.0000000180025095e-35 1.0000000180025095e-35 1.0000000180025095e-35 1.0000000180025095e-35 0.87500000000000011 1.0000000180025095e-35 16.500000000000004 1.0000000180025095e-35 1.4166500000000002 0.41665000000000002 15.500000000000002 1.0000000180025095e-35 0.67500000000000016
decision_type=2 2 2 2 2 2 2 2 2 2 2 2 2 2
left_child=1 2 3 5 -5 6 -1 11 9 -9 -10 -7 13 -13
right_child=-2 -3 -4 4 -6 7 -8 8 10 -11 -12 12 -14 -15
leaf_value=0.08452093921650787 0.081676056624137378 -0.082838459366173831 0.080796203962173685 0.07976089043830939 -0.0082171180367765547 -0.0027082588715840101 -0.089979403912944386 -0.056979547562193818 0.085728842016207174 0.082139272870158986 -0.058600827862993386 0.089936463144738174 -0.087296019342469208 -0.061893701834714286
leaf_weight=2.5708993084263052 1.7948945609386999 1.5734425655100484 1.5384674173546944 3.6335929036140433 3.648742564022541 134.82424617791548 0.54922658205032338 10.72575426031835 1.6537952213548117 0.8914929339662202 0.91033083200454701 5.1654936252161852 1.307794392108917 1.200308567844331
leaf_count=43 305 183 386 100 54 2282 10 253 41 11 9 59 16 53
internal_value=0.000172995 -0.000686552 8.00306e-05 -0.000663194 0.0356804 -0.00231943 0.0538042 -0.00343708 -0.0316958 -0.0463037 0.0344881 -0.000624778 0.0359818 0.061308
internal_weight=171.988 170.194 168.62 167.082 7.28234 159.799 3.12013 156.679 14.1814 11.6172 2.56413 142.498 7.6736 6.3658
internal_count=3805 3500 3317 2931 154 2777 53 2724 314 264 50 2410 128 112
is_linear=0
shrinkage=0.08


Tree=67
num_leaves=15
num_cat=0
split_feature=10 17 10 10 21 0 17 4 20 5 1 13 19 12
split_gain=1.82314 5.73833 4.13166 5.12541 1.83878 3.3415 1.6073 1.57609 1.57437 3.23991 2.83819 7.95595 2.52617 3.17819
threshold=0.68500000000000016 1.0000000180025095e-35 0.67500000000000016 1.0000000180025095e-35 1.0000000180025095e-35 1.5000000000000002 1.0000000180025095e-35 1.5000000000000002 1.0000000180025095e-35 1.0000000180025095e-35 5.5000000000000009 1.0000000180025095e-35 1.0000000180025095e-35 1.5000000000000002
decision_type=2 2 2 2 2 2 2 2 2 2 2 2 2 2
left_child=2 -2 3 4 7 -6 -5 8 12 10 11 -10 13 -1
right_child=1 -3 -4 6 5 -7 -8 -9 9 -11 -12 -13 -14 -15
leaf_value=0.00027996154531143117 0.083488722911211802 -0.082409290391985163 -0.059003195051890292 0.093161246745649379 -0.081201604537176272 0.0072007390416154952 -0.08401978011035327 -0.065679004607217942 0.082122690558315073 -0.070559368064016553 0.073270711659958826 -0.26962055808845908 -0.01632367954805038 0.040113022709947099
leaf_weight=69.393528116634116 5.1313637626590198 1.8033417547121642 7.6324536837637416 4.6750869323732323 4.9969593724235875 6.0492454720661044 0.35237094573676575 2.225194306112825 1.2012513577938042 1.6733664246276028 7.190588636090979 0.6260235160589217 42.075683193281293 15.724417844554408
leaf_count=766 568 97 254 390 473 55 8 21 48 46 186 3 467 423
internal_value=0.000170075 0.0403476 -0.00153073 0.00127786 -0.00136514 -0.0327897 0.0807428 0.00111235 0.00219024 0.0316754 0.0506462 -0.0383844 -0.000288132 0.00763859
internal_weight=170.751 6.93471 163.816 156.184 151.156 11.0462 5.02746 140.11 137.885 10.6912 9.01786 1.82727 127.194 85.1179
internal_count=3805 665 3140 2886 2488 528 398 1960 1939 283 237 51 1656 1189
is_linear=0
shrinkage=0.08


Tree=68
num_leaves=15
num_cat=0
split_feature=9 15 16 8 14 1 0 1 14 1 6 7 17 0
split_gain=1.75456 1.53015 1.46373 1.41971 2.0381 1.58816 1.7822 1.41491 1.42411 2.27344 1.55947 1.41874 1.39128 1.31093
threshold=0.7250000000000002 1.0000000180025095e-35 1.0000000180025095e-35 1.0000000180025095e-35 1.0000000180025095e-35 17.500000000000004 3.5000000000000004 18.500000000000004 1.0000000180025095e-35 19.500000000000004 1.1250000000000002 0.87500000000000011 1.0000000180025095e-35 2.5000000000000004
decision_type=2 2 2 2 2 2 2 2 2 2 2 2 2 2
left_child=1 2 3 7 -5 6 -6 11 10 -10 -9 12 -1 -13
right_child=-2 -3 -4 4 5 -7 -8 8 9 -11 -12 13 -14 -15
leaf_value=0.10875280018079739 0.085262915616395749 -0.082768124257706785 0.080746885492449891 0.078951745095349857 0.084003684942468251 -0.091271343991027196 -0.048678747926115352 -0.059291483388298795 -0.089940256831390383 0.087559100473763626 0.099553142274713582 8.955947585927958e-05 -0.089458559813298616 -0.048949847936149461
leaf_weight=1.3212670464999963 1.5368545221863303 1.438262253999709 1.4281190221663553 3.4114533942192784 1.4807153139263391 1.0288374200463297 1.1519493609666824 6.6354658706113678 0.70658072666265104 1.3331752540543673 0.42063490115106095 142.33911045687273 0.27356679551303376 3.576400037854909
leaf_count=28 226 183 416 100 42 6 6 117 10 22 4 2602 6 37
internal_value=0.000176046 -0.000609122 0.000106572 -0.000597024 0.0344618 -0.00698983 0.0259471 -0.00218042 -0.0328028 0.0260725 -0.0498223 -0.000292168 0.074753 -0.0011124
internal_weight=168.082 166.546 165.107 163.679 7.07296 3.6615 2.63266 156.606 9.09586 2.03976 7.0561 147.51 1.59483 145.916
internal_count=3805 3579 3396 2980 154 54 48 2826 153 32 121 2673 34 2639
is_linear=0
shrinkage=0.08


Tree=69
num_leaves=15
num_cat=0
split_feature=10 17 10 10 21 0 14 17 4 20 5 1 13 11
split_gain=1.65363 5.23541 3.6156 4.55819 1.6066 3.16055 1.59209 1.45509 1.35584 1.42991 2.89155 2.54773 6.24588 2.39517
threshold=0.68500000000000016 1.0000000180025095e-35 0.67500000000000016 1.0000000180025095e-35 1.0000000180025095e-35 1.5000000000000002 1.0000000180025095e-35 1.0000000180025095e-35 1.5000000000000002 1.0000000180025095e-35 1.0000000180025095e-35 5.5000000000000009 1.0000000180025095e-35 1.0000000180025095e-35
decision_type=2 2 2 2 2 2 2 2 2 2 2 2 2 2
left_child=2 -2 3 4 8 -6 -4 -5 9 -1 11 12 -11 -13
right_child=1 -3 6 7 5 -7 -8 -9 -10 10 -12 13 -14 -15
leaf_value=-0.00024758080442299253 0.083343063572674833 -0.082201577853503446 -0.064188218572346675 0.091774873633590867 -0.081111509065369458 0.0071131029838716773 0.1187576962565547 -0.083697284263773014 -0.061450536423395541 0.081955216763468605 -0.067264989096299688 -0.10014418788045801 -0.22482035418584126 0.084856910869307897
leaf_weight=125.85702266055159 4.6940958063350982 1.6532600242644546 7.0220889882184556 4.2996102522592983 4.6000239404384029 5.9732869295403361 0.31823713006451715 0.32533537037670601 2.1838308386504641 1.1109717283397875 1.6171591859310872 0.48206931352615345 0.68765339255332936 6.3161898558028042
leaf_count=1656 568 97 243 390 473 55 11 8 21 48 46 3 3 183
internal_value=0.000174281 0.0402246 -0.00140671 0.001217 -0.00121358 -0.0312699 -0.0562567 0.0794315 0.00108504 0.00208868 0.030876 0.0493373 -0.0353317 0.0717384
internal_weight=167.141 6.34736 160.793 153.453 148.828 10.5733 7.34033 4.62495 138.255 136.071 10.214 8.59688 1.79863 6.79826
internal_count=3805 665 3140 2886 2488 528 254 398 1960 1939 283 237 51 186
is_linear=0
shrinkage=0.08


Tree=70
num_leaves=15
num_cat=0
split_feature=9 15 16 1 8 0 6 20 19 14 8 7 19 1
split_gain=1.57254 1.39518 1.32945 1.24438 1.79451 2.10009 1.29107 1.39675 2.19982 2.71728 1.80454 1.95928 1.326 1.62097
threshold=0.7250000000000002 1.0000000180025095e-35 1.0000000180025095e-35 17.500000000000004 1.0000000180025095e-35 3.5000000000000004 1.1250000000000002 1.0000000180025095e-35 0.41665000000000002 1.0000000180025095e-35 1.0000000180025095e-35 0.87500000000000011 0.29165000000000002 21.500000000000004
decision_type=2 2 2 2 2 2 2 2 2 2 2 2 2 2
left_child=1 2 3 4 -1 -6 7 8 9 10 11 -5 13 -13
right_child=-2 -3 -4 6 5 -7 -8 -9 -10 -11 -12 12 -14 -15
leaf_value=-0.00010850189444345135 0.08505313306940547 -0.082611681778962706 0.080711292019973555 0.061651504198559082 0.079011900030582019 -0.044491463080963627 0.079279783235885151 0.057342486823439148 -0.096748086384005602 0.086622190612887756 0.082829215159690786 -0.023060589412258456 -0.16542780243624505 -0.13956702285037315
leaf_weight=143.88742905925028 1.3852551362942893 1.3150917016901065 1.2995695570716623 0.80032668705097965 3.6787361595779648 1.1587198376655576 0.71789136948064047 1.0379924438893802 3.0905548213049769 1.341553092934191 0.69280105456709851 2.863619303796439 0.83126775920391072 1.0425288756377993
leaf_count=2596 226 183 416 19 109 6 10 24 73 31 21 79 4 8
internal_value=0.000174858 -0.00054314 0.000121263 -0.000528669 0.00150277 0.049429 -0.0248572 -0.0312465 -0.0398705 -0.0166559 -0.0388937 -0.0541218 -0.0736803 -0.0541555
internal_weight=165.143 163.758 162.443 161.143 148.725 4.83746 12.4185 11.7006 10.6627 7.5721 6.23054 5.53774 4.73742 3.90615
internal_count=3805 3579 3396 2980 2711 115 269 259 235 162 131 110 91 87
is_linear=0
shrinkage=0.08


Tree=71
num_leaves=15
num_cat=0
split_feature=12 15 16 13 1 1 1 0 14 1 9 14 14 20
split_gain=1.48708 1.28429 1.19691 1.22752 2.91979 2.30905 3.81651 3.67638 5.89554 4.54089 3.00027 2.97445 2.48135 5.87342
threshold=2.5000000000000004 1.0000000180025095e-35 1.0000000180025095e-35 1.0000000180025095e-35 5.5000000000000009 5.5000000000000009 7.5000000000000009 1.5000000000000002 1.0000000180025095e-35 15.500000000000002 1.0000000180025095e-35 1.0000000180025095e-35 1.0000000180025095e-35 1.0000000180025095e-35
decision_type=2 2 2 2 2 2 2 2 2 2 2 2 2 2
left_child=1 2 3 4 -1 12 10 11 -9 -10 -7 -8 13 -5
right_child=-2 -3 -4 5 -6 6 7 8 9 -11 -12 -13 -14 -15
leaf_value=0.060170844677173707 0.081723061606925107 -0.082434673028369362 0.080673401047713103 0.079009030632877494 0.0012900679055646491 0.082645723024009951 -0.017342169662221435 -0.017831484444802818 0.11286146344099331 -0.035219481260853003 -0.076038227673368153 -0.12083301734320154 -0.12192994117738983 -0.18684262481700858
leaf_weight=5.6923090629279605 1.4185367007739831 1.2164839725010086 1.1706164822680865 1.6484481561928981 101.46975435782224 4.6947228088974953 3.8012042930349699 29.436115812044591 4.3459412958472958 1.9068252984434364 0.91044488223269482 3.3383651822805405 2.3570655584335327 0.78518474288284767
leaf_count=207 305 183 386 34 1824 27 118 510 90 27 52 15 15 12
internal_value=0.000167756 -0.000542981 7.36428e-05 -0.000514633 0.00441774 -0.0104455 -0.00520493 -0.0133291 -0.00284564 0.0677031 0.0568708 -0.0657331 -0.0634272 -0.00676507
internal_weight=164.192 162.773 161.557 160.386 107.162 53.2243 48.4336 42.8285 35.6889 6.25277 5.60517 7.13957 4.7907 2.43363
internal_count=3805 3500 3317 2931 2031 900 839 760 627 117 79 133 61 46
is_linear=0
shrinkage=0.08


Tree=72
num_leaves=15
num_cat=0
split_feature=10 17 10 10 1 21 0 1 11 1 17 6 1 1
split_gain=1.431 4.76675 3.1679 4.06971 1.46615 1.36942 2.99906 1.32469 1.67095 1.32231 1.30731 1.30692 1.27071 1.22002
threshold=0.68500000000000016 1.0000000180025095e-35 0.67500000000000016 1.0000000180025095e-35 12.500000000000002 1.0000000180025095e-35 1.5000000000000002 9.5000000000000018 1.0000000180025095e-35 17.500000000000004 1.0000000180025095e-35 1.4166500000000002 14.500000000000002 15.500000000000002
decision_type=2 2 2 2 2 2 2 2 2 2 2 2 2 2
left_child=2 -2 3 5 -4 -1 -7 -8 -9 -10 -5 12 -6 -14
right_child=1 -3 4 10 11 6 7 8 9 -11 -12 -13 13 -15
leaf_value=0.001050009930226452 0.083229212953199586 -0.082061066914249067 0.053640858730071982 0.091026759263526297 -0.1332647141969952 -0.081040298991290755 -0.052038095207267786 -0.078436979239842122 0.077424642460620738 -0.055493735204338243 -0.083340915134536064 0.096647068089006277 0.016642910958036546 -0.078369458315798085
leaf_weight=135.84244998078793 4.2131694208364925 1.5192868420854209 0.72564139869063993 3.9103824862977481 1.6955076139420269 4.2092016219394264 1.698712572455406 0.72624139394611109 2.8563789017498498 0.5755246877670287 0.29601897485554207 0.29919277504086483 1.2086521945893762 3.0415098529774696
leaf_count=1960 568 97 11 390 48 473 14 16 20 5 8 5 36 154
internal_value=0.000161416 0.0394219 -0.0012713 0.00117679 -0.0539928 -0.00105974 -0.029531 0.00748766 0.0318055 0.0551344 0.0787559 -0.0664997 -0.0747094 -0.05135
internal_weight=162.818 5.73246 157.085 150.115 6.9705 145.909 10.0661 5.85686 4.15814 3.4319 4.2064 6.24486 5.94567 4.25016
internal_count=3805 665 3140 2886 254 2488 528 55 41 25 398 243 238 190
is_linear=0
shrinkage=0.08


Tree=73
num_leaves=15
num_cat=0
split_feature=9 7 17 1 20 8 0 19 8 14 6 19 10 6
split_gain=1.39397 1.19684 1.66977 1.61005 1.78308 1.62771 1.92305 1.5536 1.3354 1.58337 1.50364 1.36768 1.36415 1.25658
threshold=0.7250000000000002 0.87500000000000011 1.0000000180025095e-35 17.500000000000004 1.0000000180025095e-35 1.0000000180025095e-35 3.5000000000000004 0.58335000000000015 1.0000000180025095e-35 1.0000000180025095e-35 1.4166500000000002 0.41665000000000002 0.68500000000000016 0.70835000000000015
decision_type=2 2 2 2 2 2 2 2 2 2 2 2 2 2
left_child=1 2 -1 5 7 13 -7 8 9 10 12 -11 -5 -3
right_child=-2 3 -4 4 -6 6 -8 -9 -10 11 -12 -13 -14 -15
leaf_value=0.081120838281584617 0.085007583228744091 -0.0035880175105960635 -0.089064805193846491 -0.082222312524606975 0.078692301894309841 0.078233366496969672 -0.040923054117460882 -0.11975008818845578 0.082598232726149468 0.078643586506837573 0.071080250093299449 -0.094577192950573499 0.051047157244953123 0.019158848121496978
leaf_weight=2.2133312429068606 1.2294528682250518 124.68222900712863 0.44278455059975375 4.9201284784357942 0.85839769244194108 3.3948854925110927 1.1640550196170805 1.3934533610008664 0.63980199024081219 1.1478150918846948 0.53954075649380673 0.39112199842929829 0.54612594936043013 17.756208715029061
leaf_count=78 226 2206 10 108 23 109 6 12 21 35 7 3 45 916
internal_value=0.000148141 -0.00050356 0.0527502 -0.00140202 -0.0317647 0.00075364 0.0478086 -0.0416641 -0.0283696 -0.0377798 -0.0563315 0.0346194 -0.0689075 -0.00075242
internal_weight=161.319 160.09 2.65612 157.434 10.4364 146.997 4.55894 9.57799 8.18453 7.54473 6.0058 1.53894 5.46625 142.438
internal_count=3805 3579 88 3491 254 3237 115 231 219 198 160 38 153 3122
is_linear=0
shrinkage=0.08


Tree=74
num_leaves=15
num_cat=0
split_feature=9 15 16 20 6 1 13 11 10 19 18 21 1 1
split_gain=1.28102 1.16898 1.10035 1.07455 2.4011 2.12599 4.36341 2.18389 1.89092 1.71084 3.80036 3.2912 3.09079 4.23553
threshold=0.7250000000000002 1.0000000180025095e-35 1.0000000180025095e-35 1.0000000180025095e-35 0.45000000000000007 5.5000000000000009 1.0000000180025095e-35 1.0000000180025095e-35 1.0000000180025095e-35 0.29165000000000002 1.0000000180025095e-35 1.0000000180025095e-35 7.5000000000000009 13.500000000000002
decision_type=2 2 2 2 2 2 2 2 2 2 2 2 2 2
left_child=1 2 3 9 5 6 -5 -7 -6 10 11 -1 -11 -14
right_child=-2 -3 -4 4 8 7 -8 -9 -10 12 -12 -13 13 -15
leaf_value=0.0043810394002630551 0.084675376375127731 -0.082304273876451645 0.080611417229649956 0.081700739617613941 -0.073069794895210358 -0.098199887135432748 -0.17569676601511719 0.084331152159510675 0.032254116569360544 -0.084527154568512355 0.084011856970986828 -0.058705471675568166 0.012646803357597771 -0.037733808373657529
leaf_weight=88.136238422011957 1.1392005973611947 1.1091387337073673 1.0793435663217668 0.97236525267362395 2.3909608845133334 0.45295795798301686 0.74401375651359558 5.6803218447603285 2.0064045842736959 3.7498103897087267 3.6305409392807624 5.6306127060670397 25.03894640924409 18.622903257375583
leaf_count=1269 226 183 416 48 76 3 3 180 41 52 322 348 317 321
internal_value=0.000143644 -0.000461077 0.000112959 -0.000440254 0.0223138 0.0488263 -0.0298756 0.0708508 -0.0250132 -0.00236465 0.00370225 0.000592753 -0.0148278 -0.00884182
internal_weight=160.384 159.245 158.135 157.056 12.247 7.84966 1.71638 6.13328 4.39737 144.809 97.3974 93.7669 47.4117 43.6618
internal_count=3805 3579 3396 2980 351 234 51 183 117 2629 1939 1617 690 638
is_linear=0
shrinkage=0.08


Tree=75
num_leaves=15
num_cat=0
split_feature=12 15 7 17 19 1 8 0 20 19 8 14 19 6
split_gain=1.21774 1.07641 1.04067 1.48516 1.35302 1.19327 1.52035 1.6833 1.3376 1.49803 1.1465 1.36716 1.30733 1.20785
threshold=2.5000000000000004 1.0000000180025095e-35 0.87500000000000011 1.0000000180025095e-35 0.58335000000000015 17.500000000000004 1.0000000180025095e-35 3.5000000000000004 1.0000000180025095e-35 0.58335000000000015 1.0000000180025095e-35 1.0000000180025095e-35 0.41665000000000002 1.4166500000000002
decision_type=2 2 2 2 2 2 2 2 2 2 2 2 2 2
left_child=1 2 3 4 -1 6 -4 -8 9 10 11 13 -13 -7
right_child=-2 -3 5 -5 -6 8 7 -9 -10 -11 -12 12 -14 -15
leaf_value=0.1036771643490622 0.081568394826589175 -0.08214517198377122 -0.00035094066135803545 -0.088370014731659383 -0.078835907005355421 -0.058847383932196476 0.077735803555831526 -0.034348232695883704 0.076661492540987489 -0.11525353184661295 0.082484238658497536 0.084560856769176851 -0.09277061751090733 0.067481471895848022
leaf_weight=1.8273190738982519 1.1667963486979704 1.025766918202861 139.59819500771118 0.41108296904712904 0.30306804622523476 5.5308824215317092 3.1901167016476384 1.1727965623140333 0.73424019478261549 1.2975873816758401 0.61342402920126904 1.0521664967527611 0.35612482577562321 0.53087582765147079
leaf_count=65 305 183 2834 10 5 180 109 6 24 11 21 42 3 7
internal_value=0.000141489 -0.00046119 7.37978e-05 0.050849 0.0777129 -0.000763732 0.00110247 0.0476064 -0.0273235 -0.0354622 -0.0226538 -0.0312875 0.0397178 -0.0477838
internal_weight=158.81 157.644 156.618 2.54147 2.13039 154.076 143.961 4.36291 10.1153 9.38106 8.08347 7.47005 1.40829 6.06176
internal_count=3805 3500 3317 80 70 3237 2949 115 288 264 253 232 45 187
is_linear=0
shrinkage=0.08


Tree=76
num_leaves=15
num_cat=0
split_feature=9 16 15 5 13 1 6 12 14 1 9 19 1 1
split_gain=1.17062 1.01703 0.979801 0.943028 0.948794 2.58809 2.16513 3.73912 4.02013 2.53705 2.27975 3.60489 2.86652 2.1366
threshold=0.7250000000000002 1.0000000180025095e-35 1.0000000180025095e-35 2.5000000000000004 1.0000000180025095e-35 5.5000000000000009 0.45000000000000007 1.5000000000000002 1.0000000180025095e-35 12.500000000000002 1.0000000180025095e-35 0.87500000000000011 9.5000000000000018 5.5000000000000009
decision_type=2 2 2 2 2 2 2 2 2 2 2 2 2 2
left_child=1 2 3 4 5 -1 7 8 10 -8 11 12 -6 -13
right_child=-2 -3 -4 -5 6 -7 9 -9 -10 -11 -12 13 -14 -15
leaf_value=0.058840414698263406 0.084501047677380842 0.080564150165917073 -0.081995904035235934 -0.15574860413672406 0.10981787174778958 0.0012882222884468787 -0.11856287761067474 0.034465246886388821 -0.067145566599397397 -0.019332651845245716 -0.017714152700584653 -0.16024920524462524 -0.022093843373840488 0.0086591176051957763
leaf_weight=5.2690191683359435 1.0456877583055746 0.98611287568928574 0.94855622318573196 0.24981372058391471 3.7161787189543256 98.222237040521577 2.2715343781746906 12.74766708165407 7.6890845010057083 6.0169851607643068 15.256365125998858 0.74999816715717349 1.4718969315290449 1.3279039263725279
leaf_count=207 226 416 183 1 21 1864 53 206 39 210 355 3 6 15
internal_value=0.000137656 -0.000424515 -0.000936669 -0.000440573 -0.000189841 0.00421836 -0.00909192 -0.00186911 -0.0172003 -0.0465275 -0.000149129 0.0367321 0.0723935 -0.0523067
internal_weight=157.969 156.923 155.937 154.989 154.739 103.491 51.2476 42.9591 30.2114 8.28852 22.5223 7.26598 5.18808 2.0779
internal_count=3805 3579 3163 2980 2979 2071 908 645 439 263 400 45 27 18
is_linear=0
shrinkage=0.08


Tree=77
num_leaves=15
num_cat=0
split_feature=10 17 10 10 14 4 17 0 1 21 1 1 19 19
split_gain=1.12229 4.27354 2.85274 3.40609 1.30497 1.2277 1.16354 1.07519 5.88128 3.5313 2.76213 3.44417 5.75174 2.88755
threshold=0.68500000000000016 1.0000000180025095e-35 0.67500000000000016 1.0000000180025095e-35 1.0000000180025095e-35 1.5000000000000002 1.0000000180025095e-35 1.5000000000000002 12.500000000000002 1.0000000180025095e-35 7.5000000000000009 8.5000000000000018 0.87500000000000011 0.87500000000000011
decision_type=2 2 2 2 2 2 2 2 2 2 2 2 2 2
left_child=2 -2 3 5 -4 7 -5 8 9 -1 -9 12 -12 -13
right_child=1 -3 4 6 -6 -7 -8 10 -10 -11 11 13 -14 -15
leaf_value=0.0021536713213492391 0.083100265937006021 -0.081858128305349567 -0.061227014356936893 0.089598097882761851 0.11291640145477339 -0.06073203868630854 -0.083051453302293132 -0.081457778263543376 -0.17610709370812377 -0.080933101305954477 0.03190709378117542 0.010193167046048926 0.32888689713903574 -0.030530465184758895
leaf_weight=37.356845393311232 3.625068337423726 1.3907307493500409 6.1103444928303352 3.4269782764604311 0.2884012343129142 2.1526198657229534 0.26946651190519322 2.3205084716901174 1.3293539898004372 3.5882505166809997 1.7091287374496453 79.765241968911141 0.55223017930984486 12.952894816175101
leaf_count=292 568 97 243 390 11 23 8 27 17 462 21 1409 3 234
internal_value=0.00013044 0.0373622 -0.0010996 0.00120069 -0.0533781 -0.000776576 0.0770121 0.000148101 -0.0105043 -0.00512769 0.0047763 0.00688314 0.10443 0.004504
internal_weight=156.838 5.0158 151.822 145.424 6.39875 141.727 3.69644 139.574 42.2744 40.9451 97.3 94.9795 2.26136 92.7181
internal_count=3805 665 3140 2886 254 2488 398 2465 771 754 1694 1667 24 1643
is_linear=0
shrinkage=0.08


Tree=78
num_leaves=15
num_cat=0
split_feature=7 17 20 6 1 13 11 10 19 18 1 1 6 21
split_gain=1.06122 1.3528 1.15062 1.90674 1.78929 3.27898 2.01386 1.73385 1.63782 3.40465 2.58537 3.89429 2.66893 2.56611
threshold=0.87500000000000011 1.0000000180025095e-35 1.0000000180025095e-35 0.45000000000000007 5.5000000000000009 1.0000000180025095e-35 1.0000000180025095e-35 1.0000000180025095e-35 0.29165000000000002 1.0000000180025095e-35 7.5000000000000009 13.500000000000002 0.29165000000000002 1.0000000180025095e-35
decision_type=2 2 2 2 2 2 2 2 2 2 2 2 2 2
left_child=1 -1 8 4 5 -4 -6 -5 9 13 -10 12 -12 -2
right_child=2 -3 3 7 6 -7 -8 -9 10 -11 11 -13 -14 -15
leaf_value=0.077146668864697773 0.0038200201975346088 -0.087870069687943766 0.081475142811816129 -0.067470307340221608 -0.096682255124694944 -0.14851421810652807 0.083852339649494581 0.038933927959854099 -0.081168708400090689 0.083815908570356715 0.020096728050049643 -0.038728877183089899 -0.060563631452806584 -0.052226039139968088
leaf_weight=2.0962568153627212 87.114592681638896 0.37479696422815312 0.84803207963704863 2.2172669573919852 0.4283241033554076 0.74551413953304291 5.1517695116344839 1.7565755779505705 3.500585156492888 3.2455600419780231 22.117764482507486 17.397617827868089 2.9790218034759155 5.5621800869703284
leaf_count=106 1868 10 48 83 3 3 183 48 57 313 246 316 88 433
internal_value=0.000109246 0.0521178 -0.000730371 0.0240181 0.0486435 -0.0261216 0.0699946 -0.020436 -0.00267434 0.0032768 -0.0150854 -0.00964164 0.0105222 0.000456305
internal_weight=155.536 2.47105 153.065 11.1475 7.17364 1.59355 5.58009 3.97384 141.917 95.9223 45.995 42.4944 25.0968 92.6768
internal_count=3805 116 3689 368 237 51 186 131 3321 2614 707 650 334 2301
is_linear=0
shrinkage=0.08


Tree=79
num_leaves=15
num_cat=0
split_feature=9 8 14 1 19 0 19 18 21 1 1 0 1 11
split_gain=1.05586 0.980913 1.44236 1.15306 1.39331 1.89626 1.07921 3.17202 2.27611 2.40143 2.31066 5.13305 3.28965 2.3134
threshold=0.7250000000000002 1.0000000180025095e-35 1.0000000180025095e-35 17.500000000000004 0.87500000000000011 3.5000000000000004 0.29165000000000002 1.0000000180025095e-35 1.0000000180025095e-35 15.500000000000002 7.5000000000000009 1.5000000000000002 12.500000000000002 1.0000000180025095e-35
decision_type=2 2 2 2 2 2 2 2 2 2 2 2 2 2
left_child=1 6 -3 4 -4 -6 7 8 10 -10 -1 12 -12 -13
right_child=-2 2 3 -5 5 -7 -8 -9 9 -11 11 13 -14 -15
leaf_value=0.029186649242098319 0.084502405667888164 0.076529614441631671 0.090499358462194618 -0.080323296725462595 0.084564180629655233 -0.1216913300327695 -0.011118309497740628 0.083539958685597784 -0.066989969309640643 0.093713476091151479 -0.032616421687721595 -0.00091361638491920492 -0.16779780524492136 0.036983847817505418
leaf_weight=18.257680381764658 0.94291080802213301 2.5728370980359605 1.1109569915570323 0.90643487870693196 0.49373709596693516 0.67567482590675354 50.805615012999624 3.0522802718915036 5.0693727156613013 0.67426800564862777 14.056807538203426 40.407943141413853 1.2549766600131995 13.839592050295321
leaf_count=274 226 100 33 6 12 3 922 323 446 10 103 834 7 506
internal_value=0.000105653 -0.000413864 0.0319742 -0.00399718 0.0263421 -0.0346082 -0.00167927 0.00328442 0.000666202 -0.0481244 0.00385733 -0.00279101 -0.0436961 0.00875476
internal_weight=154.121 153.178 5.75964 3.1868 2.28037 1.16941 147.419 96.6129 93.5606 5.74364 87.817 69.5593 15.3118 54.2475
internal_count=3805 3579 154 54 48 15 3425 2503 2180 456 1724 1450 110 1340
is_linear=0
shrinkage=0.08


Tree=80
num_leaves=15
num_cat=0
split_feature=12 20 6 1 13 11 19 18 1 1 1 1 6 18
split_gain=1.01443 0.927496 1.99461 1.63277 2.87122 1.83445 1.21565 2.90052 2.43181 2.80017 2.73648 2.65433 2.30566 2.29833
threshold=2.5000000000000004 1.0000000180025095e-35 0.45000000000000007 5.5000000000000009 1.0000000180025095e-35 1.0000000180025095e-35 0.29165000000000002 1.0000000180025095e-35 6.5000000000000009 13.500000000000002 14.500000000000002 16.500000000000004 0.29165000000000002 1.0000000180025095e-35
decision_type=2 2 2 2 2 2 2 2 2 2 2 2 2 2
left_child=1 6 3 4 -3 -5 7 -1 -8 12 -11 13 -10 -12
right_child=-2 2 -4 5 -6 -7 8 -9 9 10 11 -13 -14 -15
leaf_value=0.00059956557423029052 0.081609557636331279 0.081374951801614789 -0.023313103893637731 -0.094977439668220448 -0.13840542495479186 0.083629479850044389 -0.085857597509907249 0.083340640619443351 0.017311492853342172 -0.093294432978142702 0.033154725241517413 -0.055079617725949589 -0.059309304439714161 -0.092096951518492023
leaf_weight=92.429834750306327 0.97129402525024389 0.79236564785241881 3.8786297987098806 0.3984813094139098 0.73174238204956055 4.8168930154060945 2.7437047831481314 2.7934746473329133 22.620333399740051 3.7525121835060444 6.5609710263088328 6.2276031597866677 2.8277341827633782 1.0939493286423383
leaf_count=2092 305 48 127 3 3 183 38 315 265 60 93 173 89 11
internal_value=0.000113005 -0.000408905 0.0223925 0.0486965 -0.0241442 0.069983 -0.00212537 0.00302686 -0.0128312 -0.00818056 -0.0326807 -0.0162965 0.00879756 0.0152553
internal_weight=152.64 151.668 10.6181 6.73948 1.52411 5.21537 141.05 95.2233 45.8268 43.0831 17.635 13.8825 25.4481 7.65492
internal_count=3805 3500 364 237 51 186 3136 2407 729 691 337 277 354 104
is_linear=0
shrinkage=0.08


Tree=81
num_leaves=15
num_cat=0
split_feature=6 6 17 20 19 0 2 10 1 13 11 1 14 12
split_gain=1.05538 7.10706 3.73662 2.2904 2.18221 2.09143 1.90616 1.5279 1.50535 2.53968 1.68429 1.45361 1.33377 1.20725
threshold=0.58335000000000015 0.45000000000000007 1.0000000180025095e-35 1.0000000180025095e-35 0.29165000000000002 2.5000000000000004 1.0000000180025095e-35 1.0000000180025095e-35 5.5000000000000009 1.0000000180025095e-35 1.0000000180025095e-35 21.500000000000004 1.0000000180025095e-35 1.5000000000000002
decision_type=2 2 2 2 2 2 2 2 2 2 2 2 2 2
left_child=1 3 4 11 5 -2 -7 -6 9 -5 -10 13 -13 -1
right_child=2 -3 -4 8 7 6 -8 -9 10 -11 -12 12 -14 -15
leaf_value=-0.006933935258945154 0.061050609598657275 -0.094978466801748387 -0.082566779536301177 0.081267521053678168 -0.05245420833085894 -0.094269991688270063 0.082632025051856281 0.02533767660741941 -0.093620384451380906 -0.13085626122097346 0.083350651880520432 -0.11183090958955884 0.082159306440724361 0.0096092834777814894
leaf_weight=70.079679947346449 10.672025122330528 5.118780013290233 2.1770443227142087 0.73237338289618381 2.911792865372262 1.1391159253544181 0.59264374407939602 3.6306822671904229 0.37295792251825322 0.7127983421087265 4.4614236649940722 1.293152097146957 0.27508197841234494 47.277215530746616
leaf_count=1159 780 309 122 48 49 14 188 97 3 3 184 29 7 813
internal_value=0.000105654 -0.002583 0.0166937 0.00119443 0.0280994 0.0478177 -0.0337305 -0.00928437 0.0482821 -0.0233577 0.0696979 -0.00129192 -0.0778033 -0.000269501
internal_weight=151.447 130.323 21.1233 125.205 18.9463 12.4038 1.73176 6.54248 6.27955 1.44517 4.83438 118.925 1.56823 117.357
internal_count=3805 2555 1250 2246 1128 982 202 146 238 51 187 2008 36 1972
is_linear=0
shrinkage=0.08


Tree=82
num_leaves=15
num_cat=0
split_feature=7 17 19 20 6 10 1 13 11 1 19 18 1 1
split_gain=0.990208 1.18305 1.09201 0.937434 1.40133 1.40953 1.38804 2.26014 1.54716 1.20809 1.19473 2.57823 2.2238 2.78984
threshold=0.87500000000000011 1.0000000180025095e-35 0.58335000000000015 1.0000000180025095e-35 0.45000000000000007 1.0000000180025095e-35 5.5000000000000009 1.0000000180025095e-35 1.0000000180025095e-35 21.500000000000004 0.29165000000000002 1.0000000180025095e-35 7.5000000000000009 13.500000000000002
decision_type=2 2 2 2 2 2 2 2 2 2 2 2 2 2
left_child=1 2 -1 9 6 -6 7 -5 -8 10 11 -2 -12 -14
right_child=3 -3 -4 4 5 -7 8 -9 -10 -11 12 -13 13 -15
leaf_value=0.099242835438858229 0.0013502451838376293 -0.087241870348511455 -0.063698312972908441 0.081168603980553727 -0.060878097194049588 0.038283731732940411 -0.092403116559789833 -0.1246184395353378 0.083094115658857964 -0.070680554415056454 -0.076835916622438577 0.08313728717893254 0.009462767155273541 -0.033256381677044103
leaf_weight=1.7248334076139142 89.511095710564405 0.33800935093313444 0.31064563337713469 0.67685629148036042 1.9856171393767001 1.7053213831386527 0.34863314777612675 0.68954242765903473 4.1300580276874825 1.6389429008122522 3.1813371074385932 2.5366986365988842 24.785060083377175 16.165184201207012
leaf_count=99 2254 10 7 48 83 48 3 3 183 60 57 312 334 304
internal_value=9.81695e-05 0.0513595 0.0743755 -0.000727515 0.0235301 -0.0150624 0.0478998 -0.0226802 0.0694329 -0.00240597 -0.00158427 0.00360417 -0.0124061 -0.0074007
internal_weight=149.728 2.37349 2.03548 147.354 9.53603 3.69094 5.84509 1.3664 4.47869 137.818 136.179 92.0478 44.1316 40.9502
internal_count=3805 116 106 3689 368 131 237 51 186 3321 3261 2566 695 638
is_linear=0
shrinkage=0.08


Tree=83
num_leaves=15
num_cat=0
split_feature=10 17 10 10 1 6 1 1 6 17 4 19 15 8
split_gain=0.943843 3.56942 2.39748 2.8613 1.3151 1.14882 1.34569 1.10318 1.66381 0.988977 0.947602 0.885267 0.881339 0.849522
threshold=0.68500000000000016 1.0000000180025095e-35 0.67500000000000016 1.0000000180025095e-35 12.500000000000002 1.4166500000000002 14.500000000000002 15.500000000000002 0.58335000000000015 1.0000000180025095e-35 1.5000000000000002 0.41665000000000002 1.0000000180025095e-35 1.0000000180025095e-35
decision_type=2 2 2 2 2 2 2 2 2 2 2 2 2 2
left_child=2 -2 3 10 -4 6 11 8 -8 -5 12 -6 13 -1
right_child=1 -3 4 9 5 -7 7 -9 -10 -11 -12 -13 -14 -15
leaf_value=-0.00064804831569765338 0.082887303986562341 -0.081495246796849552 0.05481938460219847 0.089010837732307932 -0.21522198203603907 0.095001974454878249 -0.08187890454206484 -0.07820459199525541 0.11965719984055653 -0.082598925097841822 -0.055855592038387844 -0.085231657429655952 -0.081945911090778464 0.031746638052677738
leaf_weight=127.39268178679049 3.0537379747838704 1.1690520658157764 0.65489266533404489 2.9241932032164182 0.59469991456717231 0.26956172531936307 0.51672342047095321 2.3641170761547983 0.53217485919594765 0.23197224177420128 1.961508004926144 0.76870270818471909 0.83159697393420984 5.4005598882213226
leaf_count=2128 568 97 11 390 11 5 30 154 6 8 23 37 183 154
internal_value=9.84649e-05 0.0373791 -0.00099143 0.00109779 -0.0518369 -0.0656793 -0.0747475 -0.0479092 0.0203736 0.0763978 -0.000655038 -0.141932 0.000155263 0.000669409
internal_weight=148.666 4.22279 144.443 138.743 5.70087 5.04598 4.77642 3.41302 1.0489 3.15617 135.586 1.3634 133.625 132.793
internal_count=3805 665 3140 2886 254 243 238 190 36 398 2488 48 2465 2282
is_linear=0
shrinkage=0.08


Tree=84
num_leaves=15
num_cat=0
split_feature=16 9 8 14 1 19 0 7 0 6 19 20 6 6
split_gain=0.91645 0.854602 0.804873 1.3935 1.02088 1.30933 1.69207 0.815428 1.44881 2.04121 2.33885 1.823 1.71056 6.34045
threshold=1.0000000180025095e-35 0.7250000000000002 1.0000000180025095e-35 1.0000000180025095e-35 17.500000000000004 0.87500000000000011 3.5000000000000004 0.87500000000000011 2.5000000000000004 1.0000000180025095e-35 0.29165000000000002 1.0000000180025095e-35 0.70835000000000015 0.45000000000000007
decision_type=2 2 2 2 2 2 2 2 2 2 2 2 2 2
left_child=1 2 7 -4 5 -5 -7 -1 12 10 -10 -12 13 -9
right_child=-2 -3 3 4 -6 6 -8 8 9 -11 11 -13 -14 -15
leaf_value=0.048459594847171009 0.080513827457552284 0.08476423426757862 0.075542635385008605 0.089455360161926817 -0.080929438737476392 0.084034311578927878 -0.11846913228888943 -0.00060790786463144292 0.05961143282069304 -0.10825002119962472 -0.089493793109851366 0.086702551230602401 0.023637521914768367 -0.098784872277667801
leaf_weight=2.021101572434417 0.90140495073865068 0.75027654427685675 2.3607996399514368 0.99631044175475891 0.84956069290637959 0.44119174405932426 0.65782932937145233 112.03121600439772 1.8202902683988202 1.9469104879535732 2.1449022456072275 0.45564793702214945 15.951425147592088 4.3743723896332076
leaf_count=58 481 161 100 33 6 12 3 1788 24 23 27 9 788 292
internal_value=9.54731e-05 -0.000398318 -0.000835804 0.0297519 -0.00695658 0.023036 -0.037176 -0.00198887 -0.00272386 -0.0399973 -0.00993917 -0.0586221 -0.000930622 -0.00429727
internal_weight=147.703 146.802 146.052 5.30569 2.94489 2.09533 1.09902 140.746 138.725 6.36775 4.42084 2.60055 132.357 116.406
internal_count=3805 3324 3163 154 54 48 15 3009 2951 83 60 36 2868 2080
is_linear=0
shrinkage=0.08


Tree=85
num_leaves=15
num_cat=0
split_feature=16 15 9 1 14 7 17 11 0 19 18 17 6 6
split_gain=0.845423 0.791164 0.777143 0.724464 1.30258 0.813601 1.31055 0.846648 2.02031 1.94694 3.51195 1.80517 2.28187 1.77077
threshold=1.0000000180025095e-35 1.0000000180025095e-35 0.7250000000000002 21.500000000000004 1.0000000180025095e-35 0.87500000000000011 1.0000000180025095e-35 1.0000000180025095e-35 2.5000000000000004 0.87500000000000011 1.0000000180025095e-35 1.0000000180025095e-35 0.70835000000000015 0.45000000000000007
decision_type=2 2 2 2 2 2 2 2 2 2 2 2 2 2
left_child=1 2 3 5 -5 6 -1 8 9 10 11 12 13 -7
right_child=-2 -3 -4 4 -6 7 -8 -9 -10 -11 -12 -13 -14 -15
leaf_value=0.099647774570080117 0.080474846682843201 -0.081789504173292504 0.084433111905925104 -0.074476267780452202 0.087054764360728801 -0.0078197519543619087 -0.087375827354646399 0.0044027095762695983 -0.10148629697222289 -0.065080307574864715 0.10044731631105615 -0.082376021308263658 0.032230269679120939 -0.082780977314689017
leaf_weight=1.136186132847796 0.8324883765890253 0.75991223310120304 0.69519869855139305 1.8087917107623064 0.38804317964240898 30.630262219812721 0.30394422635436047 89.896774146123789 1.4532243753783394 3.3059483624529085 2.064742670278064 1.909978404175489 9.2527660171035659 2.1589895843062541
leaf_count=39 481 183 161 35 8 565 8 1320 21 185 236 120 250 193
internal_value=8.49979e-05 -0.000374123 5.25426e-05 -0.000353953 -0.0459438 0.000350793 0.0601758 -0.000261663 -0.00851975 -0.00578062 -0.0015204 -0.00631056 -0.00285489 -0.0127555
internal_weight=146.597 145.765 145.005 144.31 2.19683 142.113 1.44013 140.673 50.7759 49.3227 46.0167 43.952 42.042 32.7893
internal_count=3805 3324 3141 2980 43 2937 47 2890 1570 1549 1364 1128 1008 758
is_linear=0
shrinkage=0.08


Tree=86
num_leaves=15
num_cat=0
split_feature=12 15 16 10 10 10 17 14 6 17 4 0 1 13
split_gain=0.798073 0.729191 0.72171 0.740573 2.38314 2.26391 2.90043 1.13994 1.00175 0.853487 0.784477 0.803661 4.45046 5.18902
threshold=2.5000000000000004 1.0000000180025095e-35 1.0000000180025095e-35 0.67500000000000016 1.0000000180025095e-35 0.68500000000000016 1.0000000180025095e-35 1.0000000180025095e-35 1.4166500000000002 1.0000000180025095e-35 1.5000000000000002 1.5000000000000002 10.500000000000002 1.0000000180025095e-35
decision_type=2 2 2 2 2 2 2 2 2 2 2 2 2 2
left_child=1 2 3 4 10 7 -7 8 -5 -6 11 12 -1 -14
right_child=-2 -3 -4 5 9 6 -8 -9 -10 -11 -12 -13 13 -15
leaf_value=-0.00091342129592363378 0.081412697710404949 -0.081664498619579307 0.080467444215853418 -0.076111384033219112 0.088290626889353935 0.083117113231295309 -0.081306477432857641 0.10961745344201303 0.093311622203816003 -0.082256777271880369 -0.052227328612106598 0.0044553099435260786 -0.20574141017400144 -0.010003914177517758
leaf_weight=36.91290842264425 0.76793757759150949 0.70251773786730964 0.71051104826619749 4.3462284957058719 2.4956629789085123 2.089792245416902 1.0225993287749591 0.24527673702687014 0.23545492440462101 0.20307741127908219 1.8488914296030987 90.120127330999821 1.5314309815876177 1.9972471517976373
leaf_count=630 305 183 386 223 297 208 97 8 2 8 20 1382 24 32
internal_value=7.40138e-05 -0.000358371 3.89532e-05 -0.000360528 0.00103482 -0.0241061 0.0290945 -0.0584095 -0.0674047 0.0754571 -0.000482028 0.00025074 -0.00911873 -0.0949531
internal_weight=145.23 144.462 143.759 143.049 135.109 7.93935 3.11239 4.82696 4.58168 2.69874 132.411 130.562 40.4416 3.52868
internal_count=3805 3500 3317 2931 2393 538 305 233 225 305 2088 2068 686 56
is_linear=0
shrinkage=0.08


Tree=87
num_leaves=15
num_cat=0
split_feature=9 20 6 1 13 11 19 9 19 18 21 1 1 1
split_gain=0.744624 0.719283 1.39683 1.27597 2.02154 1.41378 0.96232 1.07998 0.90123 2.26791 2.35117 2.11372 2.11452 2.48728
threshold=0.7250000000000002 1.0000000180025095e-35 0.45000000000000007 5.5000000000000009 1.0000000180025095e-35 1.0000000180025095e-35 0.87500000000000011 1.0000000180025095e-35 0.29165000000000002 1.0000000180025095e-35 1.0000000180025095e-35 7.5000000000000009 13.500000000000002 14.500000000000002
decision_type=2 2 2 2 2 2 2 2 2 2 2 2 2 2
left_child=1 8 3 4 -3 -5 -4 -8 9 10 -1 -10 -13 -14
right_child=-2 2 6 5 -6 -7 7 -9 11 -11 -12 12 13 -15
leaf_value=0.0038956524047104131 0.083925881910980979 0.081075114116787569 0.023458739484940642 -0.091256253541560306 -0.11947873335008576 0.082784869332056435 0.084074709657347951 -0.090819128682114544 -0.075862851431876571 0.08302595725914301 -0.053028097589327222 0.0084059583378967746 -0.090862444653408897 -0.012951666824046387
leaf_weight=84.530417231842875 0.6746280278894109 0.62413222901522913 1.7123449483478907 0.32439923286437977 0.66373269259929657 3.77286964841187 0.27024896116927255 1.3790727169252932 3.015216539730317 2.1978457792429245 4.9137884209048925 24.395583651436027 3.302079631714153 12.741911105724283
leaf_count=1724 226 48 65 3 3 183 9 59 57 322 430 337 60 279
internal_value=7.45074e-05 -0.000318756 0.021914 0.047173 -0.0222852 0.0690052 -0.018549 -0.062162 -0.00175821 0.00274121 0.000768437 -0.0112471 -0.00642924 -0.0289868
internal_weight=144.518 143.844 8.7468 5.38513 1.28786 4.09727 3.36167 1.64932 135.097 91.6421 89.4442 43.4548 40.4396 16.044
internal_count=3805 3579 370 237 51 186 133 68 3209 2476 2154 733 676 339
is_linear=0
shrinkage=0.08


Tree=88
num_leaves=15
num_cat=0
split_feature=7 17 19 1 14 11 19 18 17 10 10 10 4 6
split_gain=0.732193 0.970477 0.817472 0.81138 0.847052 0.767552 1.77948 3.14301 1.49911 2.06132 2.3322 1.6814 1.79135 2.23912
threshold=0.87500000000000011 1.0000000180025095e-35 0.58335000000000015 21.500000000000004 1.0000000180025095e-35 1.0000000180025095e-35 0.58335000000000015 1.0000000180025095e-35 1.0000000180025095e-35 0.68500000000000016 0.67500000000000016 1.0000000180025095e-35 1.5000000000000002 0.70835000000000015
decision_type=2 2 2 2 2 2 2 2 2 2 2 2 2 2
left_child=1 2 -1 5 -5 6 7 8 9 10 11 12 13 -2
right_child=3 -3 -4 4 -6 -7 -8 -9 -10 -11 -12 -13 -14 -15
leaf_value=0.095711174390325629 -0.0097795464493523054 -0.086670690371680001 -0.061564048750170262 -0.080096198727828194 0.081845961142626142 0.0044840744508010157 -0.065326245455478882 0.099618820933083663 -0.082172699295787424 0.08316114452964278 -0.069187364409122654 0.090407232944203372 -0.11403422119684566 0.055108709921250068
leaf_weight=1.4155017223674793 32.066906311432831 0.28873887937515963 0.24866779800504435 1.4094333093089506 0.24224260146729637 89.74487868102733 3.2283828950021407 1.8041299122851331 1.6818228946067382 1.6265774725470681 3.709149614442139 1.2013385799073137 0.95277164084836741 3.8076244867406777
leaf_count=99 815 10 7 56 12 1630 198 236 120 207 212 136 8 59
internal_value=6.94966e-05 0.0487197 0.0722104 -0.000602065 -0.056345 5.64018e-05 -0.00787833 -0.00391968 -0.00806647 -0.00519237 -0.00863562 -0.00272966 -0.00576787 -0.00289248
internal_weight=143.428 1.95291 1.66417 141.475 1.65168 139.824 50.0787 46.8503 45.0462 43.3644 41.7378 38.0286 36.8273 35.8745
internal_count=3805 116 106 3689 68 3621 1991 1793 1557 1437 1230 1018 882 874
is_linear=0
shrinkage=0.08


Tree=89
num_leaves=15
num_cat=0
split_feature=12 8 14 1 19 0 16 1 1 18 13 19 4 19
split_gain=0.715995 0.699364 1.31572 0.919811 1.18994 1.51965 0.678485 0.648416 2.25705 3.33039 2.5542 2.83303 2.73787 1.73402
threshold=2.5000000000000004 1.0000000180025095e-35 1.0000000180025095e-35 17.500000000000004 0.87500000000000011 3.5000000000000004 1.0000000180025095e-35 16.500000000000004 15.500000000000002 1.0000000180025095e-35 1.0000000180025095e-35 0.41665000000000002 1.0000000180025095e-35 1.0000000180025095e-35
decision_type=2 2 2 2 2 2 2 2 2 2 2 2 2 2
left_child=1 6 -3 4 -4 -6 7 8 -1 10 12 -12 -10 -9
right_child=-2 2 3 -5 5 -7 -8 13 9 -11 11 -13 -14 -15
leaf_value=-0.0027129934257758333 0.08128674666027387 0.075572363987239197 0.088787099625659727 -0.077897443019241591 0.083718251127236021 -0.11418467571773036 0.080433584029802094 0.0082195668814142812 0.16635902675188521 -0.08743747465488573 0.070118006022618598 -0.10820099568029591 -0.0029259204529380467 -0.056226275560962609
leaf_weight=118.36426280264277 0.69125498374341887 2.1876377314329138 0.92123495880514394 0.82976942136883725 0.41020334511995316 0.62925557792186737 0.64526720013236527 5.9768154437770118 2.1908458415418859 1.0236464049667118 1.7121193541679534 0.85494803264737118 0.8481562464730813 4.8325203493004665
leaf_count=2469 305 100 33 6 12 3 386 201 33 19 31 18 36 153
internal_value=6.59889e-05 -0.000330996 0.0291219 -0.00729376 0.0225859 -0.0360859 -0.00140554 -0.0017944 -0.000168784 0.0452545 0.0694835 0.0107298 0.119113 -0.0205922
internal_weight=142.118 141.427 4.9781 2.79046 1.96069 1.03946 136.449 135.803 124.994 6.62972 5.60607 2.56707 3.039 10.8093
internal_count=3805 3500 154 54 48 15 3346 2960 2606 137 118 49 69 354
is_linear=0
shrinkage=0.08


Tree=90
num_leaves=15
num_cat=0
split_feature=20 6 1 13 11 10 7 17 1 14 19 18 21 1
split_gain=0.685652 1.24614 1.19199 1.81518 1.28895 0.89103 0.860358 0.995207 0.981006 0.926625 0.850543 1.9644 1.99773 2.27314
threshold=1.0000000180025095e-35 0.45000000000000007 5.5000000000000009 1.0000000180025095e-35 1.0000000180025095e-35 1.0000000180025095e-35 0.87500000000000011 1.0000000180025095e-35 21.500000000000004 1.0000000180025095e-35 0.29165000000000002 1.0000000180025095e-35 1.0000000180025095e-35 15.500000000000002
decision_type=2 2 2 2 2 2 2 2 2 2 2 2 2 2
left_child=6 2 3 -2 -4 -3 7 -1 10 -10 11 12 -8 -14
right_child=1 5 4 -5 -6 -7 8 -9 9 -11 -12 -13 13 -15
leaf_value=0.081837684867473101 0.080989648997653138 -0.055836439955317313 -0.090146967212527435 -0.11509485538413755 0.082674893435175853 0.029351817963308366 0.0042929377567574381 -0.086151398869010742 -0.096265028321815577 0.081399152401491565 -0.010743734653430106 0.082918827163683415 -0.070424503757610668 0.089610733171375703
leaf_weight=1.4284066013933614 0.57572241313755312 1.7155646689934658 0.29967141151428256 0.63583266735076904 3.5258633451012429 1.4499315105495041 81.676764431787888 0.26805479219183315 1.1927126985101484 0.22301148070255283 41.68643039528979 1.9310856200754631 4.1742965636076397 0.6575072306441142
leaf_count=95 48 84 3 3 184 57 1822 10 48 12 695 312 421 11
internal_value=6.84083e-05 0.0225172 0.0472361 -0.0219169 0.069137 -0.0168166 -0.00131361 0.055294 -0.00204367 -0.0682785 -0.00132306 0.00311742 0.00133606 -0.0486471
internal_weight=141.441 8.20259 5.03709 1.21156 3.82553 3.1655 133.238 1.69646 131.542 1.41572 130.126 88.4397 86.5086 4.8318
internal_count=3805 379 238 51 187 141 3426 105 3321 60 3261 2566 2254 432
is_linear=0
shrinkage=0.08


Tree=91
num_leaves=15
num_cat=0
split_feature=9 15 8 14 1 19 0 1 1 18 13 11 19 19
split_gain=0.666879 0.652091 0.631609 1.19727 0.831097 1.077 1.368 0.636981 1.78162 2.88886 2.28017 2.63354 2.43195 1.36785
threshold=0.7250000000000002 1.0000000180025095e-35 1.0000000180025095e-35 1.0000000180025095e-35 17.500000000000004 0.87500000000000011 3.5000000000000004 16.500000000000004 15.500000000000002 1.0000000180025095e-35 1.0000000180025095e-35 1.0000000180025095e-35 0.41665000000000002 1.0000000180025095e-35
decision_type=2 2 2 2 2 2 2 2 2 2 2 2 2 2
left_child=1 2 7 -4 5 -5 -7 8 -1 10 11 -10 -12 -9
right_child=-2 -3 3 4 -6 6 -8 13 9 -11 12 -13 -14 -15
leaf_value=-0.0015502134669496473 0.083689764192278027 -0.081580368535261308 0.074586677625698816 0.088231480796094441 -0.074340180661307362 0.083461271315644583 -0.11017002843686116 0.0062841793629349451 -0.020534597937072317 -0.086049166444847544 0.065318957344948428 0.15825411136397241 -0.10304010588638382 -0.05195744127933774
leaf_weight=117.71319999403204 0.60773967152635933 0.62877836026018386 2.0615223750937721 0.86144944117404543 0.80816810578107823 0.38370935060083866 0.59656812250614166 5.734633751184445 0.69980817992472966 0.9522223554085939 1.6423823061631995 2.1387300196511205 0.82491277344524849 4.6926106490427628
leaf_count=2709 226 183 100 33 6 12 3 217 30 19 41 45 18 163
internal_value=6.93377e-05 -0.000294337 7.30766e-05 0.0288641 -0.00670648 0.0229719 -0.0343771 -0.000936208 0.000661069 0.042255 0.0652814 0.114176 0.00902997 -0.0199265
internal_weight=140.346 139.739 139.11 4.71142 2.6499 1.84173 0.980277 134.399 123.971 6.25806 5.30583 2.83854 2.4673 10.4272
internal_count=3805 3579 3396 154 54 48 15 3242 2862 153 134 75 59 380
is_linear=0
shrinkage=0.08


Tree=92
num_leaves=15
num_cat=0
split_feature=20 6 1 13 11 19 9 18 7 17 1 14 19 1
split_gain=0.652066 1.14168 1.10476 1.63526 1.18616 0.801228 0.986719 0.791791 0.786505 0.896664 0.886973 0.828591 0.720014 1.96395
threshold=1.0000000180025095e-35 0.45000000000000007 5.5000000000000009 1.0000000180025095e-35 1.0000000180025095e-35 0.87500000000000011 1.0000000180025095e-35 1.0000000180025095e-35 0.87500000000000011 1.0000000180025095e-35 21.500000000000004 1.0000000180025095e-35 0.29165000000000002 7.5000000000000009
decision_type=2 2 2 2 2 2 2 2 2 2 2 2 2 2
left_child=8 2 3 -2 -4 7 -7 -3 9 -1 12 -12 -10 -14
right_child=1 5 4 -5 -6 6 -8 -9 10 -11 11 -13 13 -15
leaf_value=0.079928815968413128 0.080914081485170347 -0.0022114818071588284 -0.089257904379647021 -0.11123094507751968 0.082565599380200125 0.083916465682977573 -0.088287835456834135 0.14533761926001332 0.0028156124032987706 -0.08560179582192548 -0.093535101003433804 0.081012597131363578 -0.074208738715787773 -0.0052486879331390627
leaf_weight=1.357719745588837 0.53275053296238073 1.3264892240404149 0.27888849377632174 0.60582205653190613 3.2961103912239196 0.258358341641724 1.2117366304737516 0.28230175375938427 87.879481017967919 0.24763615732081223 1.1331895367184177 0.20564409138751205 2.8391755214543073 38.273655829427298
leaf_count=95 48 69 3 3 184 9 59 4 2566 10 48 12 57 638
internal_value=6.88025e-05 0.0225561 0.0473045 -0.0213242 0.0691615 -0.015332 -0.0580242 0.0236796 -0.00125935 0.0543947 -0.00194487 -0.0667247 -0.00127251 -0.0100109
internal_weight=139.729 7.79246 4.71357 1.13857 3.575 3.07889 1.47009 1.60879 131.937 1.60536 130.331 1.33883 128.992 41.1128
internal_count=3805 379 238 51 187 141 68 73 3426 105 3321 60 3261 695
is_linear=0
shrinkage=0.08


Tree=93
num_leaves=15
num_cat=0
split_feature=16 8 14 1 19 0 6 6 17 0 19 6 20 1
split_gain=0.647506 0.601367 1.10611 0.755252 0.9726 1.24495 0.621803 5.04597 2.52303 1.47023 1.5975 1.4508 1.3727 0.973215
threshold=1.0000000180025095e-35 1.0000000180025095e-35 1.0000000180025095e-35 17.500000000000004 0.87500000000000011 3.5000000000000004 0.58335000000000015 0.45000000000000007 1.0000000180025095e-35 2.5000000000000004 0.41665000000000002 0.70835000000000015 1.0000000180025095e-35 5.5000000000000009
decision_type=2 2 2 2 2 2 2 2 2 2 2 2 2 2
left_child=1 6 -3 4 -4 -6 7 12 9 10 -8 -11 -1 -14
right_child=-2 2 3 -5 5 -7 8 -9 -10 11 -12 -13 13 -15
leaf_value=-0.0021564848178146317 0.080390653361122305 0.07396926885804643 0.08766878003625081 -0.071373869097995243 0.083216297859972213 -0.10688128265528217 0.053639123244940932 -0.098931565597900895 -0.082052178376261969 0.040590139677826105 -0.0081206670026925908 -0.080093277329723628 -0.020919676316716058 0.067786332077995906
leaf_weight=109.48130290926201 0.63932129395834536 1.9413837161846448 0.8019969917368146 0.78697894513607014 0.36169482953846455 0.56475220620632172 8.695173114363568 3.4302382917376226 1.6121581923216588 1.0740419442008726 3.8750148703111327 1.5685876336065119 1.0677747828885902 3.0599285113858059
leaf_count=1680 481 100 33 6 12 3 590 304 122 138 83 42 51 160
internal_value=6.56381e-05 -0.000305625 0.0286036 -0.00640933 0.0231697 -0.0326652 -0.00126811 -0.00333538 0.0131123 0.0231973 0.0346004 -0.031044 -0.000449004 0.0448394
internal_weight=138.96 138.321 4.45681 2.51542 1.72844 0.926447 133.864 117.039 16.825 15.2128 12.5702 2.64263 113.609 4.1277
internal_count=3805 3324 154 54 48 15 3170 2195 975 853 673 180 1891 211
is_linear=0
shrinkage=0.08


Tree=94
num_leaves=15
num_cat=0
split_feature=10 17 10 10 1 1 6 1 6 12 21 1 1 0
split_gain=0.657743 2.43448 1.5594 2.00419 1.00878 0.923617 1.05713 0.950063 1.12672 0.707911 1.9397 1.90953 1.8537 1.57797
threshold=0.68500000000000016 1.0000000180025095e-35 0.67500000000000016 1.0000000180025095e-35 12.500000000000002 14.500000000000002 1.4166500000000002 15.500000000000002 0.58335000000000015 1.5000000000000002 1.0000000180025095e-35 7.5000000000000009 6.5000000000000009 1.5000000000000002
decision_type=2 2 2 2 2 2 2 2 2 2 2 2 2 2
left_child=2 -2 3 9 -4 6 -6 8 -7 10 11 -1 -11 -13
right_child=1 -3 4 -5 5 7 -8 -9 -10 12 -12 13 -14 -15
leaf_value=0.017951322527009674 0.082212980541501571 -0.080998433985619317 0.051879084289063709 0.075056100091533587 -0.14586042695336127 -0.081138520856396779 0.094273475144554017 -0.06849668826939366 0.11526837574796751 -0.080137474432401684 -0.079501064368353344 -0.031004955532663223 0.0095893452870204968 -0.0018020186361662259
leaf_weight=20.148734794929624 2.1347147029446201 0.80565174994990219 0.56085589388385315 2.2859602234093463 1.0942328493110838 0.30882251169532571 0.13141956483013917 1.729111064749304 0.47360405349172652 1.5194701133295883 2.1909553431905797 17.113805802538991 48.799401830765419 38.442660589178558
leaf_count=210 568 97 11 398 48 30 2 156 7 53 399 96 948 782
internal_value=6.2512e-05 0.0374935 -0.00075397 0.000807573 -0.0481669 -0.0631812 -0.120112 -0.0353983 0.0377469 -0.000516213 -0.00529389 -0.00314629 0.00687988 -0.0107978
internal_weight=137.739 2.94037 134.799 130.501 4.29805 3.73719 1.22565 2.51154 0.782427 128.215 77.8962 75.7052 50.3189 55.5565
internal_count=3805 665 3140 2886 254 243 50 193 37 2488 1487 1088 1001 878
is_linear=0
shrinkage=0.08


Tree=95
num_leaves=15
num_cat=0
split_feature=10 17 10 10 1 6 1 1 6 17 12 21 1 1
split_gain=0.605356 2.24336 1.3822 1.79977 0.895903 0.854138 1.14466 0.985298 0.998983 0.709466 0.600575 1.79573 1.65324 1.62087
threshold=0.68500000000000016 1.0000000180025095e-35 0.67500000000000016 1.0000000180025095e-35 12.500000000000002 1.4166500000000002 14.500000000000002 15.500000000000002 0.58335000000000015 1.0000000180025095e-35 1.5000000000000002 1.0000000180025095e-35 6.5000000000000009 7.5000000000000009
decision_type=2 2 2 2 2 2 2 2 2 2 2 2 2 2
left_child=2 -2 3 10 -4 6 -6 8 -8 -5 11 13 -12 -1
right_child=1 -3 4 9 5 -7 7 -9 -10 -11 12 -13 -14 -15
leaf_value=0.016624153966700743 0.082049567877704691 -0.08092192170773245 0.048322846283495507 0.086601643172909193 -0.14033848850746389 0.091369144065256744 -0.081050817335488981 -0.075624377640772122 0.10973154388574301 -0.081914050154278689 -0.078333713450236028 -0.079093391440157992 0.008828384567745021 -0.0099203488522485121
leaf_weight=20.022167671239004 1.9743556727626121 0.74438497936353076 0.55424730526283283 1.9913806057011236 1.0482684769667692 0.22087966091930855 0.28537507634609971 1.557249703153502 0.45687101967632771 0.17385252378880967 1.4336484129889857 2.0325198702048501 48.766631175298244 55.620554747816641
leaf_count=210 568 97 11 390 48 5 30 154 6 8 53 399 948 878
internal_value=5.55808e-05 0.0374283 -0.000701754 0.000744081 -0.0463051 -0.0610018 -0.0710549 -0.0394707 0.0363805 0.0730711 -0.000480585 -0.00488808 0.00633916 -0.00289418
internal_weight=136.882 2.71874 134.164 130.041 4.12289 3.56864 3.34776 2.2995 0.742246 2.16523 127.876 77.6752 50.2003 75.6427
internal_count=3805 665 3140 2886 254 243 238 190 36 398 2488 1487 1001 1088
is_linear=0
shrinkage=0.08


Tree=96
num_leaves=15
num_cat=0
split_feature=15 9 16 1 8 14 1 19 0 1 1 18 13 19
split_gain=0.585352 0.57953 0.554629 0.532903 0.509789 1.02792 0.653974 0.902951 1.12334 0.558855 1.58799 2.64239 2.13145 2.14531
threshold=1.0000000180025095e-35 0.7250000000000002 1.0000000180025095e-35 3.5000000000000004 1.0000000180025095e-35 1.0000000180025095e-35 17.500000000000004 0.87500000000000011 3.5000000000000004 16.500000000000004 15.500000000000002 1.0000000180025095e-35 1.0000000180025095e-35 0.41665000000000002
decision_type=2 2 2 2 2 2 2 2 2 2 2 2 2 2
left_child=1 2 3 -1 9 -6 7 -7 -9 10 -5 12 -12 -14
right_child=-2 -3 -4 4 5 6 -8 8 -10 -11 11 -13 13 -15
leaf_value=0.07840512840648281 -0.081523684298040786 0.083400186982612853 0.080391153013202279 -0.0020731649100040007 0.072351746024534994 0.086976102653432794 -0.067663046994797915 0.08291001521115958 -0.10460542314706719 -0.019960731772800971 0.11220141238947257 -0.085607555348158601 0.062878995508782273 -0.10086723492458793
leaf_weight=0.54873231909004871 0.56067383772460644 0.53609129175310855 0.54778579871344746 113.89811568550067 1.8080087753478427 0.73350977059453748 0.78105012327432621 0.32917814143002033 0.53967668116092682 9.6917636047000979 2.6649888854590236 0.89684930630028237 1.4938472385983916 0.77914745360612858
leaf_count=23 183 226 416 2339 100 33 6 12 3 326 70 19 31 18
internal_value=4.90323e-05 0.000387192 5.68405e-05 -0.000271159 -0.000594265 0.0268647 -0.00764087 0.0216161 -0.0335625 -0.00148352 1.21105e-05 0.0407175 0.0636609 0.00674932
internal_weight=135.809 135.249 134.713 134.165 133.616 4.19142 2.38341 1.60236 0.868855 129.425 119.733 5.83483 4.93798 2.27299
internal_count=3805 3622 3396 2980 2957 154 54 48 15 2803 2477 138 119 49
is_linear=0
shrinkage=0.08


Tree=97
num_leaves=15
num_cat=0
split_feature=12 15 16 18 19 1 10 10 17 10 6 4 11 4
split_gain=0.565164 0.53511 0.502728 0.48152 6.23911 2.62944 0.697562 1.56959 1.8936 1.33787 0.781579 0.731975 0.688181 0.678654
threshold=2.5000000000000004 1.0000000180025095e-35 1.0000000180025095e-35 1.0000000180025095e-35 0.87500000000000011 15.500000000000002 0.67500000000000016 0.68500000000000016 1.0000000180025095e-35 1.0000000180025095e-35 1.4166500000000002 1.5000000000000002 1.0000000180025095e-35 1.0000000180025095e-35
decision_type=2 2 2 2 2 2 2 2 2 2 2 2 2 2
left_child=1 2 3 6 5 -5 9 10 -9 11 -8 -1 -13 -7
right_child=-2 -3 -4 4 -6 13 7 8 -10 -11 -12 12 -14 -15
leaf_value=-0.00040461831697348851 0.081269468710840911 -0.081415834228943315 0.080366240363402106 0.11002934976214473 -0.074464196280889197 -0.090576308664608626 -0.070715039441908226 0.082475354331991199 -0.080848580688635971 0.070931019509882842 0.090655680475670949 -0.08878073815041472 0.031465797086277468 0.087543892512105231
leaf_weight=117.92039901716635 0.54610348580172186 0.51822503912262519 0.49673047165560902 3.5013709060440297 2.7292685438878834 0.61879380047321308 3.3206449392018835 1.3373863127199004 0.68807548144832242 1.6724766254774284 0.20388347655534733 1.117060787975787 0.41880815662443627 0.17579074430977926
leaf_count=1769 305 183 386 302 143 6 223 144 97 195 2 14 5 31
internal_value=4.97528e-05 -0.000279484 3.38299e-05 -0.000264617 0.0201221 0.0802138 -0.0013952 -0.0291289 0.0269921 -0.000124476 -0.0613802 -0.00111931 -0.0559913 -0.0511697
internal_weight=135.265 134.719 134.201 133.704 7.02522 4.29596 126.679 5.54999 2.02546 121.129 3.52453 119.456 1.53587 0.794585
internal_count=3805 3500 3317 2931 482 339 2449 466 241 1983 225 1788 19 37
is_linear=0
shrinkage=0.08


Tree=98
num_leaves=15
num_cat=0
split_feature=9 20 6 1 13 11 10 1 7 1 17 13 19 1
split_gain=0.530977 0.537344 0.899963 1.00357 1.4618 1.13426 0.678726 0.665529 0.617702 0.998773 0.775379 0.732118 0.647865 1.70434
threshold=0.7250000000000002 1.0000000180025095e-35 0.45000000000000007 5.5000000000000009 1.0000000180025095e-35 1.0000000180025095e-35 1.0000000180025095e-35 16.500000000000004 0.87500000000000011 21.500000000000004 1.0000000180025095e-35 1.0000000180025095e-35 0.29165000000000002 7.5000000000000009
decision_type=2 2 2 2 2 2 2 2 2 2 2 2 2 2
left_child=1 8 3 4 -3 -5 -4 -8 10 12 -1 -11 -10 -14
right_child=-2 2 6 5 -6 -7 7 -9 9 11 -12 -13 13 -15
leaf_value=0.079286860597676714 0.083226725751342615 0.080819316893916873 -0.051345662757281793 -0.088933479100426732 -0.10825743088560623 0.082306305399469204 0.065910507487367626 -0.07860529850600069 0.0026156342198599895 -0.10539195924343595 -0.085722035783291517 0.056418977553470563 -0.07247158323050705 -0.0053731230668630035
leaf_weight=1.1249874394707138 0.48940062575274978 0.47774532996117958 1.4609797604789494 0.27108243852853808 0.57866665720939636 2.8530920341727324 0.85384176070510853 0.26794777507893741 85.185482238171971 0.96045476989820489 0.21748960972763587 0.21993475014460273 2.5937227242684449 36.758544198761228
leaf_count=72 226 48 84 3 3 183 42 7 2410 15 10 12 57 633
internal_value=4.97981e-05 -0.000254384 0.0217178 0.0446553 -0.0227505 0.0674479 -0.0154098 0.0313918 -0.00142395 -0.00200036 0.0525544 -0.0752427 -0.00130615 -0.00979561
internal_weight=134.313 133.824 6.76336 4.18059 1.05641 3.12417 2.58277 1.12179 127.061 125.718 1.34248 1.18039 124.538 39.3523
internal_count=3805 3579 370 237 51 186 133 49 3209 3127 82 27 3100 690
is_linear=0
shrinkage=0.08


Tree=99
num_leaves=15
num_cat=0
split_feature=12 15 1 16 8 14 1 19 0 18 19 1 10 10
split_gain=0.509089 0.493099 0.468949 0.46414 0.473382 0.949923 0.598682 0.816129 1.02747 0.485831 5.77158 2.41043 0.59434 1.36169
threshold=2.5000000000000004 1.0000000180025095e-35 3.5000000000000004 1.0000000180025095e-35 1.0000000180025095e-35 1.0000000180025095e-35 17.500000000000004 0.87500000000000011 3.5000000000000004 1.0000000180025095e-35 0.87500000000000011 15.500000000000002 0.67500000000000016 0.68500000000000016
decision_type=2 2 2 2 2 2 2 2 2 2 2 2 2 2
left_child=1 2 -1 4 9 -6 7 -7 -9 12 11 -11 -4 -14
right_child=-2 -3 3 -5 5 6 -8 8 -10 10 -12 -13 13 -15
leaf_value=0.076710387807450264 0.081142737753696931 -0.081319621457889499 -0.0013351234403456654 0.080339624148504429 0.071687250676645956 0.086497715979357931 -0.065253161156860764 0.082709248560490375 -0.10203393329987209 0.10868366814687302 -0.075326284317180442 -0.052004391496921286 -0.05916939948683915 0.026218652585236545
leaf_weight=0.50860673008719359 0.49361039852374133 0.4784757423622058 115.92514656757703 0.45573657764179998 1.7087386352941387 0.68284599320031725 0.75911279395222653 0.31041468679904938 0.50794185698032379 3.2801522193476549 2.5068231229670346 0.73051570949610312 3.3737977342680088 1.8510517872055059
leaf_count=23 305 183 1808 386 100 33 6 12 3 301 142 37 225 241
internal_value=4.83309e-05 -0.00025246 4.00621e-05 -0.000255149 -0.000534174 0.0266743 -0.0073543 0.0219234 -0.0319581 -0.00138006 0.0198971 0.0794154 -0.0025247 -0.0289182
internal_weight=133.573 133.079 132.601 132.092 131.637 3.96905 2.26032 1.5012 0.818357 127.667 6.51749 4.01067 121.15 5.22485
internal_count=3805 3500 3317 3294 2908 154 54 48 15 2754 480 338 2274 466
is_linear=0
shrinkage=0.08


Tree=100
num_leaves=15
num_cat=0
split_feature=7 17 20 6 1 13 11 1 10 14 18 4 1 0
split_gain=0.495101 0.651265 0.536634 0.779162 0.937025 1.31066 1.04325 0.71912 0.710689 0.697994 0.62109 0.963729 0.576175 1.01539
threshold=0.87500000000000011 1.0000000180025095e-35 1.0000000180025095e-35 0.45000000000000007 5.5000000000000009 1.0000000180025095e-35 1.0000000180025095e-35 21.500000000000004 1.0000000180025095e-35 1.0000000180025095e-35 1.0000000180025095e-35 1.0000000180025095e-35 20.500000000000004 2.5000000000000004
decision_type=2 2 2 2 2 2 2 2 2 2 2 2 2 2
left_child=1 -1 7 4 5 -4 -6 12 10 -9 -5 -12 13 -2
right_child=2 -3 3 8 6 -7 -8 9 -10 -11 11 -13 -14 -15
leaf_value=0.070131682768943437 0.00021716404082983883 -0.085252987914247264 0.08074633951590672 -0.09251454026561852 -0.088162395398463128 -0.10532428592735837 0.082170392471147727 -0.089325029881341056 0.03806131701018671 0.080928906984041704 -0.083135268065608836 0.13516449688796786 0.057458256800782259 -0.032166277265943163
leaf_weight=1.1878209100468655 116.30294778865937 0.20198797760531295 0.43435223959386293 0.86058746767230354 0.25203569233417544 0.54788750410079956 2.6475951988832094 1.0118063568079367 0.9883916415128623 0.1818034799362066 0.27882070885971189 0.24155963957309723 1.0697653285897093 6.5455672010721164
leaf_count=106 2939 10 48 43 3 3 183 48 48 12 39 1 47 275
internal_value=5.09812e-05 0.0475488 -0.000451541 0.0224233 0.044489 -0.0230428 0.0673651 -0.00159449 -0.0137281 -0.063393 -0.0507951 0.0181991 -0.00099923 -0.00150828
internal_weight=132.753 1.38981 131.363 6.25123 3.88187 0.98224 2.89963 125.112 2.36936 1.19361 1.38097 0.52038 123.918 122.849
internal_count=3805 116 3689 368 237 51 186 3321 131 60 83 40 3261 3214
is_linear=0
shrinkage=0.08


Tree=101
num_leaves=15
num_cat=0
split_feature=9 8 14 1 19 0 1 1 18 13 11 19 19 18
split_gain=0.499239 0.461706 0.836028 0.552629 0.731468 0.930987 0.475697 1.57061 2.10309 1.90228 1.96878 1.91634 1.44115 1.00343
threshold=0.7250000000000002 1.0000000180025095e-35 1.0000000180025095e-35 17.500000000000004 0.87500000000000011 3.5000000000000004 16.500000000000004 15.500000000000002 1.0000000180025095e-35 1.0000000180025095e-35 1.0000000180025095e-35 0.41665000000000002 1.0000000180025095e-35 1.0000000180025095e-35
decision_type=2 2 2 2 2 2 2 2 2 2 2 2 2 2
left_child=1 6 -3 4 -4 -6 7 13 9 10 -9 -11 -8 -1
right_child=-2 2 3 -5 5 -7 12 8 -10 11 -12 -13 -14 -15
leaf_value=-0.0033791490039659171 0.083147415157899904 0.07045288452645139 0.086216190097293102 -0.062084151464099152 0.082569571293125116 -0.099266797248129299 0.0097923564507608057 -0.023997425241071728 -0.082736970359443412 0.060441217314938775 0.14557128171927436 -0.097926652508413689 -0.053668880524616248 0.032399823609285068
leaf_weight=107.99953799747163 0.46110349455557198 1.6328598019899794 0.64741316274739824 0.72950858250260342 0.29254491068422794 0.46925921738147736 5.135522444805245 0.56099827961588689 0.74653423810377706 1.4451537551794902 2.0021634721342707 0.73911144398152817 4.1335446337907342 5.2609695565770371
leaf_count=2438 226 100 33 6 12 3 218 30 19 41 45 18 168 448
internal_value=5.0134e-05 -0.000240593 0.0273465 -0.00556405 0.0236947 -0.0294387 -0.00105331 0.000309084 0.0420821 0.0617099 0.108458 0.00685271 -0.0185082 -0.00171721
internal_weight=132.256 131.795 3.77159 2.13873 1.40922 0.761804 128.024 118.754 5.49396 4.74743 2.56316 2.18427 9.26907 113.261
internal_count=3805 3579 154 54 48 15 3425 3039 153 134 75 59 386 2886
is_linear=0
shrinkage=0.08


Tree=102
num_leaves=15
num_cat=0
split_feature=12 15 20 6 1 13 11 13 7 1 1 1 13 14
split_gain=0.460519 0.450538 0.424217 0.835868 0.867574 1.18932 0.959585 0.582561 0.515407 0.680564 0.927886 1.44255 2.13942 4.63392
threshold=2.5000000000000004 1.0000000180025095e-35 1.0000000180025095e-35 0.45000000000000007 5.5000000000000009 1.0000000180025095e-35 1.0000000180025095e-35 1.0000000180025095e-35 0.87500000000000011 17.500000000000004 15.500000000000002 13.500000000000002 1.0000000180025095e-35 1.0000000180025095e-35
decision_type=2 2 2 2 2 2 2 2 2 2 2 2 2 2
left_child=1 2 8 4 5 -4 -6 -5 -1 10 11 -10 13 -13
right_child=-2 -3 3 7 6 -7 -8 -9 9 -11 -12 12 -14 -15
leaf_value=0.051256181248326149 0.081047369789028392 -0.081217416038745979 0.080690785071582102 0.013151541060222273 -0.087448377468296229 -0.10271579894630012 0.082096136521860943 -0.071384805823488662 0.0010419882768265276 -0.02643949942801635 0.026469318506231715 -0.003047102362971016 0.02117839733971242 -0.13602388043497807
leaf_weight=1.1989186054634036 0.4477304235479086 0.43810187352937546 0.40256848745047991 1.4586253910674716 0.23375952243804965 0.51673118770122528 2.483076375850942 0.81223420271999192 98.779969072289532 6.6028429771831716 7.8808470416261107 4.2458359278971312 3.475131251703715 2.7722469340078533
leaf_count=74 305 183 48 83 3 3 183 38 2069 264 250 121 127 54
internal_value=5.08304e-05 -0.000225364 4.57805e-05 0.0209951 0.0447773 -0.0224006 0.0675083 -0.0170852 -0.000944552 -0.00145026 -4.18539e-05 -0.00195386 -0.0301558 -0.0555749
internal_weight=131.749 131.301 130.863 5.907 3.63614 0.9193 2.71684 2.27086 124.956 123.757 117.154 109.273 10.4932 7.01808
internal_count=3805 3500 3317 358 237 51 186 121 2959 2885 2621 2371 302 175
is_linear=0
shrinkage=0.08


Tree=103
num_leaves=15
num_cat=0
split_feature=8 14 1 19 0 11 6 6 17 0 19 2 7 20
split_gain=0.456491 0.698501 0.541294 0.567613 0.8285 0.495046 0.484596 4.29485 2.11326 1.34138 1.24748 0.991578 1.44005 0.897924
threshold=1.0000000180025095e-35 1.0000000180025095e-35 17.500000000000004 0.87500000000000011 3.5000000000000004 1.0000000180025095e-35 0.58335000000000015 0.45000000000000007 1.0000000180025095e-35 2.5000000000000004 0.41665000000000002 1.0000000180025095e-35 0.87500000000000011 1.0000000180025095e-35
decision_type=2 2 2 2 2 2 2 2 2 2 2 2 2 2
left_child=6 5 3 -3 -5 -2 7 13 9 10 -8 12 -11 -1
right_child=1 2 -4 4 -6 -7 8 -9 -10 11 -12 -13 -14 -15
leaf_value=-0.0013333106586360338 -0.091991948541857854 0.085587558808675926 -0.059423505555991074 0.082687220452088678 -0.095227344601608865 0.081704617518780331 0.0514593548715504 -0.10305077195027713 -0.081971747408149068 0.046324351805821264 -0.0075948825517738894 0.083088937538953439 -0.10378074132387446 0.041931054955719846
leaf_weight=107.22514491658512 0.11336527019739051 0.59045172273181357 0.70138658210635196 0.28667055163532495 0.40300650894641876 1.4253259532852098 7.8167420182435254 2.6555043988337266 1.3628092629369355 0.5949742141237947 3.2375456558220321 0.3903924727346747 1.3088924381881963 3.1606424540223079
leaf_count=1878 1 33 6 12 3 99 780 309 122 37 95 202 14 214
internal_value=4.7445e-05 0.0284671 -0.00293552 0.0280144 -0.0212755 0.0689073 -0.000735656 -0.00251313 0.0129223 0.0226105 0.0341637 -0.0330559 -0.0568716 -9.45353e-05
internal_weight=131.273 3.52021 1.98152 1.28013 0.689677 1.53869 127.753 113.041 14.7114 13.3485 11.0543 2.29426 1.90387 110.386
internal_count=3805 154 54 48 15 100 3651 2401 1250 1128 875 253 51 2092
is_linear=0
shrinkage=0.08


Tree=104
num_leaves=15
num_cat=0
split_feature=16 8 14 1 19 0 11 9 18 19 1 0 21 1
split_gain=0.444786 0.42281 0.648318 0.47341 0.52117 0.756626 0.455455 0.414989 0.417123 4.99085 2.09136 0.642653 0.589844 2.35562
threshold=1.0000000180025095e-35 1.0000000180025095e-35 1.0000000180025095e-35 17.500000000000004 0.87500000000000011 3.5000000000000004 1.0000000180025095e-35 0.7250000000000002 1.0000000180025095e-35 0.87500000000000011 15.500000000000002 1.5000000000000002 1.0000000180025095e-35 10.500000000000002
decision_type=2 2 2 2 2 2 2 2 2 2 2 2 2 2
left_child=1 7 6 4 -4 -6 -3 8 12 10 -10 -11 -1 -14
right_child=-2 2 3 -5 5 -7 -8 -9 9 11 -12 -13 13 -15
leaf_value=-0.0009080352501212596 0.080303700257573496 -0.090938007611787164 0.085163160406491759 -0.055342043584790411 0.082477129974375743 -0.093844187660715034 0.08157250019427964 0.082776957289785291 0.1057971490419056 0.083319991495927184 -0.049818304362007126 -0.083763483077656728 -0.073192304280599821 0.023147784965376849
leaf_weight=113.64028316133772 0.44039248712942836 0.10581255704164405 0.5476615384686736 0.69321759045124065 0.26527698151767254 0.37728014588356018 1.3177862187149003 0.37756727248051802 3.0105475887539792 0.15806942060589824 0.67701323665096413 2.168388182297349 3.2942686093156217 3.2042552655329928
leaf_count=1987 481 1 33 6 12 3 99 161 309 5 37 138 442 91
internal_value=4.16587e-05 -0.00023058 0.0280079 -0.00278733 0.027822 -0.0210507 0.0687502 -0.000968628 -0.00121927 0.0193412 0.0772271 -0.0724111 -0.00224851 -0.0256895
internal_weight=130.278 129.837 3.30704 1.88344 1.19022 0.642557 1.4236 126.53 126.153 6.01402 3.68756 2.32646 120.139 6.49852
internal_count=3805 3324 154 54 48 15 100 3170 3009 489 346 143 2520 533
is_linear=0
shrinkage=0.08


Tree=105
num_leaves=15
num_cat=0
split_feature=16 1 12 21 1 13 14 1 1 0 17 6 1 1
split_gain=0.410363 0.410946 0.420856 1.39184 1.37339 1.53572 3.78691 1.1314 3.10344 2.91422 1.04436 0.892301 4.48724 6.87191
threshold=1.0000000180025095e-35 3.5000000000000004 1.5000000000000002 1.0000000180025095e-35 7.5000000000000009 1.0000000180025095e-35 1.0000000180025095e-35 10.500000000000002 9.5000000000000018 1.5000000000000002 1.0000000180025095e-35 0.70835000000000015 10.500000000000002 9.5000000000000018
decision_type=2 2 2 2 2 2 2 2 2 2 2 2 2 2
left_child=1 -1 3 4 10 11 7 8 -7 -9 -3 12 13 -6
right_child=-2 2 -4 -5 5 6 -8 9 -10 -11 -12 -13 -14 -15
leaf_value=0.075356765219681848 0.080280514996898575 0.011446174767549085 0.0049530943407706998 -0.074453652418812105 -0.0064058442327584869 0.023810662118378338 -0.11046638587862954 0.14987532762940503 -0.15518108790316373 -0.012188455816388617 0.098675086725884389 0.036537547953025371 -0.074981264225158079 0.11774090998300812
leaf_weight=0.45893069630255823 0.40664615016430516 18.529289575497391 53.373672811809229 1.7691488596901752 21.243798048701144 1.2857039496302667 2.9372352808713904 0.74657736718654355 1.1972489869222045 14.540668386034667 0.92214975133538146 4.066509195661637 4.7098240713821715 3.2963357433909541
leaf_count=23 481 332 1761 399 144 9 15 3 8 234 9 85 239 63
internal_value=4.20175e-05 -0.000210767 -0.000480404 -0.00433458 -0.00264625 -0.0092092 -0.026318 -0.0124091 -0.0624969 -0.00427381 0.0155815 0.00142455 -0.00345708 0.0102701
internal_weight=129.484 129.077 128.618 75.2445 73.4753 54.0239 20.7074 17.7702 2.48295 15.2872 19.4514 33.3165 29.25 24.5401
internal_count=3805 3324 3301 1540 1141 800 269 254 17 237 341 531 446 207
is_linear=0
shrinkage=0.08


Tree=106
num_leaves=15
num_cat=0
split_feature=7 17 19 1 1 0 8 0 2 14 19 6 6 17
split_gain=0.414157 0.5665 0.540835 0.474482 0.620082 0.613148 1.13162 0.988051 0.970926 1.0295 0.851613 0.725916 4.10531 2.21247
threshold=0.87500000000000011 1.0000000180025095e-35 0.58335000000000015 21.500000000000004 20.500000000000004 2.5000000000000004 1.0000000180025095e-35 3.5000000000000004 1.0000000180025095e-35 1.0000000180025095e-35 0.58335000000000015 0.70835000000000015 0.45000000000000007 1.0000000180025095e-35
decision_type=2 2 2 2 2 2 2 2 2 2 2 2 2 2
left_child=1 2 -1 4 5 11 7 8 9 -7 -11 12 -2 -13
right_child=3 -3 -4 -5 -6 6 -8 -9 -10 10 -12 13 -14 -15
leaf_value=0.090901473443570732 0.0010634869978187848 -0.084605495768053429 -0.062410375626148741 -0.050111021902866926 0.059829387765932912 -0.10433892275811069 0.018212484799207493 0.065481679334706583 0.083591341701741442 0.074971079957390149 -0.09238811397720284 0.03147666051056016 -0.10678348212308046 -0.081878177288403159
leaf_weight=0.9332305437492312 104.75091115216492 0.18475199479144055 0.17485467257210985 1.218216846587892 1.1010739161865775 2.3783508855849509 2.3946851750370115 0.41000921512022603 0.25707690213312151 0.44089879281818856 0.34832469373941422 10.562702340539541 2.3087549359770483 1.2303503514267511
leaf_count=99 2005 10 7 68 53 24 108 7 141 19 3 863 281 117
internal_value=3.41315e-05 0.0450855 0.066709 -0.000423039 5.66665e-05 -0.000469502 -0.0249353 -0.0518803 -0.0659313 -0.0780664 0.00110691 0.000812805 -0.00126225 0.0196505
internal_weight=128.694 1.29284 1.10809 127.401 126.183 125.082 6.22935 3.83466 3.42465 3.16757 0.789223 118.853 107.06 11.7931
internal_count=3805 116 106 3689 3621 3568 302 194 187 46 22 3266 2286 980
is_linear=0
shrinkage=0.08


Tree=107
num_leaves=15
num_cat=0
split_feature=10 17 10 10 1 1 1 6 6 17 0 1 21 1
split_gain=0.407413 1.66504 1.10966 1.32956 0.683235 0.786654 0.838152 0.788502 0.728475 0.590639 0.552373 3.44502 1.8754 1.64132
threshold=0.68500000000000016 1.0000000180025095e-35 0.67500000000000016 1.0000000180025095e-35 12.500000000000002 14.500000000000002 15.500000000000002 1.4166500000000002 0.58335000000000015 1.0000000180025095e-35 1.5000000000000002 11.500000000000002 1.0000000180025095e-35 7.5000000000000009
decision_type=2 2 2 2 2 2 2 2 2 2 2 2 2 2
left_child=2 -2 3 10 -4 7 8 -6 -7 -5 11 12 13 -1
right_child=1 -3 4 9 5 6 -8 -9 -10 -11 -12 -13 -14 -15
leaf_value=0.016436088609495924 0.081715607988825795 -0.080698223185784249 0.044082674657553306 0.085805903022455235 -0.14071954098345316 -0.080696083859016138 -0.065963765518933792 0.090648143470004092 0.10844852175993289 -0.081619657856573033 0.0033741757863440663 -0.1353314254202472 -0.080594781595646536 -0.018502454502377582
leaf_weight=18.933503854321316 1.4319613287661912 0.56273669993970532 0.46685621514916364 1.5423393469391147 0.91372274095192574 0.19098835811018933 1.2928884334978645 0.10511583788320422 0.41024329850915819 0.14777279645204533 82.975313450879185 1.3183750023017626 1.9235654164513096 15.774918861687182
leaf_count=202 568 97 11 390 48 30 156 2 7 8 1717 31 448 90
internal_value=2.38414e-05 0.035896 -0.000544069 0.000702398 -0.0457644 -0.0601641 -0.0296737 -0.116849 0.0483645 0.0711673 -0.000282451 -0.00827736 -0.00370472 0.00055658
internal_weight=127.99 1.9947 125.996 122.616 3.37981 2.91296 1.89412 1.01884 0.601232 1.69011 120.926 37.9504 36.632 34.7084
internal_count=3805 665 3140 2886 254 243 193 50 37 398 2488 771 740 292
is_linear=0
shrinkage=0.08


Tree=108
num_leaves=15
num_cat=0
split_feature=15 12 10 10 10 17 1 1 1 4 6 17 0 1
split_gain=0.391294 0.375901 0.369375 1.18599 1.06161 1.46403 0.586789 0.774197 0.817723 0.76002 0.646044 0.542523 0.496214 3.0571
threshold=1.0000000180025095e-35 2.5000000000000004 0.67500000000000016 1.0000000180025095e-35 0.68500000000000016 1.0000000180025095e-35 12.500000000000002 14.500000000000002 15.500000000000002 1.5000000000000002 0.58335000000000015 1.0000000180025095e-35 1.5000000000000002 11.500000000000002
decision_type=2 2 2 2 2 2 2 2 2 2 2 2 2 2
left_child=1 2 3 12 6 -6 -4 9 10 -8 -9 -5 13 -1
right_child=-2 -3 4 11 5 -7 7 8 -10 -11 -12 -13 -14 -15
leaf_value=-0.0033731122170947009 -0.081193029166929553 0.081019680694231766 0.037770212351248111 0.085519175390171245 0.081820256223996704 -0.080644713783640298 -0.14649776566631031 -0.080642494492735611 -0.069639921656112186 0.089801834218464022 0.10338225367873216 -0.081492811115541935 0.0034558715175231252 -0.12987491475474949
leaf_weight=36.398760090232827 0.37856829693191585 0.36780800729320517 0.4285032302141184 1.401490919975912 1.1195601403596809 0.51980215404182661 0.836693370714784 0.17641688138246525 1.188399900391232 0.097235962748527527 0.39649409544654191 0.13661519531160582 82.686824835924199 1.2651276205433521
leaf_count=662 183 305 10 356 311 97 46 30 146 1 7 8 1616 27
internal_value=1.94929e-05 0.000261538 2.70094e-05 0.000881055 -0.0218282 0.0303065 -0.0491889 -0.0630141 -0.0317924 -0.121895 0.0467154 0.0706851 -1.10544e-05 -0.0076223
internal_weight=127.398 127.02 126.652 121.889 4.76311 1.63936 3.12374 2.69524 1.76131 0.933929 0.572911 1.53811 120.351 37.6639
internal_count=3805 3622 3317 2669 648 408 240 230 183 47 37 364 2305 689
is_linear=0
shrinkage=0.08


Tree=109
num_leaves=15
num_cat=0
split_feature=16 1 15 7 17 19 1 14 1 1 13 1 1 18
split_gain=0.363112 0.36367 0.356492 0.347817 0.502632 0.441956 0.413749 0.542148 0.537693 0.573048 0.866532 0.511973 1.15005 1.96467
threshold=1.0000000180025095e-35 3.5000000000000004 1.0000000180025095e-35 0.87500000000000011 1.0000000180025095e-35 0.58335000000000015 21.500000000000004 1.0000000180025095e-35 20.500000000000004 18.500000000000004 1.0000000180025095e-35 15.500000000000002 16.500000000000004 1.0000000180025095e-35
decision_type=2 2 2 2 2 2 2 2 2 2 2 2 2 2
left_child=1 -1 3 4 5 -3 8 -8 9 11 -11 -5 13 -13
right_child=-2 2 -4 6 -6 -7 7 -9 -10 10 -12 12 -14 -15
leaf_value=0.073787279707398623 0.080258058592127576 0.089949126237511015 -0.08110682106622813 -0.0013882284663246944 -0.084390580767334675 -0.059819532563233288 -0.069575438828696656 0.08237300026170985 0.056587941292224192 0.0023269331265052123 -0.089501317539427236 0.062437149176449554 -0.012468959953371351 -0.083517526891547136
leaf_weight=0.42363277915865083 0.35991108032248931 0.80483694537542649 0.34981898883415752 110.28878846747102 0.16588212724309415 0.14952839631587267 1.0265554958168639 0.17605470400303591 1.0587242084147863 1.5262621890360597 1.155654516958748 4.51210279476072 4.3365462088477216 0.67907855939120043
leaf_count=23 481 62 183 2436 10 7 49 7 50 84 37 137 223 16
internal_value=1.70155e-05 -0.000211005 -0.000459347 -0.000235229 0.0441427 0.0664836 -0.000633709 -0.0473311 -0.000179192 -0.000669817 -0.0372424 0.000148808 0.0179409 0.0433443
internal_weight=127.013 126.653 126.23 125.88 1.12025 0.954365 124.76 1.20261 123.557 122.498 2.68192 119.817 9.52773 5.19118
internal_count=3805 3324 3301 3118 79 69 3039 56 2983 2933 121 2812 376 153
is_linear=0
shrinkage=0.08


Tree=110
num_leaves=15
num_cat=0
split_feature=9 20 6 1 13 11 19 1 1 6 21 18 21 14
split_gain=0.354299 0.354277 0.674061 0.904759 1.05254 0.861214 0.539285 1.72541 1.66255 1.64466 1.28705 1.26389 1.55321 1.5777
threshold=0.7250000000000002 1.0000000180025095e-35 0.45000000000000007 5.5000000000000009 1.0000000180025095e-35 1.0000000180025095e-35 0.29165000000000002 7.5000000000000009 16.500000000000004 0.29165000000000002 1.0000000180025095e-35 1.0000000180025095e-35 1.0000000180025095e-35 1.0000000180025095e-35
decision_type=2 2 2 2 2 2 2 2 2 2 2 2 2 2
left_child=1 6 3 4 -3 -5 11 -8 9 10 -9 12 -1 -14
right_child=-2 2 -4 5 -6 -7 7 8 -10 -11 -12 -13 13 -15
leaf_value=0.003639512231849309 0.082336324466206035 0.080583515297594846 -0.016308907448258417 -0.086639886534165086 -0.10187954429559637 0.082032710058487932 -0.074390881063627234 0.0033590008464270561 -0.051749555002336363 -0.05977976390375709 0.079104901620809243 0.081953843611948879 -0.021625760523603578 -0.14807043064886966
leaf_weight=78.649026808132476 0.33372690256874094 0.33718643384054248 2.0167909450465231 0.212293200194836 0.50591258704662323 2.2158495052135549 2.4203338200750286 26.772724029724493 4.2032609355446757 2.5401117266374049 1.5170288708177384 1.2616091163072258 2.844178388244472 0.81180204841075454
leaf_count=1724 226 48 133 3 3 183 57 291 176 176 33 322 345 85
internal_value=1.61108e-05 -0.000201393 0.0200674 0.0424941 -0.0289058 0.0672856 -0.00108705 -0.00906407 -0.00455084 0.00188411 0.00742085 0.00248815 0.00127006 -0.0497025
internal_weight=126.642 126.308 5.28803 3.27124 0.843099 2.42814 121.02 37.4535 35.0331 30.8299 28.2898 83.5666 82.305 3.65598
internal_count=3805 3579 370 237 51 186 3209 733 676 500 324 2476 2154 430
is_linear=0
shrinkage=0.08


Tree=111
num_leaves=15
num_cat=0
split_feature=10 17 10 10 1 6 1 1 6 17 4 1 0 1
split_gain=0.351462 1.415 0.8196 1.1287 0.562073 0.636106 0.788411 0.794511 0.556946 0.499327 0.433018 0.557434 0.469752 2.74616
threshold=0.68500000000000016 1.0000000180025095e-35 0.67500000000000016 1.0000000180025095e-35 12.500000000000002 1.4166500000000002 14.500000000000002 15.500000000000002 0.58335000000000015 1.0000000180025095e-35 1.5000000000000002 11.500000000000002 1.5000000000000002 10.500000000000002
decision_type=2 2 2 2 2 2 2 2 2 2 2 2 2 2
left_child=2 -2 3 10 -4 6 -6 8 -8 -5 12 -12 13 -1
right_child=1 -3 4 9 5 -7 7 -9 -10 -11 11 -13 -14 -15
leaf_value=-0.00041267959295294483 0.081574442531340718 -0.080588528635497175 0.040493026276011104 0.085275902211900081 -0.12936660582698947 0.08877760167084256 -0.080591729398946391 -0.073688854870066406 0.098540167390899144 -0.081380789906654288 -0.10898840740313548 -0.0058582639869831079 0.0036670410130113561 -0.076633976856989292
leaf_weight=34.109540507852216 1.227500306064029 0.47866698529105622 0.45720678730867748 1.3217485082059273 0.83613765286281783 0.18154208254418325 0.15725666703656305 1.055465491954237 0.37832050060387701 0.12602972052991379 0.53132687881588825 0.90978197357617319 80.862723444210133 3.3196113157900973
leaf_count=710 568 97 11 390 48 5 30 154 6 8 5 18 1694 61
internal_value=1.68656e-05 0.0360795 -0.000478349 0.000555156 -0.0413276 -0.0556676 -0.0664714 -0.0334183 0.0459433 0.0707684 -0.000293842 -0.0438816 0.000237173 -0.00717279
internal_weight=125.953 1.70617 124.247 121.181 3.06593 2.60872 2.42718 1.59104 0.535577 1.44778 119.733 1.44111 118.292 37.4292
internal_count=3805 665 3140 2886 254 243 238 190 36 398 2488 23 2465 771
is_linear=0
shrinkage=0.08


Tree=112
num_leaves=15
num_cat=0
split_feature=8 14 19 18 21 14 0 12 1 11 1 14 13 1
split_gain=0.343868 0.638517 0.436849 1.15498 1.22619 1.46969 1.80784 1.25858 1.73081 1.75711 1.63574 1.45094 2.06533 1.39397
threshold=1.0000000180025095e-35 1.0000000180025095e-35 0.29165000000000002 1.0000000180025095e-35 1.0000000180025095e-35 1.0000000180025095e-35 1.5000000000000002 1.5000000000000002 7.5000000000000009 1.0000000180025095e-35 12.500000000000002 1.0000000180025095e-35 1.0000000180025095e-35 10.500000000000002
decision_type=2 2 2 2 2 2 2 2 2 2 2 2 2 2
left_child=2 -2 3 4 7 6 -6 8 11 -10 -11 12 -1 -9
right_child=1 -3 -4 -5 5 -7 -8 13 9 10 -12 -13 -14 -15
leaf_value=0.0079339112073864831 0.069012221078242772 -0.0050375123056871354 -0.0076485066345923771 0.081813484511759765 -0.073785089897280665 -0.13943160848567801 0.049972506865972176 0.08312309378920936 0.0015969535491167164 -0.024067122083398992 -0.12526106218534341 0.0042288504278511574 0.10488953875109661 0.01436453211590933
leaf_weight=2.9599702496780091 1.3001217816490671 1.7462334263836965 38.900791987645789 1.1620479479461199 1.65628693025792 0.79592274961760257 1.3889234556554582 2.2334572901745551 32.244931483641267 14.057626381516453 1.102496042847634 11.194456933939364 2.6785586625337601 12.166132529680906
leaf_count=92 100 54 946 323 352 87 21 168 532 72 6 90 15 947
internal_value=1.54814e-05 0.0265654 -0.000644543 0.00261295 0.00149709 -0.042638 -0.0173391 0.00365291 -0.00113883 -0.00896387 -0.0314263 0.0208981 0.0539923 0.0250294
internal_weight=125.588 3.04636 122.542 83.6408 82.4788 3.84113 3.04521 78.6376 64.238 47.4051 15.1601 16.833 5.63853 14.3996
internal_count=3805 154 3651 2705 2382 460 373 1922 807 610 78 197 107 1115
is_linear=0
shrinkage=0.08


Tree=113
num_leaves=15
num_cat=0
split_feature=12 1 15 16 8 14 11 1 19 0 19 1 1 6
split_gain=0.333634 0.324342 0.318116 0.313183 0.309937 0.584644 0.421889 0.39478 0.477004 0.697393 0.35884 1.14532 1.16614 1.26046
threshold=2.5000000000000004 3.5000000000000004 1.0000000180025095e-35 1.0000000180025095e-35 1.0000000180025095e-35 1.0000000180025095e-35 1.0000000180025095e-35 17.500000000000004 0.87500000000000011 3.5000000000000004 0.29165000000000002 16.500000000000004 6.5000000000000009 0.29165000000000002
decision_type=2 2 2 2 2 2 2 2 2 2 2 2 2 2
left_child=1 -1 3 4 10 6 -6 8 -7 -10 -3 12 -12 -14
right_child=-2 2 -4 -5 5 7 -8 -9 9 -11 11 -13 13 -15
leaf_value=0.072448229276581316 0.081031016985134402 0.0019456941819697121 -0.081078380273702108 0.080253038225889639 -0.090150727202323311 0.084288855838100321 0.081363058489773044 -0.053409737888930844 0.082225032993238995 -0.092995685696160013 -0.05195776827187587 -0.050490821022071738 0.0071390679004810819 -0.042266059355178215
leaf_weight=0.39220231623039481 0.32454029788641392 82.01816824990965 0.31213599303737183 0.30878645308621244 0.099919117987154915 0.48284964810591169 1.1277420481201261 0.66051894798874866 0.24354418180882931 0.36064901947975159 2.8583501253742716 3.5830505866906597 28.306476238416508 3.741823243093676
leaf_count=23 305 1914 183 386 1 33 99 6 12 3 97 146 359 238
internal_value=2.34672e-05 -0.000187706 -0.000417255 -0.000213871 -0.00041509 0.0250926 0.0674036 -0.00463084 0.0250086 -0.022366 -0.00104485 -0.00741744 -0.0029961 0.00137074
internal_weight=124.821 124.496 124.104 123.792 123.483 2.97522 1.22766 1.74756 1.08704 0.604193 120.508 38.4897 34.9066 32.0483
internal_count=3805 3500 3477 3294 2908 154 100 54 48 15 2754 840 694 597
is_linear=0
shrinkage=0.08


Tree=114
num_leaves=15
num_cat=0
split_feature=20 6 1 13 11 13 19 1 1 6 21 18 21 14
split_gain=0.400156 0.582848 0.771105 0.951062 0.797135 0.493209 0.417377 1.52136 1.36334 1.15108 1.13227 1.06704 1.13718 1.22322
threshold=1.0000000180025095e-35 0.45000000000000007 5.5000000000000009 1.0000000180025095e-35 1.0000000180025095e-35 1.0000000180025095e-35 0.29165000000000002 7.5000000000000009 16.500000000000004 0.29165000000000002 1.0000000180025095e-35 1.0000000180025095e-35 1.0000000180025095e-35 1.0000000180025095e-35
decision_type=2 2 2 2 2 2 2 2 2 2 2 2 2 2
left_child=6 2 3 -2 -4 -3 11 -8 9 10 -9 12 -1 -14
right_child=1 5 4 -5 -6 -7 7 8 -10 -11 -12 -13 13 -15
leaf_value=0.0032023171501662823 0.080565569919135244 0.017014124319422994 -0.086108080089221078 -0.098609153060124868 0.081980203668734333 -0.068517156332031176 -0.072301871921070515 0.0026423618301165829 -0.047888745805275343 -0.051743384738627905 0.075376258476407748 0.081687987571882364 -0.018267844788048063 -0.13244123491185703
leaf_weight=78.198209405542002 0.3228818778879935 1.2547656313217883 0.19770976155996356 0.45930732786655426 2.082437106713769 0.65761688985367062 2.2131106817832906 26.700113980681643 3.9843305913636859 2.3643315220178911 1.4438728197128501 1.0681227144232242 2.7229167084151409 0.77049872945644882
leaf_count=1922 48 98 3 3 184 43 57 291 188 179 33 322 349 85
internal_value=2.26353e-05 0.0222538 0.0438931 -0.0246472 0.0674054 -0.0123978 -0.000903101 -0.00800338 -0.00387787 0.00186987 0.00637383 0.00224603 0.00120732 -0.0434496
internal_weight=124.44 4.97472 3.06234 0.782189 2.28015 1.91238 119.466 36.7058 34.4926 30.5083 28.144 82.7597 81.6916 3.49342
internal_count=3805 379 238 51 187 141 3426 748 691 503 324 2678 2356 434
is_linear=0
shrinkage=0.08


Tree=115
num_leaves=15
num_cat=0
split_feature=7 17 1 1 0 8 0 2 14 19 6 6 17 19
split_gain=0.366164 0.477945 0.402503 0.535124 0.53879 0.897829 0.823971 0.745182 0.80134 0.784157 0.678512 3.53942 1.85856 0.874033
threshold=0.87500000000000011 1.0000000180025095e-35 21.500000000000004 20.500000000000004 2.5000000000000004 1.0000000180025095e-35 3.5000000000000004 1.0000000180025095e-35 1.0000000180025095e-35 0.58335000000000015 0.70835000000000015 0.45000000000000007 1.0000000180025095e-35 0.87500000000000011
decision_type=2 2 2 2 2 2 2 2 2 2 2 2 2 2
left_child=1 -1 3 4 10 6 7 8 -6 -10 11 -2 13 -12
right_child=2 -3 -4 -5 5 -7 -8 -9 9 -11 12 -13 -14 -15
leaf_value=0.069783558355633449 0.00078407875960732215 -0.084197364646674142 -0.047785998722283625 0.057560049620464543 -0.097378226820316466 0.01612962391803139 0.063824135065566653 0.083293566767556018 0.075884781395832393 -0.091461003675817554 0.039330985355616369 -0.11139853862153748 -0.081826894343136947 -0.043539375534694037
leaf_weight=0.88595511919629533 102.72644176080939 0.15099798492155969 1.135552619012741 1.027274128209682 2.1958379652351145 2.1488548808265477 0.36693427269347001 0.20829019376469649 0.3938546743011101 0.32882282137870789 8.5006829786143445 1.8320506179006759 1.029586972435937 0.90085432262276377
leaf_count=106 2005 10 68 53 24 108 7 141 19 3 824 281 117 39
internal_value=2.19691e-05 0.0473613 -0.000377792 6.47095e-05 -0.000424907 -0.0245605 -0.0495873 -0.0628963 -0.0733296 -0.000258607 0.000759439 -0.00118156 0.0202154 0.0313904
internal_weight=123.832 1.03695 122.795 121.659 120.632 5.64259 3.49374 3.12681 2.91852 0.722677 114.99 104.558 10.4311 9.40154
internal_count=3805 116 3689 3621 3568 302 194 187 46 22 3266 2286 980 863
is_linear=0
shrinkage=0.08


Tree=116
num_leaves=15
num_cat=0
split_feature=20 6 1 13 11 10 18 4 1 7 1 14 17 1
split_gain=0.380996 0.526185 0.715095 0.866734 0.735571 0.427033 0.536525 0.616557 0.445038 0.391188 0.506479 0.602368 0.465525 0.435357
threshold=1.0000000180025095e-35 0.45000000000000007 5.5000000000000009 1.0000000180025095e-35 1.0000000180025095e-35 1.0000000180025095e-35 1.0000000180025095e-35 1.0000000180025095e-35 16.500000000000004 0.87500000000000011 21.500000000000004 1.0000000180025095e-35 1.0000000180025095e-35 20.500000000000004
decision_type=2 2 2 2 2 2 2 2 2 2 2 2 2 2
left_child=9 2 3 -2 -4 6 -3 -8 -7 12 13 -12 -1 -11
right_child=1 5 4 -5 -6 8 7 -9 -10 10 11 -13 -14 -15
leaf_value=0.074387592378563364 0.080521402315374163 -0.087573465443946494 -0.085608524493802143 -0.096874924250977906 0.08190662351395947 0.067731652794082081 -0.082016948356604683 0.11902321267915249 -0.07401741861618541 -0.0012373672560480403 -0.085018850038608054 0.081312739621391406 -0.083866278138953504 0.052951141510637831
leaf_weight=0.79439336474751954 0.29798224708065335 0.66876859673357081 0.18366487696766864 0.43154910206794739 1.9376603627424629 0.59548953767080082 0.17529121716506779 0.22036857903003693 0.18604074793620384 115.58971771298457 0.84579554639640153 0.16683082533199922 0.13991662161424756 0.956733263519708
leaf_count=95 48 44 3 3 184 43 39 1 14 3214 48 12 10 47
internal_value=1.35514e-05 0.02236 0.0439067 -0.0244161 0.0674031 -0.0109163 -0.0438867 0.0299553 0.0339887 -0.000872211 -0.00128199 -0.0576156 0.0506884 -0.000792532
internal_weight=123.19 4.69682 2.85086 0.729531 2.12133 1.84596 1.06443 0.39566 0.78153 118.493 117.559 1.01263 0.93431 116.546
internal_count=3805 379 238 51 187 141 84 40 57 3426 3321 60 105 3261
is_linear=0
shrinkage=0.08


Tree=117
num_leaves=15
num_cat=0
split_feature=20 6 1 13 11 13 7 1 14 17 19 1 1 6
split_gain=0.346686 0.486282 0.659256 0.790954 0.677414 0.393371 0.350018 0.452036 0.537509 0.418908 0.382773 1.34627 1.30057 1.16293
threshold=1.0000000180025095e-35 0.45000000000000007 5.5000000000000009 1.0000000180025095e-35 1.0000000180025095e-35 1.0000000180025095e-35 0.87500000000000011 21.500000000000004 1.0000000180025095e-35 1.0000000180025095e-35 0.29165000000000002 7.5000000000000009 16.500000000000004 0.29165000000000002
decision_type=2 2 2 2 2 2 2 2 2 2 2 2 2 2
left_child=6 2 3 -2 -4 -3 9 10 -9 -1 -8 -12 13 -13
right_child=1 5 4 -5 -6 -7 7 8 -10 -11 11 12 -14 -15
leaf_value=0.072109415641460214 0.080481078427864894 0.016215841030860222 -0.085148364582201791 -0.095316852558111398 0.081761938078261862 -0.064383874323195839 0.0023254270033514195 -0.081792335339459329 0.080982937680443109 -0.083561874239736142 -0.069474229197641832 0.0059362455427596598 -0.049559493020514309 -0.056155172299729265
leaf_weight=0.75555009480740309 0.27520451322197859 1.1603438589081632 0.17042300105094876 0.4046144038438797 1.7917228145888657 0.58187750833894814 80.70406978684332 0.81031119621184089 0.15460641257959651 0.12961071339668706 2.1183032522967542 28.074483815260468 3.5449729447136624 2.0730570458836146
leaf_count=95 48 98 3 3 184 43 2566 48 12 10 57 324 142 172
internal_value=1.52679e-05 0.0221063 0.0437423 -0.0241503 0.0672649 -0.0107033 -0.000802974 -0.00118059 -0.0557112 0.0493151 -0.000728997 -0.00761252 -0.00372317 0.00166661
internal_weight=122.749 4.38419 2.64196 0.679819 1.96215 1.74222 118.365 117.48 0.964918 0.885161 116.515 35.8108 33.6925 30.1475
internal_count=3805 379 238 51 187 141 3426 3321 60 105 3261 695 638 496
is_linear=0
shrinkage=0.08


Tree=118
num_leaves=15
num_cat=0
split_feature=9 20 6 1 13 11 10 18 4 1 1 14 1 0
split_gain=0.320932 0.314231 0.456513 0.607834 0.722606 0.623969 0.376823 0.468228 0.553263 0.412733 0.319862 0.737395 0.392267 0.53601
threshold=0.7250000000000002 1.0000000180025095e-35 0.45000000000000007 5.5000000000000009 1.0000000180025095e-35 1.0000000180025095e-35 1.0000000180025095e-35 1.0000000180025095e-35 1.0000000180025095e-35 16.500000000000004 21.500000000000004 1.0000000180025095e-35 20.500000000000004 2.5000000000000004
decision_type=2 2 2 2 2 2 2 2 2 2 2 2 2 2
left_child=1 10 3 4 -3 -5 7 -4 -9 -8 12 -12 13 -1
right_child=-2 2 6 5 -6 -7 9 8 -10 -11 11 -13 -14 -15
leaf_value=0.00023975310136404451 0.08234167437677152 0.080443891341897555 -0.085851457683241303 -0.084728136532917289 -0.093924321783000517 0.081628140429078691 0.06616768351027949 -0.081893248694124371 0.11408704469019312 -0.075705227978422093 -0.078210751923598526 0.083502748270298785 0.051103877738666655 -0.025473858281027655
leaf_weight=110.36366917686973 0.3022818278077456 0.25415846100076978 0.60923473232833181 0.15806876868009534 0.37881660461425781 1.6565341875393642 0.56367575021431549 0.16463422449305654 0.20951095223426819 0.17106171671184711 0.85735936874334473 0.22857475926139159 0.93330374278229911 5.4442644519112937
leaf_count=2943 226 48 44 3 3 183 42 39 1 7 34 12 27 193
internal_value=1.26489e-05 -0.000191351 0.0214023 0.043591 -0.0239103 0.067137 -0.010207 -0.0425915 0.0278503 0.0331368 -0.00095478 -0.0441722 -0.000552769 -0.000969073
internal_weight=122.295 121.993 4.1657 2.44758 0.632975 1.8146 1.71812 0.98338 0.374145 0.734737 117.827 1.08593 116.741 115.808
internal_count=3805 3579 370 237 51 186 133 84 40 49 3209 46 3163 3136
is_linear=0
shrinkage=0.08


Tree=119
num_leaves=15
num_cat=0
split_feature=8 14 1 19 0 11 10 17 10 10 1 1 1 6
split_gain=0.320977 0.570661 0.388914 0.431284 0.649052 0.346029 0.318318 1.22282 0.674862 1.00373 0.546666 0.596751 0.586207 0.537748
threshold=1.0000000180025095e-35 1.0000000180025095e-35 17.500000000000004 0.87500000000000011 3.5000000000000004 1.0000000180025095e-35 0.68500000000000016 1.0000000180025095e-35 0.67500000000000016 1.0000000180025095e-35 12.500000000000002 14.500000000000002 15.500000000000002 1.4166500000000002
decision_type=2 2 2 2 2 2 2 2 2 2 2 2 2 2
left_child=6 5 3 -3 -5 -2 8 -8 9 -1 -10 13 -13 -12
right_child=1 2 -4 4 -6 -7 7 -9 10 -11 11 12 -14 -15
leaf_value=-0.00092697487272062158 -0.088047846723402684 0.083980556581606969 -0.056749632868359677 0.082078537004487057 -0.091817940951911439 0.081366088592078542 0.081499110701318267 -0.080517574254467983 0.041868551963795221 0.070864510476037812 -0.12946870391195972 0.048581222111780446 -0.059969066414792764 0.087654300220916054
leaf_weight=113.68522575379757 0.083048596978186562 0.45044471032451816 0.57567821815609943 0.2321544885635376 0.33643242716789246 1.0882657439215109 1.0673983115229919 0.41369141143513832 0.43555434141308014 1.2601980748258927 0.77255871787201646 0.47209185565588974 0.97799338882032316 0.080622579145710915
leaf_count=2334 1 33 6 12 3 99 568 97 11 398 48 37 156 2
internal_value=1.4171e-05 0.0269553 -0.00418669 0.0255075 -0.0208159 0.0693543 -0.000611178 0.0362453 -0.00107503 -0.000139893 -0.0403217 -0.0558641 -0.0246293 -0.108951
internal_weight=121.931 2.76602 1.59471 1.01903 0.568587 1.17131 119.165 1.48109 117.684 114.945 2.73882 2.30327 1.45009 0.853181
internal_count=3805 154 54 48 15 100 3651 665 2986 2732 254 243 193 50
is_linear=0
shrinkage=0.08


Tree=120
num_leaves=15
num_cat=0
split_feature=12 13 14 1 1 1 1 1 20 1 11 1 19 1
split_gain=0.301882 1.09704 2.84189 3.01926 2.00967 1.78749 4.44241 2.00036 1.4997 0.978882 2.84629 2.38046 1.50399 0.898972
threshold=1.5000000000000002 1.0000000180025095e-35 1.0000000180025095e-35 6.5000000000000009 5.5000000000000009 5.5000000000000009 7.5000000000000009 6.5000000000000009 1.0000000180025095e-35 10.500000000000002 1.0000000180025095e-35 8.5000000000000018 0.41665000000000002 9.5000000000000018
decision_type=2 2 2 2 2 2 2 2 2 2 2 2 2 2
left_child=1 4 3 8 -1 -4 7 -7 -3 11 -11 12 -5 -6
right_child=-2 2 5 9 13 6 -8 -9 -10 10 -12 -13 -14 -15
leaf_value=0.066431953450235934 0.0048935218825265298 0.095650219711399281 -0.12032733911734629 0.088330272157124412 -0.0071953899522160455 -0.003617773129184116 -0.10337211065495887 0.15641850299557775 -0.063143591125167348 -0.013006000702405967 0.1473408053349442 -0.13625477039151865 -0.06652136401158612 0.019498899326566069
leaf_weight=3.1283243019715874 48.694754491862113 2.6155587955145232 2.1538208057172588 0.78650864050723879 30.264732159877894 1.499836888862774 2.6329695071326569 0.74973314045928408 0.44547126872930665 14.664833403832741 0.74446360766887743 1.3019826449453831 0.81984716840088367 11.011709777885697
leaf_count=169 2112 40 30 50 527 11 57 4 16 279 3 52 24 431
internal_value=1.73569e-05 -0.00324335 -0.0155182 -0.00100367 0.00461145 -0.0596179 -0.0328373 0.0497189 0.072541 -0.0132936 -0.00525923 -0.0558622 0.00929755 -7.39e-05
internal_weight=121.515 72.8198 28.415 21.3787 44.4048 7.03636 4.88254 2.24957 3.06103 18.3176 15.4093 2.90834 1.60636 41.2764
internal_count=3805 1693 566 464 1127 102 72 15 56 408 282 126 74 958
is_linear=0
shrinkage=0.08


Tree=121
num_leaves=15
num_cat=0
split_feature=16 8 14 1 19 0 13 19 18 21 14 0 12 1
split_gain=0.301719 0.292398 0.540603 0.340666 0.398405 0.593761 0.300796 0.296208 0.974971 1.00186 1.09008 1.63878 1.07051 1.33427
threshold=1.0000000180025095e-35 1.0000000180025095e-35 1.0000000180025095e-35 17.500000000000004 0.87500000000000011 3.5000000000000004 1.0000000180025095e-35 0.29165000000000002 1.0000000180025095e-35 1.0000000180025095e-35 1.0000000180025095e-35 1.5000000000000002 1.5000000000000002 7.5000000000000009
decision_type=2 2 2 2 2 2 2 2 2 2 2 2 2 2
left_child=1 7 6 4 -4 -6 -3 8 9 12 11 -11 13 -1
right_child=-2 2 3 -5 5 -7 -8 -9 -10 10 -12 -13 -14 -15
leaf_value=0.018282552985841857 0.080239784106359124 0.081254470050413627 0.083659506220481392 -0.053410260238234537 0.08190711363236991 -0.090834048683024554 -0.086895266558111306 -0.0067175169694634832 0.081571759462970447 -0.074532562117250206 -0.12653379256073771 0.047695558307229498 0.023413573648221688 -0.0083216166510678407
leaf_weight=16.252805249881931 0.29926776101637997 1.0010883036302392 0.41539904364617541 0.56728579849004745 0.21371304988861084 0.31514089554548264 0.073054835200309864 36.848283690553217 0.97204701959708373 1.5111714366357771 0.74518782620725676 1.3111473634198771 13.423244690289719 46.823411805817159
leaf_count=176 481 99 33 6 12 3 1 904 323 352 87 17 806 505
internal_value=1.24058e-05 -0.000186888 0.0264252 -0.00441121 0.0250263 -0.0210283 0.0698182 -0.000770583 0.00193348 0.000966633 -0.0404728 -0.0177498 0.00289914 -0.00146654
internal_weight=120.772 120.473 2.58568 1.51154 0.944253 0.528854 1.07414 117.887 81.039 80.067 3.56751 2.82232 76.4995 63.0762
internal_count=3805 3324 154 54 48 15 100 3170 2266 1943 456 369 1487 681
is_linear=0
shrinkage=0.08


Tree=122
num_leaves=15
num_cat=0
split_feature=20 6 1 13 11 19 9 7 1 14 17 1 0 1
split_gain=0.300903 0.453905 0.540185 0.618584 0.58243 0.335759 0.42245 0.322438 0.406083 0.43537 0.374411 0.337614 0.755693 1.03638
threshold=1.0000000180025095e-35 0.45000000000000007 5.5000000000000009 1.0000000180025095e-35 1.0000000180025095e-35 0.87500000000000011 1.0000000180025095e-35 0.87500000000000011 21.500000000000004 1.0000000180025095e-35 1.0000000180025095e-35 20.500000000000004 2.5000000000000004 16.500000000000004
decision_type=2 2 2 2 2 2 2 2 2 2 2 2 2 2
left_child=7 2 3 -2 -4 -3 -7 10 11 -10 -1 12 -9 -14
right_child=1 5 4 -5 -6 6 -8 8 9 -11 -12 -13 13 -15
leaf_value=0.071449694913300887 0.080386213363143291 0.021614952344200484 -0.084395838943502763 -0.091809741229278638 0.081587156920332887 0.081924418510307725 -0.081911756673393801 0.00032411086671721461 -0.079006715726483212 0.080166843813225711 -0.083268431755365885 0.04779013559198151 0.0048580266158172345 -0.069663196104977079
leaf_weight=0.70076504864118661 0.22144213272258628 0.88671328658165272 0.14811896905302968 0.33625902235507965 1.5633030183234951 0.1224778164178133 0.5671144321677275 108.63237827064586 0.74311732818023202 0.12907828576499014 0.11678539402782917 0.91329757826315372 2.4027808803257349 2.3748550985183101
leaf_count=95 48 73 3 3 184 9 59 2939 48 12 10 47 123 152
internal_value=1.49384e-05 0.0220315 0.0449398 -0.0234372 0.0672218 -0.0109453 -0.052813 -0.000714835 -0.00107014 -0.0554502 0.0493485 -0.000655262 -0.0010454 -0.0321848
internal_weight=119.858 3.84543 2.26912 0.557701 1.71142 1.57631 0.689592 116.013 115.196 0.872196 0.81755 114.323 113.41 4.77764
internal_count=3805 379 238 51 187 141 68 3426 3321 60 105 3261 3214 275
is_linear=0
shrinkage=0.08


Tree=123
num_leaves=15
num_cat=0
split_feature=9 8 14 1 5 6 6 17 0 7 1 10 10 10
split_gain=0.296051 0.290851 0.494355 0.299551 0.285715 0.283736 2.49764 1.45997 1.38976 1.13317 0.725908 1.73338 1.06389 1.17408
threshold=0.7250000000000002 1.0000000180025095e-35 1.0000000180025095e-35 14.500000000000002 2.5000000000000004 0.70835000000000015 0.45000000000000007 1.0000000180025095e-35 2.5000000000000004 0.87500000000000011 10.500000000000002 1.0000000180025095e-35 0.67500000000000016 0.68500000000000016
decision_type=2 2 2 2 2 2 2 2 2 2 2 2 2 2
left_child=1 4 -3 -4 5 6 -1 8 10 -8 11 -7 -12 -14
right_child=-2 2 3 -5 -6 7 9 -9 -10 -11 12 -13 13 -15
leaf_value=-0.00011204740100884207 0.082158452343362887 0.069938516900958356 0.080781996782417501 -0.019554118383019542 -0.10111125451185002 -0.093972752860790265 0.080750339633504226 -0.08169024221838346 -0.078565182560053126 -0.11014542707673247 0.064447230366906472 0.081493646094881564 -0.033723136931771348 0.081544170738335781
leaf_weight=104.04817367580836 0.28014588489531789 1.0115677742869584 0.22704196698032331 1.180932506569661 0.18124832306057115 0.8592290562082725 0.2233765696619231 0.96821181953419078 0.81443220407891281 1.8246115177171296 4.5952451915291022 0.62054550302855205 1.8743113119708144 0.80992442251590535
leaf_count=2077 226 100 27 27 2 47 29 121 22 299 126 325 43 334
internal_value=1.52943e-05 -0.000177697 0.0272764 -0.00337449 -0.000746321 -0.00059036 -0.00183412 0.0119271 0.0213949 -0.0893242 0.0306892 -0.0203907 0.0410727 0.0010569
internal_weight=119.519 119.239 2.41954 1.40797 116.819 116.638 106.096 10.5419 9.57369 2.04799 8.75926 1.47977 7.27948 2.68424
internal_count=3805 3579 154 54 3425 3423 2405 1018 897 328 875 372 503 377
is_linear=0
shrinkage=0.08


Tree=124
num_leaves=15
num_cat=0
split_feature=15 20 6 1 13 11 19 1 1 1 1 18 17 18
split_gain=0.287232 0.277995 0.411487 0.49847 0.566546 0.536699 0.294615 1.33156 1.0908 2.45322 1.55628 1.34744 1.02112 0.88397
threshold=1.0000000180025095e-35 1.0000000180025095e-35 0.45000000000000007 5.5000000000000009 1.0000000180025095e-35 1.0000000180025095e-35 0.29165000000000002 7.5000000000000009 13.500000000000002 14.500000000000002 16.500000000000004 1.0000000180025095e-35 1.0000000180025095e-35 1.0000000180025095e-35
decision_type=2 2 2 2 2 2 2 2 2 2 2 2 2 2
left_child=1 6 3 4 -3 -5 13 -8 12 -10 11 -11 -9 -1
right_child=-2 2 -4 5 -6 -7 7 8 9 10 -12 -13 -14 -15
leaf_value=0.0013207587177520167 -0.081061972613267613 0.080356429182028941 -0.010546806266347688 -0.084039616612585771 -0.09077256289915768 0.081478402629834953 -0.070558638547122479 0.010383781319515142 -0.092657538645219473 0.038633746025456807 -0.044304896525378043 -0.086089164499780768 -0.10266820636322661 0.08147041943332918
leaf_weight=78.828850255014913 0.27900576227693719 0.2045123535208403 1.4494854026415849 0.13727241754531827 0.31377699226140976 1.4469285204449989 1.9650928819319222 21.343440196920714 2.5117907130770609 4.7361056602239824 3.5402001471265976 0.62785729160532344 0.52388105681165953 0.89062230925628583
leaf_count=2201 183 48 135 3 3 184 52 321 60 94 183 11 5 322
internal_value=1.34712e-05 0.00020433 0.0222471 0.0448557 -0.0232466 0.0671361 -0.000476691 -0.00656704 -0.00278888 -0.0228332 -0.00313633 0.0240348 0.00767537 0.00221619
internal_weight=118.799 118.52 3.55198 2.10249 0.518289 1.5842 114.968 35.2484 33.2833 11.416 8.90416 5.36396 21.8673 79.7195
internal_count=3805 3622 373 238 51 187 3249 726 674 348 288 105 326 2523
is_linear=0
shrinkage=0.08


end of trees

feature_importances:
Column_1=272
Column_19=172
Column_10=146
Column_6=123
Column_0=116
Column_17=101
Column_14=90
Column_18=81
Column_16=77
Column_11=74
Column_21=68
Column_20=67
Column_8=65
Column_9=65
Column_13=58
Column_15=57
Column_12=45
Column_7=40
Column_4=17
Column_5=12
Column_2=4

parameters:
[boosting: gbdt]
[objective: binary]
[metric: binary_logloss]
[tree_learner: serial]
[device_type: cpu]
[data_sample_strategy: bagging]
[data: ]
[valid: ]
[num_iterations: 150]
[learning_rate: 0.08]
[num_leaves: 15]
[num_threads: 0]
[seed: 0]
[deterministic: 0]
[force_col_wise: 0]
[force_row_wise: 0]
[histogram_pool_size: -1]
[max_depth: -1]
[min_data_in_leaf: 5]
[min_sum_hessian_in_leaf: 0.001]
[bagging_fraction: 1]
[pos_bagging_fraction: 1]
[neg_bagging_fraction: 1]
[bagging_freq: 0]
[bagging_seed: 3]
[bagging_by_query: 0]
[feature_fraction: 1]
[feature_fraction_bynode: 1]
[feature_fraction_seed: 2]
[extra_trees: 0]
[extra_seed: 6]
[early_stopping_round: 0]
[early_stopping_min_delta: 0]
[first_metric_only: 0]
[max_delta_step: 0]
[lambda_l1: 0]
[lambda_l2: 0]
[linear_lambda: 0]
[min_gain_to_split: 0]
[drop_rate: 0.1]
[max_drop: 50]
[skip_drop: 0.5]
[xgboost_dart_mode: 0]
[uniform_drop: 0]
[drop_seed: 4]
[top_rate: 0.2]
[other_rate: 0.1]
[min_data_per_group: 100]
[max_cat_threshold: 32]
[cat_l2: 10]
[cat_smooth: 10]
[max_cat_to_onehot: 4]
[top_k: 20]
[monotone_constraints: ]
[monotone_constraints_method: basic]
[monotone_penalty: 0]
[feature_contri: ]
[forcedsplits_filename: ]
[refit_decay_rate: 0.9]
[cegb_tradeoff: 1]
[cegb_penalty_split: 0]
[cegb_penalty_feature_lazy: ]
[cegb_penalty_feature_coupled: ]
[path_smooth: 0]
[interaction_constraints: ]
[verbosity: -1]
[saved_feature_importance_type: 0]
[use_quantized_grad: 0]
[num_grad_quant_bins: 4]
[quant_train_renew_leaf: 0]
[stochastic_rounding: 1]
[linear_tree: 0]
[max_bin: 255]
[max_bin_by_feature: ]
[min_data_in_bin: 3]
[bin_construct_sample_cnt: 200000]
[data_random_seed: 1]
[is_enable_sparse: 1]
[enable_bundle: 1]
[use_missing: 1]
[zero_as_missing: 0]
[feature_pre_filter: 0]
[pre_partition: 0]
[two_round: 0]
[header: 0]
[label_column: ]
[weight_column: ]
[group_column: ]
[ignore_column: ]
[categorical_feature: ]
[forcedbins_filename: ]
[precise_float_parser: 0]
[parser_config_file: ]
[objective_seed: 5]
[num_class: 1]
[is_unbalance: 0]
[scale_pos_weight: 1]
[sigmoid: 1]
[boost_from_average: 1]
[reg_sqrt: 0]
[alpha: 0.9]
[fair_c: 1]
[poisson_max_delta_step: 0.7]
[tweedie_variance_power: 1.5]
[lambdarank_truncation_level: 30]
[lambdarank_norm: 1]
[label_gain: ]
[lambdarank_position_bias_regularization: 0]
[eval_at: ]
[multi_error_top_k: 1]
[auc_mu_weights: ]
[num_machines: 1]
[local_listen_port: 12400]
[time_out: 120]
[machine_list_filename: ]
[machines: ]
[gpu_platform_id: -1]
[gpu_device_id: -1]
[gpu_device_id_list: ]
[gpu_use_dp: 0]
[num_gpu: 1]

end of parameters

pandas_categorical:null
