tree
version=v4
num_class=1
num_tree_per_iteration=1
label_index=0
max_feature_idx=21
objective=binary sigmoid:1
feature_names=Column_0 Column_1 Column_2 Column_3 Column_4 Column_5 Column_6 Column_7 Column_8 Column_9 Column_10 Column_11 Column_12 Column_13 Column_14 Column_15 Column_16 Column_17 Column_18 Column_19 Column_20 Column_21
feature_infos=[1:7] [3:46] [0:1] [0:1] [0:4] [0:3] [0:2] [0.28570000000000001:1] [0:1] [0:0.90000000000000002] [0:0.84999999999999998] [0:0.5] [1:3] [0:1] [0:1] [0:1] [0:1] [0:1] [0:1] [0:1] [0:1] [0:3]
tree_sizes=1744 1749 1754 1754 1755 1748 1748 1760 1761 1778 1777 1771 1772 1773 1768 1759 1763 1768 1766 1761 1767 1775 1767 1756 1781 1788 1773 1787 1791 1794 1789 1782 1785 1774 1776 1783 1783 1776 1791 1783 1774 1777 1772 1777 1785 1741 1787 1787 1759 1772 1783 1790 1778 1785 1773 1782 1786 1779 1771 1779 1762 1775 1752 1771 1774 1775 1772 1782 1778 1773 1772 1779 1775 1794 1785 1782 1772 1778 1791 1767 1786 1788 1791 1792 1763 1780 1756 1798 1766 1769 1763 1778

Tree=0
num_leaves=15
num_cat=0
split_feature=6 16 17 11 0 19 19 19 18 10 10 10 20 9
split_gain=4009.73 2456.97 1704.83 1069.56 892.906 968.292 680.519 398.247 1258.16 510.603 324.159 270.36 262.257 159.861
threshold=0.55000000000000016 1.0000000180025095e-35 1.0000000180025095e-35 1.0000000180025095e-35 1.5000000000000002 0.45000000000000007 0.45000000000000007 0.36665000000000009 1.0000000180025095e-35 1.0000000180025095e-35 0.67500000000000016 0.68500000000000016 1.0000000180025095e-35 1.0000000180025095e-35
decision_type=2 2 2 2 2 2 2 2 2 2 2 2 2 2
left_child=1 3 6 7 -5 -6 12 8 9 -1 -11 13 -2 -8
right_child=2 -3 -4 4 5 -7 11 -9 -10 10 -12 -13 -14 -15
leaf_value=-0.10830097200570613 0.16827831214474417 0.1722792967822562 -0.1477349422084254 -0.1477349422084254 0.15477091896513687 -0.12476741309426162 0.1722792967822562 -0.1453345195709114 0.1722792967822562 0.17008741843300496 -0.082370331691179771 0.1722792967822562 -0.051506884330108534 -0.097798654365923415
leaf_weight=1215.1959638297558 1239.6948744356632 308.98626029491425 142.7436526119709 135.74396386742592 328.9853709936142 104.49535340070724 15.999288558959959 633.2218424975872 125.99439740180969 72.996754050254822 58.747387677431107 40.498199164867401 35.748410373926163 113.74494209885597
leaf_count=4861 4959 1236 571 543 1316 418 64 2533 504 292 235 162 143 455
internal_value=0.0133394 -0.0413137 0.116022 -0.0659821 0.0313156 0.0873851 0.142065 -0.0922785 -0.0694694 -0.0920829 0.0575114 -0.00816926 0.162118 -0.0644942
internal_weight=4572.8 2984.37 1588.43 2675.38 569.225 433.481 1445.69 2106.16 1472.93 1346.94 131.744 170.242 1275.44 129.744
internal_count=18292 11938 6354 10702 2277 1734 5783 8425 5892 5388 527 681 5102 519
is_linear=0
shrinkage=1


Tree=1
num_leaves=15
num_cat=0
split_feature=6 16 17 11 0 19 19 19 18 10 10 10 20 9
split_gain=3414.65 2092.05 1452.6 908.449 760.115 824.284 581.156 340.531 1069.84 433.27 276.119 230.172 224.16 135.873
threshold=0.55000000000000016 1.0000000180025095e-35 1.0000000180025095e-35 1.0000000180025095e-35 1.5000000000000002 0.45000000000000007 0.45000000000000007 0.36665000000000009 1.0000000180025095e-35 1.0000000180025095e-35 0.67500000000000016 0.68500000000000016 1.0000000180025095e-35 1.0000000180025095e-35
decision_type=2 2 2 2 2 2 2 2 2 2 2 2 2 2
left_child=1 3 6 7 -5 -6 12 8 9 -1 -11 13 -2 -8
right_child=2 -3 -4 4 5 -7 11 -9 -10 10 -12 -13 -14 -15
leaf_value=-0.11224064381622789 0.14358028897879466 0.14733951659672875 -0.1490127804708197 -0.1490127804708197 0.13091626083495897 -0.12756017195704364 0.14733951659672875 -0.14676562709366228 0.14733951659672875 0.1452796095990101 -0.088201836985035684 0.14733951659672875 -0.05969615355598281 -0.10249295923681338
leaf_weight=1211.6935362964869 1231.0145932137966 306.71850907802582 141.97392545640469 135.01198165118694 327.03761488199234 104.09436932206154 15.88186454772949 629.91782757639885 125.06968331336975 72.474569499492645 58.650458604097366 40.200969636440277 35.72630050778389 113.47843952476978
leaf_count=4861 4959 1236 571 543 1316 418 64 2533 504 292 235 162 143 455
internal_value=7.67336e-06 -0.0505133 0.0950995 -0.0732935 0.0166349 0.0685086 0.119229 -0.0975628 -0.0764483 -0.0972918 0.0408465 -0.0198602 0.137847 -0.0718204
internal_weight=4548.94 2970.67 1578.28 2663.95 566.144 431.132 1436.3 2097.81 1467.89 1342.82 131.125 169.561 1266.74 129.36
internal_count=18292 11938 6354 10702 2277 1734 5783 8425 5892 5388 527 681 5102 519
is_linear=0
shrinkage=0.08


Tree=2
num_leaves=15
num_cat=0
split_feature=6 16 17 11 0 19 19 19 18 10 10 10 20 9
split_gain=2937.34 1799.5 1251.14 777.874 654.18 708.101 502.485 297.643 917.44 370.124 237.51 197.818 194.308 116.374
threshold=0.55000000000000016 1.0000000180025095e-35 1.0000000180025095e-35 1.0000000180025095e-35 1.5000000000000002 0.45000000000000007 0.45000000000000007 0.36665000000000009 1.0000000180025095e-35 1.0000000180025095e-35 0.67500000000000016 0.68500000000000016 1.0000000180025095e-35 1.0000000180025095e-35
decision_type=2 2 2 2 2 2 2 2 2 2 2 2 2 2
left_child=1 3 6 7 -5 -6 12 8 9 -1 -11 13 -2 -8
right_child=2 -3 -4 4 5 -7 11 -9 -10 10 -12 -13 -14 -15
leaf_value=-0.10425309843444175 0.13446792357235049 0.13811407028874478 -0.13945851341933269 -0.13945851341933269 0.12225254853107571 -0.11882519712530068 0.13811407028874478 -0.13728361455161167 0.13811407028874478 0.13611496114507976 -0.081616297561007564 0.13811407028874478 -0.055059003780162041 -0.095042824020032959
leaf_weight=1200.5919282585382 1210.0887516438961 301.24087911844254 139.65294261276722 132.80481232702732 322.3772566318512 102.85413217544556 15.598233222961424 619.93218076229095 122.83608663082123 71.214588403701782 58.324734196066856 39.483027845621109 35.639704242348671 112.61676572263241
leaf_count=4861 4959 1236 571 543 1316 418 64 2533 504 292 235 162 143 455
internal_value=1.90181e-05 -0.0470977 0.0889743 -0.0683044 0.0155349 0.0639411 0.111544 -0.0908744 -0.0710731 -0.0903913 0.038082 -0.0184613 0.129046 -0.0666777
internal_weight=4485.26 2932.18 1553.08 2630.94 558.036 425.231 1413.43 2072.9 1452.97 1330.13 129.539 167.698 1245.73 128.215
internal_count=18292 11938 6354 10702 2277 1734 5783 8425 5892 5388 527 681 5102 519
is_linear=0
shrinkage=0.08


Tree=3
num_leaves=15
num_cat=0
split_feature=6 16 17 11 0 19 19 19 18 10 10 10 20 9
split_gain=2546.94 1560.33 1086.89 670.28 567.893 612.661 438.774 264.686 792.024 317.836 205.9 171.292 170.346 100.283
threshold=0.55000000000000016 1.0000000180025095e-35 1.0000000180025095e-35 1.0000000180025095e-35 1.5000000000000002 0.45000000000000007 0.45000000000000007 0.36665000000000009 1.0000000180025095e-35 1.0000000180025095e-35 0.67500000000000016 0.68500000000000016 1.0000000180025095e-35 1.0000000180025095e-35
decision_type=2 2 2 2 2 2 2 2 2 2 2 2 2 2
left_child=1 3 6 7 -5 -6 12 8 9 -1 -11 13 -2 -8
right_child=2 -3 -4 4 5 -7 11 -9 -10 10 -12 -13 -14 -15
leaf_value=-0.097332721446851733 0.12699459674436772 0.13061730842769775 -0.13171875851361153 -0.13171875851361153 0.11495537820159968 -0.11142851872018047 0.13061730842769775 -0.12956014123075305 0.13061730842769775 0.1286293264475713 -0.07576140106730829 0.13061730842769775 -0.050855651824406413 -0.088511763259291013
leaf_weight=1183.7555324584246 1180.0017211139202 293.36349731683731 136.16920506954193 129.49190604686737 315.68325078487396 100.98220667243004 15.190342903137205 604.93589507043362 119.62395036220551 69.402817606925964 57.825703546404839 38.450555473566055 35.504074618220329 111.30523025989532
leaf_count=4861 4959 1236 571 543 1316 418 64 2533 504 292 235 162 143 455
internal_value=3.26454e-05 -0.0442159 0.0839147 -0.0640825 0.0146124 0.0600894 0.105185 -0.0851971 -0.0664381 -0.0844189 0.0357332 -0.0172504 0.1218 -0.0621974
internal_weight=4391.69 2875.06 1516.62 2581.7 546.157 416.665 1380.45 2035.54 1430.61 1310.98 127.229 164.946 1215.51 126.496
internal_count=18292 11938 6354 10702 2277 1734 5783 8425 5892 5388 527 681 5102 519
is_linear=0
shrinkage=0.08


Tree=4
num_leaves=15
num_cat=0
split_feature=6 16 17 11 0 19 19 19 18 10 10 20 10 10
split_gain=2222.58 1361.72 950.744 580.438 496.435 533.112 386.24 238.66 687.438 274.05 179.637 150.743 149.226 98.4955
threshold=0.55000000000000016 1.0000000180025095e-35 1.0000000180025095e-35 1.0000000180025095e-35 1.5000000000000002 0.45000000000000007 0.45000000000000007 0.36665000000000009 1.0000000180025095e-35 1.0000000180025095e-35 0.67500000000000016 1.0000000180025095e-35 0.68500000000000016 1.0000000180025095e-35
decision_type=2 2 2 2 2 2 2 2 2 2 2 2 2 2
left_child=1 3 6 7 -5 -6 11 8 9 -1 -11 -2 -8 -13
right_child=2 -3 -4 4 5 -7 12 -9 -10 10 -12 13 -14 -15
leaf_value=-0.091236958698767218 0.12075335892738753 0.12441940580192386 -0.1253360087905421 -0.1253360087905421 0.10869230054109964 -0.10504526243221815 -0.058232550270942339 -0.12315228782194097 0.12441940580192386 0.12240547274666293 -0.070496987185959301 -0.12882018458646557 0.12441940580192386 0.17109702183288225
leaf_weight=1162.6812811940908 1143.2062936574221 283.72980916500092 131.83103762567043 125.36646835505962 307.49775302410126 98.644475162029266 124.35237435996532 586.25610983371735 115.69565033912659 67.187087059020996 57.198234871029854 25.695980429649353 37.187887609004974 9.6359926611185056
leaf_count=4861 4959 1236 571 543 1316 418 519 2533 504 292 235 104 162 39
internal_value=4.77575e-05 -0.0417375 0.0796563 -0.0604414 0.013824 0.0567794 0.0998226 -0.0802867 -0.0623719 -0.0791628 0.0336998 0.115723 -0.0161846 -0.0470246
internal_weight=4276.17 2804.26 1471.91 2520.53 531.509 406.142 1340.08 1989.02 1402.76 1287.07 124.385 1178.54 161.54 35.332
internal_count=18292 11938 6354 10702 2277 1734 5783 8425 5892 5388 527 5102 681 143
is_linear=0
shrinkage=0.08


Tree=5
num_leaves=15
num_cat=0
split_feature=6 16 17 11 0 19 19 19 18 10 10 4 10 0
split_gain=1948.45 1194.69 835.711 504.602 436.453 466.015 344.224 217.631 599.279 237.048 157.554 135.669 130.05 98.548
threshold=0.55000000000000016 1.0000000180025095e-35 1.0000000180025095e-35 1.0000000180025095e-35 1.5000000000000002 0.45000000000000007 0.45000000000000007 0.36665000000000009 1.0000000180025095e-35 1.0000000180025095e-35 0.67500000000000016 1.0000000180025095e-35 0.68500000000000016 1.5000000000000002
decision_type=2 2 2 2 2 2 2 2 2 2 2 2 2 2
left_child=1 3 6 7 -5 -6 11 8 9 13 -11 -2 -8 -1
right_child=2 -3 -4 4 5 -7 12 -9 -10 10 -12 -13 -14 -15
leaf_value=-0.1278782937731815 -0.14926543429665831 0.11922275275773729 -0.1199954481185769 -0.1199954481185769 0.10322739308152416 -0.099444729702995643 -0.054052786409736563 -0.11775399328518414 0.11922275275773729 0.11715345067816314 -0.06571854725999994 0.11349963941225902 0.11922275275773729 -0.072628824200077546
leaf_weight=271.23364278674126 12.717762187123297 272.85269612073898 126.88407398760319 120.6620878726244 298.25439769029617 95.973776817321777 123.29502381384373 564.95084509253502 111.26032269001007 64.685282170772552 56.478554010391235 1123.9236632287502 35.762246578931808 867.33866946399212
leaf_count=1158 53 1236 571 543 1316 418 519 2533 504 292 235 5049 162 3703
internal_value=6.34046e-05 -0.0395704 0.0759466 -0.0572489 0.0131388 0.0538874 0.0951347 -0.0759694 -0.0587511 -0.0744698 0.0319106 0.11056 -0.0150937 -0.0857905
internal_weight=4146.27 2723.69 1422.58 2450.84 514.89 394.228 1295.7 1935.95 1371 1259.74 121.164 1136.64 159.057 1138.57
internal_count=18292 11938 6354 10702 2277 1734 5783 8425 5892 5388 527 5102 681 4861
is_linear=0
shrinkage=0.08


Tree=6
num_leaves=15
num_cat=0
split_feature=6 16 17 11 0 19 19 19 18 10 10 20 10 0
split_gain=1714.18 1052.79 737.34 440.096 385.538 409.604 308.185 200.226 524.377 205.597 139.347 130.664 113.77 94.0885
threshold=0.55000000000000016 1.0000000180025095e-35 1.0000000180025095e-35 1.0000000180025095e-35 1.5000000000000002 0.29165000000000002 0.45000000000000007 0.36665000000000009 1.0000000180025095e-35 1.0000000180025095e-35 0.65500000000000014 1.0000000180025095e-35 0.68500000000000016 2.5000000000000004
decision_type=2 2 2 2 2 2 2 2 2 2 2 2 2 2
left_child=1 3 6 7 -5 -6 11 8 9 -1 -11 -2 -8 -12
right_child=2 -3 -4 4 5 -7 12 -9 -10 10 13 -13 -14 -15
leaf_value=-0.080878557154088315 0.1110028102066016 0.11481450882651005 -0.11547294613059352 -0.11547294613059352 0.1002643513441244 -0.089125259272693338 -0.050212701603657102 -0.1131465751546061 0.11481450882651005 0.11524615337750489 -0.13029275938364449 -0.046395269057140469 0.11481450882651005 0.088067731900106597
leaf_weight=1112.2804313153028 1057.8501485437155 261.14108937978745 121.524215310812 115.56505939364433 282.82314367592335 98.553264603018761 122.15429380536079 541.86410877108574 106.4847160577774 60.293039917945862 38.631583496928215 34.867628991603851 34.227230161428452 18.762653231620789
leaf_count=4861 4959 1236 571 543 1291 443 519 2533 504 284 163 143 162 80
internal_value=7.62187e-05 -0.0376516 0.0726457 -0.054414 0.0125344 0.0513233 0.0909477 -0.0721264 -0.0554948 -0.0702393 0.0303135 0.10598 -0.0140932 -0.0589089
internal_weight=4007.02 2636.4 1370.62 2375.26 496.941 381.376 1249.1 1878.32 1336.45 1229.97 117.687 1092.72 156.382 57.3942
internal_count=18292 11938 6354 10702 2277 1734 5783 8425 5892 5388 527 5102 681 243
is_linear=0
shrinkage=0.08


Tree=7
num_leaves=15
num_cat=0
split_feature=6 16 17 19 18 10 19 0 11 20 10 0 13 14
split_gain=1513.95 931.04 653.433 394.368 826.381 349.935 277.868 185.233 233.371 117.802 110.189 134.54 108.603 127.525
threshold=0.55000000000000016 1.0000000180025095e-35 1.0000000180025095e-35 0.36665000000000009 1.0000000180025095e-35 1.0000000180025095e-35 0.45000000000000007 1.5000000000000002 1.0000000180025095e-35 1.0000000180025095e-35 0.67500000000000016 2.5000000000000004 1.0000000180025095e-35 1.0000000180025095e-35
decision_type=2 2 2 2 2 2 2 2 2 2 2 2 2 2
left_child=1 3 6 4 5 7 9 -1 12 -2 -7 -12 13 -9
right_child=2 -3 -4 -5 -6 10 -8 8 -10 -11 11 -13 -14 -15
leaf_value=-0.11682128738786546 0.10703678958951439 0.11103824159770592 -0.11160442452241677 -0.10644676831976652 0.11301031614096804 0.11105049830527904 -0.013169481592528454 -0.020541858124783298 0.061596055870158727 -0.042941170738576249 -0.12414892325467779 0.099841756753081379 -0.099834835347200335 -0.12106494660667801
leaf_weight=354.27777627110481 1011.1959658265114 248.92032158374786 115.9074065387249 618.64201229810715 219.46293246746063 96.694898247718811 153.58818194270134 409.06026512384415 108.17506362497807 34.66694900393486 37.351821169257164 31.750754833221436 320.29979115724564 100.640032351017
leaf_count=1648 4959 1236 571 3004 1063 470 681 1825 512 143 163 139 1429 449
internal_value=9.32016e-05 -0.0359208 0.0697818 -0.0518508 -0.0317191 -0.0535005 0.0873098 -0.0675367 -0.0489256 0.102066 0.0559169 -0.0212313 -0.06333 -0.0403901
internal_weight=3860.63 2545.28 1315.36 2296.36 1677.71 1458.25 1199.45 1292.45 938.175 1045.86 165.797 69.1026 830 509.7
internal_count=18292 11938 6354 10702 7698 6635 5783 5863 4215 5102 772 302 3703 2274
is_linear=0
shrinkage=0.08


Tree=8
num_leaves=15
num_cat=0
split_feature=6 16 17 19 18 10 19 0 11 4 10 10 0 13
split_gain=1339.31 826.208 579.801 357.088 730.462 305.843 254.806 171.83 202.385 109.347 99.5997 99.1658 117.682 98.9
threshold=0.55000000000000016 1.0000000180025095e-35 1.0000000180025095e-35 0.36665000000000009 1.0000000180025095e-35 1.0000000180025095e-35 0.45000000000000007 1.5000000000000002 1.0000000180025095e-35 1.0000000180025095e-35 0.68500000000000016 0.66500000000000015 2.5000000000000004 1.0000000180025095e-35
decision_type=2 2 2 2 2 2 2 2 2 2 2 2 2 2
left_child=1 3 6 4 5 7 9 -1 13 -2 -8 -7 -13 -9
right_child=2 -3 -4 -5 -6 11 10 8 -10 -11 -12 12 -14 -15
leaf_value=-0.11277450147147187 -0.14053319756944022 0.10777625582051287 -0.10826693822240774 -0.10283538167582582 0.10948702136825281 0.10838586005002789 -0.045743954104581291 -0.037711672084622935 0.058166165654059972 0.10153717086315794 0.11144968879782517 -0.118994454556467 0.090847997116006524 -0.095191927224082873
leaf_weight=338.28542774915695 12.089204534888266 236.44818717241287 110.15726858377457 590.30171546339989 208.83795326948166 90.876786828041077 120.62983804941177 502.81210081279278 105.50202296674252 985.92219632863998 32.814339816570282 35.910960331559181 32.659947082400322 309.49457108974457
leaf_count=1648 53 1236 571 3004 1063 464 519 2274 512 5049 162 163 145 1429
internal_value=0.000100514 -0.0343712 0.0670741 -0.0495474 -0.0301825 -0.0507883 0.0838485 -0.0640371 -0.0460735 0.0986049 -0.0121278 0.0535827 -0.0190476 -0.0596121
internal_weight=3712.74 2451.13 1261.61 2214.68 1624.38 1415.54 1151.46 1256.09 917.809 998.011 153.444 159.448 68.5709 812.307
internal_count=18292 11938 6354 10702 7698 6635 5783 5863 4215 5102 681 772 308 3703
is_linear=0
shrinkage=0.08


Tree=9
num_leaves=15
num_cat=0
split_feature=6 16 17 19 18 10 19 0 11 10 20 13 14 10
split_gain=1188.33 735.125 516.332 324.587 647.376 267.674 232.067 160.696 175.564 129.819 125.838 90.7213 117.245 89.5053
threshold=0.55000000000000016 1.0000000180025095e-35 1.0000000180025095e-35 0.36665000000000009 1.0000000180025095e-35 1.0000000180025095e-35 1.0000000180025095e-35 1.5000000000000002 1.0000000180025095e-35 0.68500000000000016 1.0000000180025095e-35 1.0000000180025095e-35 1.0000000180025095e-35 0.66500000000000015
decision_type=2 2 2 2 2 2 2 2 2 2 2 2 2 2
left_child=1 3 6 4 5 7 10 -1 11 -8 -2 12 -9 -7
right_child=2 -3 -4 -5 -6 13 9 8 -10 -11 -12 -13 -14 -15
leaf_value=-0.10928977315409003 0.10244839834843958 0.10493831234363415 -0.10536641055404962 -0.099620311755930918 0.10643244810701234 0.10533472546552204 -0.043735385259894816 -0.016239570031713998 0.054929781875152184 0.10957035311682434 -0.063632862733683779 -0.090995140035568231 -0.11503607316405504 -0.018124249221193319
leaf_weight=321.81973731517792 891.84674622118473 223.92746651172638 104.37121598422527 561.775969222188 198.0849627405405 86.219065845012665 131.12956680357456 401.16468816995621 102.89066711068153 48.398467049002647 30.186031296849251 298.32916708290577 95.100686267018318 66.622691377997398
leaf_count=1648 4824 1236 571 3004 1063 464 580 1825 512 252 127 1429 449 308
internal_value=0.000109066 -0.0329507 0.0646954 -0.0474334 -0.0287627 -0.0482796 0.0808085 -0.0607896 -0.0433985 -0.00240611 0.0970111 -0.0561308 -0.0351722 0.0515198
internal_weight=3561.87 2355.94 1205.93 2132.01 1570.23 1372.15 1101.56 1219.3 897.485 179.528 922.033 794.595 496.265 152.842
internal_count=18292 11938 6354 10702 7698 6635 5783 5863 4215 832 4951 3703 2274 772
is_linear=0
shrinkage=0.08


Tree=10
num_leaves=15
num_cat=0
split_feature=6 16 17 19 18 10 19 0 11 10 20 9 2 13
split_gain=1057.38 655.383 461.366 296.23 574.813 234.749 213.191 151.015 152.472 114.766 113.832 88.1547 86.0309 83.3928
threshold=0.55000000000000016 1.0000000180025095e-35 1.0000000180025095e-35 0.36665000000000009 1.0000000180025095e-35 1.0000000180025095e-35 1.0000000180025095e-35 1.5000000000000002 1.0000000180025095e-35 0.68500000000000016 1.0000000180025095e-35 1.0000000180025095e-35 1.0000000180025095e-35 1.0000000180025095e-35
decision_type=2 2 2 2 2 2 2 2 2 2 2 2 2 2
left_child=1 3 6 4 5 7 10 -1 13 11 -2 -8 -13 -9
right_child=2 -3 -4 -5 -6 -7 9 8 -10 -11 -12 12 -14 -15
leaf_value=-0.1062661134523805 0.099727635055817429 0.10245395962025095 -0.10282963356233549 -0.096729885530009413 0.10376653755919585 0.049066058140488159 0.13790613016999137 -0.032846317837684297 0.051865652998963452 0.10659433735973345 -0.059212326524457945 -0.082103966961587893 0.21414105486728705 -0.087157785401677901
leaf_weight=305.17938575148582 844.81155987083912 211.51633197069168 98.625332310795784 533.44134758412838 187.35886336863041 148.04129010438919 15.589326858520506 489.55300880968571 100.35857218503952 45.873074054718018 29.858149781823158 107.84280097484589 6.6613561660051337 287.01543074846268
leaf_count=1648 4824 1236 571 3004 1063 772 64 2274 512 252 127 486 30 1429
internal_value=0.000119864 -0.0316223 0.0626083 -0.0454497 -0.0274235 -0.0459024 0.0781383 -0.0577957 -0.0409276 -0.00220598 0.094302 -0.0405707 -0.0648697 -0.0529195
internal_weight=3411.73 2262.46 1149.26 2050.95 1517.51 1330.15 1050.64 1182.11 876.927 175.967 874.67 130.093 114.504 776.568
internal_count=18292 11938 6354 10702 7698 6635 5783 5863 4215 832 4951 580 516 3703
is_linear=0
shrinkage=0.08


Tree=11
num_leaves=15
num_cat=0
split_feature=6 16 17 19 18 0 12 19 20 10 13 7 16 13
split_gain=942.618 584.911 413.476 271.723 510.756 209.482 270.911 195.416 103.324 102.094 84.7839 77.2308 77.2007 77.0702
threshold=0.55000000000000016 1.0000000180025095e-35 1.0000000180025095e-35 0.36665000000000009 1.0000000180025095e-35 1.5000000000000002 1.5000000000000002 1.0000000180025095e-35 1.0000000180025095e-35 0.68500000000000016 1.0000000180025095e-35 0.87500000000000011 1.0000000180025095e-35 1.0000000180025095e-35
decision_type=2 2 2 2 2 2 2 2 2 2 2 2 2 2
left_child=1 3 7 4 5 -1 13 8 -2 12 -8 -5 -9 -7
right_child=2 -3 -4 11 -6 6 10 9 -10 -11 -12 -13 -14 -15
leaf_value=-0.10362526441592061 0.097291332808597183 0.10026738947210084 -0.10059873992643958 0.25543652555376867 0.10142634533525544 -0.030611607185411737 0.073003082362461225 -0.055937442379368027 -0.055149741798396636 0.10398719070778047 -0.038478016792566384 -0.096903803530333621 0.17871661732937605 -0.083612201166125
leaf_weight=288.59844553470612 798.58354242146015 199.33648860454559 92.978309631347656 4.0133501440286627 176.77975715696812 483.52574422955513 187.26188693940639 117.96528942883015 29.507769078016281 43.363979369401932 56.935349076986313 501.57523414492607 9.7118985056877118 275.71973022818565
leaf_count=1648 4824 1236 571 23 1063 2274 997 537 127 252 287 2981 43 1429
internal_value=0.000127747 -0.0303363 0.0607637 -0.0435221 -0.0261101 -0.0435599 -0.0262846 0.07578 0.0918593 -0.00206793 0.0470109 -0.0941069 -0.0380882 -0.0498588
internal_weight=3265.86 2173.75 1092.11 1974.41 1468.82 1292.04 1003.44 999.132 828.091 171.041 244.197 505.589 127.677 759.245
internal_count=18292 11938 6354 10702 7698 6635 4987 5783 4951 832 1284 3004 580 3703
is_linear=0
shrinkage=0.08


Tree=12
num_leaves=15
num_cat=0
split_feature=6 16 17 19 18 0 12 19 20 10 9 13 13 14
split_gain=841.224 523.024 370.958 249.899 454.748 195.159 235.12 180.253 94.083 90.8151 74.6814 74.2613 71.3597 110.184
threshold=0.55000000000000016 1.0000000180025095e-35 1.0000000180025095e-35 0.36665000000000009 1.0000000180025095e-35 1.5000000000000002 1.5000000000000002 1.0000000180025095e-35 1.0000000180025095e-35 0.68500000000000016 1.0000000180025095e-35 1.0000000180025095e-35 1.0000000180025095e-35 1.0000000180025095e-35
decision_type=2 2 2 2 2 2 2 2 2 2 2 2 2 2
left_child=1 3 7 4 5 -1 12 8 -2 10 -9 -8 13 -7
right_child=2 -3 -4 -5 -6 6 11 9 -10 -11 -12 -13 -14 -15
leaf_value=-0.10130558150220012 0.095092900660205065 0.098333791617805102 -0.09862734800893122 -0.091736359376848209 0.099361676698939846 -0.010247798843681597 0.069283224407046179 0.13102036845966966 -0.051398101865351001 0.10169014457877613 -0.058249518870080605 -0.035170144113003954 -0.080304977624685969 -0.10930869671988863
leaf_weight=272.25826853513718 753.52782349288464 187.48006242513657 87.474707290530205 478.39574697613716 166.43944272398949 389.66857083141804 181.76176948845387 15.165592551231383 29.144029051065445 40.896909803152084 110.97430512309074 57.291378885507584 264.57131864130497 88.109635919332504
leaf_count=1648 4824 1236 571 3004 1063 1825 997 64 127 252 516 287 1429 449
internal_value=0.000135915 -0.0291408 0.059017 -0.0417291 -0.0248829 -0.041378 -0.024753 0.0735371 0.0896381 -0.00190608 -0.0354939 0.04425 -0.0469735 -0.0285161
internal_weight=3123.16 2085.98 1037.18 1898.5 1420.1 1253.66 981.403 949.709 782.672 167.037 126.14 239.053 742.35 477.778
internal_count=18292 11938 6354 10702 7698 6635 4987 5783 4951 832 580 1284 3703 2274
is_linear=0
shrinkage=0.08


Tree=13
num_leaves=15
num_cat=0
split_feature=6 16 17 19 18 0 12 19 20 10 9 7 13 14
split_gain=752.07 468.427 333.519 229.886 405.657 182.165 204.248 165.999 85.92 83.4282 84.7098 66.9253 65.9335 100.684
threshold=0.55000000000000016 1.0000000180025095e-35 1.0000000180025095e-35 0.36665000000000009 1.0000000180025095e-35 1.5000000000000002 1.5000000000000002 1.0000000180025095e-35 1.0000000180025095e-35 0.52500000000000013 1.0000000180025095e-35 0.87500000000000011 1.0000000180025095e-35 1.0000000180025095e-35
decision_type=2 2 2 2 2 2 2 2 2 2 2 2 2 2
left_child=1 3 7 4 5 -1 12 8 -2 10 -9 -5 13 -7
right_child=2 -3 -4 11 -6 6 -8 9 -10 -11 -12 -13 -14 -15
leaf_value=-0.099257837772011082 0.093094213397787687 0.09661676383858861 -0.096877876904009286 0.22207195004666586 0.097531984143039471 -0.0094667790734028114 0.041645832854666665 0.12477775960915163 -0.047920080501612054 0.064303477400278558 -0.084788785776872072 -0.092556140379262936 -0.077193537666495685 -0.10627388938686734
leaf_weight=256.29734870791435 709.91521506011486 176.01507049798965 82.1475640386343 4.369107097387313 156.40667593479156 388.13740499317646 234.04473435878754 14.670456379652022 28.774206519126892 69.760789692401886 77.855677098035812 447.75221534073353 253.66921196877956 83.561746254563332
leaf_count=1648 4824 1236 571 23 1063 1825 1284 64 127 399 369 2981 1429 449
internal_value=0.000143017 -0.0280166 0.0574363 -0.0400421 -0.0237402 -0.0393424 -0.0233366 0.071506 0.0876013 -0.00175541 -0.051561 -0.0895157 -0.0443037 -0.0266162
internal_weight=2983.38 2000.25 983.124 1824.24 1372.12 1215.71 959.413 900.976 738.689 162.287 92.5261 452.121 725.368 471.699
internal_count=18292 11938 6354 10702 7698 6635 4987 5783 4951 832 433 3004 3703 2274
is_linear=0
shrinkage=0.08


Tree=14
num_leaves=15
num_cat=0
split_feature=6 16 17 19 18 0 12 19 4 10 10 0 16 13
split_gain=672.415 419.998 299.96 212.269 362.24 170.55 177.064 154.046 80.827 75.5794 67.3078 97.4582 63.3237 60.9059
threshold=0.55000000000000016 1.0000000180025095e-35 1.0000000180025095e-35 0.36665000000000009 1.0000000180025095e-35 1.5000000000000002 1.5000000000000002 1.0000000180025095e-35 1.0000000180025095e-35 0.68500000000000016 0.67500000000000016 2.5000000000000004 1.0000000180025095e-35 1.0000000180025095e-35
decision_type=2 2 2 2 2 2 2 2 2 2 2 2 2 2
left_child=1 3 7 4 5 -1 13 8 -2 12 -8 -12 -9 -7
right_child=2 -3 -4 -5 -6 6 10 9 -10 -11 11 -13 -14 -15
leaf_value=-0.097442224573648886 -0.13629362897734029 0.095086418358400593 -0.095319488341417999 -0.087509952112891851 0.095904152179865823 -0.024842620013643929 0.066245867415773083 -0.048844029464204061 0.089064365714318208 0.098469292450079765 -0.11888241119590864 0.076696045202569327 0.16755144548715112 -0.074243706226098452
leaf_weight=240.81923282146454 10.339207947254179 164.99002540111542 77.020618766546249 426.63297626376152 146.73150840401649 465.74040903151035 164.73162078857422 112.13692271709442 686.00530144572258 36.983896493911743 35.686378851532936 30.026424869894981 9.3784824907779676 243.08772543072701
leaf_count=1648 53 1236 571 3004 1063 2274 982 537 4898 252 163 139 43 1429
internal_value=0.000139977 -0.026941 0.0558921 -0.0384231 -0.0226394 -0.037379 -0.0219795 0.0695161 0.0857183 -0.00166602 0.0389387 -0.0295159 -0.0321428 -0.0417844
internal_weight=2850.31 1918.45 931.864 1753.46 1326.82 1180.09 939.273 854.844 696.345 158.499 230.444 65.7128 121.515 708.828
internal_count=18292 11938 6354 10702 7698 6635 4987 5783 4951 832 1284 302 580 3703
is_linear=0
shrinkage=0.08


Tree=15
num_leaves=15
num_cat=0
split_feature=6 16 17 19 18 0 12 19 20 10 13 7 2 9
split_gain=601.223 377.272 269.784 195.465 324.268 159.54 154 142.366 78.1645 67.5939 65.0029 59.1958 57.3088 67.4661
threshold=0.55000000000000016 1.0000000180025095e-35 1.0000000180025095e-35 0.36665000000000009 1.0000000180025095e-35 1.5000000000000002 1.5000000000000002 1.0000000180025095e-35 1.0000000180025095e-35 0.68500000000000016 1.0000000180025095e-35 0.87500000000000011 1.0000000180025095e-35 1.0000000180025095e-35
decision_type=2 2 2 2 2 2 2 2 2 2 2 2 2 2
left_child=1 3 7 4 5 -1 -7 8 -2 12 -8 -5 13 -9
right_child=2 -3 -4 11 -6 6 10 9 -10 -11 -12 -13 -14 -15
leaf_value=-0.095826183716165594 0.089631396169765468 0.09371799496077772 -0.093926680319377134 0.1982300196214441 0.094450874232560211 -0.03932663154433292 0.062104729972006806 0.12038599205931068 -0.046687109822508815 0.096788399139893733 -0.0379626124176526 -0.088880468114519079 0.19568706014474205 -0.066825629950053408
leaf_weight=225.89910872280598 628.83937746286392 154.43764641880989 72.110037744045258 4.6496479064226142 137.44883352518082 693.76989425718784 166.9090134203434 14.069783627986906 28.124282285571098 34.708984673023224 55.314341232180595 397.77700801193714 6.7938412725925437 99.04401658475399
leaf_count=1648 4824 1236 571 23 1063 3703 997 64 127 252 287 2981 30 486
internal_value=0.000146989 -0.0259458 0.0543648 -0.0369346 -0.0216381 -0.0356117 -0.0207618 0.0675407 0.0837957 -0.00152623 0.0371966 -0.0855632 -0.0299848 -0.0435391
internal_weight=2719.9 1836.21 883.69 1681.77 1279.34 1141.89 915.993 811.58 656.964 154.617 222.223 402.427 119.908 113.114
internal_count=18292 11938 6354 10702 7698 6635 4987 5783 4951 832 1284 3004 580 550
is_linear=0
shrinkage=0.08


Tree=16
num_leaves=15
num_cat=0
split_feature=6 16 17 19 18 0 12 19 20 10 9 10 0 17
split_gain=538.454 338.756 243.419 181.262 290.007 150.101 133.231 131.493 71.7512 63.0425 65.3926 59.2636 84.4734 58.953
threshold=0.55000000000000016 1.0000000180025095e-35 1.0000000180025095e-35 0.36665000000000009 1.0000000180025095e-35 1.5000000000000002 1.5000000000000002 1.0000000180025095e-35 1.0000000180025095e-35 0.52500000000000013 1.0000000180025095e-35 0.67500000000000016 2.5000000000000004 1.0000000180025095e-35
decision_type=2 2 2 2 2 2 2 2 2 2 2 2 2 2
left_child=1 3 7 4 5 -1 -7 8 -2 10 -9 -8 -13 -14
right_child=2 -3 -4 -5 -6 6 11 9 -10 -11 -12 12 13 -15
leaf_value=-0.094382845325165277 0.088058308687674544 0.092490779635014952 -0.092678146952930571 -0.083813191659591835 0.093149407596347239 -0.036913046711377337 0.06172456642083974 0.11585286805117238 -0.043523574931477134 0.059035485173050802 -0.076027087067841698 -0.11536511849136895 0.12764718490932631 -0.15434913884682178
leaf_weight=211.58922415971756 590.43875648826361 144.37802740931511 67.425963178277016 379.0134384855628 128.58135099709034 680.56371146440506 154.36630816757679 13.474993944168089 27.770077183842659 63.529415458440781 72.665658712387085 34.236911192536354 23.184597447514538 5.9653697162866584
leaf_count=1648 4824 1236 571 3004 1063 3703 982 64 127 399 369 163 115 24
internal_value=0.000158703 -0.0249224 0.0530615 -0.0354027 -0.0205877 -0.0337641 -0.0194859 0.0658586 0.0821476 -0.00142281 -0.0460113 0.0349806 -0.0301489 0.0699383
internal_weight=2597.18 1761.88 835.305 1617.5 1238.49 1109.91 898.317 767.879 618.209 149.67 86.1407 217.753 63.3869 29.15
internal_count=18292 11938 6354 10702 7698 6635 4987 5783 4951 832 433 1284 302 139
is_linear=0
shrinkage=0.08


Tree=17
num_leaves=15
num_cat=0
split_feature=6 16 17 19 18 0 19 13 14 4 12 10 7 16
split_gain=482.096 304.718 219.516 167.316 260.034 140.915 122.438 120.743 163.425 68.7854 67.4611 56.9386 53.0838 51.021
threshold=0.55000000000000016 1.0000000180025095e-35 1.0000000180025095e-35 0.36665000000000009 1.0000000180025095e-35 1.5000000000000002 1.0000000180025095e-35 1.0000000180025095e-35 1.0000000180025095e-35 1.0000000180025095e-35 1.5000000000000002 0.68500000000000016 0.87500000000000011 1.0000000180025095e-35
decision_type=2 2 2 2 2 2 2 2 2 2 2 2 2 2
left_child=1 3 6 4 5 -1 9 8 10 -2 -7 13 -5 -8
right_child=2 -3 -4 12 -6 7 11 -9 -10 -11 -12 -13 -14 -15
leaf_value=-0.093089818938820748 -0.13483789245455219 0.091387313820133736 -0.091555969902218703 0.18014982131274335 0.091980665079844051 -0.00085421813675991764 -0.042882204508216538 -0.062162766781685405 -0.10770888885739702 0.084103225078287366 0.062101093993831159 0.094433455935002755 -0.085678033464850131 0.15639434303335076
leaf_weight=197.92329642176628 9.3336400389671308 134.82111400365829 62.973661869764328 4.874278098344802 120.14197026193142 370.95627970993519 105.88094052672386 276.05857414007187 76.237932085990906 572.02192228287458 154.22531911730766 31.224465854465961 352.21400963515043 8.91508039832115
leaf_count=1648 53 1236 571 23 1063 1825 537 1716 459 4898 987 252 2981 43
internal_value=0.000171114 -0.0239789 0.0517331 -0.0339966 -0.019644 -0.0321145 0.0641386 -0.018361 0.00174451 0.0805881 0.0176333 -0.00135259 -0.0820495 -0.0274064
internal_weight=2477.8 1687.45 790.35 1552.63 1195.54 1075.4 727.376 877.478 601.42 581.356 525.182 146.02 357.088 114.796
internal_count=18292 11938 6354 10702 7698 6635 5783 4987 3271 4951 2812 832 3004 580
is_linear=0
shrinkage=0.08


Tree=18
num_leaves=15
num_cat=0
split_feature=16 13 6 19 15 0 12 10 17 9 7 1 14 10
split_gain=436.2 361.545 327.563 169.634 214.663 156.027 95.459 73.5077 62.0667 61.2834 60.7165 51.1363 35.5429 35.3606
threshold=1.0000000180025095e-35 1.0000000180025095e-35 0.63335000000000008 0.45000000000000007 1.0000000180025095e-35 1.5000000000000002 1.5000000000000002 1.0000000180025095e-35 1.0000000180025095e-35 0.7250000000000002 0.87500000000000011 9.5000000000000018 1.0000000180025095e-35 0.67500000000000016
decision_type=2 2 2 2 2 2 2 2 2 2 2 2 2 2
left_child=1 2 3 4 5 -1 12 11 -9 -3 -5 -4 -7 -8
right_child=-2 9 7 10 -6 6 13 8 -10 -11 -12 -13 -14 -15
leaf_value=-0.091920793346178448 0.093313951844857163 -0.072838085821347973 -0.10600028349801383 0.22986368532026269 -0.10042995055252102 -0.00078618080008801671 0.084636911107324714 0.082861796756559372 -0.090544931419801411 0.10066973413788823 -0.081283335118267963 0.034457812312853879 0.090264779852315513 0.0017549481541957938
leaf_weight=75.702180065214634 283.27536239475012 530.34652802348137 23.71424724906683 4.0824817568063727 116.81917755305767 370.81924602389336 192.29098254442215 380.37501989305019 13.68539062142372 13.356311760842798 238.56311011314392 55.209437340497971 29.631265953183174 39.755294814705849
leaf_count=675 2643 3950 126 18 855 1825 1548 3317 133 115 2150 435 294 208
internal_value=0.000169394 -0.0124895 0.00730366 -0.0172486 4.49243e-05 0.0166185 0.0296093 0.0627254 0.0768395 -0.0685758 -0.0760483 -0.00774572 0.00595112 0.0704372
internal_weight=2367.63 2084.35 1540.65 1067.66 825.018 708.199 632.497 472.984 394.06 543.703 242.646 78.9237 400.451 232.046
internal_count=18292 15649 11584 7573 5405 4550 3875 4011 3450 4065 2168 561 2119 1756
is_linear=0
shrinkage=0.08


Tree=19
num_leaves=15
num_cat=0
split_feature=16 13 6 19 15 0 12 15 17 9 7 19 12 10
split_gain=396.718 319.224 292.177 154.13 194.06 139.795 87.3934 70.0386 57.9804 54.4699 51.5373 50.9363 34.0021 33.6524
threshold=1.0000000180025095e-35 1.0000000180025095e-35 0.63335000000000008 0.45000000000000007 1.0000000180025095e-35 1.5000000000000002 1.5000000000000002 1.0000000180025095e-35 1.0000000180025095e-35 0.7250000000000002 0.87500000000000011 1.0000000180025095e-35 2.5000000000000004 0.67500000000000016
decision_type=2 2 2 2 2 2 2 2 2 2 2 2 2 2
left_child=1 2 3 4 5 -1 -7 8 11 12 -5 -4 -3 -8
right_child=-2 9 7 10 -6 6 13 -9 -10 -11 -12 -13 -14 -15
leaf_value=-0.090875554647976017 0.09230052528801673 -0.074812756135753708 0.084376197329021282 0.1991363778488234 -0.098966338930999639 0.0055229296773391745 0.082902457401607996 -0.14687896693565591 -0.089804401680370932 0.099365935352461549 -0.079714905825517365 0.013817336437376813 0.014770321433301646 0.0016147680390393988
leaf_weight=70.652806259691715 264.24996203184128 481.4996572509408 344.4597283154726 4.3236007839441291 109.36699248850346 398.30622638761997 181.06951777637005 10.163873344659804 14.858537897467611 12.484606660902498 224.37860777974129 80.847921162843704 28.734781570732594 39.750198617577553
leaf_count=675 2643 3726 3328 18 855 2119 1548 56 153 115 2150 474 224 208
internal_value=0.000173348 -0.0119935 0.00700836 -0.016534 3.86022e-05 0.0157362 0.0279024 0.0607423 0.0655365 -0.0657281 -0.0744432 0.0709635 -0.0697677 0.0682697
internal_weight=2265.15 2000.9 1478.18 1027.85 799.146 689.779 619.126 450.33 440.166 522.719 228.702 425.308 510.234 220.82
internal_count=18292 15649 11584 7573 5405 4550 3875 4011 3955 4065 2168 3802 3950 1756
is_linear=0
shrinkage=0.08


Tree=20
num_leaves=15
num_cat=0
split_feature=16 13 6 15 19 0 12 10 17 9 7 1 14 19
split_gain=361.117 282.549 261.162 141.205 175.38 125.156 80.2688 68.3883 50.722 48.522 44.0769 43.7809 32.7524 32.2982
threshold=1.0000000180025095e-35 1.0000000180025095e-35 0.63335000000000008 1.0000000180025095e-35 0.45000000000000007 1.5000000000000002 1.5000000000000002 1.0000000180025095e-35 1.0000000180025095e-35 0.7250000000000002 0.87500000000000011 9.5000000000000018 1.0000000180025095e-35 0.45000000000000007
decision_type=2 2 2 2 2 2 2 2 2 2 2 2 2 2
left_child=1 2 3 4 5 -1 12 11 13 -3 -6 -4 -7 -9
right_child=-2 9 7 -5 10 6 -8 8 -10 -11 -12 -13 -14 -15
leaf_value=-0.089932217710702866 0.091378206423533032 -0.066962486991467077 -0.10314517612943563 -0.096444162638580161 0.17766110786891923 -0.0011631316948412464 0.06615699308921201 0.089238705400643284 -0.088804788393980441 0.098160990839550155 -0.076966131610725644 0.029885049549848441 0.089327159326255817 0.018026094913392649
leaf_weight=65.876922138035297 246.29509469866753 489.98863969743252 22.721142664551735 121.90455500036478 4.4521593153476706 371.57838381826878 210.17804726213217 293.75608888268471 11.879221633076666 11.660448163747786 191.34984338283539 52.226905807852745 27.492847412824631 47.328098610043526
leaf_count=675 2643 3950 126 1053 18 1825 1756 3040 133 115 1952 435 294 277
internal_value=0.000175261 -0.0115096 0.00671503 -0.0158028 -0.00451533 0.0148179 0.0261443 0.0589604 0.0736978 -0.0631243 -0.0711764 -0.0104442 0.00507093 0.0793574
internal_weight=2168.69 1922.39 1420.74 992.833 870.928 675.126 609.249 427.911 352.963 501.649 195.802 74.948 399.071 341.084
internal_count=18292 15649 11584 7573 6520 4550 3875 4011 3450 4065 1970 561 2119 3317
is_linear=0
shrinkage=0.08


Tree=21
num_leaves=15
num_cat=0
split_feature=16 13 15 19 10 0 14 4 17 12 9 19 11 10
split_gain=328.938 248.916 235.647 214.903 174.946 118.071 64.6183 61.2067 56.7438 47.9759 44.3927 32.2212 31.1772 26.4065
threshold=1.0000000180025095e-35 1.0000000180025095e-35 1.0000000180025095e-35 0.45000000000000007 1.0000000180025095e-35 1.5000000000000002 1.0000000180025095e-35 1.5000000000000002 1.0000000180025095e-35 2.5000000000000004 1.0000000180025095e-35 0.45000000000000007 1.0000000180025095e-35 0.68500000000000016
decision_type=2 2 2 2 2 2 2 2 2 2 2 2 2 2
left_child=1 2 3 4 5 -1 12 10 -6 -3 -5 -11 -7 -12
right_child=-2 9 -4 7 8 6 -8 -9 -10 11 13 -13 -14 -15
leaf_value=-0.092301382261258141 0.090536287755152239 -0.067343047597227298 -0.099031673585039254 0.11314309832659468 0.080059502257393195 -0.00068301777514004792 0.089811834733191515 0.11440660421270193 -0.096834587759773771 0.096752400091340771 -0.070931738079390683 -0.060245917240064187 0.058964683642476513 0.084693370974757001
leaf_weight=68.918985538184643 229.38707757741213 448.95061819255352 123.31437668949366 9.2145588994026166 385.2592888623476 388.12093867361546 71.400359831750393 13.790769144892691 11.966188587248324 19.906143687665462 219.47626779228449 14.431702084839342 65.555320769548416 7.2071387842297545
leaf_count=713 2643 3780 1109 45 3974 1979 784 75 134 165 2161 120 541 69
internal_value=0.000182042 -0.0110363 0.00644133 0.0169226 0.0336318 0.00614758 0.0190695 -0.04941 0.0747307 -0.0603722 -0.0589868 0.0307683 0.00793596 -0.0659838
internal_weight=2076.9 1847.51 1364.22 1240.91 991.221 593.996 525.077 249.689 397.225 483.288 235.898 34.3378 453.676 226.683
internal_count=18292 15649 11584 10475 8125 4017 3304 2350 4108 4065 2275 285 2520 2230
is_linear=0
shrinkage=0.08


Tree=22
num_leaves=15
num_cat=0
split_feature=16 13 6 15 19 0 14 10 11 12 17 1 7 19
split_gain=299.894 219.865 214.357 118.365 141.046 99.9687 69.2752 59.5017 44.2028 42.2409 41.7372 35.5711 35.1775 30.1589
threshold=1.0000000180025095e-35 1.0000000180025095e-35 0.63335000000000008 1.0000000180025095e-35 0.45000000000000007 1.5000000000000002 1.0000000180025095e-35 1.0000000180025095e-35 1.0000000180025095e-35 2.5000000000000004 1.0000000180025095e-35 9.5000000000000018 0.87500000000000011 0.45000000000000007
decision_type=2 2 2 2 2 2 2 2 2 2 2 2 2 2
left_child=1 2 3 4 5 -1 8 11 -7 -3 13 -4 -6 -9
right_child=-2 9 7 -5 12 6 -8 10 -10 -11 -12 -13 -14 -15
leaf_value=-0.088279683662480984 0.08976560784147336 -0.064508017622081429 -0.097637383602169517 -0.09430492936663383 0.15297113004939492 0.0012254971369449153 0.088057125960072771 0.08744010179802679 0.068225917267038999 0.029937956083326705 -0.087352436113985577 0.026711634124378901 -0.073988665329027509 0.016708963798971261
leaf_weight=56.978448502719402 213.49485924839973 431.90210358053446 20.78100873529911 105.80927955359221 4.4858832806348792 425.16100762784481 88.223216265439987 257.175641939044 73.98598388582468 32.594467759132385 10.245103172957895 50.503426089882851 170.16766853630543 45.390398442745209
leaf_count=675 2643 3780 126 1053 18 2196 1063 3040 616 285 133 435 1952 277
internal_value=0.000188724 -0.0105952 0.00618517 -0.0146788 -0.00439172 0.0128928 0.0227071 0.0564208 0.0111566 -0.0578806 0.0714519 -0.00953889 -0.0681593 0.0768291
internal_weight=1986.9 1773.4 1308.91 924.811 819.002 644.349 587.37 384.096 499.147 464.497 312.811 71.2844 174.654 302.566
internal_count=18292 15649 11584 7573 6520 4550 3875 4011 2812 4065 3450 561 1970 3317
is_linear=0
shrinkage=0.08


Tree=23
num_leaves=15
num_cat=0
split_feature=16 13 15 19 10 0 14 6 17 9 9 7 12 19
split_gain=273.52 193.342 196.492 167.869 150.73 96.2009 57.1529 50.9271 47.3493 41.7731 41.1251 26.5798 25.4876 29.5249
threshold=1.0000000180025095e-35 1.0000000180025095e-35 1.0000000180025095e-35 0.45000000000000007 1.0000000180025095e-35 1.5000000000000002 1.0000000180025095e-35 1.1250000000000002 1.0000000180025095e-35 0.7250000000000002 0.7250000000000002 0.87500000000000011 2.5000000000000004 0.45000000000000007
decision_type=2 2 2 2 2 2 2 2 2 2 2 2 2 2
left_child=1 2 3 4 5 -1 -7 9 -6 11 12 -5 -3 -14
right_child=-2 10 -4 7 8 6 -8 -9 -10 -11 -12 -13 13 -15
leaf_value=-0.090513174888928807 0.089058331609335767 -0.064053222416965455 -0.097431376146415533 0.13229063039735411 0.076917346343335732 0.0066039152305053415 0.088439484147554495 0.11546588546666905 -0.095954002778817341 0.14691138931328193 0.098183292331629674 -0.065309242723149877 0.097096574710778719 -0.069196910068681852
leaf_weight=59.997648864984512 198.5820224583149 410.2257280126214 107.63583633303642 4.4516524225473395 342.8916132375598 448.22593459486961 62.196687467396259 11.842557378113268 10.449237346649168 6.3675507232546797 10.909162305295466 204.28744032979012 13.96263861656189 13.382117919623852
leaf_count=713 2643 3726 1109 21 3974 2520 784 77 134 40 115 2212 111 113
internal_value=0.000196559 -0.0101421 0.00593207 0.0156005 0.0307458 0.00531207 0.0165759 -0.0460459 0.0718051 -0.0549378 -0.0552432 -0.0610951 -0.0590683 0.015715
internal_weight=1905.41 1706.83 1258.35 1150.71 923.761 570.42 510.423 226.949 353.341 215.107 448.48 208.739 437.57 27.3448
internal_count=18292 15649 11584 10475 8125 4017 3304 2350 4108 2273 4065 2233 3950 224
is_linear=0
shrinkage=0.08


Tree=24
num_leaves=15
num_cat=0
split_feature=16 10 9 17 19 18 0 11 10 10 9 14 13 17
split_gain=249.632 173.052 189.595 146.41 128.149 151.174 118.306 82.2627 56.4658 61.1763 49.0567 43.5839 51.7213 26.3583
threshold=1.0000000180025095e-35 0.68500000000000016 1.0000000180025095e-35 1.0000000180025095e-35 1.0000000180025095e-35 1.0000000180025095e-35 1.5000000000000002 1.0000000180025095e-35 0.67500000000000016 1.0000000180025095e-35 0.7250000000000002 1.0000000180025095e-35 1.0000000180025095e-35 1.0000000180025095e-35
decision_type=2 2 2 2 2 2 2 2 2 2 2 2 2 2
left_child=1 2 -1 -3 5 6 -4 8 9 11 -6 12 -8 -11
right_child=-2 3 4 -5 10 -7 7 -9 -10 13 -12 -13 -14 -15
leaf_value=0.089776357582375538 0.088407705582721388 0.092579090975510037 -0.090139887457072701 -0.092914214866265929 -0.074598058484991112 0.087290133879563733 0.00024156163414576433 0.052030993038383655 -0.11458841847696251 0.094488584816055959 0.16460719760910131 -0.096198363376270371 -0.052988697309170447 -0.10171790394913066
leaf_weight=95.45574539899826 184.60850360989571 161.25312800705433 140.31743448600173 32.766644842922688 321.22111182659864 87.958457000553608 384.87750246375799 115.24882175028324 38.934288315474987 41.068596974015236 5.5823847576975814 46.95481564104557 167.73886051028967 4.9053820297121993
leaf_count=1224 2643 1925 1745 408 3503 1210 1960 988 246 398 26 450 1502 64
internal_value=0.000199669 -0.00970371 -0.0191964 0.0612524 -0.0268743 -0.0130018 -0.022386 -0.0104981 -0.0210264 -0.0153835 -0.070512 -0.022203 -0.0159157 0.0735535
internal_weight=1828.89 1644.28 1450.26 194.02 1354.81 1028 940.046 799.728 684.479 645.545 326.803 599.571 552.616 45.974
internal_count=18292 15649 13316 2333 12092 8563 7353 5608 4620 4374 3529 3912 3462 462
is_linear=0
shrinkage=0.08


Tree=25
num_leaves=15
num_cat=0
split_feature=16 10 9 17 19 0 18 11 10 10 9 14 13 14
split_gain=228.095 156.424 171.182 133.847 116.548 139.249 107.891 71.8648 49.6349 54.6433 43.2037 41.0484 46.1554 25.5755
threshold=1.0000000180025095e-35 0.68500000000000016 1.0000000180025095e-35 1.0000000180025095e-35 1.0000000180025095e-35 1.5000000000000002 1.0000000180025095e-35 1.0000000180025095e-35 0.67500000000000016 1.0000000180025095e-35 0.7250000000000002 1.0000000180025095e-35 1.0000000180025095e-35 1.0000000180025095e-35
decision_type=2 2 2 2 2 2 2 2 2 2 2 2 2 2
left_child=1 2 -1 -3 5 -4 7 8 9 11 -6 12 -7 -9
right_child=-2 3 4 -5 10 6 -8 13 -10 -11 -12 -13 -14 -15
leaf_value=0.089034656792065667 0.087807898992621022 0.091720419401448969 -0.089400849162061272 -0.092044358968802004 -0.072613050585380479 0.00022221367948850043 0.086712492213475129 0.054427519323192862 -0.10890399069574577 0.072691496821007465 0.15323028113404347 -0.09542905631889069 -0.050743194785503598 -0.25686458451676786
leaf_weight=88.820927813649178 171.53187350928783 150.19224563241005 130.55645536631346 30.521652825176716 304.30193072557449 384.91418315470219 81.714745961129665 109.60736113786697 37.73921537399292 42.918879665434361 5.5194198042154303 43.679839879274368 161.414028249681 1.7155855894088734
leaf_count=1224 2643 1925 1745 408 3503 1960 1210 980 246 462 26 450 1502 8
internal_value=0.000206882 -0.00934206 -0.0184271 0.0606835 -0.0257463 -0.0123959 -0.000755927 -0.00989603 -0.0197767 -0.0144624 -0.0685897 -0.0208022 -0.0148356 0.0496302
internal_weight=1745.15 1573.62 1392.9 180.714 1304.08 994.26 863.704 781.989 670.666 632.927 309.821 590.008 546.328 111.323
internal_count=18292 15649 13316 2333 12092 8563 6818 5608 4620 4374 3529 3912 3462 988
is_linear=0
shrinkage=0.08


Tree=26
num_leaves=15
num_cat=0
split_feature=16 13 15 6 19 14 0 11 17 19 9 7 7 10
split_gain=208.499 143.021 150.924 125.916 90.3514 66.5735 53.1677 32.6879 32.3794 33.9471 30.7503 24.8559 21.9493 38.5962
threshold=1.0000000180025095e-35 1.0000000180025095e-35 1.0000000180025095e-35 0.63335000000000008 0.45000000000000007 1.0000000180025095e-35 1.5000000000000002 1.0000000180025095e-35 1.0000000180025095e-35 1.0000000180025095e-35 0.7250000000000002 0.87500000000000011 0.87500000000000011 0.67500000000000016
decision_type=2 2 2 2 2 2 2 2 2 2 2 2 2 2
left_child=1 2 3 4 5 6 -1 12 9 -5 -3 -6 -8 -14
right_child=-2 10 -4 8 11 -7 7 -9 -10 -11 -12 -13 13 -15
leaf_value=-0.08578847412672426 0.087253869082384028 -0.054076573783564154 -0.095265673863451181 0.077906104333084966 0.1297829983658137 0.085695200688438875 0.10535907715558837 0.061518969474151003 -0.08633373325400534 0.013494933194177701 0.094558862242915084 -0.067944680466843599 0.0018990571586698314 -0.11860933473633459
leaf_weight=42.16633677110076 159.30842907354236 382.04062558338046 87.506704643368721 221.18597021698952 4.1961408853530875 65.845602937042713 12.243443652987478 63.204481892287731 9.6461649648845178 68.611570581793785 9.1207494139671308 134.1595004349947 390.5428549349308 17.784004926681519
leaf_count=675 2643 3950 1109 3328 18 1063 60 616 153 474 115 1952 2055 81
internal_value=0.00021392 -0.00897962 0.00559797 0.0141706 -0.00374588 0.00986135 0.000367267 0.0078767 0.0578568 0.0626563 -0.0506108 -0.0619479 -0.000184815 -0.00334949
internal_weight=1667.56 1508.25 1117.09 1029.59 730.142 591.787 525.941 483.775 299.444 289.798 391.161 138.356 420.57 408.327
internal_count=18292 15649 11584 10475 6520 4550 3487 2812 3955 3802 4065 1970 2196 2136
is_linear=0
shrinkage=0.08


Tree=27
num_leaves=15
num_cat=0
split_feature=16 10 9 17 19 0 18 11 10 10 9 14 13 17
split_gain=190.557 131.365 142.507 116.194 100.043 122.054 89.3085 56.7592 41.6429 47.5484 36.8624 36.2316 35.6139 24.0355
threshold=1.0000000180025095e-35 0.68500000000000016 1.0000000180025095e-35 1.0000000180025095e-35 1.0000000180025095e-35 1.5000000000000002 1.0000000180025095e-35 1.0000000180025095e-35 0.67500000000000016 1.0000000180025095e-35 0.7250000000000002 1.0000000180025095e-35 1.0000000180025095e-35 1.0000000180025095e-35
decision_type=2 2 2 2 2 2 2 2 2 2 2 2 2 2
left_child=1 2 -1 -3 5 -4 7 8 9 11 -6 12 -7 -11
right_child=-2 3 4 -5 10 6 -8 -9 -10 13 -12 -13 -14 -15
leaf_value=0.087994117352646978 0.086741259734562648 0.090495848640458176 -0.088501599393048538 -0.091298340315153909 -0.069565518778251095 -0.00012267813233585737 0.085715006964330542 0.046360149286186203 -0.10188962520310697 0.092965403693726092 0.14197884382079812 -0.094163079796497462 -0.046156738324352492 -0.10134363319000185
leaf_weight=77.749654270708561 147.89398345723748 133.13898931443691 114.5780083835125 27.077143013477325 276.21524510532618 384.51187532395124 70.51853271573782 104.18550596386194 35.190113626420498 36.171614341437817 5.3743904307484618 37.685065776109695 149.32821884006262 4.5914000347256652
leaf_count=1224 2643 1925 1745 408 3503 1960 1210 988 246 398 26 450 1502 64
internal_value=0.000219631 -0.00856694 -0.0170146 0.0597719 -0.0237158 -0.011147 -0.000367038 -0.00844296 -0.0172613 -0.0123975 -0.065528 -0.0183513 -0.0129995 0.0710791
internal_weight=1604.21 1456.32 1296.1 160.216 1218.35 936.76 822.182 751.664 647.478 612.288 281.59 571.525 533.84 40.763
internal_count=18292 15649 13316 2333 12092 8563 6818 5608 4620 4374 3529 3912 3462 462
is_linear=0
shrinkage=0.08


Tree=28
num_leaves=15
num_cat=0
split_feature=16 10 9 17 19 0 18 14 11 10 10 7 13 9
split_gain=174.343 118.856 128.801 106.388 90.7593 112.607 81.5704 50.9465 48.818 41.0651 37.6444 32.8162 31.61 23.0576
threshold=1.0000000180025095e-35 0.68500000000000016 1.0000000180025095e-35 1.0000000180025095e-35 1.0000000180025095e-35 1.5000000000000002 1.0000000180025095e-35 1.0000000180025095e-35 1.0000000180025095e-35 0.67500000000000016 1.0000000180025095e-35 0.87500000000000011 1.0000000180025095e-35 0.7250000000000002
decision_type=2 2 2 2 2 2 2 2 2 2 2 2 2 2
left_child=1 2 -1 -3 5 -4 7 8 9 10 12 -6 -7 -13
right_child=-2 3 4 -5 11 6 -8 -9 -10 -11 -12 13 -14 -15
leaf_value=0.087396149656070093 0.086266246152251438 0.089792377604325346 -0.087906349077176038 -0.090570451792786499 0.071694576108927169 -0.00011286751198407969 0.085272108553717849 -0.099611948275829476 0.048923306401787388 -0.097026464284091604 0.070334721512796752 -0.072195452344894356 -0.044031145310167864 0.1381014455148567
leaf_weight=72.243075773119926 137.24457297101617 123.82651825621724 106.45590570941567 25.188080966472626 10.998849760740994 384.49324544519186 65.421162996441126 36.857863247394562 99.056815378367901 34.045727826654911 38.00851683318615 253.06001070514321 144.22875251248479 3.3813691139221183
leaf_count=1224 2643 1925 1745 408 65 1960 1210 458 980 246 462 3450 1502 14
internal_value=0.000226556 -0.00822458 -0.0162862 0.0593055 -0.0226555 -0.0105978 -0.000337444 -0.00793992 -0.00311186 -0.0116915 -0.00656509 -0.0636189 -0.0120932 -0.0694225
internal_weight=1534.51 1397.27 1248.25 149.015 1176.01 908.568 802.112 736.691 699.833 600.776 566.731 267.44 528.722 256.441
internal_count=18292 15649 13316 2333 12092 8563 6818 5608 5150 4170 3924 3529 3462 3464
is_linear=0
shrinkage=0.08


Tree=29
num_leaves=15
num_cat=0
split_feature=16 10 9 17 0 19 18 14 11 10 10 6 7 13
split_gain=159.587 107.597 116.479 97.4596 84.0208 104.199 74.5456 47.0751 42.6555 36.1442 33.0747 29.9637 30.6227 28.0004
threshold=1.0000000180025095e-35 0.68500000000000016 1.0000000180025095e-35 1.0000000180025095e-35 1.5000000000000002 1.0000000180025095e-35 1.0000000180025095e-35 1.0000000180025095e-35 1.0000000180025095e-35 0.67500000000000016 1.0000000180025095e-35 1.3666500000000001 0.87500000000000011 1.0000000180025095e-35
decision_type=2 2 2 2 2 2 2 2 2 2 2 2 2 2
left_child=1 2 -1 -3 -4 6 7 8 9 10 13 12 -7 -6
right_child=-2 3 4 -5 5 11 -8 -9 -10 -11 -12 -13 -14 -15
leaf_value=0.086843677945115924 0.085825507833401912 0.089138499589050277 -0.087386753773778733 -0.089887627944139029 -0.0001038488561415561 0.067448362712595217 0.084865894640955147 -0.099061688308747051 0.046646818786665628 -0.092307864856429597 0.06753969553767418 0.17336509334883193 -0.070273786079108863 -0.041947105636347369
leaf_weight=67.095769688487053 127.31689947471023 115.11071492359042 112.0927595756948 23.420991763472557 384.47611849009991 10.828413255512713 60.668654624372721 34.205427534878254 95.720216207206249 32.968599550426006 36.479161497205496 3.4542104043066493 225.73480089381337 139.48293955996633
leaf_count=1224 2643 1925 1940 408 1960 64 1210 458 980 246 462 22 3248 1502
internal_value=0.000228004 -0.0078943 -0.0155814 0.0588713 -0.0216303 -0.0144324 -0.000312508 -0.00745675 -0.00290985 -0.0109037 -0.00611493 -0.0605541 -0.0639697 -0.0112429
internal_weight=1469.06 1341.74 1203.21 138.532 1136.11 1024.02 784.001 723.332 689.127 593.407 560.438 240.017 236.563 523.959
internal_count=18292 15649 13316 2333 12092 10152 6818 5608 5150 4170 3924 3334 3312 3462
is_linear=0
shrinkage=0.08


Tree=30
num_leaves=15
num_cat=0
split_feature=16 10 9 17 0 19 18 14 11 10 9 10 6 13
split_gain=146.132 97.4282 105.362 89.3219 78.8232 93.9701 68.1628 43.4981 37.2314 31.7667 29.154 29.0106 26.067 24.7535
threshold=1.0000000180025095e-35 0.68500000000000016 1.0000000180025095e-35 1.0000000180025095e-35 1.5000000000000002 1.0000000180025095e-35 1.0000000180025095e-35 1.0000000180025095e-35 1.0000000180025095e-35 0.67500000000000016 0.7250000000000002 1.0000000180025095e-35 1.3666500000000001 1.0000000180025095e-35
decision_type=2 2 2 2 2 2 2 2 2 2 2 2 2 2
left_child=1 2 -1 -3 -4 6 7 8 9 11 12 13 -7 -6
right_child=-2 3 4 -5 5 10 -8 -9 -10 -11 -12 -13 -14 -15
leaf_value=0.086332918505237138 0.085416125121796416 0.088529850450098854 -0.086866821737431724 -0.089246501887493765 -9.5544243918593255e-05 -0.066682163344496406 0.084492891292635 -0.098541103437124453 0.044423020153362539 -0.087710980834322369 0.13048126654657141 0.064718429002679684 0.14532101108504528 -0.039907009712355238
leaf_weight=62.288741737604141 118.0687445551157 106.96146664023399 104.06881869211793 21.769316457211971 384.46033751219511 219.25987737253308 56.241414003074169 31.735660061240196 92.602368827909231 31.963227700442076 5.0931724458932868 35.082633264362812 3.7757344990968695 135.07065385952592
leaf_count=1224 2643 1925 1940 408 1960 3286 1210 458 980 246 26 462 22 1502
internal_value=0.000227042 -0.00756773 -0.0148855 0.0584666 -0.0206205 -0.0136937 -0.000288888 -0.00699609 -0.00271851 -0.0101607 -0.0587715 -0.00569136 -0.0630932 -0.010446
internal_weight=1408.44 1290.37 1161.64 128.731 1099.35 995.285 767.156 710.915 679.179 586.577 228.129 554.614 223.036 519.531
internal_count=18292 15649 13316 2333 12092 10152 6818 5608 5150 4170 3334 3924 3308 3462
is_linear=0
shrinkage=0.08


Tree=31
num_leaves=15
num_cat=0
split_feature=16 13 15 6 19 14 7 1 0 11 17 19 9 19
split_gain=133.844 89.425 99.6654 82.577 52.53 48.3107 31.1542 46.9113 34.0168 29.0388 22.8619 22.0981 19.9767 19.0495
threshold=1.0000000180025095e-35 1.0000000180025095e-35 1.0000000180025095e-35 0.63335000000000008 0.87500000000000011 1.0000000180025095e-35 0.87500000000000011 13.500000000000002 1.5000000000000002 1.0000000180025095e-35 1.0000000180025095e-35 1.0000000180025095e-35 0.7250000000000002 0.29165000000000002
decision_type=2 2 2 2 2 2 2 2 2 2 2 2 2 2
left_child=1 2 3 4 5 6 -1 8 -8 -10 11 -5 13 -3
right_child=-2 12 -4 10 -6 -7 7 -9 9 -11 -12 -13 -14 -15
leaf_value=0.096522684372495601 0.085035510824224794 -0.036133575746613869 -0.093179410642325447 0.073969063879974095 -0.084515454569808898 0.075887436801132885 -0.083741413328721689 -0.077350131587252666 -0.00024162465791221948 0.067499769113688324 -0.085284951522231728 0.016583010145971962 0.091098763375755509 -0.083384659736754491
leaf_weight=19.312062311917543 109.45923150330782 239.10090781748295 61.398591686040163 159.76155829057097 46.244570314884186 54.360256467014551 28.296602264046669 54.258818231523037 391.15176566690207 45.177227903157473 7.3096672669053069 58.734388556331396 6.8597140572965136 70.767733417451382
leaf_count=151 2643 2874 1109 3328 916 1230 668 800 2205 550 153 474 115 1076
internal_value=0.00022821 -0.00724156 0.00530911 0.0123031 -0.00239613 0.00401266 -0.00324701 -0.00696029 0.00125982 0.00677228 0.0538871 0.058543 -0.0439354 -0.0469248
internal_weight=1352.19 1242.73 926.006 864.607 638.801 592.557 538.196 518.884 464.626 436.329 225.806 218.496 316.728 309.869
internal_count=18292 15649 11584 10475 6520 5604 4374 4223 3423 2755 3955 3802 4065 3950
is_linear=0
shrinkage=0.08


Tree=32
num_leaves=15
num_cat=0
split_feature=16 10 9 17 0 19 18 14 12 10 12 7 6 13
split_gain=122.581 81.722 88.1743 78.5101 71.5709 77.7906 57.3853 37.384 29.3309 29.983 28.6497 25.3698 23.2553 19.2734
threshold=1.0000000180025095e-35 0.68500000000000016 1.0000000180025095e-35 1.0000000180025095e-35 1.5000000000000002 1.0000000180025095e-35 1.0000000180025095e-35 1.0000000180025095e-35 2.5000000000000004 0.67500000000000016 1.5000000000000002 0.87500000000000011 1.3666500000000001 1.0000000180025095e-35
decision_type=2 2 2 2 2 2 2 2 2 2 2 2 2 2
left_child=1 2 -1 -3 -4 6 7 8 9 10 13 -7 -13 -6
right_child=-2 3 4 -5 5 11 -8 -9 -10 -11 -12 12 -14 -15
leaf_value=0.085632907179007456 0.084681393530411805 0.087721687721980995 -0.086324312195938974 -0.088903769540482958 -0.00018146357602572422 0.0651384064653351 0.083866417318927661 -0.097574478461545822 0.088516965157855121 -0.083312213318648076 0.037937264737765819 -0.065860013337702999 0.13099155439798454 -0.036104495570624104
leaf_weight=54.442815691232681 101.44900660216808 94.467963915318251 91.627162538468838 19.416916087269783 383.62023179978132 10.591518148779867 48.66408596932888 27.409199967980385 22.036180660128593 30.090253587812185 98.75652814656496 193.51824792847037 3.9185954779386512 127.30566489323974
leaf_count=1224 2643 1925 1940 408 1960 65 1210 458 325 246 1117 3248 21 1502
internal_value=0.000224285 -0.00688106 -0.0136067 0.0576078 -0.0188141 -0.0122747 -9.32845e-05 -0.00602148 -0.00222976 -0.00535542 -0.00150794 -0.0554823 -0.061953 -0.00913228
internal_weight=1307.31 1205.87 1091.98 113.885 1037.54 945.911 737.882 689.218 661.809 639.773 609.682 208.028 197.437 510.926
internal_count=18292 15649 13316 2333 12092 10152 6818 5608 5150 4825 4579 3334 3269 3462
is_linear=0
shrinkage=0.08


Tree=33
num_leaves=15
num_cat=0
split_feature=16 10 9 17 0 19 18 14 12 10 9 12 6 7
split_gain=112.347 74.0625 79.8456 72.0312 67.0946 69.9337 52.5567 34.5177 26.7346 26.2253 24.8283 24.8086 19.1483 19.3706
threshold=1.0000000180025095e-35 0.68500000000000016 1.0000000180025095e-35 1.0000000180025095e-35 1.5000000000000002 1.0000000180025095e-35 1.0000000180025095e-35 1.0000000180025095e-35 2.5000000000000004 0.67500000000000016 0.7250000000000002 1.5000000000000002 1.3666500000000001 0.70835000000000015
decision_type=2 2 2 2 2 2 2 2 2 2 2 2 2 2
left_child=1 2 -1 -3 -4 6 7 8 9 11 12 -6 13 -7
right_child=-2 3 4 -5 5 10 -8 -9 -10 -11 -12 -13 -14 -15
leaf_value=0.085214239125225938 0.084351749493692341 0.087215443865469366 -0.085890222567367197 -0.088346097479237926 -0.0084710096836223391 0.055082646407382682 0.083573405189391783 -0.097088854009820938 0.087871773829968802 -0.078985816603469386 0.12497470684319657 0.03580874751568363 0.11079467778228158 -0.067550928224455645
leaf_weight=50.49394616484642 94.000377673655748 87.690569411963224 84.992655871436 18.032632533460855 507.3525825701654 8.6378204822540265 45.073716942220926 25.423360027372837 20.485239423811436 29.235618760809302 4.8547472171485415 96.358550384640694 4.1979081630706778 180.50528284907341
leaf_count=1224 2643 1925 1940 408 3462 51 1210 458 325 246 26 1117 22 3235
internal_value=0.000225275 -0.00657236 -0.0129544 0.0572709 -0.0178763 -0.0116074 -7.98357e-05 -0.00563413 -0.00207586 -0.00498701 -0.053713 -0.0014035 -0.0581998 -0.0619505
internal_weight=1257.34 1163.33 1057.61 105.723 1007.12 922.125 723.929 678.855 653.432 632.947 198.196 603.711 193.341 189.143
internal_count=18292 15649 13316 2333 12092 10152 6818 5608 5150 4825 3334 4579 3308 3286
is_linear=0
shrinkage=0.08


Tree=34
num_leaves=15
num_cat=0
split_feature=16 13 15 6 19 14 7 1 0 11 4 19 17 19
split_gain=102.988 69.3093 77.9841 62.1222 42.8542 38.102 24.4235 38.8447 26.5826 22.6729 18.6156 176.773 18.4517 18.1344
threshold=1.0000000180025095e-35 1.0000000180025095e-35 1.0000000180025095e-35 0.63335000000000008 0.87500000000000011 1.0000000180025095e-35 0.87500000000000011 13.500000000000002 1.5000000000000002 1.0000000180025095e-35 1.0000000180025095e-35 0.45000000000000007 1.0000000180025095e-35 1.0000000180025095e-35
decision_type=2 2 2 2 2 2 2 2 2 2 2 2 2 2
left_child=1 2 3 4 5 6 -1 8 -8 -10 11 -7 13 -5
right_child=-2 -3 -4 12 -6 10 7 -9 9 -11 -12 -13 -14 -15
leaf_value=0.092905536621796195 0.084044736570614051 -0.040288818809156392 -0.092093381718384784 0.071448433772616282 -0.083625086649401145 0.082918973563148202 -0.082896931858175926 -0.074095956141246741 0.00069551790417175059 0.064186933602869575 0.0022700353589049753 1.4360474428847498 -0.084826215807328506 0.016517666342203141
leaf_weight=16.821117371320724 87.077410809695721 285.76734060421586 49.479495652019978 132.14385125786066 37.909126695245504 29.205896317958835 22.355283755809069 47.269020801410079 387.53446673601866 39.68205751106143 14.989232912659643 0.63125571608543296 6.2001305613666764 54.256293941289186
leaf_count=151 2643 4065 1109 3328 916 861 668 800 2205 550 357 12 153 474
internal_value=0.000227869 -0.0062641 0.00533211 0.0114418 -0.00131479 0.00427228 -0.00190056 -0.00511033 0.00214298 0.00659293 0.0750063 0.111547 0.0509435 0.0554595
internal_weight=1211.32 1124.24 838.477 788.998 596.397 558.488 513.662 496.841 449.572 427.217 44.8264 29.8372 192.6 186.4
internal_count=18292 15649 11584 10475 6520 5604 4374 4223 3423 2755 1230 873 3955 3802
is_linear=0
shrinkage=0.08


Tree=35
num_leaves=15
num_cat=0
split_feature=16 9 9 0 19 18 12 17 14 10 10 10 7 6
split_gain=94.5116 65.1283 64.2619 64.6936 63.5298 54.0166 44.5896 28.4178 29.6672 25.2305 26.8177 35.9859 25.1756 20.8056
threshold=1.0000000180025095e-35 0.7250000000000002 1.0000000180025095e-35 1.5000000000000002 1.0000000180025095e-35 1.0000000180025095e-35 2.5000000000000004 1.0000000180025095e-35 1.0000000180025095e-35 0.68500000000000016 0.67500000000000016 1.0000000180025095e-35 0.70835000000000015 1.3666500000000001
decision_type=2 2 2 2 2 2 2 2 2 2 2 2 2 2
left_child=1 2 -1 -4 5 6 7 8 9 10 11 -5 -6 -14
right_child=-2 -3 3 4 12 -7 -8 -9 -10 -11 -12 -13 13 -15
leaf_value=0.084654850777014914 0.083758740390795547 0.092752409880134432 -0.08548720012760859 -0.0051913963561264972 0.051793651618190724 0.083008508550864571 0.085830315084007958 -0.090700465371055916 -0.09613414567142789 0.091555052505316509 -0.085830705679307617 0.090381783091350504 -0.063339474896178943 0.088532110851747656
leaf_weight=44.149694852530956 80.645923784002662 41.160388395190239 74.905466204509139 547.66273088008165 14.440533492714165 49.485624674707651 34.031687997281551 25.603372141718864 21.952892411500216 18.102855887264013 24.75696274638176 26.430786516517401 168.22167228907347 5.9782368317246428
leaf_count=1224 2643 814 1940 3918 150 1540 745 545 458 408 206 362 3280 59
internal_value=0.000172328 -0.00597318 -0.00982228 -0.0139457 -0.00822451 0.00223822 -0.00348366 -0.00805772 -0.00474592 -0.00149407 -0.00430689 -0.000791287 -0.049713 -0.0581275
internal_weight=1177.53 1096.88 1055.72 1011.57 936.667 748.027 698.541 664.51 638.906 616.953 598.85 574.094 188.64 174.2
internal_count=18292 15649 14835 13611 11671 8182 6642 5897 5352 4894 4486 4280 3489 3339
is_linear=0
shrinkage=0.08


Tree=36
num_leaves=15
num_cat=0
split_feature=16 9 9 0 19 18 12 17 14 10 10 10 7 1
split_gain=86.6774 59.2603 58.3889 60.3319 56.8092 49.659 40.6261 26.34 27.3656 23.0262 23.5769 32.7585 22.4387 19.4634
threshold=1.0000000180025095e-35 0.7250000000000002 1.0000000180025095e-35 1.5000000000000002 1.0000000180025095e-35 1.0000000180025095e-35 2.5000000000000004 1.0000000180025095e-35 1.0000000180025095e-35 0.68500000000000016 0.67500000000000016 1.0000000180025095e-35 0.70835000000000015 13.500000000000002
decision_type=2 2 2 2 2 2 2 2 2 2 2 2 2 2
left_child=1 2 -1 -4 5 6 7 8 9 10 11 -5 -6 -14
right_child=-2 -3 3 4 12 -7 -8 -9 -10 -11 -12 -13 13 -15
leaf_value=0.084309120339529184 0.083492268812624226 0.092068440346099262 -0.085116659722918583 -0.004785892121350087 0.048392366942274195 0.082779748694737768 0.085397090964035027 -0.090211186245134189 -0.095635577063693161 0.090933384447771423 -0.081742385583260288 0.089563241903638707 -0.026644701145621084 -0.081622814611353983
leaf_weight=40.915648836642504 74.673538982868195 38.266667192801833 69.43526809476316 546.58764497190714 14.228181339800356 45.802102692425251 31.568105164915323 23.757890468463302 20.366495877504349 16.82067047059536 23.949680358171463 24.612591158598661 76.420916326344013 89.448366563767195
leaf_count=1224 2643 814 1940 3918 150 1540 745 545 458 408 206 362 1527 1812
internal_value=0.000180522 -0.00567647 -0.00932949 -0.013227 -0.00776307 0.00212233 -0.0032499 -0.00751516 -0.00440814 -0.00137208 -0.0039809 -0.000720458 -0.0480224 -0.0562928
internal_weight=1136.85 1062.18 1023.91 982.998 913.563 733.465 687.663 656.095 632.337 611.971 595.15 571.2 180.097 165.869
internal_count=18292 15649 14835 13611 11671 8182 6642 5897 5352 4894 4486 4280 3489 3339
is_linear=0
shrinkage=0.08


Tree=37
num_leaves=15
num_cat=0
split_feature=16 13 15 6 19 14 0 7 1 11 10 11 19 19
split_gain=79.5115 54.3731 61.1783 47.1181 35.8284 28.1881 19.2846 17.7125 36.2906 19.5561 16.8873 25.4337 17.3411 15.934
threshold=1.0000000180025095e-35 1.0000000180025095e-35 1.0000000180025095e-35 0.63335000000000008 0.87500000000000011 1.0000000180025095e-35 1.5000000000000002 0.87500000000000011 13.500000000000002 1.0000000180025095e-35 1.0000000180025095e-35 1.0000000180025095e-35 0.29165000000000002 0.29165000000000002
decision_type=2 2 2 2 2 2 2 2 2 2 2 2 2 2
left_child=1 2 3 4 5 6 -1 -8 9 -9 11 -10 -13 -3
right_child=-2 13 -4 -5 -6 -7 7 8 10 -11 -12 12 -14 -15
leaf_value=-0.08224957080122984 0.083243973646315472 -0.026848552914025846 -0.091043596742888658 0.048319375787362243 -0.082988205559873338 0.070877345047330231 0.089270794830524275 0.0013727969026042616 -0.10158052117576694 0.062318488596746623 -0.051862941661466593 -0.75446249132462229 -0.19857445581208899 -0.075825166954732681
leaf_weight=17.817137226462364 69.129638209939003 209.57536356337368 39.930083185434341 164.55170596204698 31.683198139071465 38.105340737849474 14.602082643657921 383.68794214352965 4.1945928633213034 36.939936943352222 34.669992245733738 0.75833737850189187 0.68229502439498901 53.332416968420148
leaf_count=675 2643 2977 1109 3955 916 1230 151 2205 40 550 736 8 9 1088
internal_value=0.0001874 -0.00538417 0.00537007 0.0106605 -0.000343559 0.00458336 -0.000537032 0.00252454 -0.000223533 0.00672511 -0.07274 -0.201183 -0.491189 -0.0367838
internal_weight=1099.66 1030.53 767.623 727.693 563.141 531.458 493.352 475.535 460.933 420.628 40.3052 5.63523 1.44063 262.908
internal_count=18292 15649 11584 10475 6520 5604 4374 3699 3548 2755 793 57 17 4065
is_linear=0
shrinkage=0.08


Tree=38
num_leaves=15
num_cat=0
split_feature=16 9 9 0 19 18 12 17 14 10 10 10 7 1
split_gain=72.9277 51.3469 50.0993 54.3549 47.5306 42.6336 35.8202 24.6553 23.4306 20.3652 20.4556 30.1963 18.8042 19.1564
threshold=1.0000000180025095e-35 0.7250000000000002 1.0000000180025095e-35 1.5000000000000002 1.0000000180025095e-35 1.0000000180025095e-35 2.5000000000000004 1.0000000180025095e-35 1.0000000180025095e-35 0.68500000000000016 0.67500000000000016 1.0000000180025095e-35 0.70835000000000015 12.500000000000002
decision_type=2 2 2 2 2 2 2 2 2 2 2 2 2 2
left_child=1 2 -1 -4 5 6 7 8 9 10 11 -5 -6 -14
right_child=-2 -3 3 4 12 -7 -8 -9 -10 -11 -12 -13 13 -15
leaf_value=0.083811617869881547 0.083012619828041048 0.091024800789910626 -0.084798773432162952 -0.0041659708217860339 0.044727783328760977 0.082423432222156978 0.085041530957789088 -0.089962297630113056 -0.094633165196124927 0.09054076202954757 -0.077797646507772711 0.089061409010260426 -0.01597850386573265 -0.074721844747930477
leaf_weight=36.272523082792759 63.985342061147094 34.384429924190044 61.362336058169603 542.13885345309973 13.630659911781548 39.918206807225943 28.52836686372757 21.916059983894229 17.592130266129971 15.172332402318714 22.697941571474075 23.186502985656261 55.889292564243078 97.523445006459951
leaf_count=1224 2643 814 1940 3918 150 1540 745 545 458 408 206 362 1199 2140
internal_value=0.000187837 -0.00505816 -0.00844375 -0.0120054 -0.00691904 0.00210114 -0.00267563 -0.00656922 -0.00362514 -0.000970902 -0.00333211 -0.000342302 -0.0453205 -0.0533213
internal_weight=1074.2 1010.21 975.829 939.556 878.194 711.15 671.232 642.704 620.788 603.196 588.023 565.325 167.043 153.413
internal_count=18292 15649 14835 13611 11671 8182 6642 5897 5352 4894 4486 4280 3489 3339
is_linear=0
shrinkage=0.08


Tree=39
num_leaves=15
num_cat=0
split_feature=16 9 9 0 19 18 12 17 14 10 10 10 6 7
split_gain=66.9366 46.7636 45.5713 50.6545 42.1462 39.235 32.6973 22.8225 21.5804 18.6138 17.9088 27.545 17.3065 17.9962
threshold=1.0000000180025095e-35 0.7250000000000002 1.0000000180025095e-35 1.5000000000000002 1.0000000180025095e-35 1.0000000180025095e-35 2.5000000000000004 1.0000000180025095e-35 1.0000000180025095e-35 0.68500000000000016 0.67500000000000016 1.0000000180025095e-35 1.3666500000000001 0.70835000000000015
decision_type=2 2 2 2 2 2 2 2 2 2 2 2 2 2
left_child=1 2 -1 -4 5 6 7 8 9 10 11 -5 13 -6
right_child=-2 -3 3 4 12 -7 -8 -9 -10 -11 -12 -13 -14 -15
leaf_value=0.083527350199574094 0.082797075984668678 0.090418130768765051 -0.084476646385907711 -0.0038390588175101965 0.04124349756576879 0.082240159929602361 0.084670228176110987 -0.089516261093327817 -0.094107085627898809 0.089972980774706918 -0.073830357895368584 0.088350200740016996 0.08614863589905758 -0.057061338321577566
leaf_weight=33.593090053647757 59.213450701907277 31.945182038471103 56.851819800212979 541.27771630138159 13.015846222639082 36.927936490625143 26.445800043642521 20.327805841341615 16.32673442363739 14.090643810108302 22.032450079917908 21.569122798740864 6.334410795941948 141.32302621379495
leaf_count=1224 2643 814 1940 3918 143 1540 745 545 458 408 206 362 66 3280
internal_value=0.000193616 -0.00478696 -0.00798799 -0.0113423 -0.00650575 0.00198678 -0.00248947 -0.00611584 -0.00336051 -0.000886935 -0.00307589 -0.00030623 -0.0434519 -0.048771
internal_weight=1041.28 982.062 950.116 916.523 859.671 698.998 662.07 635.624 615.297 598.97 584.879 562.847 160.673 154.339
internal_count=18292 15649 14835 13611 11671 8182 6642 5897 5352 4894 4486 4280 3489 3423
is_linear=0
shrinkage=0.08


Tree=40
num_leaves=15
num_cat=0
split_feature=16 13 15 11 19 14 2 19 12 9 1 1 10 1
split_gain=61.454 43.2803 48.1877 40.1872 27.7013 29.1377 17.0621 13.8222 16.6727 12.395 10.5872 10.3278 10.0467 15.8513
threshold=1.0000000180025095e-35 1.0000000180025095e-35 1.0000000180025095e-35 1.0000000180025095e-35 0.87500000000000011 1.0000000180025095e-35 1.0000000180025095e-35 0.29165000000000002 2.5000000000000004 1.0000000180025095e-35 8.5000000000000018 17.500000000000004 0.52500000000000013 11.500000000000002
decision_type=2 2 2 2 2 2 2 2 2 2 2 2 2 2
left_child=1 2 3 4 5 6 11 8 10 -6 -3 -1 13 -5
right_child=-2 7 -4 12 9 -7 -8 -9 -10 -11 -12 -13 -14 -15
leaf_value=0.00014911099628930302 0.082596286574858832 -0.09022388860970415 -0.090059527174052328 0.064617940000587251 0.089016134943261868 0.0681166407395698 0.094041913597013874 -0.073221104811493909 0.087198156633666049 -0.08415986255177664 -0.023430082756565142 -0.058034328936022249 0.095646137815002807 -0.0070523521039784851
leaf_weight=455.2908005733043 54.788396125659347 16.654665114358068 32.293108681216836 57.379256201907992 2.8944621533155432 43.850150411948562 12.051238270476459 45.877314500510693 8.2013790011405927 30.709828741848469 172.40817283093929 20.399663016200066 27.161417089402676 30.115766402333975
leaf_count=4199 2643 501 1109 1467 32 1643 283 1088 162 889 2314 333 921 708
internal_value=0.000199379 -0.00452631 0.00542347 0.00995892 0.00119847 0.00565143 3.55303e-05 -0.0336686 -0.0244699 -0.0692436 -0.029314 -0.00234605 0.0531433 0.039949
internal_weight=1010.08 955.287 712.146 679.853 565.196 531.592 487.742 243.142 197.264 33.6043 189.063 475.69 114.656 87.495
internal_count=18292 15649 11584 10475 7379 6458 4815 4065 2977 921 2815 4532 3096 2175
is_linear=0
shrinkage=0.08


Tree=41
num_leaves=15
num_cat=0
split_feature=16 9 9 0 19 18 14 13 11 19 10 19 10 19
split_gain=56.427 39.6762 38.9005 45.7383 35.2145 43.8108 23.3031 25.3426 19.7042 14.0266 13.3146 31.7935 16.0792 19.1039
threshold=1.0000000180025095e-35 0.7250000000000002 1.0000000180025095e-35 1.5000000000000002 0.53570000000000018 1.0000000180025095e-35 1.0000000180025095e-35 1.0000000180025095e-35 1.0000000180025095e-35 0.29165000000000002 1.0000000180025095e-35 0.45000000000000007 0.52500000000000013 0.45000000000000007
decision_type=2 2 2 2 2 2 2 2 2 2 2 2 2 2
left_child=1 2 -1 -4 5 6 7 8 -5 -9 11 -7 13 -12
right_child=-2 -3 3 4 -6 10 -8 9 -10 -11 12 -13 -14 -15
leaf_value=0.083054750277104572 0.082409298337900269 0.089532552332674126 -0.084051371816279738 -0.00082968281927699324 -0.081468676397694159 0.082644730737538044 -0.092410843476150487 -0.018798140845339716 0.047487347426109328 -0.074242290185011439 0.08178367835003128 0.38485069255282983 0.10772265823885759 -0.086758270139069213
leaf_weight=29.606134567409754 50.68617501296103 28.007085964083672 50.555594283156097 454.10476929694414 37.456333389505744 16.974538216367367 19.864184655249119 171.90414399281144 61.311393450945616 35.1787104383111 7.7325143311172768 2.564599208533763 12.19207104295492 9.7077246867120266
leaf_count=1224 2643 814 1940 3727 1064 784 634 2254 1305 897 365 16 448 177
internal_value=0.000194299 -0.00425229 -0.0071414 -0.0101775 -0.0056723 -0.00208553 -0.00692941 -0.00457921 0.00491788 -0.0282169 0.0710448 0.122311 0.0372408 -0.0120315
internal_weight=987.846 937.16 909.153 879.547 828.991 791.535 742.363 722.499 515.416 207.083 49.1714 19.5391 29.6323 17.4402
internal_count=18292 15649 14835 13611 11671 10607 8817 8183 5032 3151 1790 800 990 542
is_linear=0
shrinkage=0.08


Tree=42
num_leaves=15
num_cat=0
split_feature=16 9 9 0 19 18 17 10 1 14 11 8 1 6
split_gain=51.846 36.1748 35.4309 42.5859 32.3351 39.3114 22.9125 40.1795 35.9935 18.6529 19.3972 16.302 14.5534 12.525
threshold=1.0000000180025095e-35 0.7250000000000002 1.0000000180025095e-35 1.5000000000000002 0.53570000000000018 1.0000000180025095e-35 1.0000000180025095e-35 0.68500000000000016 13.500000000000002 1.0000000180025095e-35 1.0000000180025095e-35 1.0000000180025095e-35 8.5000000000000018 0.45000000000000007
decision_type=2 2 2 2 2 2 2 2 2 2 2 2 2 2
left_child=1 2 -1 -4 5 6 7 8 9 10 -5 13 -12 -10
right_child=-2 -3 3 4 -6 -7 -8 -9 11 -11 12 -13 -14 -15
leaf_value=0.082825497940407042 0.082235196582796405 0.088991622565849748 -0.083777842523798718 -0.0031946273833514801 -0.0806403063579271 0.06968887523245379 -0.088706719517767194 0.086595017422673032 -0.14484147562846861 -0.089740896597868616 -0.24178525102675508 0.15064338999695351 0.050129775841227665 -0.048037463887419696
leaf_weight=27.40248516947031 46.884280066937208 26.004595667123795 46.814893961884081 509.12262981757522 34.917530577629805 46.12423444353044 21.051015699282289 29.999613454565406 9.4717132113873941 14.581773238256572 1.1135533489286888 2.4710623528808346 59.302301438525319 88.287137987092137
leaf_count=1224 2643 814 1940 4006 1064 1790 604 985 107 529 12 24 787 1763
internal_value=0.00018072 -0.00401609 -0.00673163 -0.00957446 -0.00531963 -0.0019544 -0.00644785 -0.00402378 -0.00799621 -0.000396268 0.0018912 -0.0522872 0.0447494 -0.0574167
internal_weight=963.549 916.665 890.66 863.257 816.443 781.525 735.401 714.35 684.35 584.12 569.538 100.23 60.4159 97.7589
internal_count=18292 15649 14835 13611 11671 10607 8817 8213 7228 5334 4805 1894 799 1870
is_linear=0
shrinkage=0.08


Tree=43
num_leaves=15
num_cat=0
split_feature=16 9 9 0 19 18 17 10 1 14 11 7 1 0
split_gain=47.639 32.9932 32.2874 39.6391 29.6745 34.3495 21.2178 36.5941 31.1471 17.1141 16.8762 14.2445 12.5386 12.2278
threshold=1.0000000180025095e-35 0.7250000000000002 1.0000000180025095e-35 1.5000000000000002 0.53570000000000018 1.0000000180025095e-35 1.0000000180025095e-35 0.68500000000000016 13.500000000000002 1.0000000180025095e-35 1.0000000180025095e-35 0.70835000000000015 8.5000000000000018 2.5000000000000004
decision_type=2 2 2 2 2 2 2 2 2 2 2 2 2 2
left_child=1 2 -1 -4 5 6 7 8 9 10 -5 -10 -12 -13
right_child=-2 -3 3 4 -6 -7 -8 -9 11 -11 12 13 -14 -15
leaf_value=0.082613165711200087 0.082073133731366682 0.088475815253961629 -0.08352195511466913 -0.0029439052916585317 -0.079784540152173969 0.06624160307321246 -0.088284710137552777 0.086198850612828185 0.064325753393826929 -0.089313489469519655 -0.22519269630476926 -0.047224613050931161 0.047398457506481376 -0.14258777079220214
leaf_weight=25.358060076832771 43.361642198637128 24.139557803049684 43.342630918137729 508.31894844770432 32.564855104312301 44.703479887917638 19.521673584356904 27.815261108800769 6.6168183367699376 13.522503482177852 1.1005303375422943 82.18826837465167 57.767282586544752 9.6117122340947372
leaf_count=1224 2643 814 1940 4006 1064 1790 604 985 50 529 12 1770 787 74
internal_value=0.000177195 -0.00378361 -0.00633636 -0.00899916 -0.00498038 -0.00182155 -0.00600987 -0.00373791 -0.00742149 -0.000368405 0.00175217 -0.0490383 0.0423024 -0.0572094
internal_weight=939.933 896.572 872.432 847.074 803.731 771.166 726.463 706.941 679.126 580.709 567.187 98.4168 58.8678 91.8
internal_count=18292 15649 14835 13611 11671 10607 8817 8213 7228 5334 4805 1894 799 1844
is_linear=0
shrinkage=0.08


Tree=44
num_leaves=15
num_cat=0
split_feature=16 9 9 0 19 18 17 10 1 14 11 10 10 19
split_gain=43.7839 30.1039 29.4386 36.8835 27.4073 30.0495 19.5886 33.8181 27.3633 15.7631 14.4755 13.1185 16.8705 17.1826
threshold=1.0000000180025095e-35 0.7250000000000002 1.0000000180025095e-35 1.5000000000000002 0.70835000000000015 1.0000000180025095e-35 1.0000000180025095e-35 0.68500000000000016 13.500000000000002 1.0000000180025095e-35 1.0000000180025095e-35 1.0000000180025095e-35 0.52500000000000013 0.45000000000000007
decision_type=2 2 2 2 2 2 2 2 2 2 2 2 2 2
left_child=1 2 -1 -4 5 6 7 8 9 10 -5 -7 13 -13
right_child=-2 -3 3 4 -6 11 -8 -9 -10 -11 -12 12 -14 -15
leaf_value=0.082416533246404439 0.081922336943243912 0.087984084341981003 -0.083282564673185094 -0.0027403607186592457 -0.082369171490931078 0.11753767006824913 -0.087881265712477438 0.085830974454834938 -0.04606378900503165 -0.088861592457113711 0.039576919188781784 0.08143480031657957 0.10877540199866831 -0.087079323155441563
leaf_weight=23.462023168802261 40.098536157049239 22.40312547236681 40.120640856213868 507.75204024277627 28.018594808876514 17.02347407117486 18.100164646282792 26.062354302033782 98.274321362376213 12.611015766859053 57.603351311758161 6.2731029149144932 10.117885479703544 10.11972950398922
leaf_count=1224 2643 814 1940 4010 1024 800 604 990 1920 531 801 365 449 177
internal_value=0.000172911 -0.00356086 -0.00595805 -0.00844995 -0.00465891 -0.00180877 -0.00570915 -0.00359136 -0.00703771 -0.000401919 0.00157129 0.0627347 0.0275438 -0.0225934
internal_weight=918.04 877.942 855.539 832.077 791.956 763.937 720.403 702.303 676.241 577.966 565.355 43.5342 26.5107 16.3928
internal_count=18292 15649 14835 13611 11671 10647 8856 8252 7262 5342 4811 1791 991 542
is_linear=0
shrinkage=0.08


Tree=45
num_leaves=15
num_cat=0
split_feature=16 13 15 6 19 1 11 1 19 12 1 1 7 19
split_gain=40.2448 28.7241 31.671 24.4749 20.4063 13.0079 14.2566 18.8476 26.7344 12.3407 41.4893 14.8227 11.84 11.6369
threshold=1.0000000180025095e-35 1.0000000180025095e-35 1.0000000180025095e-35 0.63335000000000008 0.87500000000000011 8.5000000000000018 1.0000000180025095e-35 11.500000000000002 0.45000000000000007 2.5000000000000004 12.500000000000002 13.500000000000002 0.87500000000000011 0.29165000000000002
decision_type=2 2 2 2 2 2 2 2 2 2 2 2 2 2
left_child=1 2 3 4 5 -1 -7 8 -8 10 -9 -12 -13 -3
right_child=-2 13 -4 -5 -6 6 7 9 -10 -11 11 12 -14 -15
leaf_value=-0.087316285977034322 0.081782067702542705 -0.020189492476506459 -0.088211826850659938 0.041883338442246253 -0.081699904872493997 0.0011900989693327388 0.058092063043114983 -1.0557673729264943 0.2957870391665342 0.02498747344306039 0.069659280058278372 0.09214408122534487 -0.292830729306505 -0.06974069953622343
leaf_weight=9.765329182147978 37.076530808582902 180.33062396850437 22.440299359150231 114.75974904280156 18.418928232043982 426.30181001964957 28.730100498534739 0.28601743280887681 3.3852036669850341 12.863151239231229 2.6078341472893953 0.68086744099855456 2.0528380516916513 36.46640283241868
leaf_count=557 2643 2977 1109 3955 916 3652 790 7 30 387 152 11 18 1088
internal_value=0.000176406 -0.00334553 0.00515322 0.00853328 0.00095596 0.0040842 0.00595575 0.0461013 0.083147 -0.0182409 -0.11705 -0.0667853 -0.196947 -0.0285243
internal_weight=896.166 859.089 642.292 619.852 505.092 486.673 476.908 50.606 32.1153 18.4907 5.62756 5.34154 2.73371 216.797
internal_count=18292 15649 11584 10475 6520 5604 5047 1395 820 575 188 181 29 4065
is_linear=0
shrinkage=0.08


Tree=46
num_leaves=15
num_cat=0
split_feature=16 9 9 0 19 18 17 10 10 10 14 5 11 10
split_gain=36.9969 26.763 25.6097 33.2587 24.0629 24.5633 18.0779 30.4259 24.2378 19.4024 16.9834 15.3957 12.9016 11.4787
threshold=1.0000000180025095e-35 0.7250000000000002 1.0000000180025095e-35 1.5000000000000002 0.87500000000000011 1.0000000180025095e-35 1.0000000180025095e-35 0.68500000000000016 0.67500000000000016 0.52500000000000013 1.0000000180025095e-35 1.5000000000000002 1.0000000180025095e-35 1.0000000180025095e-35
decision_type=2 2 2 2 2 2 2 2 2 2 2 2 2 2
left_child=1 2 -1 -4 5 6 7 8 9 10 11 -5 -10 -7
right_child=-2 -3 3 4 -6 13 -8 -9 12 -11 -12 -13 -14 -15
leaf_value=0.082154513079974373 0.081651631021408363 0.087534502744612108 -0.083102576085565802 -0.00022911300523081792 -0.082837659576117439 0.11350906707095161 -0.087430991565930691 0.085701410546020679 -0.071975636774049126 0.13151714666510528 -0.089949443349512354 -0.12132418765165434 0.15379181045581081 0.025341060351889721
leaf_weight=20.86845442187041 34.278411507606506 20.34217872377485 35.694823805708438 595.70605982281268 24.076278135180473 15.451152818277476 16.634894685819745 23.875418016687036 42.608673112466931 6.8737091571092597 14.252866381779311 6.7959931530058375 1.6839697845280159 24.333535542711616
leaf_count=1224 2643 814 1940 5521 1017 800 604 991 898 124 643 49 33 991
internal_value=0.000168216 -0.00312091 -0.00534582 -0.00760575 -0.00411634 -0.00158323 -0.00501824 -0.00303655 -0.00620857 -0.00214716 -0.00363684 -0.00159502 -0.0633921 0.0595828
internal_weight=883.476 849.198 828.856 807.987 772.293 748.216 708.432 691.797 667.921 623.629 616.755 602.502 44.2926 39.7847
internal_count=18292 15649 14835 13611 11671 10654 8863 8259 7268 6337 6213 5570 931 1791
is_linear=0
shrinkage=0.08


Tree=47
num_leaves=15
num_cat=0
split_feature=16 9 9 1 19 18 17 10 1 14 8 11 10 10
split_gain=34.0253 24.4447 23.3815 30.9521 22.4966 21.5313 16.6427 27.7845 21.9677 13.4158 12.9058 12.7119 11.3494 16.1331
threshold=1.0000000180025095e-35 0.7250000000000002 1.0000000180025095e-35 8.5000000000000018 0.87500000000000011 1.0000000180025095e-35 1.0000000180025095e-35 0.68500000000000016 13.500000000000002 1.0000000180025095e-35 1.0000000180025095e-35 1.0000000180025095e-35 1.0000000180025095e-35 0.52500000000000013
decision_type=2 2 2 2 2 2 2 2 2 2 2 2 2 2
left_child=1 2 -1 -4 5 6 7 8 9 11 -10 -5 -7 -14
right_child=-2 -3 3 4 -6 12 -8 -9 10 -11 -12 -13 13 -15
leaf_value=0.081991970488751703 0.08153038276135631 0.087088878151792365 -0.086813486694820197 -0.0022515866017191414 -0.082430497994889315 0.11315139259430573 -0.087074084125989867 0.085359746383272525 -0.046273351115623723 -0.08696658785100396 0.14481666968652973 0.037914016163645002 -0.026287189379033894 0.10952889417164138
leaf_weight=19.300652355886996 31.688113301992416 18.870399718172848 30.015409267507493 505.45624393038452 22.710753134451807 14.306662585586308 15.385316742584108 22.073488819412887 92.249646443873644 11.123762025497852 2.3188413660973302 56.017843001987785 15.348955349996688 8.8105727098882181
leaf_count=1224 2643 814 1585 4139 1053 800 602 988 1929 631 25 873 541 445
internal_value=0.000164048 -0.00292754 -0.00501146 -0.00712152 -0.00399802 -0.00160092 -0.00478266 -0.00294574 -0.00586736 3.2112e-05 -0.0415878 0.00175571 0.0566822 0.0232426
internal_weight=865.677 833.989 815.118 795.817 765.802 743.091 704.625 689.24 667.166 572.598 94.5685 561.474 38.4662 24.1595
internal_count=18292 15649 14835 13611 12026 10973 9187 8585 7597 5643 1954 5012 1786 986
is_linear=0
shrinkage=0.08


Tree=48
num_leaves=15
num_cat=0
split_feature=16 13 15 6 19 19 12 1 11 1 19 12 14 7
split_gain=31.2942 22.8211 24.5861 18.4762 15.973 10.6903 10.9665 10.3778 10.0674 16.2923 13.7981 10.9521 15.9052 9.82981
threshold=1.0000000180025095e-35 1.0000000180025095e-35 1.0000000180025095e-35 0.63335000000000008 0.87500000000000011 0.29165000000000002 2.5000000000000004 8.5000000000000018 1.0000000180025095e-35 11.500000000000002 0.45000000000000007 2.5000000000000004 1.0000000180025095e-35 0.87500000000000011
decision_type=2 2 2 2 2 2 2 2 2 2 2 2 2 2
left_child=1 2 3 4 7 6 -3 -1 -9 10 -10 12 13 -11
right_child=-2 5 -4 -5 -6 -7 -8 8 9 11 -12 -13 -14 -15
leaf_value=-0.087557957600480324 0.081417711760954789 -0.021780139456965403 -0.087178611291590283 0.038639384831293845 -0.081327914774790191 -0.068087927468337903 0.087345935810808156 0.0014395310212327868 0.054729142598256654 0.092313930120251839 0.2132921790731199 0.021273591009182313 0.080987942060781665 -0.26714806510159672
leaf_weight=7.8191505540162316 29.290655769407749 167.25906224176288 17.979538419283926 102.71317540761083 14.517575248144565 32.262048401869833 6.1089906971901646 422.89225190412253 25.828148636035625 0.57820866815745864 4.0651518478989592 12.352783095091581 1.7833341564983127 3.0823444910347471
leaf_count=557 2643 2815 1109 3955 916 1088 162 3652 790 10 30 387 148 30
internal_value=0.00016659 -0.00273841 0.00499105 0.00777325 0.00134144 -0.0258035 -0.0179349 0.00385013 0.00536896 0.0402132 0.0762919 -0.0203886 -0.114925 -0.210369
internal_weight=848.532 819.242 613.612 595.632 492.919 205.63 173.368 478.401 470.582 47.69 29.8933 17.7967 5.44389 3.66055
internal_count=18292 15649 11584 10475 6520 4065 2977 5604 5047 1395 820 575 188 40
is_linear=0
shrinkage=0.08


Tree=49
num_leaves=15
num_cat=0
split_feature=16 9 9 0 19 12 6 1 19 18 13 6 7 17
split_gain=28.7949 21.747 20.4549 28.1729 20.3363 20.5751 18.5901 31.7656 29.8045 17.6057 17.2052 16.206 16.1295 14.1624
threshold=1.0000000180025095e-35 0.7250000000000002 1.0000000180025095e-35 1.5000000000000002 1.0000000180025095e-35 2.5000000000000004 1.0000000180025095e-35 11.500000000000002 0.63335000000000008 1.0000000180025095e-35 1.0000000180025095e-35 1.3666500000000001 0.70835000000000015 1.0000000180025095e-35
decision_type=2 2 2 2 2 2 2 2 2 2 2 2 2 2
left_child=1 2 -1 -4 5 9 7 8 10 13 -6 12 -8 -5
right_child=-2 -3 3 4 6 -7 11 -9 -10 -11 -12 -13 -14 -15
leaf_value=0.081782334593947417 0.081313054415680666 0.086719610647962922 -0.08276105391195257 -0.00069103948458513521 0.26126906569473135 0.083512404887442465 0.043127850291606096 -0.088291121972683462 -0.081304318814050744 0.081138717963052095 -0.082263845306418643 0.090869563260334796 -0.066212403403746414 -0.086966908380895533
leaf_weight=17.208958308212459 27.072074308991432 17.092535616829991 29.735758355120197 580.27389102522284 6.5849074907600897 19.374980529770255 9.6165718734264356 7.2846215823665252 3.1009945338591933 16.556454290635884 1.0870815385133026 5.1370130144059649 84.559375244192779 12.437970725819467
leaf_count=1224 2643 814 1940 5352 103 921 143 384 199 1364 42 66 2552 545
internal_value=0.000151839 -0.00256059 -0.00448506 -0.00639878 -0.00335502 0.00235227 -0.0339235 0.0407426 0.127994 -0.000228659 0.212592 -0.0474997 -0.0550474 -0.00250153
internal_weight=837.123 810.051 792.959 775.75 746.014 628.643 117.371 18.0576 10.773 609.268 7.67199 99.313 94.1759 592.712
internal_count=18292 15649 14835 13611 11671 8182 3489 728 344 7261 145 2761 2695 5897
is_linear=0
shrinkage=0.08


Tree=50
num_leaves=15
num_cat=0
split_feature=16 9 9 1 19 18 17 10 10 10 14 5 11 10
split_gain=26.5101 19.8928 18.7098 26.282 18.6083 15.5485 14.4115 23.5749 19.9781 17.0159 14.2739 12.7726 10.9145 8.96037
threshold=1.0000000180025095e-35 0.7250000000000002 1.0000000180025095e-35 8.5000000000000018 0.70835000000000015 1.0000000180025095e-35 1.0000000180025095e-35 0.68500000000000016 0.67500000000000016 0.52500000000000013 1.0000000180025095e-35 1.5000000000000002 1.0000000180025095e-35 1.0000000180025095e-35
decision_type=2 2 2 2 2 2 2 2 2 2 2 2 2 2
left_child=1 2 -1 -4 5 6 7 8 9 10 11 -5 -10 -7
right_child=-2 -3 3 4 -6 13 -8 -9 12 -11 -12 -13 -14 -15
leaf_value=0.081647574138408341 0.081215866160010405 0.086313875681879634 -0.086565006227126887 0.00045829855622523904 -0.080978994558600539 0.1062832023559335 -0.086360879847624208 0.085175297663004329 -0.068118836531959645 0.13190121276040412 -0.08814815756915842 -0.1108986910951917 0.15230988816600061 0.020827078298393389
leaf_weight=15.911027243360875 25.01936733815819 15.849570556543766 25.066408791579306 589.81249440088868 19.211227932944894 12.250520200468598 13.276491564698516 19.202235138043761 38.138692412525415 6.0854825759306541 12.21467325882986 6.6666037850081912 1.4939504610374559 21.874486767686903
leaf_count=1224 2643 814 1585 5742 1060 800 602 987 897 123 747 49 33 986
internal_value=0.000129759 -0.00241552 -0.00421572 -0.00600088 -0.00327272 -0.00120227 -0.00382078 -0.00219397 -0.00475762 -0.00120861 -0.00253939 -0.000786293 -0.0598098 0.0515049
internal_weight=822.073 797.054 781.204 765.293 740.227 721.016 686.891 673.614 654.412 614.779 608.694 596.479 39.6326 34.125
internal_count=18292 15649 14835 13611 12026 10966 9180 8578 7591 6661 6538 5791 930 1786
is_linear=0
shrinkage=0.08


Tree=51
num_leaves=15
num_cat=0
split_feature=16 10 17 9 1 19 10 20 15 13 11 19 10 17
split_gain=24.3994 18.2046 24.672 17.5371 24.0334 17.1544 15.3457 15.0112 13.6219 12.6066 9.99039 9.67774 12.4111 9.25478
threshold=1.0000000180025095e-35 0.68500000000000016 1.0000000180025095e-35 1.0000000180025095e-35 8.5000000000000018 0.70835000000000015 0.67500000000000016 1.0000000180025095e-35 1.0000000180025095e-35 1.0000000180025095e-35 1.0000000180025095e-35 0.29165000000000002 1.0000000180025095e-35 1.0000000180025095e-35
decision_type=2 2 2 2 2 2 2 2 2 2 2 2 2 2
left_child=1 3 -3 -1 -5 6 7 8 9 -6 -8 12 -11 -14
right_child=-2 2 -4 4 5 -7 10 -9 -10 11 -12 -13 13 -15
leaf_value=0.081522862669307458 0.081125651318961101 0.083728230895948039 -0.084240396184393301 -0.086963378514090056 0.0076101725560546807 -0.081848011106736507 -0.058349575423062364 0.12029187460358073 -0.087792089429397396 -0.019356438489641508 0.13474820232665549 -0.07953831966938682 0.095560215585899708 -0.097739063284867922
leaf_weight=14.709287192672489 23.120430082082748 30.123431908898056 6.873733749613165 23.123670809902251 478.74909883318469 17.704647668637335 38.811985673382878 6.6674883859232059 11.207504118792711 128.46217745542526 1.7940423376858223 15.065086094662545 10.191805160604414 1.8771753124892718
leaf_count=1224 2643 1925 408 1577 5206 1059 971 64 739 1746 57 527 95 51
internal_value=0.000126324 -0.00225823 0.0525212 -0.00496639 -0.00670044 -0.00408834 -0.00210126 0.000869512 -0.000363922 0.00118074 -0.0498182 -0.0186018 -0.0120693 0.065495
internal_weight=808.482 785.361 36.9972 748.364 733.655 710.531 692.826 652.22 645.553 634.345 40.606 155.596 140.531 12.069
internal_count=18292 15649 2333 13316 12092 10515 9456 8428 8364 7625 1028 2419 1892 146
is_linear=0
shrinkage=0.08


Tree=52
num_leaves=15
num_cat=0
split_feature=16 9 9 0 19 20 19 6 1 12 6 18 7 17
split_gain=22.466 17.2898 15.6846 23.0629 15.6844 14.3385 14.9471 40.9425 24.9253 16.696 14.6123 14.4954 11.6832 11.2597
threshold=1.0000000180025095e-35 0.7250000000000002 1.0000000180025095e-35 1.5000000000000002 0.87500000000000011 1.0000000180025095e-35 1.0000000180025095e-35 1.0000000180025095e-35 11.500000000000002 2.5000000000000004 1.3666500000000001 1.0000000180025095e-35 0.70835000000000015 1.0000000180025095e-35
decision_type=2 2 2 2 2 2 2 2 2 2 2 2 2 2
left_child=1 2 -1 -4 5 6 9 8 -8 11 12 13 -9 -5
right_child=-2 -3 3 4 -6 -7 7 10 -10 -11 -12 -13 -14 -15
leaf_value=0.081407470535098808 0.081041931816543469 0.085894993955870108 -0.082318501593616061 -0.00053816514710774814 -0.081492427425386996 0.1012395373325488 0.1788448026856593 0.033430063716058472 -0.09685881012405928 0.082638468178013319 0.13865807758066573 0.080849927931874982 -0.074055135737641428 -0.08596616267015432
leaf_weight=13.596849541179834 21.364001847803593 14.025576770305632 24.076897337334231 575.19454616680741 15.825677780434487 8.677399901673196 8.2785630421712977 7.2231426155194631 2.8112905314192167 16.030030457302928 2.3813912915065876 13.833156978711484 62.241745688021183 10.046810780651866
leaf_count=1224 2643 814 1940 5343 1017 129 146 120 77 918 33 1362 1984 542
internal_value=0.000113549 -0.00211954 -0.00374336 -0.00529406 -0.00272742 -0.000963616 -0.00223411 -0.0341151 0.108954 0.00206448 -0.0561985 -9.15173e-05 -0.0628785 -0.0020047
internal_weight=795.607 774.243 760.218 746.621 722.544 706.718 698.041 82.9361 11.0899 615.105 71.8463 599.075 69.4649 585.241
internal_count=18292 15649 14835 13611 11671 10654 10525 2360 223 8165 2137 7247 2104 5885
is_linear=0
shrinkage=0.08


Tree=53
num_leaves=15
num_cat=0
split_feature=10 17 9 1 19 10 10 17 15 16 13 11 19 10
split_gain=20.7621 22.048 15.9616 21.911 15.2367 12.7797 13.7654 13.1329 12.7008 9.65462 9.74076 8.86401 8.23565 15.3172
threshold=0.68500000000000016 1.0000000180025095e-35 1.0000000180025095e-35 8.5000000000000018 0.70835000000000015 0.67500000000000016 0.52500000000000013 1.0000000180025095e-35 1.0000000180025095e-35 1.0000000180025095e-35 1.0000000180025095e-35 1.0000000180025095e-35 0.29165000000000002 1.0000000180025095e-35
decision_type=2 2 2 2 2 2 2 2 2 2 2 2 2 2
left_child=2 -2 -1 -4 5 6 8 -8 9 10 -5 -7 13 -12
right_child=1 -3 3 4 -6 11 7 -9 -10 -11 12 -13 -14 -15
leaf_value=0.081282552417612217 0.082957896541900167 -0.0837434224882707 -0.086679283595361853 0.0063819606064153406 -0.081324021082050293 -0.053599846556620541 0.12272998690997815 -0.093032910277215525 -0.087382567123275051 0.080900614648675651 -0.01795808474892651 0.12586367565240159 -0.076359050911110865 0.094862338949425543
leaf_weight=14.146687330212442 32.792202056851238 6.0080609489232293 20.196546273771673 474.20777784055099 15.232056163251398 36.956979215145111 10.369243926834313 2.1860821964219204 10.336126260925083 9.7768740081228298 126.80752989649773 1.8495492790825654 13.628285576589404 8.1996423453092557
leaf_count=1413 2788 408 1579 5002 1059 1018 408 70 747 1375 1748 77 533 67
internal_value=9.32811e-05 0.0571449 -0.00288244 -0.00451404 -0.0021753 -0.000438921 0.00220186 0.0851622 0.000581855 0.00201907 0.000780853 -0.0450465 -0.017089 -0.011106
internal_weight=782.694 38.8003 743.893 729.747 709.55 694.318 655.512 12.5553 642.956 632.62 622.843 38.8065 148.635 135.007
internal_count=18292 3196 15096 13683 12104 11045 9950 478 9472 8725 7350 1095 2348 1815
is_linear=0
shrinkage=0.08


Tree=54
num_leaves=15
num_cat=0
split_feature=10 17 9 0 19 20 19 6 1 6 10 10 13 7
split_gain=19.0619 20.3019 14.6326 20.2868 13.8742 12.2419 12.7483 35.873 19.0634 13.6659 12.4123 26.0057 9.39185 8.87111
threshold=0.68500000000000016 1.0000000180025095e-35 1.0000000180025095e-35 1.5000000000000002 0.87500000000000011 1.0000000180025095e-35 1.0000000180025095e-35 1.0000000180025095e-35 11.500000000000002 1.3666500000000001 1.0000000180025095e-35 0.66500000000000015 1.0000000180025095e-35 0.87500000000000011
decision_type=2 2 2 2 2 2 2 2 2 2 2 2 2 2
left_child=2 -2 -1 -4 5 6 10 8 12 13 -5 -12 -8 -9
right_child=1 -3 3 4 -6 -7 7 9 -10 -11 11 -13 -14 -15
leaf_value=0.081185280354006462 0.082770581830803741 -0.083487043965582292 -0.082039661356903618 -0.0013164879815200825 -0.082274833191475744 0.097271751343784366 0.18155319071654374 0.03473259131100398 -0.09561042444304764 0.13882201160414076 0.080727984716316453 -0.029570196744843086 -0.071011197124944372 -0.071694357233929543
leaf_weight=13.074050682596861 30.336754569783807 5.5624814610928288 20.816847327398136 545.28243232099339 13.480930341407655 8.1282862164080125 7.9842843268997949 5.4942655288614324 2.5573538430035105 2.2380504682660094 35.114146851934493 22.413171737920493 1.0683848336338995 57.165166800841689
leaf_count=1413 2788 408 1940 6351 1016 85 109 65 77 15 1437 559 54 1975
internal_value=8.83479e-05 0.0570094 -0.00269251 -0.00421192 -0.00190051 -0.000324355 -0.00149213 -0.0322544 0.0972604 -0.0554243 0.00241216 0.0377548 0.151746 -0.0623624
internal_weight=770.717 35.8992 734.817 721.743 700.926 687.446 679.317 76.5075 11.61 64.8975 602.81 57.5273 9.05267 62.6594
internal_count=18292 3196 15096 13683 11743 10727 10642 2295 240 2055 8347 1996 163 2040
is_linear=0
shrinkage=0.08


Tree=55
num_leaves=15
num_cat=0
split_feature=16 9 15 13 9 19 1 11 19 1 10 20 19 6
split_gain=18.1681 14.4465 13.216 14.0154 10.0322 13.351 9.36485 8.68758 8.17836 8.00256 12.1762 5.85371 5.44662 28.8108
threshold=1.0000000180025095e-35 0.7250000000000002 1.0000000180025095e-35 1.0000000180025095e-35 1.0000000180025095e-35 0.87500000000000011 8.5000000000000018 1.0000000180025095e-35 0.29165000000000002 11.500000000000002 0.52500000000000013 1.0000000180025095e-35 1.0000000180025095e-35 1.0000000180025095e-35
decision_type=2 2 2 2 2 2 2 2 2 2 2 2 2 2
left_child=1 2 3 4 -1 6 -6 11 -5 -9 -11 12 -8 -14
right_child=-2 -3 -4 8 5 -7 7 9 -10 10 -12 -13 13 -15
leaf_value=0.081110686476071087 0.080832893187136629 0.085694192019560453 -0.085994613842203527 -0.014992756258333271 -0.087498753529514153 -0.080541890324276194 0.0041283535556117358 0.063422669912283139 -0.067545394353951571 -0.025391718559334975 0.10252384493901655 0.088929872370412111 0.16774905377827676 -0.053650131843315088
leaf_weight=10.733576861675827 17.418849356938154 11.877742898184804 12.147684523370115 154.91055109072477 6.9235778488218775 11.969566566869615 411.90015544556081 30.623816844075918 21.593935582321137 20.919951381860304 6.1664660898968569 4.9547072611749163 4.2542430544272056 32.490111990831792
leaf_count=1224 2643 814 1109 2874 598 1000 3837 921 1076 613 493 61 70 959
internal_value=7.34985e-05 -0.00182374 -0.00324853 -0.00184748 0.00453963 0.0029895 0.00491882 0.00617023 -0.0214222 0.0354055 0.00372941 0.0024507 0.00149565 -0.0280166
internal_weight=758.885 741.466 729.588 717.441 540.936 530.203 518.233 511.309 176.504 57.7102 27.0864 453.599 448.645 36.7444
internal_count=18292 15649 14835 13726 9776 8552 7552 6954 3950 2027 1106 4927 4866 1029
is_linear=0
shrinkage=0.08


Tree=56
num_leaves=15
num_cat=0
split_feature=16 9 15 13 6 7 1 10 4 19 11 1 17 10
split_gain=16.7359 13.2316 12.1984 12.0313 9.48857 9.0838 20.7807 8.42556 11.1636 7.62305 7.07109 5.50904 5.23754 8.07846
threshold=1.0000000180025095e-35 0.7250000000000002 1.0000000180025095e-35 1.0000000180025095e-35 0.82855000000000012 0.87500000000000011 13.500000000000002 1.0000000180025095e-35 1.0000000180025095e-35 0.29165000000000002 1.0000000180025095e-35 8.5000000000000018 1.0000000180025095e-35 1.0000000180025095e-35
decision_type=2 2 2 2 2 2 2 2 2 2 2 2 2 2
left_child=1 2 3 4 5 -1 10 -8 -9 11 -7 -5 13 -13
right_child=-2 -3 -4 9 -6 6 7 8 -10 -11 -12 12 -14 -15
leaf_value=0.085131978080966897 0.080770338612038944 0.085343226836885999 -0.085665560976853947 -0.087007008294881838 0.0329718156215709 0.00061522596237392551 -0.12227540605601708 0.084612294358501344 -0.058967288619699874 -0.065952446672757625 0.038060021874354873 -0.015234341540859866 -0.085383072068754479 0.040841041328055175
leaf_weight=7.9373224265873423 16.09157286491245 11.007806967012582 11.255064434371887 6.3256742423400274 64.541802098043263 394.16529587423429 9.9998083212412876 4.1394062815234092 21.295939557254314 20.395838716067374 35.154962407657877 122.66098686959594 5.7840614300221196 18.987597670406103
leaf_count=170 2643 814 1109 501 3253 3691 365 100 811 1076 1386 1670 397 306
internal_value=6.46109e-05 -0.00170555 -0.00303154 -0.00172416 0.00419934 0.000270725 -0.00117858 -0.0600604 -0.0356008 -0.0199971 0.0036814 -0.0139012 -0.0107646 -0.00771759
internal_weight=749.743 733.652 722.644 711.389 537.235 472.693 464.755 35.4352 25.4353 174.154 429.32 153.758 147.433 141.649
internal_count=18292 15649 14835 13726 9776 6523 6353 1276 911 3950 5077 2874 2373 1976
is_linear=0
shrinkage=0.08


Tree=57
num_leaves=15
num_cat=0
split_feature=10 17 9 1 19 10 10 17 15 5 11 16 8 5
split_gain=15.4521 17.7419 11.8414 17.6516 11.7976 9.78896 11.1126 11.3768 9.70622 8.54982 7.19757 6.96074 5.3302 4.89913
threshold=0.68500000000000016 1.0000000180025095e-35 1.0000000180025095e-35 8.5000000000000018 0.70835000000000015 0.67500000000000016 0.52500000000000013 1.0000000180025095e-35 1.0000000180025095e-35 1.5000000000000002 1.0000000180025095e-35 1.0000000180025095e-35 1.0000000180025095e-35 1.0000000180025095e-35
decision_type=2 2 2 2 2 2 2 2 2 2 2 2 2 2
left_child=2 -2 -1 -4 5 6 8 -8 9 11 12 -5 13 -7
right_child=1 -3 3 4 -6 10 7 -9 -10 -11 -12 -13 -14 -15
leaf_value=0.080974475188411735 0.082600749034236642 -0.083500642178290049 -0.086293764794508898 0.0018551542935132282 -0.080708164963524787 -0.083027687123695473 0.1214705479728931 -0.09173680138376844 -0.086302710613595332 -0.083548807936171379 0.12514877310164776 0.080630551386589991 0.11607874475561968 -0.0200609122859704
leaf_weight=10.753041266463695 25.554989931639287 4.9056410244666031 16.146395883988589 602.60178935923614 11.874863091856239 18.141750296577811 8.793957252055403 1.9584693461656577 8.1165917906910163 7.4292885316535822 1.5836913809180249 7.2653891271911553 1.2009194269776333 14.019346402026711
leaf_count=1413 2788 408 1579 7282 1059 789 408 70 747 99 77 1344 13 216
internal_value=5.59195e-05 0.0558504 -0.00233818 -0.00361957 -0.00166508 -0.000266465 0.00199804 0.0826365 0.000611659 0.00175446 -0.0414904 0.00279361 -0.0494007 -0.0555798
internal_weight=740.346 30.4606 709.885 699.132 682.986 671.111 636.165 10.7524 625.413 617.296 34.9457 609.867 33.362 32.1611
internal_count=18292 3196 15096 13683 12104 11045 9950 478 9472 8725 1095 8626 1018 1005
is_linear=0
shrinkage=0.08


Tree=58
num_leaves=15
num_cat=0
split_feature=16 9 15 13 9 19 0 20 19 11 1 10 1 0
split_gain=14.2411 11.5379 10.3708 10.004 8.37041 11.0545 8.01196 8.05122 6.92569 5.63629 8.67922 7.68702 4.96637 4.7527
threshold=1.0000000180025095e-35 0.7250000000000002 1.0000000180025095e-35 1.0000000180025095e-35 1.0000000180025095e-35 0.87500000000000011 1.5000000000000002 1.0000000180025095e-35 0.29165000000000002 1.0000000180025095e-35 11.500000000000002 0.52500000000000013 10.500000000000002 1.5000000000000002
decision_type=2 2 2 2 2 2 2 2 2 2 2 2 2 2
left_child=1 2 3 4 -1 6 -6 9 13 -8 12 -12 -11 -5
right_child=-2 -3 -4 8 5 -7 7 -9 -10 10 11 -13 -14 -15
leaf_value=0.080916115098650043 0.08066715954731038 0.085058142620318675 -0.08503652561558489 -0.081286320445454155 -0.082485978584071792 -0.08013969374763795 0.0012748332417850295 0.092597066571852807 -0.064329296201074346 0.0074427571626560053 -0.026013310907532998 0.09180068403708605 0.08221653659801785 -0.0098150050054717011
leaf_weight=8.8718464397825283 13.760873945429919 9.7241591876372677 9.6524799440521729 6.2111816154792896 6.7349008007440707 10.14532273262739 445.7498145843856 6.6796390218660227 18.750165462028235 8.0649484372697788 20.249118682928387 4.2964636408723882 19.263265748508275 144.17605895642191
leaf_count=1224 2643 814 1109 620 713 1000 4802 88 1076 270 606 475 598 2254
internal_value=5.15117e-05 -0.00149231 -0.00267963 -0.00154268 0.00386285 0.00255121 0.00419282 0.00535041 -0.0184829 0.00417929 0.0291372 -0.00539113 0.0601497 -0.0127669
internal_weight=732.33 718.569 708.845 699.193 530.055 521.183 511.038 504.303 169.137 497.624 51.8738 24.5456 27.3282 150.387
internal_count=18292 15649 14835 13726 9776 8552 7552 6839 3950 6751 1949 1081 868 2874
is_linear=0
shrinkage=0.08


Tree=59
num_leaves=15
num_cat=0
split_feature=10 17 9 1 19 10 10 17 15 5 11 16 8 14
split_gain=13.3746 16.13 9.99433 15.3575 10.0656 8.69931 9.71589 10.2335 8.20859 7.20527 6.34617 5.95565 4.63496 4.82314
threshold=0.68500000000000016 1.0000000180025095e-35 1.0000000180025095e-35 8.5000000000000018 0.87500000000000011 0.67500000000000016 0.52500000000000013 1.0000000180025095e-35 1.0000000180025095e-35 1.5000000000000002 1.0000000180025095e-35 1.0000000180025095e-35 1.0000000180025095e-35 1.0000000180025095e-35
decision_type=2 2 2 2 2 2 2 2 2 2 2 2 2 2
left_child=2 -2 -1 -4 5 6 8 -8 9 11 12 -5 13 -7
right_child=1 -3 3 4 -6 10 7 -9 -10 -11 -12 -13 -14 -15
leaf_value=0.080831773896501757 0.082503967015222973 -0.083268220540006072 -0.086015070556335269 0.0017113158934234493 -0.081689062350971092 -0.058485823676868443 0.12001965646796105 -0.091026003218224474 -0.085576616683429446 -0.076280184083641789 0.12531618798963143 0.080539070698249809 0.10833559291149383 0.15025650042906941
leaf_weight=9.1787563208490592 22.706063160672787 4.5012639379128805 14.039363143499939 600.68569347634912 9.866027551237492 29.915275197941817 7.9561406550928933 1.8038485781289635 6.9991706390865138 7.5190777219831935 1.4196064141578961 6.1973860741127273 1.1754317302256811 0.72559944773092766
leaf_count=1413 2788 408 1579 7286 1052 963 408 70 748 100 77 1344 13 43
internal_value=5.08301e-05 0.0550781 -0.00209567 -0.00320154 -0.00147721 -0.0002861 0.00181454 0.081014 0.000570602 0.00155198 -0.040178 0.00251629 -0.0475622 -0.0535426
internal_weight=724.689 27.2073 697.481 688.303 674.263 664.397 631.161 9.75999 621.401 614.402 33.2359 606.883 31.8163 30.6409
internal_count=18292 3196 15096 13683 12104 11052 9956 478 9478 8730 1096 8630 1019 1006
is_linear=0
shrinkage=0.08


Tree=60
num_leaves=15
num_cat=0
split_feature=10 17 9 0 19 10 10 17 15 5 6 16 1 7
split_gain=12.2887 14.8574 9.1768 14.3619 9.17248 7.64444 9.041 9.40321 7.18952 6.0847 5.95372 5.52462 5.104 4.54609
threshold=0.68500000000000016 1.0000000180025095e-35 1.0000000180025095e-35 1.5000000000000002 0.87500000000000011 0.67500000000000016 0.52500000000000013 1.0000000180025095e-35 1.0000000180025095e-35 1.5000000000000002 1.2916500000000002 1.0000000180025095e-35 8.5000000000000018 0.87500000000000011
decision_type=2 2 2 2 2 2 2 2 2 2 2 2 2 2
left_child=2 -2 -1 -4 5 6 8 -8 9 11 -7 12 -5 -14
right_child=1 -3 3 4 -6 10 7 -9 -10 -11 -12 -13 13 -15
leaf_value=0.080768395504115895 0.082343009838193246 -0.08304440565651787 -0.081586988342794181 -0.11317869465134736 -0.081600790280700247 -0.046202472786461349 0.11868368219566713 -0.090361819710511784 -0.08552325761863841 -0.069932277208874294 0.10941332607398113 0.080498369666922157 0.090248460961991073 0.0015339026928630143
leaf_weight=8.4794394234195334 20.999653912149373 4.165935907047241 14.555443507852031 2.4688059817999592 8.9733380866236967 30.544548073783517 7.5279929991811496 1.6854567923583088 6.1410183808766297 7.5443695373833171 1.6589370113797475 5.7360222055576733 3.7199870431795707 593.68031564960256
leaf_count=1413 2788 408 1940 55 1016 1060 409 71 643 100 36 1346 48 6959
internal_value=4.96557e-05 0.0549646 -0.00194534 -0.00297038 -0.00126165 -0.000170536 0.00177731 0.0804421 0.000606985 0.00146963 -0.038186 0.00235912 0.00161194 0.00208632
internal_weight=717.881 25.1656 692.716 684.236 669.681 660.707 628.504 9.21345 619.291 613.15 32.2035 605.605 599.869 597.4
internal_count=18292 3196 15096 13683 11743 10727 9631 480 9151 8508 1096 8408 7062 7007
is_linear=0
shrinkage=0.08


Tree=61
num_leaves=15
num_cat=0
split_feature=10 17 9 0 19 20 1 6 19 11 1 10 1 6
split_gain=11.2943 13.6868 8.42927 13.2895 8.46585 7.499 9.23282 12.7403 16.5473 9.46708 10.3837 7.92429 7.38933 16.1256
threshold=0.68500000000000016 1.0000000180025095e-35 1.0000000180025095e-35 1.5000000000000002 0.87500000000000011 1.0000000180025095e-35 13.500000000000002 1.0000000180025095e-35 1.0000000180025095e-35 1.0000000180025095e-35 10.500000000000002 0.67500000000000016 9.5000000000000018 0.45000000000000007
decision_type=2 2 2 2 2 2 2 2 2 2 2 2 2 2
left_child=2 -2 -1 -4 5 6 9 -8 11 -5 12 -9 -11 -14
right_child=1 -3 3 4 -6 -7 7 8 -10 10 -12 -13 13 -15
leaf_value=0.080709805885403815 0.082190805877864703 -0.082834136965703478 -0.081474778733419587 -0.00090888139684230365 -0.081484220784160968 0.078775614893356868 -0.13100579025926895 0.037450293692274123 -0.059114558008328891 0.00013326166316962999 0.051614545452637335 -0.035422751764902158 -0.35987168163622146 0.043138691351128869
leaf_weight=7.8329608105123034 19.419571168953556 3.8550104340538374 13.454123822273685 506.88202728121541 8.2948051001876575 7.614276196807622 6.7600937890820196 31.216401929035783 33.497621434973553 11.312578075798227 45.031495660543442 13.759542121086268 1.2244516462087625 1.320897494908422
leaf_count=1413 2788 408 1940 5791 1016 85 102 1086 1450 328 1516 297 8 64
internal_value=4.78087e-05 0.0548574 -0.00180582 -0.00275581 -0.00116776 -0.000156233 -0.00107943 -0.0256254 -0.0165474 0.00261842 0.0329792 0.0151562 -0.0275767 -0.150731
internal_weight=711.476 23.2746 688.201 680.368 666.914 658.619 651.005 85.2337 78.4736 565.771 58.8894 44.9759 13.8579 2.54535
internal_count=18292 3196 15096 13683 11743 10727 10642 2935 2833 7707 1916 1383 400 72
is_linear=0
shrinkage=0.08


Tree=62
num_leaves=15
num_cat=0
split_feature=16 9 17 10 1 6 19 1 7 11 1 10 1 1
split_gain=10.7638 9.2798 8.30803 13.3429 9.45752 11.1638 11.453 11.1775 7.45296 6.88052 9.79638 6.20644 10.1891 5.54649
threshold=1.0000000180025095e-35 0.7250000000000002 1.0000000180025095e-35 0.68500000000000016 13.500000000000002 0.29165000000000002 1.0000000180025095e-35 19.500000000000004 0.70835000000000015 1.0000000180025095e-35 10.500000000000002 1.0000000180025095e-35 9.5000000000000018 8.5000000000000018
decision_type=2 2 2 2 2 2 2 2 2 2 2 2 2 2
left_child=1 2 3 4 9 -6 7 -7 -8 -1 11 12 13 -11
right_child=-2 -3 -4 -5 5 6 8 -9 -10 10 -12 -13 -14 -15
leaf_value=-0.0022391646587055754 0.080540282804654292 0.084744119243522681 -0.084456517150357763 0.082776590218600635 -0.11758151888463296 0.029463365598812498 0.043837510624688679 -0.097357552999169039 -0.066982120761523531 -0.106153087612993 0.046421038791487498 0.072404446717450069 -0.1953893038793478 0.013371289311118435
leaf_weight=523.026038675569 10.47370614367537 7.9538667926099142 7.7632295954972497 11.88984962645918 8.110991823486982 32.245838882401586 4.4774984400719395 5.1594190332107237 29.299812909215689 3.3045054883696148 44.199175532208756 3.6333099519833914 2.3987299869768313 10.016480099409819
leaf_count=7855 2643 814 604 1364 434 596 41 98 1424 453 1183 435 83 265
internal_value=4.5578e-05 -0.00117014 -0.00216697 -0.00122441 -0.00272434 -0.0286558 -0.0185231 0.0119706 -0.0522919 0.000781075 0.0256372 -0.0218296 -0.04361 -0.0162788
internal_weight=703.952 693.479 685.525 677.762 665.872 79.2936 71.1826 37.4053 33.7773 586.578 63.5522 19.353 15.7197 13.321
internal_count=18292 15649 14835 14231 12867 2593 2159 694 1465 10274 2419 1236 801 718
is_linear=0
shrinkage=0.08


Tree=63
num_leaves=15
num_cat=0
split_feature=16 9 15 17 10 1 6 19 1 7 11 1 6 10
split_gain=9.92203 8.51242 7.86455 7.83387 11.9843 8.08551 10.4512 9.88052 9.88038 7.26112 6.40219 8.23312 5.80022 5.37727
threshold=1.0000000180025095e-35 0.7250000000000002 1.0000000180025095e-35 1.0000000180025095e-35 0.68500000000000016 13.500000000000002 0.29165000000000002 1.0000000180025095e-35 19.500000000000004 0.70835000000000015 1.0000000180025095e-35 10.500000000000002 1.3666500000000001 1.0000000180025095e-35
decision_type=2 2 2 2 2 2 2 2 2 2 2 2 2 2
left_child=1 2 3 4 5 10 -7 8 -8 -9 -1 13 -11 -12
right_child=-2 -3 -4 -5 -6 6 7 9 -10 12 11 -13 -14 -15
leaf_value=-0.0012962209137732435 0.080499570281991062 0.084432361238481732 -0.084234427724635366 -0.084183020022153277 0.082591858948443453 -0.11627247327259189 0.028259077117385234 0.048304727461014531 -0.093011949066304694 -0.072193521457167231 -0.039724383962116645 0.045297734923791737 0.12134153674495894 0.071428973928916145
leaf_weight=517.55107076233253 9.673141068313269 7.3683587254490694 7.3657466752920291 7.1887060059234491 10.999271062668411 7.4436727091670027 31.627714797854424 4.1998310163617161 4.9762200936675063 25.905224153772 14.839180835755544 42.774490919196978 1.0304959826171387 3.429144963156431
leaf_count=6992 2643 814 1109 604 1364 408 593 40 98 1324 721 1143 6 433
internal_value=4.16266e-05 -0.00109174 -0.00201938 -0.00111818 -0.000219935 -0.00161318 -0.0262938 -0.0164063 0.0117726 -0.0495342 0.00159385 0.0260973 -0.0647893 -0.0188598
internal_weight=696.372 686.699 679.331 671.965 664.776 653.777 75.1832 67.7395 36.6039 31.1356 578.594 61.0428 26.9357 18.2683
internal_count=18292 15649 14835 13726 13122 11758 2469 2061 691 1370 9289 2297 1330 1154
is_linear=0
shrinkage=0.08


Tree=64
num_leaves=15
num_cat=0
split_feature=16 9 15 13 6 7 1 10 5 19 1 11 1 4
split_gain=9.14713 7.81126 7.25444 7.62483 5.87103 6.50427 13.3791 7.76957 8.40666 5.72923 4.68672 4.95325 4.65889 4.2199
threshold=1.0000000180025095e-35 0.7250000000000002 1.0000000180025095e-35 1.0000000180025095e-35 0.82855000000000012 0.87500000000000011 13.500000000000002 1.0000000180025095e-35 1.0000000180025095e-35 0.29165000000000002 8.5000000000000018 1.0000000180025095e-35 11.500000000000002 1.0000000180025095e-35
decision_type=2 2 2 2 2 2 2 2 2 2 2 2 2 2
left_child=1 2 3 4 5 -1 10 -8 -9 -5 -7 -12 -13 -6
right_child=-2 -3 -4 9 13 6 7 8 -10 -11 11 12 -14 -15
leaf_value=0.08318955060248856 0.080461870001577354 0.08413793315221095 -0.083973476431427441 -0.011369241650824209 -0.13680891250438565 -0.089693035260532628 -0.12365345547560448 -0.05224098833164692 0.083848698284078385 -0.062770341521850556 0.0016038429893664905 0.051504691321536344 -0.027407191975735858 0.032222481388305933
leaf_weight=6.054746202658861 8.9334489970933628 6.8246915484778574 6.8197178456466636 143.43919759429991 0.96296347305178542 3.4445264225359997 7.5180959603749242 16.492775779217485 3.5261439317837349 15.364739167504011 388.88943179277703 23.646261298563335 6.0040444012265644 51.390506242634729
leaf_count=170 2643 814 1109 2874 27 596 365 811 100 1076 3265 884 332 3226
internal_value=3.70059e-05 -0.00101898 -0.00188182 -0.00104215 0.00374149 0.00082582 -0.000283564 -0.0543114 -0.0282701 -0.0163424 0.00324208 0.00400692 0.0355254 0.0291134
internal_weight=689.311 680.378 673.553 666.733 507.929 455.576 449.521 27.537 20.0189 158.804 421.984 418.54 29.6503 52.3535
internal_count=18292 15649 14835 13726 9776 6523 6353 1276 911 3950 5077 4481 1216 3253
is_linear=0
shrinkage=0.08


Tree=65
num_leaves=15
num_cat=0
split_feature=16 17 10 15 9 1 19 10 10 5 6 7 8 5
split_gain=8.43331 7.27834 13.2567 6.70762 6.29689 10.3408 7.28797 5.76008 13.2212 6.19356 5.62973 4.98421 4.71044 4.263
threshold=1.0000000180025095e-35 1.0000000180025095e-35 0.68500000000000016 1.0000000180025095e-35 1.0000000180025095e-35 8.5000000000000018 0.87500000000000011 0.67500000000000016 0.52500000000000013 1.5000000000000002 1.2916500000000002 0.87500000000000011 1.0000000180025095e-35 1.0000000180025095e-35
decision_type=2 2 2 2 2 2 2 2 2 2 2 2 2 2
left_child=1 2 3 4 -1 -6 7 8 9 11 12 -7 13 -9
right_child=-2 -3 -4 -5 5 6 -8 10 -10 -11 -12 -13 -14 -15
leaf_value=0.080615645608266576 0.080426967034050043 -0.08404609012156726 0.082136844171197987 -0.083724561812674361 -0.084778472247679149 0.10653332157196886 -0.08138699013938501 -0.080723880854628616 0.12305084424776397 -0.074657035394582627 0.12589724891210929 0.0013714650314042734 0.12487661528398622 -0.015493975480108016
leaf_weight=6.0139771085232487 8.2500464913900924 6.6792390369810155 12.308654581895096 6.313353495206683 9.4313347444403899 2.8987483540549865 7.0308304242789736 13.444945100694902 5.7359749863389871 6.8436635266989461 1.3274565609171975 583.8762746353168 1.0298048816621292 12.258334884420037
leaf_count=1224 2643 604 1925 1109 1254 37 1013 790 261 65 18 7158 11 180
internal_value=3.29702e-05 -0.000949348 -0.000119114 -0.00166202 -0.000864822 -0.00162587 -0.000389768 0.000517889 0.00217645 0.00100848 -0.034908 0.00189098 -0.0428929 -0.0496146
internal_weight=683.443 675.193 668.513 656.205 649.891 643.877 634.446 627.415 599.355 593.619 28.0605 586.775 26.7331 25.7033
internal_count=18292 15649 15045 13120 12011 10787 9533 8520 7521 7260 999 7195 981 970
is_linear=0
shrinkage=0.08


Tree=66
num_leaves=15
num_cat=0
split_feature=16 9 17 10 1 15 9 0 19 20 7 10 5 6
split_gain=7.77571 6.80226 6.5801 10.1062 7.24928 5.78278 5.66419 10.0033 6.59635 6.40292 4.0285 7.45252 3.97024 4.68734
threshold=1.0000000180025095e-35 0.7250000000000002 1.0000000180025095e-35 0.68500000000000016 17.500000000000004 1.0000000180025095e-35 1.0000000180025095e-35 1.5000000000000002 0.87500000000000011 1.0000000180025095e-35 0.70835000000000015 0.67500000000000016 1.5000000000000002 1.3666500000000001
decision_type=2 2 2 2 2 2 2 2 2 2 2 2 2 2
left_child=1 2 3 4 5 6 -1 -8 9 12 11 -6 13 -9
right_child=-2 -3 -4 -5 10 -7 7 8 -10 -11 -12 -13 -14 -15
leaf_value=0.080568580875682042 0.080394662386319302 0.083677596425894979 -0.083790229752510298 0.082311819992276464 0.090071224606749323 -0.082859211421581147 -0.081440158905655896 0.0008814772447159608 -0.081270628781097032 0.090318176042208889 -0.069788310546356799 -0.12841464604035863 -0.078444121788906293 0.11687464913909372
leaf_weight=5.554712265264242 7.6186888730153433 6.0334558952599755 6.1837813914753488 9.2148176738992316 2.9722255454398701 5.4184810279402873 9.6384770313743484 591.16304817120545 6.2184795520734033 5.1557776257395735 15.089592119329609 1.5051414044573901 4.0209255393128833 2.2381161914672694
leaf_count=1224 2643 814 604 1364 38 1078 1500 7361 977 39 551 14 49 36
internal_value=2.9809e-05 -0.000883479 -0.00165141 -0.000879709 -0.00206095 -0.000570149 0.000144417 -0.000577944 0.000702269 0.00154821 -0.0500153 0.0166236 0.000782123 0.00131897
internal_weight=678.026 670.407 664.374 658.19 648.975 629.408 623.99 618.435 608.796 602.578 19.567 4.47737 597.422 593.401
internal_count=18292 15649 14835 14231 12867 12264 11186 9962 8462 7485 603 52 7446 7397
is_linear=0
shrinkage=0.08


Tree=67
num_leaves=15
num_cat=0
split_feature=16 9 17 10 1 15 9 0 19 20 19 10 10 0
split_gain=7.16982 6.24669 6.06876 9.28747 6.36634 5.327 5.22417 9.22027 6.06888 5.33906 3.76075 32.734 22.4013 16.3953
threshold=1.0000000180025095e-35 0.7250000000000002 1.0000000180025095e-35 0.68500000000000016 17.500000000000004 1.0000000180025095e-35 1.0000000180025095e-35 1.5000000000000002 0.87500000000000011 1.0000000180025095e-35 0.29165000000000002 1.0000000180025095e-35 1.0000000180025095e-35 2.5000000000000004
decision_type=2 2 2 2 2 2 2 2 2 2 2 2 2 2
left_child=1 2 3 4 5 6 -1 -8 9 10 12 13 -9 -12
right_child=-2 -3 -4 -5 -6 -7 7 8 -10 -11 11 -13 -14 -15
leaf_value=0.080525093876649412 0.080364768718288224 0.083424031934672724 -0.083547629178007995 0.082154344727008527 -0.047630354160302181 -0.082669966100769876 -0.081338561110902444 -0.0016844035358776852 -0.081178841854469011 0.081940808109281268 0.11694627935977217 -0.066561905337377297 0.063695433742447433 -0.09684916616196293
leaf_weight=5.130302461097016 7.0354464440606526 5.5858250621240577 5.7242553457617751 8.5219945993740094 18.921258396818303 5.0128757311031213 8.9080993367824686 514.57472589844838 5.7466078661382189 5.225149921141564 12.166152837686239 32.100523017346859 35.87880207085982 2.8295287499204269
leaf_count=1224 2643 814 604 1364 603 1078 1500 4654 977 39 209 1435 1105 43
internal_value=2.74174e-05 -0.00082083 -0.00153303 -0.000816292 -0.00191 -0.000531535 0.000129847 -0.000538168 0.000644663 0.00142473 0.000720678 -0.0209767 0.00257708 0.0766053
internal_weight=673.362 666.326 660.74 655.016 646.494 627.573 622.56 617.43 608.521 602.775 597.55 47.0962 550.454 14.9957
internal_count=18292 15649 14835 14231 12867 12264 11186 9962 8462 7485 7446 1687 5759 252
is_linear=0
shrinkage=0.08


Tree=68
num_leaves=15
num_cat=0
split_feature=16 9 17 10 1 6 19 1 7 18 19 20 1 10
split_gain=6.61325 5.74002 5.5955 8.54027 5.73757 9.1372 8.24732 7.02602 5.02749 4.96855 7.96771 4.73866 4.55165 8.27447
threshold=1.0000000180025095e-35 0.7250000000000002 1.0000000180025095e-35 0.68500000000000016 13.500000000000002 0.29165000000000002 1.0000000180025095e-35 19.500000000000004 0.70835000000000015 1.0000000180025095e-35 0.87500000000000011 1.0000000180025095e-35 8.5000000000000018 1.0000000180025095e-35
decision_type=2 2 2 2 2 2 2 2 2 2 2 2 2 2
left_child=1 2 3 4 9 -6 7 -7 -8 12 -11 -10 13 -1
right_child=-2 -3 -4 -5 5 6 8 -9 11 10 -12 -13 -14 -15
leaf_value=-0.089350007087354952 0.080337109103499879 0.083186081823743555 -0.083317912170218417 0.082006364857788908 -0.11458916886855333 0.025398437635749505 0.037008614749009718 -0.083664903309158004 -0.073231879263770033 0.061907382800687652 -0.066266813307135755 0.049332383039059943 0.00038915549048757088 0.078934707893210554
leaf_weight=8.4242626717314106 6.496681078337132 5.1705189354252061 5.2981338677927843 7.8804137399420133 6.4203103375621131 30.087333933915943 3.8757968395948437 4.3235894031822673 20.957269215025011 17.310387461213399 3.7821021717973045 2.2340821679681531 541.71437394828536 2.4034545866306862
leaf_count=1569 2643 814 604 1364 434 596 41 98 1374 1682 604 50 5859 560
internal_value=1.70134e-05 -0.000773755 -0.00143682 -0.000768806 -0.00178559 -0.023776 -0.0142921 0.0116951 -0.0473301 0.000817301 0.0389244 -0.061425 -0.000637383 -0.0519954
internal_weight=666.379 659.882 654.712 649.413 641.533 67.8984 61.4781 34.4109 27.0671 573.635 21.0925 23.1914 552.542 10.8277
internal_count=18292 15649 14835 14231 12867 2593 2159 694 1465 10274 2286 1424 7988 2129
is_linear=0
shrinkage=0.08


Tree=69
num_leaves=15
num_cat=0
split_feature=16 15 13 6 7 10 19 4 1 10 19 12 6 19
split_gain=6.09951 5.31057 5.69177 4.9697 4.45857 8.15744 4.35268 3.83143 3.80998 9.28604 12.484 3.89873 5.35555 9.07477
threshold=1.0000000180025095e-35 1.0000000180025095e-35 1.0000000180025095e-35 0.63335000000000008 0.87500000000000011 0.67500000000000016 0.29165000000000002 1.0000000180025095e-35 13.500000000000002 1.0000000180025095e-35 0.45000000000000007 1.5000000000000002 0.29165000000000002 0.45000000000000007
decision_type=2 2 2 2 2 2 2 2 2 2 2 2 2 2
left_child=1 2 3 4 -1 8 -4 -5 11 -10 -11 12 13 -6
right_child=-2 -3 6 7 5 -7 -8 -9 9 10 -12 -13 -14 -15
leaf_value=0.08156019180920554 0.080311519423796857 -0.08338017795750137 -0.009457049568068707 -0.13211438286503951 0.00027365637503748332 -0.083620169799923177 -0.05758993099928391 0.030146718827570276 -0.1308049732269263 0.083790592110184331 -0.08138517965902263 0.027107809229214404 -0.094845095154352424 0.10267591860041102
leaf_weight=4.3853127022739491 5.9990259065525597 4.9372827364131799 139.60084663331509 0.94835552293807168 366.85724769486114 7.2572938585653892 13.157379136653615 51.933095204876736 4.7063794033601889 5.9312752289697528 5.7844177903607488 40.101793031906709 3.704638910945504 5.6234527467750004
leaf_count=185 2643 1109 2977 28 2543 435 1088 3927 348 175 374 1836 371 253
internal_value=1.11945e-05 -0.000724342 -9.64945e-05 0.00405287 0.0012938 0.000493756 -0.0136028 0.0272368 0.00190449 -0.0358906 0.00223795 0.00339547 0.000867708 0.00181965
internal_weight=660.928 654.929 649.991 497.233 444.352 439.966 152.758 52.8815 432.709 16.4221 11.7157 416.287 376.185 372.481
internal_count=18292 15649 14540 10475 6520 6335 4065 3955 5900 897 549 5003 3167 2796
is_linear=0
shrinkage=0.08


Tree=70
num_leaves=15
num_cat=0
split_feature=9 17 10 9 0 19 1 18 10 19 10 7 0 10
split_gain=5.80772 5.28474 8.79849 4.98478 8.6291 5.54658 4.83446 4.32912 6.55594 6.41929 9.76633 3.85297 6.01924 3.81204
threshold=0.7250000000000002 1.0000000180025095e-35 0.68500000000000016 1.0000000180025095e-35 1.5000000000000002 0.70835000000000015 17.500000000000004 1.0000000180025095e-35 1.0000000180025095e-35 0.45000000000000007 0.52500000000000013 0.87500000000000011 2.5000000000000004 0.67500000000000016
decision_type=2 2 2 2 2 2 2 2 2 2 2 2 2 2
left_child=1 2 3 -1 -5 6 7 11 -9 -10 -11 -6 -13 -8
right_child=-2 -3 -4 4 5 -7 13 8 9 10 -12 12 -14 -15
leaf_value=0.080445080602604788 0.082470791246085778 -0.08321062372062786 0.081672153303072689 -0.081176586473182669 0.12140988063014412 -0.081324909466183717 -0.009980312324809032 0.092706244271118718 0.08103941466150813 -0.086588931801458741 0.16857380567134775 0.00031533777540883003 -0.10523251997856106 -0.086046802965654742
leaf_weight=4.7592147915856904 5.4199456333881235 4.9286984896752974 8.321724013425408 8.6317121199099329 1.6689654904184852 5.4052712263073763 10.161832670797596 8.2153332461603004 3.9088673680089396 6.074011979624629 1.1402280777692793 576.97757400281262 3.4788292443845412 7.2068510688841334
leaf_count=1413 1160 604 1993 1940 31 1022 311 783 422 148 5 8088 63 309
internal_value=1.0604e-06 -0.000685675 -5.59969e-05 -0.00112264 -0.00173603 -0.000637556 6.72175e-05 0.00126881 0.0385065 -0.00152451 -0.0462598 3.17556e-05 -0.000317239 -0.0415429
internal_weight=656.299 650.879 645.95 637.629 632.869 624.238 618.832 601.464 19.3384 11.1231 7.21424 582.125 580.456 17.3687
internal_count=18292 17132 16528 14535 13122 11182 10160 9540 1358 575 153 8182 8151 620
is_linear=0
shrinkage=0.08


Tree=71
num_leaves=15
num_cat=0
split_feature=16 17 10 15 13 19 7 10 10 6 6 1 11 19
split_gain=5.43775 4.86525 8.56394 4.73013 4.35142 4.52507 4.19931 4.02465 8.64149 4.92661 7.75477 6.49485 5.17656 3.94369
threshold=1.0000000180025095e-35 1.0000000180025095e-35 0.68500000000000016 1.0000000180025095e-35 1.0000000180025095e-35 0.29165000000000002 0.87500000000000011 1.0000000180025095e-35 0.67500000000000016 0.45000000000000007 0.63335000000000008 13.500000000000002 1.0000000180025095e-35 0.53570000000000018
decision_type=2 2 2 2 2 2 2 2 2 2 2 2 2 2
left_child=1 2 3 4 6 7 -1 9 -9 11 -11 -6 -12 -8
right_child=-2 -3 -4 -5 5 -7 13 8 -10 10 12 -13 -14 -15
leaf_value=0.069504253873628644 0.080281570256922577 -0.082997504234951266 0.081533696069427467 -0.083124428410582457 -0.0055568904984659986 -0.061102264079870364 0.0030556281873814579 0.090720087747472547 -0.040863148782531014 -0.19367501719716618 -0.083141961692128993 -0.13497549184390287 0.059781113455109003 -0.064397362729487123
leaf_weight=6.0190464190673074 5.3554427507333449 4.5609725103713563 8.1246526509057713 4.4705631259130305 109.00184672395699 11.389179435092954 472.39735084178392 7.3719717317726445 5.636517402715981 2.383262697607277 4.0438768449239433 2.5395562350749961 2.7079406725242734 5.6132015312323338
leaf_count=113 2643 604 1925 1109 2033 1020 7442 97 105 21 53 39 36 1052
internal_value=1.09612e-06 -0.000664174 -7.89775e-05 -0.00112554 -0.000542835 -0.0126959 0.0030997 -0.00857194 0.0337057 -0.0131293 -0.0696119 -0.00850347 -0.02582 0.00226354
internal_weight=651.615 646.26 641.699 633.574 629.104 145.074 484.03 133.685 13.0085 120.676 9.13508 111.541 6.75182 478.011
internal_count=18292 15649 15045 13120 12011 3404 8607 2384 202 2182 110 2072 89 8494
is_linear=0
shrinkage=0.08


Tree=72
num_leaves=15
num_cat=0
split_feature=9 9 1 19 18 10 10 19 17 10 10 10 5 6
split_gain=5.12479 4.53297 8.03153 4.69435 4.83579 5.78878 7.29956 8.94995 4.4485 6.23986 4.88822 7.77743 5.84903 5.28458
threshold=0.7250000000000002 1.0000000180025095e-35 8.5000000000000018 0.70835000000000015 1.0000000180025095e-35 1.0000000180025095e-35 0.52500000000000013 0.45000000000000007 1.0000000180025095e-35 0.68500000000000016 0.67500000000000016 0.52500000000000013 1.5000000000000002 1.2916500000000002
decision_type=2 2 2 2 2 2 2 2 2 2 2 2 2 2
left_child=1 -1 -3 4 8 -6 7 -7 9 10 11 12 -4 -12
right_child=-2 2 3 -5 5 6 -8 -9 -10 -11 13 -13 -14 -15
leaf_value=0.080424675512156013 0.082261332087041034 -0.083719414188893657 0.00050142352374324222 -0.078569541167246945 0.091712480694917262 0.080701578418336126 0.10935812315566898 -0.085716556841598388 -0.082800693548190751 0.081642776479206675 -0.046116657386291109 0.12573092634768362 -0.077377880308640276 0.12388582093827065
leaf_weight=4.3874563117278731 4.8111411537975064 7.4550676317885509 563.23935236886609 4.8535144979832685 8.0083997109904903 3.0837406455539149 3.1808191395830354 6.2804822027683258 4.2131110131740561 5.8880098620429626 22.012893176870424 3.14846142171882 6.2402899754233649 1.2359588713152323
leaf_count=1413 1160 1588 7778 1061 800 364 445 177 602 1614 963 229 74 24
internal_value=1.91359e-06 -0.000613361 -0.00116992 -0.000195216 0.000411921 0.0385746 0.00465282 -0.0309133 -0.000882471 -0.000308941 -0.00111873 0.000341269 -0.000351969 -0.037079
internal_weight=648.039 643.228 638.84 631.385 626.532 20.5534 12.545 9.36422 605.978 601.765 595.877 572.628 569.48 23.2489
internal_count=18292 17132 15719 14131 13070 1786 986 541 11284 10682 9068 8081 7852 987
is_linear=0
shrinkage=0.08


Tree=73
num_leaves=15
num_cat=0
split_feature=16 15 17 10 9 1 19 14 10 10 19 10 10 5
split_gain=4.83505 4.34101 4.18201 7.15983 3.8329 6.92526 4.25921 3.68041 5.99281 5.88607 8.22959 4.01069 7.2027 4.65094
threshold=1.0000000180025095e-35 1.0000000180025095e-35 1.0000000180025095e-35 0.68500000000000016 1.0000000180025095e-35 8.5000000000000018 0.87500000000000011 1.0000000180025095e-35 1.0000000180025095e-35 0.52500000000000013 0.45000000000000007 0.67500000000000016 0.52500000000000013 1.5000000000000002
decision_type=2 2 2 2 2 2 2 2 2 2 2 2 2 2
left_child=1 2 3 4 -1 -6 7 11 -9 10 -10 12 13 -7
right_child=-2 -3 -4 -5 5 6 -8 8 9 -11 -12 -13 -14 -15
leaf_value=0.080405845403304504 0.080254007467503552 -0.082939516739956462 -0.082607271972747004 0.081337184102335008 -0.083923567156157383 0.00081706383464865491 -0.080959709825232373 0.091107818848100458 0.080647198370549497 0.1226537202447909 -0.085274346110363358 -0.033265027096496272 0.12354954883217828 -0.068943299405773026
leaf_weight=3.729571853298693 4.7696103747002772 4.0710316192125893 3.9041996379382899 6.9260451927548266 6.3698550222907206 559.29154183529317 4.1386730327503747 7.4397736559622016 2.8484930684789997 1.9616873927880067 5.8264589011669159 23.136348242172971 3.0387931965524322 6.1841404540464273
leaf_count=1224 2643 1109 604 1925 1254 5859 1013 800 364 77 177 969 214 60
internal_value=6.10714e-06 -0.000593003 -6.49031e-05 0.000445901 -0.000451996 -0.000938207 -7.70988e-05 0.000471912 0.0360307 -0.00249291 -0.0307926 -0.000614497 0.000714253 5.41524e-05
internal_weight=643.636 638.867 634.796 630.891 623.965 620.236 613.866 609.727 18.0764 10.6366 8.67495 591.651 568.514 565.476
internal_count=18292 15649 14540 13936 12011 10787 9533 8520 1418 618 541 7102 6133 5919
is_linear=0
shrinkage=0.08


Tree=74
num_leaves=15
num_cat=0
split_feature=9 15 16 17 10 1 6 1 1 10 19 4 12 4
split_gain=4.56124 4.00014 3.89685 3.8052 5.46311 3.94191 3.56728 5.19978 5.28258 13.012 13.8001 4.6385 3.78854 7.05428
threshold=0.7250000000000002 1.0000000180025095e-35 1.0000000180025095e-35 1.0000000180025095e-35 0.68500000000000016 17.500000000000004 0.82855000000000012 8.5000000000000018 13.500000000000002 1.0000000180025095e-35 0.45000000000000007 1.0000000180025095e-35 1.5000000000000002 1.0000000180025095e-35
decision_type=2 2 2 2 2 2 2 2 2 2 2 2 2 2
left_child=1 2 3 4 5 6 7 -1 12 -10 -11 -8 -9 -14
right_child=-2 -3 -4 -5 -6 -7 11 8 9 10 -12 -13 13 -15
leaf_value=-0.087544394438332479 0.082180562972932109 -0.082746857727726442 0.08023354516394561 -0.082429250953713604 0.081445392212759898 -0.040100160485607217 -0.11875897943689211 -0.0015670680149152175 -0.12114322235641931 0.064294401468166548 -0.080846703350794705 0.026519178278361526 0.037039904814019871 -0.021455543827850799
leaf_weight=4.4568842963781199 4.2942685681628054 3.76643201871775 3.8451792352134353 3.6114991657668716 5.2172830735798916 15.884166664211078 1.4531542416661967 465.38305089203641 7.9632423644652617 9.8631023818161356 7.2924583717249325 43.861640787450597 43.73233301891014 18.895188864320517
leaf_count=1144 1160 1109 2297 604 1364 572 55 4283 424 250 849 2090 1309 782
internal_value=8.5701e-06 -0.000546931 -5.66375e-05 -0.000548548 -7.46526e-05 -0.000761988 0.000274424 -0.00147986 -0.000786387 -0.0366308 0.00259805 0.0218604 0.000918823 0.0193914
internal_weight=639.52 635.226 631.459 627.614 624.003 618.785 602.901 557.586 553.129 25.1188 17.1556 45.3148 528.011 62.6275
internal_count=18292 17132 16023 13726 13122 11758 11186 9041 7897 1523 1099 2145 6374 2091
is_linear=0
shrinkage=0.08


Tree=75
num_leaves=15
num_cat=0
split_feature=9 9 0 19 18 10 10 19 17 10 1 8 6 1
split_gain=4.20052 3.7313 6.85119 3.87825 3.99415 4.75312 5.91422 7.52696 3.49216 4.88805 3.98072 3.17423 3.0783 4.91536
threshold=0.7250000000000002 1.0000000180025095e-35 1.5000000000000002 0.70835000000000015 1.0000000180025095e-35 1.0000000180025095e-35 0.52500000000000013 0.45000000000000007 1.0000000180025095e-35 0.68500000000000016 18.500000000000004 1.0000000180025095e-35 0.82855000000000012 13.500000000000002
decision_type=2 2 2 2 2 2 2 2 2 2 2 2 2 2
left_child=1 -1 -3 4 8 -6 7 -7 9 10 12 -12 13 -4
right_child=-2 2 3 -5 5 6 -8 -9 -10 -11 11 -13 -14 -15
leaf_value=0.080353439274295821 0.082023950556108075 -0.081105049153720576 0.0001180642267542705 -0.078189193353509337 0.090333260399116086 0.080614914723541556 0.10683742039511122 -0.085019426776733034 -0.08226200364275417 0.081315410897732671 -0.061821211276403894 0.12487893800895344 0.022258486348645985 -0.036591235680227124
leaf_weight=3.6309843208873636 3.9713718494167543 6.7559964358806601 519.03742252674419 4.0444437062833449 6.8087346781976548 2.6259108548983914 2.7060656716348603 5.2997115813195705 3.3403377691283813 4.6670897980220607 9.5686420097481424 0.62061277870088893 37.187022641533986 24.443791467812844
leaf_count=1413 1160 1940 6091 1025 800 365 449 177 604 1618 335 9 901 1405
internal_value=6.08755e-06 -0.00051033 -0.000978536 -0.000105909 0.000406505 0.0381455 0.00472345 -0.0301416 -0.000692547 -0.000235018 -0.000879172 -0.0504496 -9.33743e-06 -0.00153299
internal_weight=634.708 630.737 627.106 620.35 616.305 17.4404 10.6317 7.92562 598.865 595.525 590.857 10.1893 580.668 543.481
internal_count=18292 17132 15719 13779 12754 1791 991 542 10963 10359 8741 344 8397 7496
is_linear=0
shrinkage=0.08


Tree=76
num_leaves=15
num_cat=0
split_feature=16 15 13 19 10 10 6 6 1 11 7 6 1 10
split_gain=3.9827 3.61761 3.48438 3.4661 3.44332 6.12461 4.21349 6.49776 4.98119 3.75986 3.36254 3.56114 4.9982 5.04946
threshold=1.0000000180025095e-35 1.0000000180025095e-35 1.0000000180025095e-35 0.29165000000000002 1.0000000180025095e-35 0.65500000000000014 0.29165000000000002 0.82855000000000012 13.500000000000002 1.0000000180025095e-35 0.87500000000000011 0.82855000000000012 13.500000000000002 1.0000000180025095e-35
decision_type=2 2 2 2 2 2 2 2 2 2 2 2 2 2
left_child=1 2 10 4 6 -6 8 -8 -4 -9 -1 12 -12 -14
right_child=-2 -3 3 -5 5 -7 7 9 -10 -11 11 -13 13 -15
leaf_value=0.059020079633531897 0.080211821690228863 -0.082558058532735998 -0.005126618609522661 -0.054802079481424321 0.089469108844752163 -0.015110928644367303 -0.16424435885540814 -0.069815559955861584 -0.12310116589633015 0.057432530883390259 0.0022504563013058519 0.025589276158970865 -0.09951624652652466 -0.012322237323214403
leaf_weight=6.8173677497543386 3.9376981424866235 3.4193652526009819 107.7386041682912 10.676743129384702 6.2100571260089046 8.4750670073553902 2.8565540136769396 3.6706403414718807 2.3402865980751804 2.4970772475935519 413.15554969117511 38.991728922701441 6.0697554312646416 14.182594281039199
leaf_count=327 2643 1109 2033 1088 80 650 34 110 39 31 5079 3310 447 1312
internal_value=7.37495e-06 -0.000496245 -4.63376e-05 -0.010937 -0.00743646 0.029114 -0.011943 -0.0644958 -0.00763477 -0.0182976 0.00323678 0.00243175 0.000348374 -0.0384548
internal_weight=631.039 627.101 623.682 144.465 133.788 14.6851 119.103 9.02427 110.079 6.16772 479.217 472.4 433.408 20.2523
internal_count=18292 15649 14540 4065 2977 730 2247 175 2072 141 10475 10148 6838 1759
is_linear=0
shrinkage=0.08


Tree=77
num_leaves=15
num_cat=0
split_feature=9 9 0 19 18 10 10 19 17 10 10 10 6 5
split_gain=3.87417 3.33558 6.27184 3.52309 3.51098 4.42611 5.3333 6.93721 3.21338 4.41578 3.66965 6.55209 4.4795 4.33308
threshold=0.7250000000000002 1.0000000180025095e-35 1.5000000000000002 0.70835000000000015 1.0000000180025095e-35 1.0000000180025095e-35 0.52500000000000013 0.45000000000000007 1.0000000180025095e-35 0.68500000000000016 0.67500000000000016 0.52500000000000013 1.2916500000000002 1.5000000000000002
decision_type=2 2 2 2 2 2 2 2 2 2 2 2 2 2
left_child=1 -1 -3 4 8 -6 7 -7 9 10 11 13 -12 -4
right_child=-2 2 3 -5 5 6 -8 -9 -10 -11 12 -13 -14 -15
leaf_value=0.080317316656292631 0.081848537611350233 -0.081056895323050895 0.00057847389902696358 -0.077759398868066903 0.089648974802945675 0.080566314678910289 0.10557993490020129 -0.084757979087281263 -0.082167352782668082 0.081276261528553703 -0.041713540953333884 0.12347085255137272 0.11965404601288643 -0.068111558190642005
leaf_weight=3.2534114692825815 3.6800595665117717 6.1848995548789381 558.00949874601793 3.7154110069386652 6.2864857078529921 2.4199118362739664 2.4633717437973246 4.9412979753687978 3.0764566831057882 4.2274116624612352 20.539317725342702 2.7575899203657164 1.1633312063058827 5.940018667606636
leaf_count=1413 1160 1940 7450 1025 800 365 449 177 604 1618 963 230 24 74
internal_value=6.37862e-06 -0.000475532 -0.000898312 -9.28843e-05 0.000378759 0.0372296 0.00368785 -0.0304095 -0.000617872 -0.000194538 -0.000779862 0.000456483 -0.0330637 -0.000145031
internal_weight=628.658 624.978 621.725 615.54 611.825 16.1111 9.82458 7.36121 595.714 592.637 588.41 566.707 21.7026 563.95
internal_count=18292 17132 15719 13779 12754 1791 991 542 10963 10359 8741 7754 987 7524
is_linear=0
shrinkage=0.08


Tree=78
num_leaves=15
num_cat=0
split_feature=9 15 16 17 10 9 1 19 1 7 0 6 10 10
split_gain=3.56848 3.28344 3.14787 2.97247 4.20904 2.86412 5.3307 3.41392 2.81136 3.62027 5.64814 3.39577 6.33588 4.29335
threshold=0.7250000000000002 1.0000000180025095e-35 1.0000000180025095e-35 1.0000000180025095e-35 0.68500000000000016 1.0000000180025095e-35 8.5000000000000018 0.70835000000000015 18.500000000000004 0.87500000000000011 2.5000000000000004 0.82855000000000012 0.67500000000000016 1.0000000180025095e-35
decision_type=2 2 2 2 2 2 2 2 2 2 2 2 2 2
left_child=1 2 3 4 5 -1 -7 8 9 -8 11 12 -11 -13
right_child=-2 -3 -4 -5 -6 6 7 -9 -10 10 -12 13 -14 -15
leaf_value=0.080303542635236091 0.081713858433655737 -0.082407705785248628 0.080195910886220328 -0.082015456142036258 0.081226414900216759 -0.082574412152978227 0.11111885728626261 -0.080886267854350394 -0.041801750459591239 0.00040662461045485037 -0.10523349646613435 0.051994926689205682 -0.082486823367602963 -0.0016187673597458509
leaf_weight=2.7880985595984376 3.4024954120977773 3.1118872673832803 3.1147357650916083 2.8449743024539194 4.0506285467417902 5.079705275129526 1.9008230111794535 3.3437176590086883 10.039637366193345 538.04666873347014 3.2135572510305783 18.401929325424135 5.9667268129996947 19.893274160916917
leaf_count=1224 1160 1109 2297 604 1364 1254 38 1018 335 6457 59 284 624 465
internal_value=8.99316e-06 -0.000438099 -2.58048e-05 -0.000431721 -5.29148e-05 -0.000593816 -0.00096608 -0.000276097 0.00017504 0.000892465 0.000534629 0.00111833 -0.000502549 0.0241441
internal_weight=625.199 621.796 618.684 615.57 612.725 608.674 605.886 600.806 597.463 587.423 585.522 582.309 544.013 38.2952
internal_count=18292 17132 16023 13726 13122 11758 10534 9280 8262 7927 7889 7830 7081 749
is_linear=0
shrinkage=0.08


Tree=79
num_leaves=15
num_cat=0
split_feature=9 15 16 13 19 10 10 6 6 1 11 1 11 1
split_gain=3.28781 3.02579 2.90424 2.74164 3.3274 3.13707 5.4715 3.94874 6.10988 4.53555 3.16707 3.40943 2.91999 4.21612
threshold=0.7250000000000002 1.0000000180025095e-35 1.0000000180025095e-35 1.0000000180025095e-35 0.29165000000000002 1.0000000180025095e-35 0.65500000000000014 0.29165000000000002 0.82855000000000012 13.500000000000002 1.0000000180025095e-35 15.500000000000002 1.0000000180025095e-35 10.500000000000002
decision_type=2 2 2 2 2 2 2 2 2 2 2 2 2 2
left_child=1 2 3 -1 5 7 -7 9 -9 12 11 -10 -5 -14
right_child=-2 -3 -4 4 -6 6 -8 8 10 -11 -12 -13 13 -15
leaf_value=0.0025196790308315131 0.081588479966675453 -0.082243991075000036 0.080181004527912533 -0.010362803762049238 -0.055704543494020993 0.088646781940777158 -0.01470074265836536 -0.1634733156693691 -0.13027090183629775 -0.12017265896172162 0.054803479828877281 0.030614079082705289 -0.039156683233394801 0.050043513363780968
leaf_weight=472.22349406522699 3.1455302771646521 2.8781210009474298 2.8757763775647609 90.092492882860824 9.5834395851707068 5.7630633651278895 7.6050736305769533 2.6812318270094675 2.0966789349913602 2.2186225359328082 2.3263715740758926 1.4098712983541188 4.6638830435695153 12.428252773359416
leaf_count=9776 1160 1109 2297 1742 1076 75 565 25 86 38 28 24 216 75
internal_value=6.29031e-06 -0.000408383 -2.60052e-05 -0.000402225 -0.0101971 -0.00687518 0.0298528 -0.011039 -0.0635167 -0.00695498 -0.0175694 -0.0655842 -0.00461148 0.0257037
internal_weight=621.992 618.846 615.968 613.092 140.869 131.286 13.3681 117.917 8.51415 109.403 5.83292 3.50655 107.185 17.0921
internal_count=18292 17132 16023 13726 3950 2874 640 2234 163 2071 138 110 2033 291
is_linear=0
shrinkage=0.08


Tree=80
num_leaves=15
num_cat=0
split_feature=9 9 0 19 20 17 10 8 0 4 7 10 10 5
split_gain=3.0294 2.80944 5.44009 2.96274 3.18714 2.61112 3.93835 2.93062 4.25482 3.75341 3.58602 3.92271 3.41555 4.36635
threshold=0.7250000000000002 1.0000000180025095e-35 1.5000000000000002 0.70835000000000015 1.0000000180025095e-35 1.0000000180025095e-35 0.68500000000000016 1.0000000180025095e-35 2.5000000000000004 1.5000000000000002 0.70835000000000015 0.67500000000000016 0.67500000000000016 1.0000000180025095e-35
decision_type=2 2 2 2 2 2 2 2 2 2 2 2 2 2
left_child=1 -1 -3 4 5 6 7 8 9 12 11 -10 -4 -14
right_child=-2 2 3 -5 -6 -7 -8 -9 10 -11 -12 -13 13 -15
leaf_value=0.080269833622164749 0.081471831926952079 -0.081030256629201866 0.00073612600996588839 -0.077105983586355342 0.058431371312848812 -0.081885855116575076 0.080986696881000811 0.099468580367076675 0.078979948885481183 0.097583965107080922 -0.10380788627705949 -0.10181090251618483 -0.08216039043813271 -0.00094261490950630245
leaf_weight=2.7521651051938525 2.9076794012798919 5.3536336375982492 563.33171582850628 3.1753763632150358 5.9911187568795858 2.4945781495189285 3.8308242806815533 1.8749703299836245 1.9076309212250635 2.5159267546841866 4.6724293010774991 1.2858150280080736 7.3414880014024684 10.016250108950771
leaf_count=1413 1160 1940 8848 1025 155 586 1915 58 36 75 102 11 777 191
internal_value=6.46359e-06 -0.000377735 -0.000739348 -3.28704e-05 0.000371477 -0.000208968 0.000132449 -0.000389923 -0.00070669 8.15772e-05 -0.0591518 0.00618598 -0.000340867 -0.0352938
internal_weight=619.452 616.544 613.792 608.438 605.263 599.272 596.777 592.946 591.071 583.205 7.86588 3.19345 580.689 17.3577
internal_count=18292 17132 15719 13779 12754 12599 12013 10098 10040 9891 149 47 9816 968
is_linear=0
shrinkage=0.08


Tree=81
num_leaves=15
num_cat=0
split_feature=16 15 17 10 9 0 19 20 8 1 6 19 10 10
split_gain=2.92737 2.75835 2.51786 4.31943 2.41182 4.65961 2.77836 2.63272 2.8636 2.99386 5.19566 6.71757 4.60318 5.62805
threshold=1.0000000180025095e-35 1.0000000180025095e-35 1.0000000180025095e-35 0.68500000000000016 1.0000000180025095e-35 1.5000000000000002 0.87500000000000011 1.0000000180025095e-35 1.0000000180025095e-35 13.500000000000002 0.36665000000000009 1.0000000180025095e-35 0.67500000000000016 1.0000000180025095e-35
decision_type=2 2 2 2 2 2 2 2 2 2 2 2 2 2
left_child=1 2 3 4 -1 -6 7 8 9 -7 -11 12 13 -12
right_child=-2 -3 -4 -5 5 6 -8 -9 -10 10 11 -13 -14 -15
leaf_value=0.080258152728836338 0.08015806132893781 -0.082201285156028966 -0.081749171425482395 0.080950490284736984 -0.081015282751262852 0.0012737561532343566 -0.080714794678082125 0.054397310013662471 0.09404946544470999 -0.10569899721721893 -0.0025715879538753435 -0.0509605696675519 -0.036316739702106492 0.084607870864035151
leaf_weight=2.3712126179598263 2.9022843434358938 2.6254251993377684 2.4032746594166374 4.22029181808466 4.5746053154580286 538.16217722243164 2.7147644562646738 5.7235157829709342 2.0593208096688604 4.0884022845420978 11.251573163550347 17.136882353923284 8.5393433098215628 8.1881650931318291
leaf_count=1224 2643 1109 604 1925 1502 5906 988 62 58 95 262 1321 230 363
internal_value=2.20977e-06 -0.000376638 -2.52927e-05 0.000297195 -0.000265594 -0.000582537 3.29005e-05 0.00040123 -0.00012309 -0.000453261 -0.0193421 -0.0115165 0.0126426 0.0341491
internal_weight=616.961 614.059 611.434 609.03 604.81 602.439 597.864 595.149 589.426 587.367 49.2044 45.116 27.9791 19.4397
internal_count=18292 15649 14540 13936 12011 10787 9285 8297 8235 8177 2271 2176 855 625
is_linear=0
shrinkage=0.08


Tree=82
num_leaves=15
num_cat=0
split_feature=16 15 9 17 10 9 1 19 14 10 10 19 1 7
split_gain=2.70104 2.54224 2.39535 2.30247 3.33795 2.23654 4.35649 2.69168 2.65904 4.40567 4.18515 6.20652 2.41041 2.76121
threshold=1.0000000180025095e-35 1.0000000180025095e-35 0.7250000000000002 1.0000000180025095e-35 0.68500000000000016 1.0000000180025095e-35 8.5000000000000018 0.70835000000000015 1.0000000180025095e-35 1.0000000180025095e-35 0.52500000000000013 0.45000000000000007 18.500000000000004 0.87500000000000011
decision_type=2 2 2 2 2 2 2 2 2 2 2 2 2 2
left_child=1 2 3 4 5 -1 -7 8 12 -10 11 -11 13 -8
right_child=-2 -3 -4 -5 -6 6 7 -9 9 10 -12 -13 -14 -15
leaf_value=0.080238360832341982 0.080146003111261452 -0.082050597158406888 0.081487949033538301 -0.08162402597687797 0.081022465938412655 -0.081062820364794258 0.1069633184269336 -0.080718608050423329 0.088396627247559659 0.080492796504910744 0.1141083004935699 -0.084385729564911402 -0.042342549152475532 -0.00030987634674441627
leaf_weight=2.1894231461919835 2.679532856331206 2.4278438223991534 2.2985818398301481 2.2217658032313912 3.2340706968680015 4.2932946222135788 1.5398321044631291 2.6443765648873514 5.7477025587577364 2.1670535504817945 1.5814243574859572 4.4857537504285574 8.744636243907733 567.81488221802283
leaf_count=1224 2643 1109 814 604 1364 1254 24 1018 800 364 77 177 303 6517
internal_value=1.05677e-06 -0.000350193 -2.4466e-05 -0.000333307 -3.45047e-05 -0.000470533 -0.000765525 -0.000185863 0.000173815 0.0346468 -0.00287188 -0.030679 -0.000659951 -1.97537e-05
internal_weight=614.07 611.391 608.963 606.664 604.442 601.208 599.019 594.726 592.081 13.9819 8.23423 6.65281 578.099 569.355
internal_count=18292 15649 14540 13726 13122 11758 10534 9280 8262 1418 618 541 6844 6541
is_linear=0
shrinkage=0.08


Tree=83
num_leaves=15
num_cat=0
split_feature=16 15 9 17 10 9 0 19 14 10 19 10 10 10
split_gain=2.49207 2.34348 2.20723 2.1231 3.07677 2.06164 4.0874 2.44721 2.45777 4.01954 3.82806 5.79601 2.33322 5.7285
threshold=1.0000000180025095e-35 1.0000000180025095e-35 0.7250000000000002 1.0000000180025095e-35 0.68500000000000016 1.0000000180025095e-35 1.5000000000000002 0.70835000000000015 1.0000000180025095e-35 1.0000000180025095e-35 0.45000000000000007 0.52500000000000013 0.67500000000000016 0.52500000000000013
decision_type=2 2 2 2 2 2 2 2 2 2 2 2 2 2
left_child=1 2 3 4 5 -1 -7 8 12 -10 -11 -12 13 -8
right_child=-2 -3 -4 -5 -6 6 7 -9 9 10 11 -13 -14 -15
leaf_value=0.080220081472408056 0.080134860849819259 -0.081909014290760709 0.081376923270679774 -0.081507216180578393 0.080947456096886458 -0.080947549828574716 -0.00018276588078928736 -0.080677525161745298 0.087885369351108078 0.080731060465162943 -0.084047467716921925 0.12258408873331768 -0.027839887022725173 0.12541627026935387
leaf_weight=2.0215342224109909 2.473850571725051 2.2448995860177083 2.1246360731311134 2.0537685846793456 2.9880779850063837 4.0353998570353715 556.07868427224457 2.40607488824753 5.3354171549435687 2.4202615927206352 4.1568613396957517 1.0983483269810674 19.456519671017304 2.3338203410385168
leaf_count=1224 2643 1109 814 604 1364 1502 5566 993 800 435 177 7 930 124
internal_value=3.43223e-06 -0.000322205 -2.02244e-05 -0.000306365 -2.94949e-05 -0.000433213 -0.00070617 -0.000160386 0.000167481 0.0345527 -0.00252015 -0.0408611 -0.000606713 0.000342161
internal_weight=611.228 608.754 606.509 604.385 602.331 599.343 597.321 593.286 590.88 13.0109 7.67547 5.25521 577.869 558.413
internal_count=18292 15649 14540 13726 13122 11758 10534 9032 8039 1419 619 184 6620 5690
is_linear=0
shrinkage=0.08


Tree=84
num_leaves=15
num_cat=0
split_feature=16 15 13 19 10 10 6 6 1 11 1 0 11 1
split_gain=2.29936 2.16043 2.0675 2.68631 3.03778 4.35438 3.12641 5.05319 3.6081 3.03369 2.60288 2.96719 2.59413 3.46869
threshold=1.0000000180025095e-35 1.0000000180025095e-35 1.0000000180025095e-35 0.29165000000000002 1.0000000180025095e-35 0.65500000000000014 0.29165000000000002 0.63335000000000008 13.500000000000002 1.0000000180025095e-35 15.500000000000002 2.5000000000000004 1.0000000180025095e-35 10.500000000000002
decision_type=2 2 2 2 2 2 2 2 2 2 2 2 2 2
left_child=1 2 -1 4 6 -6 8 -8 12 10 -9 -12 -4 -14
right_child=-2 -3 3 -5 5 -7 7 9 -10 -11 11 -13 13 -15
leaf_value=0.0025152477630020291 0.080124561060984784 -0.081776151969905272 -0.0094915877638026627 -0.051745045409284679 0.087679228022183156 -0.0094981781256465846 -0.15946896884354531 -0.1234159622172552 -0.11186996226277131 0.054608396998491182 0.10584713586826647 -0.11052346402582071 -0.034540174829309551 0.047277964501099314
leaf_weight=467.31238822237356 2.2839335484604808 2.0755341716576359 89.104176582070068 8.6776012158952636 5.1996589721529727 6.8239533913438208 2.2498566168360394 2.0507054631598298 2.0251907063648096 2.2470193267799914 0.93091962835751452 0.718856081366539 4.5660687473136958 12.115402350202201
leaf_count=10475 2643 1109 1742 1088 80 650 23 87 39 36 22 7 216 75
internal_value=5.65413e-06 -0.000296255 -1.62744e-05 -0.00866975 -0.00575024 0.0325266 -0.00971742 -0.0573455 -0.00609604 -0.0187136 -0.0632364 0.0115681 -0.00407108 0.0248826
internal_weight=608.381 606.097 604.022 136.709 128.032 12.0236 116.008 8.19736 107.811 5.9475 3.70048 1.64978 105.786 16.6815
internal_count=18292 15649 14540 4065 2977 730 2247 175 2072 152 116 29 2033 291
is_linear=0
shrinkage=0.08


Tree=85
num_leaves=15
num_cat=0
split_feature=9 9 0 19 18 10 10 19 17 10 5 6 10 10
split_gain=2.27401 2.01612 4.0189 2.12262 2.52559 3.39013 3.83658 5.30982 1.92779 2.6964 1.96683 3.33376 3.17551 4.99587
threshold=0.7250000000000002 1.0000000180025095e-35 1.5000000000000002 0.70835000000000015 1.0000000180025095e-35 1.0000000180025095e-35 0.52500000000000013 0.45000000000000007 1.0000000180025095e-35 0.68500000000000016 1.5000000000000002 1.2916500000000002 0.67500000000000016 0.52500000000000013
decision_type=2 2 2 2 2 2 2 2 2 2 2 2 2 2
left_child=1 -1 -3 4 8 -6 7 -7 9 10 11 12 13 -4
right_child=-2 2 3 -5 5 6 -8 -9 -10 -11 -12 -13 -14 -15
leaf_value=0.080195674772573874 0.081165461390235297 -0.080840350402741235 0.00016078516014167728 -0.076300776747210891 0.087381909492502741 0.08044917389854106 0.10231654477990607 -0.08374434661866402 -0.081400317063053618 0.080875159621910817 -0.045659702983816448 0.10158022816608825 -0.033337077025997142 0.13056119071997896
leaf_weight=1.9852915381197807 2.201433356764027 3.9642038003657936 550.57265685673337 2.3258128589368416 4.9410823083017004 1.8717849629465488 1.8522491037147117 3.8598389904946089 1.8785544323036436 2.6117695354041635 6.1323276020702897 2.0558106068638144 18.221353047760203 1.8867717026732851
leaf_count=1413 1160 1940 7421 1025 800 365 449 177 604 1618 115 58 963 184
internal_value=5.18209e-06 -0.000290549 -0.000555902 -2.38751e-05 0.000273844 0.0358182 0.00222308 -0.0301234 -0.000489307 -0.000227913 -0.000593838 -0.000111314 -0.000477646 0.000606132
internal_weight=606.361 604.16 602.174 598.21 595.884 12.525 7.58387 5.73162 583.359 581.481 578.869 572.737 570.681 552.459
internal_count=18292 17132 15719 13779 12754 1791 991 542 10963 10359 8741 8626 8568 7605
is_linear=0
shrinkage=0.08


Tree=86
num_leaves=15
num_cat=0
split_feature=9 15 6 0 1 7 10 19 10 4 1 12 19 6
split_gain=2.09615 1.97336 1.97916 3.76352 3.68436 6.31432 8.87072 8.15551 8.40927 3.49093 3.28111 3.08782 5.49575 11.946
threshold=0.7250000000000002 1.0000000180025095e-35 0.82855000000000012 2.5000000000000004 13.500000000000002 0.70835000000000015 1.0000000180025095e-35 0.45000000000000007 0.67500000000000016 1.0000000180025095e-35 8.5000000000000018 1.5000000000000002 0.29165000000000002 0.29165000000000002
decision_type=2 2 2 2 2 2 2 2 2 2 2 2 2 2
left_child=1 2 4 9 10 -6 -7 8 -8 -4 -1 -12 -13 -14
right_child=-2 -3 3 -5 5 6 7 -9 -10 -11 11 12 13 -15
leaf_value=-0.085937583363077691 0.081078437000060635 -0.081703124318887363 -0.11953668379415619 -0.064258675064364362 0.057377843054782815 -0.11495521059125245 0.084311762421933487 -0.080602316068536017 -0.082087271881601184 0.025327020124813766 -0.0015511805738987123 0.03106636739489119 0.086533167756905699 -0.082374763941372428
leaf_weight=2.817936490289866 2.0342719456530167 1.898332959099206 1.0912663737544779 3.5080383693566537 4.5072190118080497 7.9363386665354509 6.6981329530826752 6.4673447380773714 2.738387044519186 43.628182193031535 463.07952665811172 45.12088060361566 3.9158880322938758 8.4894483758835122
leaf_count=1146 1160 1109 55 112 327 474 300 1124 140 4924 4743 2138 76 464
internal_value=7.758e-06 -0.000266242 -8.58428e-06 0.0155327 -0.00136697 -0.0294576 -0.0458747 -0.0114022 0.0360244 0.021792 0.000154355 0.000620354 0.018101 -0.029057
internal_weight=603.931 601.897 599.999 48.2275 551.771 28.3474 23.8402 15.9039 9.43652 44.7194 523.424 520.606 57.5262 12.4053
internal_count=18292 17132 16023 5091 10932 2365 2038 1564 440 4979 8567 7421 2678 540
is_linear=0
shrinkage=0.08


Tree=87
num_leaves=15
num_cat=0
split_feature=16 17 10 8 15 9 0 19 20 5 1 6 19 10
split_gain=2.00484 1.84979 3.04406 1.86889 1.79848 1.70845 3.35841 1.97262 2.01072 2.37794 2.0318 4.04745 5.34514 3.18005
threshold=1.0000000180025095e-35 1.0000000180025095e-35 0.68500000000000016 1.0000000180025095e-35 1.0000000180025095e-35 1.0000000180025095e-35 1.5000000000000002 0.87500000000000011 1.0000000180025095e-35 1.0000000180025095e-35 13.500000000000002 0.36665000000000009 1.0000000180025095e-35 0.67500000000000016
decision_type=2 2 2 2 2 2 2 2 2 2 2 2 2 2
left_child=1 2 3 4 5 -1 -7 8 10 -10 -8 -12 13 -13
right_child=-2 -3 -4 -5 -6 6 7 -9 9 -11 11 12 -14 -15
leaf_value=0.080183052616819933 0.08011284115300446 -0.081379084752293204 0.080698946378536696 0.077285817028507536 -0.081584032437356568 -0.080869407366747442 0.00096427882267262495 -0.080549187673910463 -0.10223282842026561 0.06892001944321291 -0.099836101036951938 0.03154497502563812 -0.047843212365048848 -0.029382089997563351
leaf_weight=1.6770753626478825 1.9925484151754052 1.7940229653031554 2.9749353765510014 1.9738782061031077 1.7536186520883337 3.3234045937424517 533.11160445545102 1.9499833968002338 0.58558562397956748 4.6057652859017253 3.4717978490516535 17.491589656972796 14.923655849939676 7.9858286342350757
leaf_count=1224 2643 604 1925 70 1107 1502 5906 981 11 48 95 625 1321 230
internal_value=-1.54672e-08 -0.000267122 -2.28959e-05 -0.000427957 -0.000687566 -0.000446766 -0.000676952 -0.000220694 4.83645e-05 0.0496139 -0.000397596 -0.0169461 -0.00982311 0.0124475
internal_weight=599.615 597.623 595.829 592.854 590.88 589.126 587.449 584.126 582.176 5.19135 576.984 43.8729 40.4011 25.4774
internal_count=18292 15649 15045 13120 13050 11943 10719 9217 8236 59 8177 2271 2176 855
is_linear=0
shrinkage=0.08


Tree=88
num_leaves=15
num_cat=0
split_feature=9 17 10 9 1 1 1 6 11 1 6 1 10 1
split_gain=1.85538 1.70579 2.65085 1.678 3.37988 2.02192 6.01236 8.89014 3.26343 6.39882 6.09794 8.13172 16.3161 7.81421
threshold=0.7250000000000002 1.0000000180025095e-35 0.68500000000000016 1.0000000180025095e-35 8.5000000000000018 9.5000000000000018 10.500000000000002 0.45000000000000007 1.0000000180025095e-35 11.500000000000002 0.82855000000000012 12.500000000000002 1.0000000180025095e-35 13.500000000000002
decision_type=2 2 2 2 2 2 2 2 2 2 2 2 2 2
left_child=1 2 3 -1 -5 -6 7 -7 -8 -10 11 12 -11 -13
right_child=-2 -3 -4 4 5 6 8 -9 9 10 -12 13 -14 -15
leaf_value=0.080163145110466266 0.080987544509303191 -0.081278796542808632 0.080667963217634558 -0.078831278263017238 0.01066190144117801 -0.16672118686059165 -0.0032947945256362123 0.010937526810021605 0.052589710814070899 -0.34952984143018084 0.046557571001798567 0.049137390506060988 0.010799215995515728 -0.063606903580030988
leaf_weight=1.6509849566209585 1.804805920110083 1.6580525875906449 2.5943167950026682 3.513529702089726 93.365398093999829 3.4781180988647966 436.76658428285737 3.7422111434862018 20.479763832961908 1.4308503391803304 9.424028007022569 7.7216395665600421 1.8365732334787026 8.0215726458991394
leaf_count=1413 1160 604 1993 1578 1377 307 7416 274 863 25 316 462 131 373
internal_value=-3.02782e-06 -0.000248414 -2.22404e-05 -0.000376188 -0.000601644 -0.000132809 -0.00217754 -0.0746428 -0.00110025 0.0184953 -0.00606083 -0.032145 -0.146994 -0.00830874
internal_weight=597.488 595.684 594.026 591.431 589.78 586.267 492.901 7.22033 485.681 48.9144 28.4347 19.0106 3.26742 15.7432
internal_count=18292 17132 16528 14535 13122 11544 10167 581 9586 2170 1307 991 156 835
is_linear=0
shrinkage=0.08


Tree=89
num_leaves=15
num_cat=0
split_feature=16 15 13 19 10 10 6 1 0 4 1 7 1 5
split_gain=1.78844 1.6386 1.6721 2.28296 2.56884 3.74697 2.85106 4.41483 2.71279 3.44377 2.46079 2.16444 1.93517 2.01673
threshold=1.0000000180025095e-35 1.0000000180025095e-35 1.0000000180025095e-35 0.29165000000000002 1.0000000180025095e-35 0.65500000000000014 0.29165000000000002 12.500000000000002 2.5000000000000004 1.0000000180025095e-35 13.500000000000002 0.87500000000000011 9.5000000000000018 1.0000000180025095e-35
decision_type=2 2 2 2 2 2 2 2 2 2 2 2 2 2
left_child=1 2 11 4 6 -6 10 -8 9 -9 -4 -1 -13 -14
right_child=-2 -3 3 -5 5 -7 7 8 -10 -11 -12 12 13 -15
leaf_value=0.054076981943137217 0.080102348874073567 -0.081407981720448885 -0.0039403646721450254 -0.050192907895547256 0.086619340750250406 -0.0085476658837544527 -0.13263300823934973 -0.11669603609090443 -0.12254626964717572 0.067519415210192973 -0.10174766596098475 0.013336764867925871 -0.0025869514567164568 0.016976482509373943
leaf_weight=5.101134867698419 1.7786955673072942 1.5873921051970672 103.93216833757469 7.7139569747960186 4.6025617467239481 6.2344242325634696 2.9566971512977025 0.84615871496498618 1.0265984423458574 2.794121915474534 1.6728057451546181 75.887358603999019 341.98973216995364 37.413300183718093
leaf_count=327 2643 1109 2033 1088 80 650 86 7 19 63 39 2553 4478 3117
internal_value=3.43494e-06 -0.000236514 -1.8923e-05 -0.00796472 -0.00533912 0.0318706 -0.00890042 -0.0561478 -0.00769073 0.0246998 -0.00548965 0.00225543 0.00167482 -0.000657782
internal_weight=595.537 593.758 592.171 131.779 124.066 10.837 113.229 7.62358 4.66688 3.64028 105.605 460.392 455.29 379.403
internal_count=18292 15649 14540 4065 2977 730 2247 175 89 70 2072 10475 10148 7595
is_linear=0
shrinkage=0.08


Tree=90
num_leaves=15
num_cat=0
split_feature=9 17 10 5 19 6 10 10 1 6 0 7 0 11
split_gain=1.67912 1.58722 2.40599 1.55979 2.44614 2.38532 2.08899 5.35289 2.64222 2.61988 2.38607 2.21505 3.15969 1.89595
threshold=0.7250000000000002 1.0000000180025095e-35 0.68500000000000016 1.5000000000000002 0.45000000000000007 1.2916500000000002 0.67500000000000016 0.52500000000000013 17.500000000000004 0.63335000000000008 2.5000000000000004 0.70835000000000015 2.5000000000000004 1.0000000180025095e-35
decision_type=2 2 2 2 2 2 2 2 2 2 2 2 2 2
left_child=1 2 3 5 -5 6 7 11 9 10 -8 -1 -13 -6
right_child=-2 -3 -4 4 13 -7 8 -9 -10 -11 -12 12 -14 -15
leaf_value=0.091041820244197394 0.080902083060217289 -0.08122000925653873 0.080637874205305202 -0.071455087022592817 0.11652187901365886 0.079605518197742212 -0.082181648389246229 0.11664278414664643 -0.077849018794861488 0.016453162809519344 0.10194958825695855 0.00020861943158885185 -0.091111246023851525 -0.060013281166672358
leaf_weight=1.7084286013850931 1.637489584594731 1.5442442603525695 2.3581213731958988 4.430294203979428 0.94470366509631254 2.4043640761519773 3.7426100437296563 2.5332259237766257 4.811795921996235 8.7899754839600064 0.51203238870948542 555.26573980483226 2.4355383728106963 0.66232868924271315
leaf_count=43 1160 604 1993 103 24 264 531 223 307 172 5 12746 106 11
internal_value=3.33893e-06 -0.000220375 -8.58482e-06 -0.000331878 -0.0407858 8.76203e-05 -0.000242132 0.000613862 -0.0271803 -0.00849005 -0.0600221 8.84374e-05 -0.000190184 0.043764
internal_weight=593.781 592.143 590.599 588.241 6.03733 582.204 579.799 561.943 17.8564 13.0446 4.25464 559.41 557.701 1.60703
internal_count=18292 17132 16528 14535 138 14397 14133 13118 1015 708 536 12895 12852 35
is_linear=0
shrinkage=0.08


Tree=91
num_leaves=15
num_cat=0
split_feature=16 15 17 10 7 0 2 6 10 4 10 1 10 19
split_gain=1.6101 1.51827 1.47079 2.35228 1.54502 3.43411 3.21936 1.98602 5.35355 2.7412 3.5092 4.38395 4.18666 6.0346
threshold=1.0000000180025095e-35 1.0000000180025095e-35 1.0000000180025095e-35 0.68500000000000016 0.87500000000000011 2.5000000000000004 1.0000000180025095e-35 0.82855000000000012 0.67500000000000016 1.0000000180025095e-35 1.0000000180025095e-35 12.500000000000002 0.52500000000000013 0.45000000000000007
decision_type=2 2 2 2 2 2 2 2 2 2 2 2 2 2
left_child=1 2 3 4 -1 7 -7 8 -6 -9 11 -11 13 -12
right_child=-2 -3 -4 -5 5 6 -8 9 -10 10 12 -13 -14 -15
leaf_value=0.045660014353380254 0.080090595105303516 -0.081392002023762247 -0.081130480394069726 0.080568414744926861 -0.0004261833847073883 -0.097688617501265618 0.080971954449999592 -0.1163068629988767 -0.08172936313878891 0.0015650809772707252 0.080610569193255821 0.082934613611978292 0.027135430144887583 -0.082840909476905408
leaf_weight=4.6777190697030155 1.60224158343044 1.4708551283401892 1.4270264880615275 2.3207331489247727 531.51951454719529 3.9470627492410122 0.77169400532147836 0.9579594696406265 5.2343492478830731 7.5027655431767952 1.8705843021743929 9.7373394663445634 13.060121073795017 6.36301050754264
leaf_count=125 2643 1109 604 1925 8568 115 222 55 796 221 1243 193 309 164
internal_value=3.24815e-06 -0.000213925 -1.13409e-05 0.000185541 -0.000132994 -0.000501703 -0.0684709 5.48831e-05 -0.00121904 0.0173695 0.0206927 0.0475232 -0.0010302 -0.0457065
internal_weight=592.463 590.861 589.39 587.963 585.642 580.964 4.71876 576.246 536.754 39.4918 38.5338 17.2401 21.2937 8.23359
internal_count=18292 15649 14540 13936 12011 11886 337 11549 9364 2185 2130 414 1716 1407
is_linear=0
shrinkage=0.08


end of trees

feature_importances:
Column_10=217
Column_19=162
Column_9=106
Column_1=96
Column_17=86
Column_16=84
Column_6=81
Column_0=79
Column_11=53
Column_7=47
Column_13=47
Column_18=45
Column_15=42
Column_14=40
Column_12=31
Column_20=26
Column_5=18
Column_4=15
Column_8=9
Column_2=4

parameters:
[boosting: gbdt]
[objective: binary]
[metric: binary_logloss]
[tree_learner: serial]
[device_type: cpu]
[data_sample_strategy: bagging]
[data: ]
[valid: ]
[num_iterations: 150]
[learning_rate: 0.08]
[num_leaves: 15]
[num_threads: 0]
[seed: 0]
[deterministic: 0]
[force_col_wise: 0]
[force_row_wise: 0]
[histogram_pool_size: -1]
[max_depth: -1]
[min_data_in_leaf: 5]
[min_sum_hessian_in_leaf: 0.001]
[bagging_fraction: 1]
[pos_bagging_fraction: 1]
[neg_bagging_fraction: 1]
[bagging_freq: 0]
[bagging_seed: 3]
[bagging_by_query: 0]
[feature_fraction: 1]
[feature_fraction_bynode: 1]
[feature_fraction_seed: 2]
[extra_trees: 0]
[extra_seed: 6]
[early_stopping_round: 0]
[early_stopping_min_delta: 0]
[first_metric_only: 0]
[max_delta_step: 0]
[lambda_l1: 0]
[lambda_l2: 0]
[linear_lambda: 0]
[min_gain_to_split: 0]
[drop_rate: 0.1]
[max_drop: 50]
[skip_drop: 0.5]
[xgboost_dart_mode: 0]
[uniform_drop: 0]
[drop_seed: 4]
[top_rate: 0.2]
[other_rate: 0.1]
[min_data_per_group: 100]
[max_cat_threshold: 32]
[cat_l2: 10]
[cat_smooth: 10]
[max_cat_to_onehot: 4]
[top_k: 20]
[monotone_constraints: ]
[monotone_constraints_method: basic]
[monotone_penalty: 0]
[feature_contri: ]
[forcedsplits_filename: ]
[refit_decay_rate: 0.9]
[cegb_tradeoff: 1]
[cegb_penalty_split: 0]
[cegb_penalty_feature_lazy: ]
[cegb_penalty_feature_coupled: ]
[path_smooth: 0]
[interaction_constraints: ]
[verbosity: -1]
[saved_feature_importance_type: 0]
[use_quantized_grad: 0]
[num_grad_quant_bins: 4]
[quant_train_renew_leaf: 0]
[stochastic_rounding: 1]
[linear_tree: 0]
[max_bin: 255]
[max_bin_by_feature: ]
[min_data_in_bin: 3]
[bin_construct_sample_cnt: 200000]
[data_random_seed: 1]
[is_enable_sparse: 1]
[enable_bundle: 1]
[use_missing: 1]
[zero_as_missing: 0]
[feature_pre_filter: 0]
[pre_partition: 0]
[two_round: 0]
[header: 0]
[label_column: ]
[weight_column: ]
[group_column: ]
[ignore_column: ]
[categorical_feature: ]
[forcedbins_filename: ]
[precise_float_parser: 0]
[parser_config_file: ]
[objective_seed: 5]
[num_class: 1]
[is_unbalance: 0]
[scale_pos_weight: 1]
[sigmoid: 1]
[boost_from_average: 1]
[reg_sqrt: 0]
[alpha: 0.9]
[fair_c: 1]
[poisson_max_delta_step: 0.7]
[tweedie_variance_power: 1.5]
[lambdarank_truncation_level: 30]
[lambdarank_norm: 1]
[label_gain: ]
[lambdarank_position_bias_regularization: 0]
[eval_at: ]
[multi_error_top_k: 1]
[auc_mu_weights: ]
[num_machines: 1]
[local_listen_port: 12400]
[time_out: 120]
[machine_list_filename: ]
[machines: ]
[gpu_platform_id: -1]
[gpu_device_id: -1]
[gpu_device_id_list: ]
[gpu_use_dp: 0]
[num_gpu: 1]

end of parameters

pandas_categorical:null
