tree
version=v4
num_class=1
num_tree_per_iteration=1
label_index=0
max_feature_idx=18
objective=binary sigmoid:1
feature_names=Column_0 Column_1 Column_2 Column_3 Column_4 Column_5 Column_6 Column_7 Column_8 Column_9 Column_10 Column_11 Column_12 Column_13 Column_14 Column_15 Column_16 Column_17 Column_18
feature_infos=[1:7] [3:54] [0:1] [0:1] [0:3] [0:4] [0:2] [0.40000000000000002:1] [0:3] [0:0.90000000000000002] [0:0.84999999999999998] [0:0.5] [1:3] [0:1] [0:1] [0:1] [0:1] [0:1] [0:1]
tree_sizes=1741 1743 1723 1736 1736 1738 1737 1749 1755 1754 1739 1753 1734 1752 1755 1741 1751 1736 1746 1748 1758 1765 1762 1758 1756 1752 1762 1762 1770 1753 1756 1767 1754 1765 1753 1746 1761 1745 1757 1756 1764 1757 1764 1756 1758 1758 1751 1735 1747 1758 1739 1759 1768 1732 1758 1737 1757 1750 1740 1769 1750 1757 1739 1756 1757 1766 1754 1742 1758 1753 1742 1771 1751 1758 1739 1739 1740 1735 1726 1740 1739 1759 1735 1752 1744 1762 1738 1744 1757 1744 1747 1771 1759 1740 1762 1749 1746 1765 1744 1744 1742 1749 1740 1754 1766 1735 1753 1767 1757 1749 1729 1735 1730 1748 1767 1745 1765 1769 1755 1763 1770 1759 1729 1748 1753 1730 1760 1741 1778 1746 1751

Tree=0
num_leaves=15
num_cat=0
split_feature=12 9 16 0 16 4 17 6 10 0 1 6 18 1
split_gain=863.587 532.691 209.54 200.632 201.964 160.948 109.555 236.617 190.032 173.748 61.084 45.3115 41.6519 51.2927
threshold=1.5000000000000002 1.0000000180025095e-35 1.0000000180025095e-35 2.5000000000000004 1.0000000180025095e-35 1.0000000180025095e-35 1.0000000180025095e-35 0.70835000000000015 0.67500000000000016 1.5000000000000002 13.500000000000002 0.70835000000000015 1.0000000180025095e-35 13.500000000000002
decision_type=2 2 2 2 2 2 2 2 2 2 2 2 2 2
left_child=1 5 12 4 6 -1 7 8 9 -2 -11 -8 -3 -14
right_child=3 2 -4 -5 -6 -7 11 -9 -10 10 -12 -13 13 -15
leaf_value=-0.14168731608365653 -0.29759694913968449 -0.27300418731288956 -0.0091126537858308432 0.0016331238869888298 0.02417399567807535 0.02417399567807535 -0.056268740526364616 -0.0045698108068858156 -0.29759694913968449 -0.073032331707429718 -0.15563917936714339 -0.29759694913968449 -0.14923549554107665 -0.28482826085326546
leaf_weight=217.04881440103054 31.823881149291992 426.14165851473808 21.630294218659401 141.96434481441975 67.625747442245483 45.249581009149551 5.9669777154922476 100.19550080597401 45.000956937670708 177.76621110737324 84.532184302806854 30.083512648940086 41.520219936966896 31.326633006334305
leaf_count=873 128 1714 87 571 272 182 24 403 181 715 340 121 167 126
internal_value=-0.148647 -0.206042 -0.252881 -0.0830441 -0.105183 -0.113074 -0.123585 -0.112583 -0.144496 -0.121072 -0.0996544 -0.257653 -0.263448 -0.207545
internal_weight=1467.88 782.917 520.619 684.959 542.995 262.298 475.369 439.319 339.123 294.122 262.298 36.0505 498.989 72.8469
internal_count=5904 3149 2094 2755 2184 1055 1912 1767 1364 1183 1055 145 2007 293
is_linear=0
shrinkage=1


Tree=1
num_leaves=15
num_cat=0
split_feature=12 9 16 0 16 4 17 6 10 0 1 6 18 1
split_gain=732.987 457.234 179.107 167.868 169.473 135.231 93.4947 198.716 163.166 148.541 51.3433 39.0753 36.3925 44.6413
threshold=1.5000000000000002 1.0000000180025095e-35 1.0000000180025095e-35 2.5000000000000004 1.0000000180025095e-35 1.0000000180025095e-35 1.0000000180025095e-35 0.70835000000000015 0.67500000000000016 1.5000000000000002 13.500000000000002 0.70835000000000015 1.0000000180025095e-35 15.500000000000002
decision_type=2 2 2 2 2 2 2 2 2 2 2 2 2 2
left_child=1 5 12 4 6 -1 7 8 9 -2 -11 -8 -3 -14
right_child=3 2 -4 -5 -6 -7 11 -9 -10 10 -12 -13 13 -15
leaf_value=0.0063996141817825904 -0.13940805062796571 -0.11597121313362131 0.12762820676249192 0.13745262413015844 0.15808927278563961 0.15808927278563961 0.084567216674501927 0.13178066478909928 -0.13940805062796571 0.069260935826010034 -0.0064362925726039197 -0.13940805062796571 -0.0051208152904147529 -0.13439210884401795
leaf_weight=217.15829573571682 31.301816940307617 420.6139851808548 21.749548852443695 142.74990640580654 67.990065813064575 45.493352860212326 5.9952532052993766 100.74947154521942 44.26272551715374 178.51186506450176 84.487321376800537 29.589998826384544 44.703368723392487 27.684699133038521
leaf_count=873 128 1714 87 571 272 182 24 403 181 715 340 121 180 113
internal_value=-3.87091e-05 -0.053217 -0.0970425 0.0602568 0.0399586 0.0326735 0.0230461 0.0331487 0.00379783 0.0253359 0.0449435 -0.101674 -0.106954 -0.0545604
internal_weight=1463.04 777.403 514.752 685.638 542.889 262.652 474.898 439.313 338.564 294.301 262.999 35.5853 493.002 72.3881
internal_count=5904 3149 2094 2755 2184 1055 1912 1767 1364 1183 1055 145 2007 293
is_linear=0
shrinkage=0.08


Tree=2
num_leaves=15
num_cat=0
split_feature=12 9 16 17 6 6 0 4 12 0 1 0 6 4
split_gain=626.167 395.154 154.132 145.18 203.8 165.859 176.373 115.714 51.0549 49.005 62.8548 35.3575 35.1277 28.9084
threshold=1.5000000000000002 1.0000000180025095e-35 1.0000000180025095e-35 1.0000000180025095e-35 0.58335000000000015 0.36665000000000009 1.5000000000000002 1.0000000180025095e-35 2.5000000000000004 2.5000000000000004 15.500000000000002 1.5000000000000002 0.29165000000000002 1.0000000180025095e-35
decision_type=2 2 2 2 2 2 2 2 2 2 2 2 2 2
left_child=1 7 11 4 5 6 -2 -1 -7 10 -8 -3 -5 -6
right_child=3 2 -4 12 13 8 9 -9 -10 -11 -12 -13 -14 -15
leaf_value=0.0058849336181871856 -0.13167745742494957 -0.13422008139977309 0.117839215865345 0.077751837412716865 -0.17085252219033886 -0.12866262578435056 0.070380707738423018 0.14667055239881557 0.079738201959954555 0.1231432059271986 -0.028436317758789024 -0.086480487417193594 -0.13396942170731282 0.13546516171260486
leaf_weight=217.25439110398293 30.519557952880859 139.40992659330368 21.67380402982235 5.9987990856170645 1.9919304847717274 46.402937993407249 230.31268499791622 45.124204725027084 8.9793270975351316 81.60470712184906 50.169808238744736 345.01118911802769 30.592083498835564 194.99091805517673
leaf_count=873 128 579 87 24 8 194 923 182 36 328 202 1428 128 784
internal_value=-6.6423e-05 -0.0495754 -0.0908808 0.0557558 0.0645502 0.0347306 0.053013 0.0300974 -0.0948738 0.0685801 0.0527053 -0.100219 -0.0992593 0.132368
internal_weight=1450.04 768.474 506.095 681.563 644.972 447.989 392.607 262.379 55.3823 362.087 280.482 484.421 36.5909 196.983
internal_count=5904 3149 2094 2755 2603 1811 1581 1055 230 1453 1125 2007 152 792
is_linear=0
shrinkage=0.08


Tree=3
num_leaves=15
num_cat=0
split_feature=12 9 16 17 10 10 4 0 9 0 16 11 0 6
split_gain=537.232 342.949 133.218 124.892 176.289 158.187 100.417 58.1312 143.2 38.8541 45.1133 34.4648 32.536 30.8078
threshold=1.5000000000000002 1.0000000180025095e-35 1.0000000180025095e-35 1.0000000180025095e-35 0.68500000000000016 0.67500000000000016 1.0000000180025095e-35 1.5000000000000002 1.0000000180025095e-35 2.5000000000000004 1.0000000180025095e-35 1.0000000180025095e-35 1.5000000000000002 0.29165000000000002
decision_type=2 2 2 2 2 2 2 2 2 2 2 2 2 2
left_child=1 6 12 4 5 7 -1 8 -2 10 -9 -7 -3 -5
right_child=3 2 -4 13 -6 11 -8 9 -10 -11 -12 -13 -14 -15
leaf_value=0.0054119353623143544 0.14058310921777323 -0.12740990616226411 0.10959211507104705 0.071725205754503321 0.1407493891441256 -0.10539405373987519 0.13757525091291575 0.041013309378758453 -0.12899889838447473 0.11246475549955681 0.14145204607503578 0.14047453877384991 -0.081006001693555624 -0.12727537866023395
leaf_weight=217.33889570832253 20.595286130905151 135.27926842868328 21.449048280715942 5.9831614494323722 136.12781171500683 52.365233823657036 44.291112810373306 275.7930021584034 32.528116345405579 85.265523940324783 31.934933021664619 3.9220890849828711 339.10548384487629 29.662552058696747
leaf_count=873 84 579 87 24 555 224 182 1107 140 347 130 16 1428 128
internal_value=-8.55593e-05 -0.0463194 -0.0854215 0.0518599 0.0599953 0.0381148 0.0277857 0.05406 -0.0244853 0.0646774 0.0514365 -0.088262 -0.0942389 -0.093873
internal_weight=1431.64 757.464 495.834 674.178 638.532 502.404 261.63 446.117 53.1234 392.993 307.728 56.2873 474.385 35.6457
internal_count=5904 3149 2094 2755 2603 2048 1055 1808 224 1584 1237 240 2007 152
is_linear=0
shrinkage=0.08


Tree=4
num_leaves=15
num_cat=0
split_feature=12 9 16 0 16 4 17 6 10 0 1 18 1 5
split_gain=462.612 298.869 115.6 108.418 116.64 88.1139 59.4437 128.943 108.878 94.8567 38.1618 32.5348 41.2255 39.3302
threshold=1.5000000000000002 1.0000000180025095e-35 1.0000000180025095e-35 2.5000000000000004 1.0000000180025095e-35 1.0000000180025095e-35 1.0000000180025095e-35 0.70835000000000015 0.67500000000000016 1.5000000000000002 13.500000000000002 1.0000000180025095e-35 13.500000000000002 1.0000000180025095e-35
decision_type=2 2 2 2 2 2 2 2 2 2 2 2 2 2
left_child=1 5 11 4 6 -1 7 8 9 -2 -11 -3 13 -13
right_child=3 2 -4 -5 -6 -7 -8 -9 -10 10 -12 12 -14 -15
leaf_value=0.0049772050287896557 -0.11981904692189443 -0.097847261758103626 0.10250019729280185 0.11166225035504797 0.13228619646720094 0.13017503261562294 -0.086011043546418586 0.10670562772234878 -0.12089325260802065 0.055087191873163882 -0.0101351775997127 0.061183241683800668 -0.1113697042535397 -0.11609441430200945
leaf_weight=217.4133185595274 28.401355743408203 393.32153904438019 21.112007349729538 137.59492744505405 64.962356835603714 43.111550599336624 32.795880243182182 97.321711733937263 40.515020802617073 178.23266515135765 84.69705855846405 29.723618924617767 29.03761987388134 10.96362993121147
leaf_count=873 128 1714 87 571 272 182 145 403 181 715 340 122 126 45
internal_value=-9.56443e-05 -0.0433949 -0.080572 0.0484268 0.0319143 0.0256949 0.0177998 0.0257328 0.00198556 0.0190742 0.0340772 -0.0889189 -0.0385535 0.0134138
internal_weight=1409.2 744.683 484.158 664.521 526.926 260.525 461.964 429.168 331.846 291.331 262.93 463.046 69.7249 40.6872
internal_count=5904 3149 2094 2755 2184 1055 1912 1767 1364 1183 1055 2007 293 167
is_linear=0
shrinkage=0.08


Tree=5
num_leaves=15
num_cat=0
split_feature=12 9 16 16 0 4 12 17 10 10 0 9 9 18
split_gain=399.694 261.61 100.712 96.4283 103.366 78.0063 53.3415 43.7287 69.5744 112.88 33.5034 92.3139 32.1696 31.2379
threshold=1.5000000000000002 1.0000000180025095e-35 1.0000000180025095e-35 1.0000000180025095e-35 2.5000000000000004 1.0000000180025095e-35 2.5000000000000004 1.0000000180025095e-35 0.68500000000000016 0.67500000000000016 1.5000000000000002 1.0000000180025095e-35 0.7250000000000002 1.0000000180025095e-35
decision_type=2 2 2 2 2 2 2 2 2 2 2 2 2 2
left_child=1 5 12 4 6 -1 7 8 9 10 11 -2 13 -3
right_child=3 2 -4 -5 -6 -7 -8 -9 -10 -11 -12 -13 -14 -15
leaf_value=0.0045775862878649877 0.12804133835807385 -0.094632392654521336 0.096293682654284965 0.1263007211314047 0.10149798118403476 0.12405075659232509 0.11200438000309339 -0.08111803433534194 0.12803334992438675 -0.11110245529566473 0.033954054321922104 -0.12011136470056939 0.23390504078977029 -0.036039792714610962
leaf_weight=217.47898654639721 14.065524637699125 379.62845069169998 20.692126393318176 82.355662316083908 114.9176981151104 41.678868234157562 34.6486726552248 32.024324491620064 32.583779543638229 45.960786864161491 266.0710401237011 30.180728316307068 2.0253784060478202 68.78554604947567
leaf_count=873 60 1705 87 355 488 182 146 145 139 210 1072 140 9 293
internal_value=-0.000106979 -0.0407675 -0.07628 0.0453795 0.033697 0.0237918 0.0165928 0.00873826 0.0161383 0.00590481 0.0232346 -0.0412256 -0.0842076 -0.0856444
internal_weight=1383.1 730.289 471.132 652.808 570.453 259.158 455.535 420.886 388.862 356.278 310.317 44.2463 450.439 448.414
internal_count=5904 3149 2094 2755 2400 1055 1912 1766 1621 1482 1272 200 2007 1998
is_linear=0
shrinkage=0.08


Tree=6
num_leaves=15
num_cat=0
split_feature=12 9 16 16 0 4 12 1 0 9 0 6 1 18
split_gain=345.957 229.394 87.8955 86.5161 90.7233 69.5551 46.6302 42.081 41.9786 85.5543 31.5255 25.766 36.1559 31.3589
threshold=1.5000000000000002 1.0000000180025095e-35 1.0000000180025095e-35 1.0000000180025095e-35 2.5000000000000004 1.0000000180025095e-35 2.5000000000000004 15.500000000000002 1.5000000000000002 1.0000000180025095e-35 1.5000000000000002 0.58335000000000015 13.500000000000002 1.0000000180025095e-35
decision_type=2 2 2 2 2 2 2 2 2 2 2 2 2 2
left_child=1 5 10 4 6 -1 7 8 9 -2 -3 12 13 -12
right_child=3 2 -4 -5 -6 -7 -8 -9 -10 -11 11 -13 -14 -15
leaf_value=0.0042102024548425062 0.1222675834001893 -0.11443046001874251 0.090778792262105043 0.12081288510280998 0.095999477483476703 0.1189115720851364 0.10592693899941781 -0.038623598362119975 0.034095350092629241 -0.11545932510291676 -0.067341174426167424 0.046300352038018175 -0.11088789793637077 0.011806154876803206
leaf_weight=217.53703142702579 13.571442961692808 121.79461245238781 20.213033616542816 79.332014933228493 111.90398213267326 40.067469745874405 33.742757275700569 94.99224628508091 272.65043912827969 33.864969074726105 164.79106432199478 12.44502007961273 98.80084265768528 39.770175158977509
leaf_count=873 60 579 87 355 488 182 146 410 1132 164 756 56 452 164
internal_value=-0.000111567 -0.0383398 -0.0723205 0.0426177 0.0315546 0.0220507 0.0154867 0.00813457 0.022011 -0.0474462 -0.0798542 -0.0665194 -0.0711477 -0.0519536
internal_weight=1355.48 715.419 457.815 640.058 560.726 257.605 448.822 415.079 320.087 47.4364 437.602 315.807 303.362 204.561
internal_count=5904 3149 2094 2755 2400 1055 1912 1766 1356 224 2007 1428 1372 920
is_linear=0
shrinkage=0.08


Tree=7
num_leaves=15
num_cat=0
split_feature=12 9 17 10 10 16 4 8 16 10 0 1 0 6
split_gain=299.421 201.898 80.1632 123.787 102.242 76.9508 62.3834 35.9215 48.9314 32.0168 67.9832 36.4258 30.1545 28.9958
threshold=1.5000000000000002 1.0000000180025095e-35 1.0000000180025095e-35 0.68500000000000016 0.67500000000000016 1.0000000180025095e-35 1.0000000180025095e-35 1.0000000180025095e-35 1.0000000180025095e-35 1.0000000180025095e-35 1.5000000000000002 15.500000000000002 1.5000000000000002 0.29165000000000002
decision_type=2 2 2 2 2 2 2 2 2 2 2 2 2 2
left_child=1 6 3 4 7 12 -1 8 9 10 -2 -12 -3 -4
right_child=2 5 13 -5 -6 -7 -8 -9 -10 -11 11 -13 -14 -15
leaf_value=0.0038724318274200387 -0.11129735576726224 -0.11070762826308224 0.077184022915941231 0.11862626936769836 -0.078938512661992505 0.085812844622400505 0.11454905055119997 0.087024610787253445 0.11640479111622601 0.095181793701574993 0.042043972815937282 -0.027517038135887954 -0.062857311399793461 -0.11740568516046856
leaf_weight=217.5884158462286 26.765157237648964 116.05389980971813 5.9972268640995017 121.62166467308998 50.920779630541801 19.693670734763145 38.336683094501495 86.516948506236076 36.736173465847969 31.302420228719711 176.42356388270855 66.278717786073685 307.93126939237118 26.809342235326767
leaf_count=873 137 579 24 555 240 87 182 372 171 138 715 275 1428 128
internal_value=-0.00011806 -0.0361344 0.0399174 0.0466128 0.0281718 -0.0687746 0.0204514 0.0410347 0.0292455 0.0185999 0.00970382 0.0230478 -0.075955 -0.0818336
internal_weight=1328.98 699.604 629.372 596.565 474.944 443.679 255.925 424.023 337.506 300.77 269.467 242.702 423.985 32.8066
internal_count=5904 3149 2755 2603 2048 2094 1055 1808 1436 1265 1127 990 2007 152
is_linear=0
shrinkage=0.08


Tree=8
num_leaves=15
num_cat=0
split_feature=6 11 17 8 16 4 16 18 1 5 1 14 15 0
split_gain=269.723 364.829 160.292 53.5464 47.2232 45.0981 41.0152 25.2791 34.8562 41.9254 24.8838 19.9896 21.7158 20.4698
threshold=0.58335000000000015 1.0000000180025095e-35 1.0000000180025095e-35 1.0000000180025095e-35 1.0000000180025095e-35 1.0000000180025095e-35 1.0000000180025095e-35 1.0000000180025095e-35 13.500000000000002 1.0000000180025095e-35 10.500000000000002 1.0000000180025095e-35 1.0000000180025095e-35 1.5000000000000002
decision_type=2 2 2 2 2 2 2 2 2 2 2 2 2 2
left_child=1 4 5 6 7 -2 11 -1 9 10 -9 13 -13 -3
right_child=2 3 -4 -5 -6 -7 -8 8 -10 -11 -12 12 -14 -15
leaf_value=-0.085367382928684038 -0.13007068867537988 -0.034748415382303229 -0.11094884957791656 0.08189597927147528 0.068891036178182152 0.10122041533612551 0.11464954573676316 -0.043489301121445674 -0.10338963217913952 -0.12732309385462828 0.11380710129400289 0.024458607578016989 -0.1326718518488357 0.017524081297587635
leaf_weight=369.55456177890301 5.5297793000936499 108.87233731150627 26.889143437147141 84.657438352704048 14.625705629587172 221.94600908458233 24.293795928359032 9.4610731601715106 25.947975993156433 9.8083970546722394 20.135104417800903 286.38735085725784 5.7418982237577429 85.674920573830605
leaf_count=1841 25 461 135 372 67 1050 117 39 126 42 83 1166 28 352
internal_value=-0.000115048 -0.0180952 0.0737636 0.0229665 -0.0725016 0.0955979 0.013203 -0.0772566 -0.0313917 0.0160191 0.0635238 0.00813904 0.0213702 -0.0117286
internal_weight=1299.53 1045.16 254.365 595.628 449.533 227.476 510.97 434.907 65.3526 39.4046 29.5962 486.677 292.129 194.547
internal_count=5904 4694 1210 2496 2198 1075 2124 2131 290 164 122 2007 1194 813
is_linear=0
shrinkage=0.08


Tree=9
num_leaves=15
num_cat=0
split_feature=6 11 17 8 16 4 16 18 1 5 1 14 15 0
split_gain=237.079 320.41 141.658 46.9665 41.5467 39.7187 36.9491 23.187 30.9751 36.1761 20.6366 16.9445 18.9653 17.4049
threshold=0.58335000000000015 1.0000000180025095e-35 1.0000000180025095e-35 1.0000000180025095e-35 1.0000000180025095e-35 1.0000000180025095e-35 1.0000000180025095e-35 1.0000000180025095e-35 13.500000000000002 1.0000000180025095e-35 10.500000000000002 1.0000000180025095e-35 1.0000000180025095e-35 1.5000000000000002
decision_type=2 2 2 2 2 2 2 2 2 2 2 2 2 2
left_child=1 4 5 6 7 -2 11 -1 9 10 -9 13 -13 -3
right_child=2 3 -4 -5 -6 -7 -8 8 -10 -11 -12 12 -14 -15
leaf_value=-0.081766455775178812 -0.12435781339292705 -0.032120348069679699 -0.10773337780059196 0.07721332890790622 0.0650857310396602 0.096745563522204703 0.11097785105637342 -0.040342891214588283 -0.099381609646858785 -0.12166557865392454 0.10291755556112168 0.022514978506829819 -0.12721921213786902 0.016154678741044842
leaf_weight=355.54477263987064 5.3292848616838446 108.37874567508698 25.531895026564598 82.69026406109333 14.257783219218252 213.96501395106316 23.137080907821655 9.3862111866474169 24.878978401422501 9.4576069414615613 20.468660980463028 286.22758595645428 5.5181237906217566 85.509513199329376
leaf_count=1841 25 461 135 372 67 1050 117 39 126 42 83 1166 28 352
internal_value=-0.000123612 -0.0170108 0.0706084 0.0212949 -0.0692151 0.0913723 0.0122065 -0.073777 -0.0295251 0.0146837 0.0578772 0.00750074 0.0196829 -0.0108299
internal_weight=1270.28 1025.46 244.826 591.461 433.994 219.294 508.771 419.736 64.1915 39.3125 29.8549 485.634 291.746 193.888
internal_count=5904 4694 1210 2496 2198 1075 2124 2131 290 164 122 2007 1194 813
is_linear=0
shrinkage=0.08


Tree=10
num_leaves=15
num_cat=0
split_feature=6 11 17 0 16 4 16 1 13 1 7 0 6 18
split_gain=208.797 281.791 125.505 42.2492 36.6041 35.0751 30.7367 21.7944 21.4906 31.187 31.7525 30.8995 19.905 24.8384
threshold=0.58335000000000015 1.0000000180025095e-35 1.0000000180025095e-35 2.5000000000000004 1.0000000180025095e-35 1.0000000180025095e-35 1.0000000180025095e-35 35.000000000000007 1.0000000180025095e-35 13.500000000000002 0.87500000000000011 1.5000000000000002 0.36665000000000009 1.0000000180025095e-35
decision_type=2 2 2 2 2 2 2 2 2 2 2 2 2 2
left_child=1 4 5 6 8 -2 -3 -5 9 11 -11 -1 13 -13
right_child=2 3 -4 7 -6 -7 -8 -9 -10 10 -12 12 -14 -15
leaf_value=-0.10325847450571699 -0.11948760788271588 0.0082252181548160257 -0.10493114639046852 0.08713014617743145 0.061519450174708633 0.092657767810327987 0.10784100255984229 -0.23949964584818456 -0.095443886288714419 0.13783634292021069 -0.10644007798107563 -0.030438668242784832 -0.11376830358417701 0.05300796475878744
leaf_weight=36.298040151596069 5.1116806119680396 501.25300426781178 24.172259986400604 63.907410204410553 13.89289355278015 205.86754325032234 20.63980470597744 1.3347231745719899 143.29348607361317 3.5523426979780188 82.44964374601841 95.801156669855118 13.214403927326201 29.970910653471947
leaf_count=208 25 2071 135 309 67 1050 110 6 781 16 442 498 64 122
internal_value=-0.000130228 -0.0159999 0.0677352 0.0197524 -0.0661618 0.0875178 0.0121648 0.080448 -0.0705463 -0.0568921 -0.0963502 -0.0375323 -0.020367 -0.0105537
internal_weight=1240.76 1005.61 235.151 587.135 418.473 210.979 521.893 65.2421 404.58 261.286 86.002 175.285 138.986 125.772
internal_count=5904 4694 1210 2496 2198 1075 2181 315 2131 1350 458 892 684 620
is_linear=0
shrinkage=0.08


Tree=11
num_leaves=15
num_cat=0
split_feature=6 11 17 8 16 4 16 0 1 13 7 6 18 14
split_gain=184.179 248.567 111.423 38.6131 32.341 31.0414 30.5153 21.0349 31.971 26.3134 22.2996 17.9758 21.1254 28.4523
threshold=0.58335000000000015 1.0000000180025095e-35 1.0000000180025095e-35 1.0000000180025095e-35 1.0000000180025095e-35 1.0000000180025095e-35 1.0000000180025095e-35 1.5000000000000002 13.500000000000002 1.0000000180025095e-35 0.87500000000000011 0.36665000000000009 1.0000000180025095e-35 1.0000000180025095e-35
decision_type=2 2 2 2 2 2 2 2 2 2 2 2 2 2
left_child=1 4 5 6 7 -2 -3 -1 9 11 -10 12 13 -9
right_child=2 3 -4 -5 -6 -7 -8 8 10 -11 -12 -13 -14 -15
leaf_value=-0.10107830408837724 -0.1152963709222386 0.006092896619510361 -0.10247413804798605 0.070362649543430356 0.058160455353734451 0.088882624239074753 0.10504900858338996 -0.0039638841742494543 0.066986693976478884 -0.087548136409564908 -0.099250629527504824 -0.11016440700476672 0.048502711965455754 -0.10725710128580281
leaf_weight=91.930798202753067 4.8830596804618827 484.06837576627731 22.826714724302292 78.860670894384384 13.534713029861448 197.77788147330284 20.80104124546051 72.027962803840637 5.4287524223327628 48.583845868706703 106.05232754349709 12.580884158611296 30.127295404672623 22.366577923297882
leaf_count=557 25 2007 135 372 67 1050 117 380 24 265 601 64 122 118
internal_value=-0.000139891 -0.0150517 0.0650895 0.0183019 -0.063407 0.083963 0.01017 -0.0676357 -0.05729 -0.0369581 -0.0911554 -0.0190309 -0.00982341 -0.028439
internal_weight=1211.85 986.363 225.488 583.73 402.633 202.661 504.869 389.098 297.168 185.687 111.481 137.103 124.522 94.3945
internal_count=5904 4694 1210 2496 2198 1075 2124 2131 1574 949 625 684 620 498
is_linear=0
shrinkage=0.08


Tree=12
num_leaves=15
num_cat=0
split_feature=6 11 17 0 16 4 16 0 1 13 7 1 1 4
split_gain=162.687 219.554 99.088 35.5996 28.6141 27.5193 25.562 20.4882 30.2225 24.0287 20.16 17.9706 17.3081 21.6735
threshold=0.58335000000000015 1.0000000180025095e-35 1.0000000180025095e-35 2.5000000000000004 1.0000000180025095e-35 1.0000000180025095e-35 1.0000000180025095e-35 1.5000000000000002 13.500000000000002 1.0000000180025095e-35 0.87500000000000011 35.000000000000007 15.500000000000002 1.0000000180025095e-35
decision_type=2 2 2 2 2 2 2 2 2 2 2 2 2 2
left_child=1 4 5 6 7 -2 -3 -1 9 -9 -10 -5 -6 -14
right_child=2 3 -4 11 12 -7 -8 8 10 -11 -12 -13 13 -15
leaf_value=-0.099051900603870063 -0.11166056458802011 0.0067267298654151266 -0.10030835282308655 0.081206101909053141 0.10992299919447135 0.085361906138675614 0.10262366796682333 -0.017810926003834548 0.062191261240164171 -0.084542473702811302 -0.096746961880834551 -0.20629683949909658 -0.2920910486409517 0.10704329328199964
leaf_weight=86.527400299906731 4.6483070999383918 500.62659657001495 21.507914438843727 60.003173962235451 9.7006531506776792 189.79169115424156 18.445028826594353 135.23274876177311 5.3815357536077491 46.377419263124466 100.32775339484215 1.4244544208049763 1.7898569852113715 1.6955220550298691
leaf_count=557 25 2071 135 309 49 1050 110 684 24 265 601 6 9 9
internal_value=-0.000154734 -0.0141676 0.0626286 0.0169496 -0.0608395 0.0806519 0.0101344 -0.0649247 -0.0546472 -0.034852 -0.0886556 0.0745392 0.0549838 -0.0979253
internal_weight=1183.48 967.532 215.948 580.499 387.033 194.44 519.072 373.847 287.319 181.61 105.709 61.4276 13.186 3.48538
internal_count=5904 4694 1210 2496 2198 1075 2181 2131 1574 949 625 315 67 18
is_linear=0
shrinkage=0.08


Tree=13
num_leaves=15
num_cat=0
split_feature=6 11 17 0 9 1 16 1 8 4 1 0 1 13
split_gain=143.756 193.527 88.239 32.9004 36.4279 25.8079 25.4137 25.3351 25.239 24.4306 20.9226 20.1709 28.8929 22.1054
threshold=0.58335000000000015 1.0000000180025095e-35 1.0000000180025095e-35 1.5000000000000002 1.0000000180025095e-35 15.500000000000002 1.0000000180025095e-35 6.5000000000000009 1.0000000180025095e-35 1.0000000180025095e-35 8.5000000000000018 1.5000000000000002 13.500000000000002 1.0000000180025095e-35
decision_type=2 2 2 2 2 2 2 2 2 2 2 2 2 2
left_child=1 6 9 4 10 7 11 -5 -7 -2 -3 -1 13 -13
right_child=2 3 -4 5 -6 8 -8 -9 -10 -11 -12 12 -14 -15
leaf_value=-0.097255229650192093 -0.10848505299727197 0.014846013839350775 -0.098390352947832049 -0.14912527666611822 -0.103824623118962 -0.027579034835200696 0.052447555031424765 0.047331299349726103 0.093834716695199757 0.082049578385530383 -0.049485789818551548 -0.016510203071701857 -0.086370289594919061 -0.081720782154692875
leaf_weight=81.289729252457619 4.4113236218690863 176.49453163146973 20.225406780838966 4.2718908637762061 22.538618355989456 67.340309605002403 12.816425532102583 253.76402419805527 13.087138071656225 181.98154756426811 39.617951720952988 134.25785215198994 100.07468083500862 44.229292124509811
leaf_count=557 25 708 135 18 128 286 67 1128 69 1050 159 684 625 265
internal_value=-0.000156367 -0.0133123 0.0603188 0.0157065 -0.00704103 0.0317458 -0.0582508 0.0440789 -0.00782261 0.0775402 0.00305264 -0.0621934 -0.0519617 -0.0326694
internal_weight=1156.4 949.782 206.618 577.114 238.651 338.463 372.668 258.036 80.4274 186.393 216.112 359.852 278.562 178.487
internal_count=5904 4694 1210 2496 995 1501 2198 1146 355 1075 867 2131 1574 949
is_linear=0
shrinkage=0.08


Tree=14
num_leaves=15
num_cat=0
split_feature=6 11 17 0 0 1 7 16 16 4 13 6 18 14
split_gain=127.158 170.292 78.6646 31.0472 24.1581 35.2162 30.4981 23.8269 22.7544 21.7123 20.3391 16.5883 18.171 26.4744
threshold=0.58335000000000015 1.0000000180025095e-35 1.0000000180025095e-35 2.5000000000000004 1.5000000000000002 13.500000000000002 0.87500000000000011 1.0000000180025095e-35 1.0000000180025095e-35 1.0000000180025095e-35 1.0000000180025095e-35 0.36665000000000009 1.0000000180025095e-35 1.0000000180025095e-35
decision_type=2 2 2 2 2 2 2 2 2 2 2 2 2 2
left_child=1 4 9 8 -1 7 -7 10 -3 -2 11 12 13 -6
right_child=2 3 -4 -5 5 6 -8 -9 -10 -11 -12 -13 -14 -15
leaf_value=-0.095656091137849925 -0.10569528593857289 0.0052111899861537036 -0.096684812374094084 0.070016728184300395 -0.00094795068410510387 0.074036875079898853 -0.095899469776259627 0.1055794150670754 0.09962531828677397 0.078909000885215519 -0.07904956832021269 -0.10613441717043579 0.047312623362386175 -0.1036588224784314
leaf_weight=76.242813929915428 4.1752022802829734 497.57879790663719 18.986213430762291 58.076974391937256 70.66510945558548 7.296358883380889 91.769919589161873 8.6257887631654722 16.891598790884018 174.40141777694225 42.151906594634056 11.734200865030287 30.162248969078064 20.78511905670166
leaf_count=557 25 2071 135 315 380 35 610 47 110 1050 265 64 122 118
internal_value=-0.000166283 -0.0125246 0.0581327 0.0145703 -0.0556845 -0.044923 -0.0833834 -0.0242297 0.00831109 0.0745929 -0.0306099 -0.0152977 -0.00653299 -0.0242924
internal_weight=1129.54 931.981 197.563 572.547 359.433 283.191 99.0663 184.124 514.47 178.577 175.499 133.347 121.612 91.4502
internal_count=5904 4694 1210 2496 2198 1641 645 996 2181 1075 949 684 620 498
is_linear=0
shrinkage=0.08


Tree=15
num_leaves=15
num_cat=0
split_feature=6 11 17 0 0 1 7 16 16 10 1 13 1 6
split_gain=112.54 150.807 70.191 27.6594 23.2949 32.964 27.5815 21.1492 20.7918 20.2353 38.3732 18.587 15.2086 15.0624
threshold=0.58335000000000015 1.0000000180025095e-35 1.0000000180025095e-35 2.5000000000000004 1.5000000000000002 13.500000000000002 0.87500000000000011 1.0000000180025095e-35 1.0000000180025095e-35 1.0000000180025095e-35 11.500000000000002 1.0000000180025095e-35 35.000000000000007 0.36665000000000009
decision_type=2 2 2 2 2 2 2 2 2 2 2 2 2 2
left_child=1 4 9 8 -1 7 -7 11 -3 10 -2 13 -5 -6
right_child=2 3 -4 12 5 6 -8 -9 -10 -11 -12 -13 -14 -15
leaf_value=-0.094227895653813537 -0.13538063460644012 0.0047950564514605692 -0.095162676576430377 0.073701148031319011 -0.0061078949531236737 0.069472359101646133 -0.093923672744886152 0.10301680576656271 0.097812955554729963 0.084242484292120903 0.068654930426484587 -0.076501406479497686 -0.18720854654265393 -0.10352006408172909
leaf_weight=71.403965100646019 8.221898056566717 497.50310382246971 17.795311793684959 54.566829726099968 120.49875783920288 7.1594507098197928 86.423404023051262 8.1524892300367338 15.869946017861364 141.92828984558582 20.882497042417526 40.154145270586014 1.4683152437210072 11.094275563955305
leaf_count=557 43 2071 135 309 620 35 610 47 110 926 106 265 6 64
internal_value=-0.000178042 -0.0117904 0.0560486 0.0134958 -0.053538 -0.0429143 -0.0814232 -0.0228821 0.00767053 0.0717816 0.0110155 -0.0288582 0.0668644 -0.0143205
internal_weight=1103.12 914.295 188.828 569.408 344.886 273.483 93.5829 179.9 513.373 171.033 29.1044 171.747 56.0351 131.593
internal_count=5904 4694 1210 2496 2198 1641 645 996 2181 1075 149 949 315 684
is_linear=0
shrinkage=0.08


Tree=16
num_leaves=15
num_cat=0
split_feature=6 11 17 8 0 1 7 16 15 16 13 10 1 1
split_gain=99.8985 133.23 62.8472 25.8911 22.6165 31.0579 24.9943 20.983 19.1368 18.7665 17.0677 16.0478 33.5946 14.9252
threshold=0.58335000000000015 1.0000000180025095e-35 1.0000000180025095e-35 1.0000000180025095e-35 1.5000000000000002 13.500000000000002 0.87500000000000011 1.0000000180025095e-35 1.0000000180025095e-35 1.0000000180025095e-35 1.0000000180025095e-35 1.0000000180025095e-35 11.500000000000002 15.500000000000002
decision_type=2 2 2 2 2 2 2 2 2 2 2 2 2 2
left_child=1 4 8 7 -1 9 -7 13 11 10 -6 12 -2 -3
right_child=2 3 -4 -5 5 6 -8 -9 -10 -11 -12 -13 -14 -15
leaf_value=-0.092948462510002605 -0.12874554346316386 0.0087044814739332364 -0.093799823052888268 0.05794538417365358 -0.01328895672781872 0.065220632241634255 -0.092095329672598855 0.09633973478798892 -0.13253117023716601 0.10076404244042636 -0.074053734210430142 0.084540820833962249 0.071039379395211516 -0.032222203462392067
leaf_weight=66.784283541142941 7.3691028878092792 413.8447842001915 16.656031109392643 70.28675539791584 130.66459764540195 7.0218825489282599 81.297948479652405 15.948226511478422 2.9512512385845175 7.6870020776987067 38.242029041051865 132.91308051347733 20.02396348118782 66.142373487353325
leaf_count=557 39 1725 135 372 684 35 610 117 15 47 265 917 104 282
internal_value=-0.000179356 -0.0110814 0.0542309 0.0125044 -0.0513434 -0.0408548 -0.0795879 0.0060643 0.0693335 -0.0214832 -0.0270467 0.0730498 0.0172946 0.00306477
internal_weight=1077.83 897.92 179.913 566.222 331.698 264.913 88.3198 495.935 163.257 176.594 168.907 160.306 27.3931 479.987
internal_count=5904 4694 1210 2496 2198 1641 645 2124 1075 996 949 1060 143 2007
is_linear=0
shrinkage=0.08


Tree=17
num_leaves=15
num_cat=0
split_feature=6 11 17 0 9 18 1 0 1 7 1 0 13 1
split_gain=88.908 117.595 56.4391 24.8111 32.4962 23.9056 34.9084 21.9923 29.3038 22.6915 18.5244 17.7548 17.563 20.156
threshold=0.58335000000000015 1.0000000180025095e-35 1.0000000180025095e-35 1.5000000000000002 1.0000000180025095e-35 1.0000000180025095e-35 11.500000000000002 1.5000000000000002 13.500000000000002 0.87500000000000011 7.5000000000000009 2.5000000000000004 1.0000000180025095e-35 5.5000000000000009
decision_type=2 2 2 2 2 2 2 2 2 2 2 2 2 2
left_child=1 7 -2 4 10 -5 -7 -1 -9 -10 12 -8 -3 -14
right_child=2 3 -4 5 -6 6 11 8 9 -11 -12 -13 13 -15
leaf_value=-0.091799168170849349 0.067185034672563718 0.035599188926214657 -0.092576080257500401 0.035199635434500338 -0.1018849211154973 0.037755347828881999 -0.12895958989318893 -0.020130086711574006 0.061243399308610828 -0.090389211104201894 -0.031465050626371352 0.048281745559726676 -0.097812764785739525 0.018258814267086882
leaf_weight=62.389890871942043 155.35634596645832 102.59485101699829 15.570373691618441 275.23366923630238 21.496226504445076 26.840231701731682 19.191115319728855 173.58379592001438 6.8854270279407492 76.406214490532875 73.23907770216465 4.4572368264198294 15.628860041499136 24.718324720859528
leaf_count=557 1075 411 135 1283 128 112 79 996 35 610 294 27 63 99
internal_value=-0.000178354 -0.010405 0.0526318 0.0115764 -0.00807689 0.0259172 -0.024685 -0.0491948 -0.0388471 -0.0778543 0.00125102 -0.0955532 0.0180137 -0.0267026
internal_weight=1053.59 882.665 170.927 563.4 237.677 325.722 50.4886 319.265 256.875 83.2916 216.181 23.6484 142.942 40.3472
internal_count=5904 4694 1210 2496 995 1501 218 2198 1641 645 867 106 573 162
is_linear=0
shrinkage=0.08


Tree=18
num_leaves=15
num_cat=0
split_feature=6 11 17 8 0 1 7 10 1 16 16 13 17 6
split_gain=78.3847 103.237 50.2656 24.2263 21.5699 27.8623 20.6357 18.8654 28.8982 17.7936 16.5979 15.9381 14.273 14.0293
threshold=0.58335000000000015 1.0000000180025095e-35 1.0000000180025095e-35 1.5000000000000002 1.5000000000000002 13.500000000000002 0.87500000000000011 1.0000000180025095e-35 10.500000000000002 1.0000000180025095e-35 1.0000000180025095e-35 1.0000000180025095e-35 1.0000000180025095e-35 0.36665000000000009
decision_type=2 2 2 2 2 2 2 2 2 2 2 2 2 2
left_child=1 4 7 9 -1 10 12 8 -2 -3 11 13 -7 -6
right_child=2 3 -4 -5 5 6 -8 -9 -10 -11 -12 -13 -14 -15
leaf_value=-0.090764247184777366 -0.13861533551470701 0.0051524456443014415 -0.091474412381843853 0.098691971092198419 -0.0030199669350828092 0.11892043571196291 -0.08878395941600141 0.077813915271867803 0.051534353899650817 0.09466068852515902 0.09915569274395683 -0.071043750418657584 -0.16281209847579994 -0.10052808036780939
leaf_weight=58.222954317927361 6.8011201471090343 525.48400582373142 14.53928556293249 19.343633830547333 118.55284476280212 5.2798128575086585 71.75513281673193 122.05729178339243 20.634530313313007 14.60923984646797 7.3234368562698355 35.929513841867447 1.4716329276561735 10.260857731103895
leaf_count=557 38 2253 135 126 620 29 610 926 111 117 47 265 6 64
internal_value=-0.000188891 -0.0097709 0.0505293 0.0107242 -0.0469012 -0.0367093 -0.0762029 0.0643402 0.00439748 0.0075736 -0.0186901 -0.0239287 0.0575103 -0.0107871
internal_weight=1032.27 868.233 164.032 559.437 308.796 250.573 78.5066 149.493 27.4357 540.093 172.067 164.743 6.75145 128.814
internal_count=5904 4694 1210 2496 2198 1641 645 1075 149 2370 996 949 35 684
is_linear=0
shrinkage=0.08


Tree=19
num_leaves=15
num_cat=0
split_feature=6 11 17 8 0 1 7 10 1 16 16 13 5 15
split_gain=69.6025 91.1577 45.0906 22.2159 20.9106 26.3005 18.7738 17.3993 25.5377 16.3482 14.7881 14.5687 14.443 13.6759
threshold=0.58335000000000015 1.0000000180025095e-35 1.0000000180025095e-35 1.5000000000000002 1.5000000000000002 13.500000000000002 0.87500000000000011 1.0000000180025095e-35 11.500000000000002 1.0000000180025095e-35 1.0000000180025095e-35 1.0000000180025095e-35 1.5000000000000002 1.0000000180025095e-35
decision_type=2 2 2 2 2 2 2 2 2 2 2 2 2 2
left_child=1 4 7 9 -1 10 -7 8 -2 13 11 -6 -10 -3
right_child=2 3 -4 -5 5 6 -8 -9 12 -11 -12 -13 -14 -15
leaf_value=-0.089830266811542311 -0.11876591298804344 0.0060102148069560756 -0.090480360362794082 0.096935356757592628 -0.010002282898663483 0.055366746524501242 -0.087261352746510423 0.075611371088879747 0.085053016253471767 0.093380840565700451 0.097347642929915004 -0.068760749949175984 -0.10042293946351194 -0.12665037159084241
leaf_weight=54.282529078423977 7.7126109227538135 520.2685509622097 13.562875851988791 18.166699960827827 128.05463218688965 6.4741634726524344 67.347121924161911 115.82153233140707 15.8873497992754 13.663290396332739 6.8807789534330359 34.223414406180382 3.2339027673006049 5.0213859975337973
leaf_count=557 43 2225 135 126 684 35 610 926 88 117 47 265 18 28
internal_value=-0.00018819 -0.00916562 0.0489108 0.00992219 -0.0449394 -0.0349106 -0.0747528 0.0621634 0.00411844 0.00698921 -0.0175234 -0.0223941 0.0536842 0.00474208
internal_weight=1010.6 854.383 156.218 557.12 297.263 242.98 73.8213 142.655 26.8339 538.953 169.159 162.278 19.1213 525.29
internal_count=5904 4694 1210 2496 2198 1641 645 1075 149 2370 996 949 106 2253
is_linear=0
shrinkage=0.08


Tree=20
num_leaves=15
num_cat=0
split_feature=10 11 17 9 16 18 8 16 9 10 14 0 15 1
split_gain=62.2484 65.5019 46.6084 43.5024 25.7889 23.3456 19.7623 20.5026 17.1683 15.763 17.4963 24.3099 14.4068 12.8644
threshold=0.68500000000000016 1.0000000180025095e-35 1.0000000180025095e-35 1.0000000180025095e-35 1.0000000180025095e-35 1.0000000180025095e-35 1.5000000000000002 1.0000000180025095e-35 0.7250000000000002 0.67500000000000016 1.0000000180025095e-35 1.5000000000000002 1.0000000180025095e-35 15.500000000000002
decision_type=2 2 2 2 2 2 2 2 2 2 2 2 2 2
left_child=1 3 -2 -1 5 8 7 12 9 10 11 -5 -3 -7
right_child=2 6 -4 4 -6 13 -8 -9 -10 -11 -12 -13 -14 -15
leaf_value=0.0780639718713457 0.093290089778422305 0.0063667363947827174 -0.097900143416626395 -0.090227471656340125 0.057690132982830482 0.023821319695330058 0.095370798883973609 0.092145034610420964 0.12270498045013946 -0.12031390192119772 -0.094707006479167216 -0.022372066409120074 -0.13048047309313884 -0.068994625194345738
leaf_weight=20.865013942122459 66.087778061628342 535.70729718357325 9.3100108876824361 46.081699348986149 16.033978253602982 40.37042860686779 17.033787444233894 17.895036093890667 3.3688145279884329 24.284697681665421 48.824822053313255 126.68609917908907 4.9692045897245398 12.521241448819636
leaf_count=188 555 2347 91 495 112 186 126 163 18 215 413 848 29 118
internal_value=-0.00018512 -0.00594458 0.0696822 -0.0338398 -0.0411782 -0.046425 0.010486 0.0078974 -0.056669 -0.0591267 -0.052421 -0.0404709 0.00510901 0.00184866
internal_weight=990.04 914.642 75.3978 339.037 318.172 302.138 575.605 558.572 249.246 245.877 221.593 172.768 540.677 52.8917
internal_count=5904 5258 646 2593 2405 2293 2665 2539 1989 1971 1756 1343 2376 304
is_linear=0
shrinkage=0.08


Tree=21
num_leaves=15
num_cat=0
split_feature=10 11 17 9 0 10 8 16 4 1 15 16 13 15
split_gain=56.4926 57.4754 42.4686 38.5417 24.7591 21.2276 18.201 18.8948 17.5025 27.8087 12.7877 11.567 12.4931 11.5497
threshold=0.68500000000000016 1.0000000180025095e-35 1.0000000180025095e-35 1.0000000180025095e-35 1.5000000000000002 0.67500000000000016 1.5000000000000002 1.0000000180025095e-35 1.0000000180025095e-35 13.500000000000002 1.0000000180025095e-35 1.0000000180025095e-35 1.0000000180025095e-35 1.0000000180025095e-35
decision_type=2 2 2 2 2 2 2 2 2 2 2 2 2 2
left_child=1 3 -2 -1 -5 8 7 10 9 11 -3 12 13 -6
right_child=2 6 -4 4 5 -7 -8 -9 -10 -11 -12 -13 -14 -15
leaf_value=0.075974991394080593 0.092120424969205472 0.00586113121011191 -0.096732578321409315 -0.089319265524199165 0.0002193569463394474 -0.098860668840616811 0.093972618546647041 0.091101985308713204 0.042183755028638852 -0.083942860521591653 -0.12614228423843188 0.094898242389529666 -0.06379496390107027 -0.098268389350287241
leaf_weight=19.768940672278404 61.749602444469929 535.38011384010315 8.6937317103147489 52.455392770469189 115.38646551966667 25.084806703031063 15.948522068560122 16.700598448514938 24.756781943142414 45.83816984295845 4.7383751124143592 6.0878867208957663 30.056281417608261 8.159428805112837
leaf_count=188 555 2347 91 606 613 229 126 163 155 453 29 46 249 54
internal_value=-0.000180325 -0.00557831 0.0688132 -0.0323049 -0.0392588 -0.0289759 0.00970796 0.00729444 -0.0213634 -0.0290179 0.00470309 -0.013252 -0.0175384 -0.00628514
internal_weight=970.805 900.362 70.4433 327.594 307.825 255.37 572.768 556.819 230.285 205.528 540.118 159.69 153.602 123.546
internal_count=5904 5258 646 2593 2405 1799 2665 2539 1570 1415 2376 962 916 667
is_linear=0
shrinkage=0.08


Tree=22
num_leaves=15
num_cat=0
split_feature=10 11 17 9 0 10 8 16 4 1 15 10 14 0
split_gain=51.3297 50.4105 38.7381 34.1291 23.8707 18.8629 16.7765 17.4205 15.154 25.9067 11.3814 10.4909 12.7147 17.3139
threshold=0.68500000000000016 1.0000000180025095e-35 1.0000000180025095e-35 1.0000000180025095e-35 1.5000000000000002 0.67500000000000016 1.5000000000000002 1.0000000180025095e-35 1.0000000180025095e-35 13.500000000000002 1.0000000180025095e-35 1.0000000180025095e-35 1.0000000180025095e-35 1.5000000000000002
decision_type=2 2 2 2 2 2 2 2 2 2 2 2 2 2
left_child=1 3 -2 -1 -5 8 7 10 9 -6 11 12 13 -3
right_child=2 6 -4 4 5 -7 -8 -9 -10 -11 -12 -13 -14 -15
leaf_value=0.073895409062473508 0.091065878347044035 -0.034039537171033481 -0.095645045197890952 -0.088555131452511579 -0.012390551026418801 -0.094538727872923903 0.092719400459239862 0.090158106739740229 0.039185730063292366 -0.082410133872059962 -0.12226893166979798 0.064853760618665934 0.013922203736073831 0.011255901212997804
leaf_weight=18.741774260997772 57.635150372982025 108.63109144568443 8.1128657609224302 48.823220871388912 157.44939588010311 24.171686977148056 14.913177743554114 15.571398846805094 24.528605945408344 43.06908556073904 4.5069075375795355 18.340889953076839 300.68720930814743 107.411980509758
leaf_count=188 555 470 91 606 962 229 126 163 155 453 29 127 1268 482
internal_value=-0.000175976 -0.00523233 0.068027 -0.0308186 -0.0374033 -0.0273824 0.00898593 0.00673657 -0.0201693 -0.02743 0.00432915 0.00539549 0.00328507 -0.0115196
internal_weight=952.594 886.846 65.748 316.784 298.042 249.219 570.063 555.149 225.047 200.518 539.578 535.071 516.73 216.043
internal_count=5904 5258 646 2593 2405 1799 2665 2539 1570 1415 2376 2347 2220 952
is_linear=0
shrinkage=0.08


Tree=23
num_leaves=15
num_cat=0
split_feature=16 11 18 10 9 4 14 13 8 1 5 1 18 1
split_gain=47.3625 43.0409 37.8651 27.4927 26.2458 21.4974 18.0245 23.253 16.6088 14.7574 18.6718 17.2141 11.5968 29.4291
threshold=1.0000000180025095e-35 1.0000000180025095e-35 1.0000000180025095e-35 1.0000000180025095e-35 0.7250000000000002 1.0000000180025095e-35 1.0000000180025095e-35 1.0000000180025095e-35 1.5000000000000002 13.500000000000002 1.0000000180025095e-35 10.500000000000002 1.0000000180025095e-35 11.500000000000002
decision_type=2 2 2 2 2 2 2 2 2 2 2 2 2 2
left_child=1 2 4 8 6 9 7 -1 12 10 11 -4 -3 -14
right_child=-2 3 5 -5 -6 -7 -8 -9 -10 -11 -12 -13 13 -15
leaf_value=-0.015561149343441879 0.078152162898375649 0.0058394512875189486 -0.042747988499373293 0.076588711286040126 0.1005997447565696 0.095425330584238632 -0.093667875332134665 -0.071821487225343081 0.091592800866573759 -0.088353955020035346 -0.10024285801992898 0.087556259664224645 0.019296720120725773 -0.10709182241983731
leaf_weight=125.34990188479424 46.937617570161819 471.72534589469433 9.4441885650157946 35.950552716851234 7.9898317307233802 19.84722576290369 43.133714094758034 75.237535245716572 13.597038745880125 10.322212085127829 6.7686846256256095 20.732903763651848 27.232796743512154 20.793556362390518
leaf_count=985 471 2043 39 311 67 189 419 805 123 121 42 83 115 91
internal_value=-0.000166161 -0.0043053 -0.0278388 0.00887424 -0.042075 0.0255528 -0.0467522 -0.0366636 0.00430992 -0.00378576 0.0198416 0.0467764 0.00202655 -0.0354246
internal_weight=935.063 888.125 318.826 569.299 251.711 67.1152 243.721 200.587 533.349 47.268 36.9458 30.1771 519.752 48.0264
internal_count=5904 5433 2750 2683 2276 474 2209 1790 2372 285 164 122 2249 206
is_linear=0
shrinkage=0.08


Tree=24
num_leaves=15
num_cat=0
split_feature=10 11 17 9 0 10 8 16 1 0 9 1 13 1
split_gain=43.526 39.1583 33.4277 27.7853 22.68 17.0114 14.4215 15.9353 15.9278 16.6538 32.9686 22.4134 15.1075 17.8025
threshold=0.68500000000000016 1.0000000180025095e-35 1.0000000180025095e-35 1.0000000180025095e-35 1.5000000000000002 0.67500000000000016 1.0000000180025095e-35 1.0000000180025095e-35 15.500000000000002 1.5000000000000002 1.0000000180025095e-35 7.5000000000000009 1.0000000180025095e-35 7.5000000000000009
decision_type=2 2 2 2 2 2 2 2 2 2 2 2 2 2
left_child=1 3 -2 -1 -5 -6 7 8 9 10 12 -11 13 -3
right_child=2 6 -4 4 5 -7 -8 -9 -10 11 -12 -13 -14 -15
leaf_value=0.071311401142098552 0.089516531805126545 0.033749446761970281 -0.093911119554220615 -0.087445889761021842 -0.017477019501045434 -0.090115302393693072 0.044702866714131199 0.088618501144241135 -0.035146189412543244 -0.19603636477431788 -0.10235001903817822 0.028734263914158342 -0.031344743893392826 -0.023537848627824817
leaf_weight=16.95016086101532 51.109158009290695 107.33052811771631 7.2620133012533179 43.248237282037735 214.68157257884741 22.828426174819469 60.250513002276421 13.626115441322325 67.584918580949306 2.8855940699577323 21.184528470039368 176.91545748710632 62.029313966631889 51.315877474844456
leaf_count=188 555 458 91 606 1570 229 372 163 301 12 137 759 249 214
internal_value=-0.00015649 -0.00468963 0.0666961 -0.0281562 -0.0341613 -0.0244587 0.00771652 0.00328509 0.000908443 0.00668737 -0.00702079 0.025127 0.00213067 0.0152193
internal_weight=919.202 860.831 58.3712 297.708 280.758 237.51 563.123 502.872 489.246 421.661 241.86 179.801 220.676 158.646
internal_count=5904 5258 646 2593 2405 1799 2665 2293 2130 1829 1058 771 921 672
is_linear=0
shrinkage=0.08


Tree=25
num_leaves=15
num_cat=0
split_feature=16 11 18 10 9 4 14 13 8 1 5 1 18 1
split_gain=39.9083 33.37 31.4279 23.3449 22.183 18.5773 18.0811 21.0303 14.682 13.5371 16.5319 14.5549 10.5639 23.9925
threshold=1.0000000180025095e-35 1.0000000180025095e-35 1.0000000180025095e-35 1.0000000180025095e-35 0.7250000000000002 1.0000000180025095e-35 1.0000000180025095e-35 1.0000000180025095e-35 1.5000000000000002 13.500000000000002 1.0000000180025095e-35 10.500000000000002 1.0000000180025095e-35 11.500000000000002
decision_type=2 2 2 2 2 2 2 2 2 2 2 2 2 2
left_child=1 2 4 8 6 9 7 -1 12 10 11 -4 -3 -14
right_child=-2 3 5 -5 -6 -7 -8 -9 -10 -11 -12 -13 13 -15
leaf_value=-0.012925296418807035 0.075610868989201371 0.0051786228913807842 -0.038397588064290777 0.073162876255016301 0.09926329509485568 0.094272485544604642 -0.092499480631183947 -0.068300035568035475 0.090115715296987337 -0.08751568806618451 -0.097994788423202306 0.081882341819712434 0.015599023654280564 -0.098689015584717002
leaf_weight=121.49283967167139 42.41786390542984 468.63927119225264 9.3358189165592211 32.769372537732124 7.2207690328359595 17.666295625269413 39.360245194286108 68.721922613680363 12.256700634956358 9.46443312615156 6.2962232530117026 20.749168872833252 26.922785490751266 20.867827385663986
leaf_count=985 471 2043 39 311 67 189 419 805 123 121 42 83 115 91
internal_value=-0.00014453 -0.00387337 -0.0253986 0.00763991 -0.0388017 0.024573 -0.0431443 -0.0329314 0.00357863 -0.00228519 0.0198872 0.0445577 0.0015248 -0.034305
internal_weight=904.182 861.764 300.308 561.456 236.796 63.5119 229.575 190.215 528.687 45.8456 36.3812 30.085 516.43 47.7906
internal_count=5904 5433 2750 2683 2276 474 2209 1790 2372 285 164 122 2249 206
is_linear=0
shrinkage=0.08


Tree=26
num_leaves=15
num_cat=0
split_feature=10 11 17 9 0 10 8 16 4 1 15 5 18 1
split_gain=37.0793 30.1897 28.9884 22.576 21.6156 15.3548 12.7568 12.9447 10.6972 23.6313 10.0071 9.08591 11.4744 12.3465
threshold=0.68500000000000016 1.0000000180025095e-35 1.0000000180025095e-35 1.0000000180025095e-35 1.5000000000000002 0.67500000000000016 1.5000000000000002 1.0000000180025095e-35 1.0000000180025095e-35 13.500000000000002 1.0000000180025095e-35 1.0000000180025095e-35 1.0000000180025095e-35 10.500000000000002
decision_type=2 2 2 2 2 2 2 2 2 2 2 2 2 2
left_child=1 3 -2 -1 -5 8 7 10 9 11 -3 12 -6 -14
right_child=2 6 -4 4 5 -7 -8 -9 -10 -11 -12 -13 13 -15
leaf_value=0.068841237201576658 0.088247170717871845 0.0039758169895245665 -0.092374144067353087 -0.086519906921710743 -0.014644448212320766 -0.085694614098548116 0.089251589370908976 0.087339378938742773 0.036355922643257495 -0.079595121932441643 -0.12027743083825972 -0.095510694247913919 -0.035631581113419353 0.075502536815915622
leaf_weight=15.348328709602354 45.277413994073868 528.00933229923248 6.5036135874688616 38.340987402945757 110.72411307692528 21.658299505710602 11.706278063356875 11.907410405576227 23.146489903330803 35.878089524805546 4.1811534017324439 7.1005724221467963 9.2589671015739459 20.703705474734306
leaf_count=188 555 2347 91 606 787 229 126 163 155 453 29 53 39 83
internal_value=-0.000136303 -0.00419602 0.0655614 -0.0255078 -0.0309352 -0.0216072 0.00662312 0.00484537 -0.0148957 -0.0213547 0.00299962 -0.0072158 -0.00275948 0.0411602
internal_weight=889.745 837.964 51.781 282.16 266.811 228.47 555.804 544.098 206.812 183.665 532.19 147.787 140.687 29.9627
internal_count=5904 5258 646 2593 2405 1799 2665 2539 1570 1415 2376 962 909 122
is_linear=0
shrinkage=0.08


Tree=27
num_leaves=15
num_cat=0
split_feature=10 15 17 16 11 13 9 8 1 0 9 1 1 13
split_gain=33.8272 28.2037 26.5368 20.6978 23.7633 23.6111 17.8283 12.108 13.1969 14.9865 28.133 18.9396 13.0192 15.342
threshold=0.68500000000000016 1.0000000180025095e-35 1.0000000180025095e-35 1.0000000180025095e-35 1.0000000180025095e-35 1.0000000180025095e-35 1.0000000180025095e-35 1.0000000180025095e-35 15.500000000000002 1.5000000000000002 1.0000000180025095e-35 7.5000000000000009 7.5000000000000009 1.0000000180025095e-35
decision_type=2 2 2 2 2 2 2 2 2 2 2 2 2 2
left_child=1 3 -2 4 5 6 -1 8 9 10 12 -11 13 -6
right_child=2 -3 -4 -5 7 -7 -8 -9 -10 11 -12 -13 -14 -15
leaf_value=0.08695380169066437 0.087557519983553767 -0.098729666059278978 -0.091552180630787031 0.067606914015798852 0.031131777935368796 -0.066891603891846063 -0.016541611585626032 0.040196577282413513 -0.031614371276569457 -0.1765207724424851 -0.10156189338915274 0.027666600210740473 -0.025985704447655904 -0.027219517975736091
leaf_weight=11.371650934219359 42.11210448294878 19.60677283629775 6.0553046129643908 26.724052116274834 106.20687365531921 63.050232861191034 168.42687467858195 57.130677491426468 67.295796923339367 2.9568659216165534 18.393280424177647 173.50800625234842 73.606292471289635 39.586427316069603
leaf_count=156 555 205 91 301 455 820 1303 372 300 12 119 752 304 159
internal_value=-0.00013181 -0.00392374 0.065041 -0.00162393 -0.00399124 -0.0247676 -0.00999588 0.00537511 0.00124396 0.00658176 -0.00652619 0.0242452 0.00144109 0.015288
internal_weight=876.031 827.864 48.1674 808.257 781.533 242.849 179.799 538.684 481.554 414.258 237.793 176.465 219.4 145.793
internal_count=5904 5258 646 5053 4752 2279 1459 2473 2101 1801 1037 764 918 614
is_linear=0
shrinkage=0.08


Tree=28
num_leaves=15
num_cat=0
split_feature=10 15 17 16 11 13 9 8 10 1 0 1 4 18
split_gain=30.8842 25.7525 24.3082 18.4373 20.573 21.6263 16.0629 11.6252 11.3393 10.9228 10.2445 9.27482 16.9087 8.95175
threshold=0.68500000000000016 1.0000000180025095e-35 1.0000000180025095e-35 1.0000000180025095e-35 1.0000000180025095e-35 1.0000000180025095e-35 1.0000000180025095e-35 1.5000000000000002 0.67500000000000016 22.500000000000004 1.5000000000000002 15.500000000000002 1.0000000180025095e-35 1.0000000180025095e-35
decision_type=2 2 2 2 2 2 2 2 2 2 2 2 2 2
left_child=1 3 -2 4 5 6 -1 13 10 -5 -8 -12 -13 -6
right_child=2 -3 -4 9 7 -7 8 -9 -10 -11 11 12 -14 -15
leaf_value=0.086375594151788596 0.086929887284678542 -0.09741497159422613 -0.090780962390340197 0.08046280872929433 0.0067366455118136048 -0.064854991053121799 -0.086111429241848447 0.088128271914947973 -0.089919501763671639 -0.1183863577421399 0.0053171903330557144 -0.086594519269054746 0.063202039805700355 -0.028529264224557507
leaf_weight=10.564763575792311 39.143603149801493 18.33363376557827 5.6353100873529902 23.514447230845693 473.42055074125528 59.956282388418913 10.424470499157904 10.548766136169432 12.102253392338751 1.9116712138056744 119.39891368895769 18.746534533798698 6.4930192977190009 51.031263016164303
leaf_count=156 555 205 91 290 2117 820 170 126 125 11 703 269 36 230
internal_value=-0.000123058 -0.00367097 0.0645654 -0.00151755 -0.00372325 -0.0233077 -0.00929199 0.00497761 -0.0153381 0.0655123 -0.00951726 -0.00399692 -0.0480585 0.00330513
internal_weight=861.225 816.447 44.7789 798.113 772.687 237.686 177.73 535.001 167.165 25.4261 155.063 144.638 25.2396 524.452
internal_count=5904 5258 646 5053 4752 2279 1459 2473 1303 301 1178 1008 305 2347
is_linear=0
shrinkage=0.08


Tree=29
num_leaves=15
num_cat=0
split_feature=10 15 17 16 13 14 1 1 8 9 1 11 1 10
split_gain=28.217 23.5341 22.28 16.5569 18.1268 30.6229 24.4113 21.6654 22.0065 17.7001 9.63789 8.90171 8.26017 8.19415
threshold=0.68500000000000016 1.0000000180025095e-35 1.0000000180025095e-35 1.0000000180025095e-35 1.0000000180025095e-35 1.0000000180025095e-35 5.5000000000000009 13.500000000000002 1.0000000180025095e-35 0.7250000000000002 22.500000000000004 1.0000000180025095e-35 10.500000000000002 1.0000000180025095e-35
decision_type=2 2 2 2 2 2 2 2 2 2 2 2 2 2
left_child=1 3 -2 4 7 12 -7 13 9 -9 -5 -8 -6 -1
right_child=2 -3 -4 10 5 6 11 8 -10 -11 -12 -13 -14 -15
leaf_value=0.0097252039544761387 0.086357989456974593 -0.096199670910530014 -0.090057101036433149 0.079081473649346701 -0.072577164444145317 -0.11569223750784546 -0.085377663187853642 -0.045139987996445349 0.063317635410863174 0.10230335166330225 -0.10575669975585099 0.02924210489355963 -0.028393991970671557 0.05797090937659103
leaf_weight=412.94071011990309 36.363644406199455 17.129165720194578 5.2421633675694457 22.070397347211841 60.182998325675726 8.984616279602049 4.5855658873915663 105.18110563233495 15.720275871455668 5.4824144989252082 1.9662684723734845 79.822930634021759 49.23423520848155 23.830467164516449
leaf_count=2067 555 205 91 290 553 48 81 753 123 39 11 360 442 286
internal_value=-0.000116726 -0.00342852 0.0641304 -0.00141702 -0.00346864 -0.0239763 0.00967133 0.00391681 -0.0252535 -0.0378355 0.0639612 0.0230153 -0.0526962 0.0123575
internal_weight=848.737 807.131 41.6058 790.002 765.965 202.81 93.3931 563.155 126.384 110.664 24.0367 84.4085 109.417 436.771
internal_count=5904 5258 646 5053 4752 1484 489 3268 915 792 301 441 995 2353
is_linear=0
shrinkage=0.08


Tree=30
num_leaves=15
num_cat=0
split_feature=10 15 17 16 11 13 9 8 1 9 1 1 1 18
split_gain=25.7912 21.5266 20.4322 14.8626 17.132 17.748 13.7686 10.4171 9.71609 11.6618 10.8176 8.54996 8.35611 8.35877
threshold=0.68500000000000016 1.0000000180025095e-35 1.0000000180025095e-35 1.0000000180025095e-35 1.0000000180025095e-35 1.0000000180025095e-35 1.0000000180025095e-35 1.5000000000000002 15.500000000000002 0.7250000000000002 8.5000000000000018 22.500000000000004 3.5000000000000004 1.0000000180025095e-35
decision_type=2 2 2 2 2 2 2 2 2 2 2 2 2 2
left_child=1 3 -2 4 5 6 -1 12 10 -10 -8 -5 -6 -14
right_child=2 -3 -4 11 7 -7 8 -9 9 -11 -12 -13 13 -15
leaf_value=0.085519822902335035 0.085836304981074973 -0.095074441262871137 -0.089377609696845564 0.077715183445556224 -0.082485868964505035 -0.061258630665989175 -0.089016839856732075 0.087250286989138323 -0.072041850875852798 0.10682096922056322 0.00074098784991715599 -0.095156346171837533 0.0077059273834575734 -0.026414618844114328
leaf_weight=9.328801862895487 33.763580292463303 15.991730861365793 4.8744234144687644 20.717258699238304 7.1948195397853842 54.747684765607119 9.2215257883071882 9.5953934714198095 26.546299982815984 2.5577192902564994 126.15680464357138 2.0085586830973616 464.26245518773794 50.998054035007954
leaf_count=156 555 205 91 290 34 820 136 126 361 17 789 11 2083 230
internal_value=-0.000104287 -0.00319002 0.063732 -0.0013142 -0.00321897 -0.0215375 -0.009026 0.00465032 -0.0143883 -0.056323 -0.00537302 0.0624364 0.0031333 0.00432884
internal_weight=837.965 799.327 38.638 783.335 760.61 228.559 173.811 532.051 164.482 29.104 135.378 22.7258 522.455 515.261
internal_count=5904 5258 646 5053 4752 2279 1459 2473 1303 378 925 301 2347 2313
is_linear=0
shrinkage=0.08


Tree=31
num_leaves=15
num_cat=0
split_feature=10 15 17 16 10 10 11 0 0 9 1 1 8 1
split_gain=23.5933 19.7003 18.7469 13.3417 15.9747 16.5794 12.0896 17.8471 9.8121 23.3422 15.047 17.1806 14.0217 13.2789
threshold=0.68500000000000016 1.0000000180025095e-35 1.0000000180025095e-35 1.0000000180025095e-35 0.67500000000000016 1.0000000180025095e-35 1.0000000180025095e-35 1.5000000000000002 1.5000000000000002 1.0000000180025095e-35 15.500000000000002 6.5000000000000009 1.0000000180025095e-35 8.5000000000000018
decision_type=2 2 2 2 2 2 2 2 2 2 2 2 2 2
left_child=1 3 -2 4 5 6 7 -1 9 13 11 -10 -12 -8
right_child=2 -3 -4 -5 -6 -7 8 -9 10 -11 12 -13 -14 -15
leaf_value=-0.084710257483980533 0.085359940444684507 -0.094031155815629291 -0.088739872814429133 0.060929350902686585 -0.074613577453608526 0.058577762154593607 0.0072486407394683006 -0.011368481573154178 -0.13499111127352356 -0.099450380935594607 -0.031753528508960488 0.026837243204244392 0.075000401324136975 -0.044181519098444845
leaf_weight=24.336658958345652 31.334567744284868 14.919347677379845 4.5306854285299769 21.492132917046547 19.418552998453379 28.631994612514973 174.47958402335644 166.59708910435438 4.285284385085105 17.063743151724339 63.842588692903519 207.64765813201666 8.9822087064385396 39.381717637181282
leaf_count=507 555 205 91 301 231 338 702 1333 18 119 277 1005 63 159
internal_value=-9.61013e-05 -0.00297333 0.0633667 -0.00122301 -0.00299305 -0.00110149 -0.00351968 -0.0207167 0.0028476 -0.00940652 0.0127851 0.0235651 -0.0185865 -0.00222202
internal_weight=826.944 791.079 35.8653 776.159 754.667 735.249 706.617 190.934 515.683 230.925 284.758 211.933 72.8248 213.861
internal_count=5904 5258 646 5053 4752 4521 4183 1840 2343 980 1363 1023 340 861
is_linear=0
shrinkage=0.08


Tree=32
num_leaves=15
num_cat=0
split_feature=10 15 17 16 13 14 1 1 8 6 18 10 1 1
split_gain=21.5998 18.0368 17.2086 11.8461 13.9622 24.016 20.8367 16.7788 16.7989 15.9448 10.609 9.27969 7.95081 7.90783
threshold=0.68500000000000016 1.0000000180025095e-35 1.0000000180025095e-35 1.0000000180025095e-35 1.0000000180025095e-35 1.0000000180025095e-35 5.5000000000000009 13.500000000000002 1.0000000180025095e-35 0.58335000000000015 1.0000000180025095e-35 0.67500000000000016 22.500000000000004 10.500000000000002
decision_type=2 2 2 2 2 2 2 2 2 2 2 2 2 2
left_child=1 3 -2 4 7 13 -7 -1 9 10 -9 -11 -5 -6
right_child=2 -3 -4 12 5 6 -8 8 -10 11 -12 -13 -14 -15
leaf_value=0.011109308007772883 0.084924565780055861 -0.093062683954264994 -0.088141520085734198 0.075276805713969219 -0.068127789502764782 -0.10930014920163357 0.020981307541467539 -0.032898455027541941 0.058445417555219939 0.074570347222581199 -0.10056903494695642 -0.05219418826351449 -0.091845136092616159 -0.023600994046148835
leaf_weight=430.89121904224157 29.067706678062677 13.909785147756336 4.2095904387533656 18.501448109745983 55.797968287020922 8.681609094142912 82.693518429994583 71.372625064104795 14.469720739871262 12.267760753631594 18.714895877987146 5.2894044220447531 2.0209049955010405 47.052378490567207
leaf_count=2353 555 205 91 290 553 48 441 516 123 79 172 25 11 442
internal_value=-9.13671e-05 -0.00277867 0.0630316 -0.00114294 -0.00278979 -0.0212421 0.00860318 0.00369099 -0.0224852 -0.033364 -0.0469564 0.0363803 0.0588197 -0.0477575
internal_weight=814.941 781.663 33.2773 767.753 747.231 194.225 91.3751 553.006 122.114 107.645 90.0875 17.5572 20.5224 102.85
internal_count=5904 5258 646 5053 4752 1484 489 3268 915 792 688 104 301 995
is_linear=0
shrinkage=0.08


Tree=33
num_leaves=15
num_cat=0
split_feature=10 15 17 11 9 0 10 8 16 14 1 13 1 1
split_gain=19.782 16.5258 15.8033 11.0562 15.4189 16.6133 10.9923 8.89969 7.82685 7.17985 10.1669 10.1371 12.2494 9.96351
threshold=0.68500000000000016 1.0000000180025095e-35 1.0000000180025095e-35 1.0000000180025095e-35 1.0000000180025095e-35 1.5000000000000002 0.67500000000000016 1.5000000000000002 1.0000000180025095e-35 1.0000000180025095e-35 4.5000000000000009 1.0000000180025095e-35 22.500000000000004 9.5000000000000018
decision_type=2 2 2 2 2 2 2 2 2 2 2 2 2 2
left_child=1 3 -2 4 -1 -6 -7 8 9 11 -11 12 -5 -13
right_child=2 -3 -4 7 5 6 -8 -9 -10 10 -12 13 -14 -15
leaf_value=0.084665326733189272 0.084526318461914635 -0.09216272055154652 -0.087580376178478442 0.0053300182358654285 -0.084242889363151788 -0.0064084843395537027 -0.071102746619600685 0.086316268233117527 0.084475598768410959 -0.035631537039668461 0.015426703136804614 -0.066696789502944581 -0.14107537370726642 0.0013227239807897296
leaf_weight=9.3864294067025167 26.954155545681719 12.96063534170389 3.9098300859332076 156.45577640086412 23.08288773521781 178.34754692018032 18.557870611548424 8.5299225077033025 7.6108127906918517 27.472011387348175 272.92315559089184 32.174276545643806 3.7450052797794333 24.110622249543667
leaf_count=182 555 205 91 755 531 1475 229 126 163 114 1193 157 17 111
internal_value=-8.52185e-05 -0.00258541 0.062724 -0.00106261 -0.0157485 -0.020033 -0.0125058 0.00525718 0.00393889 0.00275303 0.0107573 -0.00835365 0.00190751 -0.0375594
internal_weight=806.221 775.357 30.864 762.396 229.375 219.988 196.905 533.022 524.492 516.881 300.395 216.486 160.201 56.2849
internal_count=5904 5258 646 5053 2417 2235 1704 2636 2510 2347 1307 1040 772 268
is_linear=0
shrinkage=0.08


Tree=34
num_leaves=15
num_cat=0
split_feature=9 15 16 13 14 1 1 10 8 1 1 10 6 17
split_gain=18.7538 15.3731 13.1432 12.4484 19.0293 17.3417 13.9896 10.6736 12.1593 8.31765 7.14349 7.11804 11.0215 7.5506
threshold=0.7250000000000002 1.0000000180025095e-35 1.0000000180025095e-35 1.0000000180025095e-35 1.0000000180025095e-35 5.5000000000000009 14.500000000000002 0.68500000000000016 1.0000000180025095e-35 22.500000000000004 18.500000000000004 1.0000000180025095e-35 0.36665000000000009 1.0000000180025095e-35
decision_type=2 2 2 2 2 2 2 2 2 2 2 2 2 2
left_child=1 2 3 6 -5 -6 11 8 -8 -4 -7 12 13 -1
right_child=-2 -3 9 4 5 10 7 -9 -10 -11 -12 -13 -14 -15
leaf_value=0.0082214517423344676 0.090666649997854065 -0.091325661835611915 0.075040502622289021 -0.043239427222735931 -0.10237280916548365 0.024217132332390274 -0.03908299619611906 0.078419069417287629 0.048485438715222172 -0.1023353352323063 -0.075513834036247826 0.048217303479143866 -0.06428178218697965 0.087251051502696311
leaf_weight=400.61222387105227 14.31400055810809 12.069375189021228 20.369745370000604 102.51132433116436 8.4034524634480459 77.269544262439013 86.938538897782564 6.3163140527904025 11.489475097507237 1.8452357277274121 4.8872612155973902 29.262231878936291 13.289624541997908 7.8895334824919692
leaf_count=2042 228 205 393 1082 48 408 660 129 93 10 33 450 87 36
internal_value=-7.78974e-05 -0.00173647 -0.000334178 -0.00213309 -0.0196333 0.00708816 0.00394608 -0.0223919 -0.0288612 0.0603072 0.0182844 0.0100623 0.00741529 0.00974778
internal_weight=797.468 783.154 771.085 748.87 193.072 90.5603 555.798 104.744 98.428 22.215 82.1568 451.054 421.791 408.502
internal_count=5904 5676 5471 5068 1571 489 3497 882 753 403 441 2615 2165 2078
is_linear=0
shrinkage=0.08


Tree=35
num_leaves=15
num_cat=0
split_feature=9 15 1 16 0 12 13 1 14 1 12 6 1 18
split_gain=17.1352 14.0864 11.8678 13.2396 9.78391 8.90481 8.57759 15.3516 13.4143 22.1609 15.7408 10.3237 15.1869 10.8085
threshold=0.7250000000000002 1.0000000180025095e-35 16.500000000000004 1.0000000180025095e-35 2.5000000000000004 2.5000000000000004 1.0000000180025095e-35 5.5000000000000009 1.0000000180025095e-35 15.500000000000002 1.5000000000000002 0.70835000000000015 13.500000000000002 1.0000000180025095e-35
decision_type=2 2 2 2 2 2 2 2 2 2 2 2 2 2
left_child=1 2 3 4 6 -4 11 -8 9 -9 -11 12 -1 -14
right_child=-2 -3 5 -5 -6 -7 7 8 -10 10 -12 -13 13 -15
leaf_value=0.006729417036109824 0.089888199731327403 -0.090546505454797907 -0.03725888311831875 0.0725083728334672 0.054767025035680192 0.093312357643749386 -0.081366371996404049 -0.038318437915228765 0.018571987173739236 0.48044953118527955 0.064074307621651561 0.046288582751301474 -0.017425722059246668 -0.10078687515317325
leaf_weight=401.98867702484131 13.323265809565781 11.23341361992061 69.514220453798771 17.070650320500135 21.115847688168287 3.511661395430564 20.351496744900942 74.112822944298387 68.460829127579927 0.8486946858465666 1.8427938036620615 35.546751488000154 37.344235058873892 13.572246816009281
leaf_count=1993 228 205 654 350 220 55 190 765 339 15 26 512 222 130
internal_value=-6.8739e-05 -0.0016122 -0.000306751 0.00292896 0.00116979 -0.03098 -0.000560533 -0.0162938 -0.00717724 -0.0301293 0.195368 0.00477407 0.00151576 -0.0396464
internal_weight=789.838 776.514 765.281 692.255 675.184 73.0259 654.069 165.617 145.265 76.8043 2.69149 488.452 452.905 50.9165
internal_count=5904 5676 5471 4762 4412 709 4192 1335 1145 806 41 2857 2345 352
is_linear=0
shrinkage=0.08


Tree=36
num_leaves=15
num_cat=0
split_feature=9 15 16 14 13 6 1 8 5 1 1 12 1 17
split_gain=15.6705 12.9098 10.6901 10.2639 15.5208 13.7369 13.5195 11.8022 9.46767 7.7905 9.3136 8.10193 7.95545 7.44543
threshold=0.7250000000000002 1.0000000180025095e-35 1.0000000180025095e-35 1.0000000180025095e-35 1.0000000180025095e-35 0.58335000000000015 21.500000000000004 1.0000000180025095e-35 1.0000000180025095e-35 15.500000000000002 4.5000000000000009 1.5000000000000002 20.500000000000004 1.0000000180025095e-35
decision_type=2 2 2 2 2 2 2 2 2 2 2 2 2 2
left_child=1 2 3 4 6 8 7 -1 9 10 13 -11 -13 -5
right_child=-2 -3 -4 5 -6 -7 -8 -9 -10 11 -12 12 -14 -15
leaf_value=-0.0032943015648658554 0.089165897085380585 -0.089820764800461889 0.057530872532224518 -0.042269037625700071 -0.038263925012384917 0.094985408841897365 -0.11132079370577376 0.060380497742226737 -0.081481299403984325 -0.084173612048906707 0.016538579232167023 -0.017151148163122031 0.093695142675067317 0.14237366954988742
leaf_weight=242.59057884663343 12.394503403455017 10.450129957869647 19.925008550286293 26.020299173891548 99.676479475572705 11.15435980260372 6.9661139547824851 20.179548908025026 7.9520267322659484 10.417345795780419 267.95401480421424 41.271080709993839 4.6063365787267676 1.4770090878009785
leaf_count=1658 228 205 403 120 1082 199 58 162 57 222 1286 197 21 6
internal_value=-7.26894e-05 -0.00150795 -0.000293935 -0.00185035 -0.0112887 0.00755139 -0.00132051 0.00159563 0.00484003 0.00679152 0.0119885 -0.0204836 -0.00602159 -0.032351
internal_weight=783.035 770.64 760.19 740.265 369.413 370.852 269.736 262.77 359.698 351.746 295.451 56.2948 45.8774 27.4973
internal_count=5904 5676 5471 5068 2960 2108 1878 1820 1909 1852 1412 440 218 126
is_linear=0
shrinkage=0.08


Tree=37
num_leaves=15
num_cat=0
split_feature=10 17 15 10 10 1 1 0 9 0 1 1 9 8
split_gain=14.5293 13.6623 11.6632 9.27595 14.155 8.54883 12.7839 13.1794 10.9006 24.0696 10.2379 7.87821 7.8328 8.7595
threshold=0.68500000000000016 1.0000000180025095e-35 1.0000000180025095e-35 0.67500000000000016 1.0000000180025095e-35 16.500000000000004 10.500000000000002 1.5000000000000002 1.0000000180025095e-35 1.5000000000000002 6.5000000000000009 7.5000000000000009 0.7250000000000002 1.0000000180025095e-35
decision_type=2 2 2 2 2 2 2 2 2 2 2 2 2 2
left_child=2 -2 3 4 5 6 8 -8 11 -10 -11 -1 13 -7
right_child=1 -3 -4 -5 -6 12 7 -9 9 10 -12 -13 -14 -15
leaf_value=0.012512809481253766 0.083626927030040946 -0.086808403812431045 -0.089144401744957608 -0.056426854803789922 0.056306232179592082 -0.048954045253481411 -0.058177071104036866 0.016887273116733929 -0.089650703167981821 -0.11863752451796568 -0.00334704595232036 -0.02230832970062414 0.098009271385883445 0.048913957379854212
leaf_weight=139.5466633066535 21.57165386155248 3.4982657432556143 9.716904975473879 18.783167887479067 27.98046151176095 49.611723236739635 15.799458000808952 284.98394117876887 30.649989262223244 5.1861878186464301 99.603407137095928 59.235011503100395 2.8733373284339896 6.6358601599931708
leaf_count=570 555 91 205 245 421 395 110 1824 565 23 581 240 25 54
internal_value=-6.59237e-05 0.0598443 -0.0020669 -0.000924862 0.000518837 -0.00172997 0.000979009 0.0129443 -0.0097892 -0.0272922 -0.00905294 0.00213645 -0.0308266 -0.037408
internal_weight=775.676 25.0699 750.606 740.889 722.106 694.126 635.005 300.783 334.221 135.44 104.79 198.782 59.1209 56.2476
internal_count=5904 646 5258 5053 4808 4387 3913 1934 1979 1169 604 810 474 449
is_linear=0
shrinkage=0.08


Tree=38
num_leaves=15
num_cat=0
split_feature=9 15 16 11 18 14 4 5 1 1 1 18 1 1
split_gain=13.4078 10.8544 9.10776 9.31371 13.7689 11.8872 10.0646 8.44313 9.87443 10.2202 10.1327 8.00496 14.9215 14.9187
threshold=0.7250000000000002 1.0000000180025095e-35 1.0000000180025095e-35 1.0000000180025095e-35 1.0000000180025095e-35 1.0000000180025095e-35 1.0000000180025095e-35 1.0000000180025095e-35 13.500000000000002 10.500000000000002 9.5000000000000018 1.0000000180025095e-35 11.500000000000002 10.500000000000002
decision_type=2 2 2 2 2 2 2 2 2 2 2 2 2 2
left_child=1 2 3 4 5 -1 7 8 9 10 -6 -5 13 -13
right_child=-2 -3 -4 11 6 -7 -8 -9 -10 -11 -12 12 -14 -15
leaf_value=-0.019548902648464619 0.088097886472216072 -0.088513770019390009 0.055070819172142786 0.0073596248089333521 0.039134755774253724 -0.089779301057329758 0.095039618836800233 -0.093026745394956797 -0.083903357351360633 0.06681263402991712 -0.12992437744356269 -0.040719508833822519 -0.074997835795510184 0.077841192414335181
leaf_weight=146.36715477705002 10.882996860891579 9.0311461947858316 18.553005119785666 467.30330915376544 5.2052792608737963 17.241428285837173 9.5359359588474017 5.0577755570411673 5.2221930101513854 20.520767211914062 4.0222612470388412 14.953545249998569 22.301243506371975 12.446013517677784
leaf_count=1778 228 205 403 2322 22 255 189 42 121 83 17 69 113 57
internal_value=-6.73808e-05 -0.00133361 -0.000282051 -0.00168851 -0.0157593 -0.0269499 0.0211804 0.00358487 0.0175578 0.0353689 -0.0345577 0.0041132 -0.0264107 0.0131357
internal_weight=768.644 757.761 748.73 730.177 213.173 163.609 49.5642 40.0283 34.9705 29.7483 9.22754 517.004 49.7008 27.3996
internal_count=5904 5676 5471 5068 2507 2033 474 285 243 122 39 2561 239 126
is_linear=0
shrinkage=0.08


Tree=39
num_leaves=15
num_cat=0
split_feature=10 17 15 8 10 10 1 0 9 1 1 18 8 9
split_gain=12.6649 12.288 9.82165 8.27189 7.74939 12.3398 6.82497 10.0074 32.6285 11.3209 10.4329 6.93934 6.41382 7.42889
threshold=0.68500000000000016 1.0000000180025095e-35 1.0000000180025095e-35 1.5000000000000002 0.67500000000000016 1.0000000180025095e-35 16.500000000000004 1.5000000000000002 1.0000000180025095e-35 6.5000000000000009 8.5000000000000018 1.0000000180025095e-35 1.0000000180025095e-35 0.7250000000000002
decision_type=2 2 2 2 2 2 2 2 2 2 2 2 2 2
left_child=2 -2 3 4 5 6 7 8 10 -9 11 -1 13 -8
right_child=1 -3 -4 -5 -6 -7 12 9 -10 -11 -12 -13 -14 -15
leaf_value=0.0084556866054008445 0.08325483966715222 -0.086226384328387792 -0.087925564877615839 0.085109825888401783 -0.05316284016234598 0.053409657518113135 -0.045272259966471287 -0.10976097764076075 -0.088982598398915869 0.0097121460018435857 -0.039162804195518243 -0.16442774462348755 0.0463919647033414 0.09518420291800006
leaf_weight=171.25692059844732 19.246454874053601 3.191990526393055 8.3903062753379327 7.0910009220242491 18.266306409612298 26.273612370714545 48.576287250965834 5.1458465903997412 31.273877648636699 374.00262058340013 38.364719733595848 1.4989122748374928 6.4437622949481002 2.5358275286853305
leaf_count=699 555 91 205 126 245 418 395 23 624 2282 156 6 54 25
internal_value=-6.54824e-05 0.0591452 -0.00186302 -0.000874842 -0.00171741 -0.000385184 -0.00246645 -2.59257e-05 -0.0127217 0.00809064 -0.00142496 0.00695567 -0.0288215 -0.0383038
internal_weight=761.558 22.4384 739.12 730.73 723.639 705.372 679.099 621.543 242.394 379.148 211.121 172.756 57.5559 51.1121
internal_count=5904 646 5258 5053 4927 4682 4264 3790 1485 2305 861 705 474 420
is_linear=0
shrinkage=0.08


Tree=40
num_leaves=15
num_cat=0
split_feature=10 17 15 8 9 1 16 8 14 12 1 10 1 10
split_gain=11.6276 11.3023 9.0252 7.58261 6.9635 8.51115 7.47875 6.5909 8.57469 6.54517 6.13389 5.68982 5.76809 11.8188
threshold=0.68500000000000016 1.0000000180025095e-35 1.0000000180025095e-35 1.5000000000000002 0.7250000000000002 16.500000000000004 1.0000000180025095e-35 1.0000000180025095e-35 1.0000000180025095e-35 1.5000000000000002 15.500000000000002 0.67500000000000016 10.500000000000002 1.0000000180025095e-35
decision_type=2 2 2 2 2 2 2 2 2 2 2 2 2 2
left_child=2 -2 3 4 5 6 11 8 -7 -10 -8 12 13 -1
right_child=1 -3 -4 -5 -6 7 10 -9 9 -11 -12 -13 -14 -15
leaf_value=-0.0097498710975928854 0.082996755029064964 -0.085785813276730169 -0.087376775802717896 0.084693050420622917 0.091297601729778799 -0.067110423936838276 0.084638967901858791 0.045820498487044378 -0.073445936490817446 0.018489095030706445 -0.11290931757032219 -0.06083786149128332 0.0085305541765027214 0.069865494919279902
leaf_weight=325.57695141434669 17.819719536229972 2.9610977284610263 7.7919002566486588 6.5767199434339991 5.1274405866861335 31.226145381107926 10.154625590890642 6.5605542361736289 6.6537273414433029 19.424891412258148 1.1165410988032825 9.9025228936225158 291.20120661519468 12.387303050607441
leaf_count=1921 555 91 205 126 66 318 242 57 129 88 11 115 1738 242
internal_value=-6.50768e-05 0.0589466 -0.00173648 -0.00081722 -0.00159902 -0.00226595 0.000470801 -0.0301342 -0.0388299 -0.00496731 0.0650695 -0.000668519 0.000278495 -0.00683175
internal_weight=754.481 20.7808 733.701 725.909 719.332 714.204 650.339 63.8653 57.3048 26.0786 11.2712 639.068 629.165 337.964
internal_count=5904 646 5258 5053 4927 4861 4269 592 535 217 253 4016 3901 2163
is_linear=0
shrinkage=0.08


Tree=41
num_leaves=15
num_cat=0
split_feature=10 17 11 18 14 10 0 9 13 16 4 5 1 1
split_gain=10.6739 10.3984 8.78587 8.8526 10.9635 8.31911 10.2355 8.29261 8.00329 8.10699 7.98803 7.63199 8.56404 8.49285
threshold=0.68500000000000016 1.0000000180025095e-35 1.0000000180025095e-35 1.0000000180025095e-35 1.0000000180025095e-35 0.67500000000000016 1.5000000000000002 1.0000000180025095e-35 1.0000000180025095e-35 1.0000000180025095e-35 1.0000000180025095e-35 1.0000000180025095e-35 13.500000000000002 10.500000000000002
decision_type=2 2 2 2 2 2 2 2 2 2 2 2 2 2
left_child=2 -2 3 4 5 6 7 -1 -6 -10 11 12 13 -5
right_child=1 -3 -4 10 8 -7 -8 -9 9 -11 -12 -13 -14 -15
leaf_value=0.083864974742703297 0.082759713008380587 -0.085374120285653332 0.0040273240954403445 -0.0321822415649455 -0.098074742951936356 -0.070877734376872351 0.0012614733547654461 -0.083280959071800012 -0.083581445266682236 0.085041539281445186 0.099158765891861303 -0.092088086928660398 -0.083572702756114572 0.060689830711706978
leaf_weight=2.1539733409881618 16.494876049458984 2.7460845392197362 517.15617806650698 9.1383523344993609 19.211754286661748 15.162748700007795 107.424151558429 16.090898452326655 3.6669233422726384 3.6322845444083214 6.3640736043453208 4.7894979715347281 4.7812733910977832 20.301906198263168
leaf_count=49 555 91 2665 39 323 224 912 495 105 75 125 42 121 83
internal_value=-5.14311e-05 0.0587635 -0.00160191 -0.0152876 -0.0237859 -0.0149015 -0.00814767 -0.0635479 -0.0709812 0.000329942 0.0160538 0.0024964 0.015734 0.031862
internal_weight=749.115 19.241 729.874 212.718 167.343 140.832 125.669 18.2449 26.511 7.29921 45.3751 39.011 34.2215 29.4403
internal_count=5904 646 5258 2593 2183 1680 1456 544 503 180 410 285 243 122
is_linear=0
shrinkage=0.08


Tree=42
num_leaves=15
num_cat=0
split_feature=9 15 1 16 13 1 6 1 1 6 6 1 8 18
split_gain=10.2028 7.86048 7.47538 8.29883 6.92891 12.4099 12.0942 8.23494 12.4573 7.45761 12.5604 7.98007 9.38228 8.54883
threshold=0.7250000000000002 1.0000000180025095e-35 23.500000000000004 1.0000000180025095e-35 1.0000000180025095e-35 5.5000000000000009 0.22500000000000003 18.500000000000004 11.500000000000002 0.58335000000000015 0.36665000000000009 13.500000000000002 1.0000000180025095e-35 1.0000000180025095e-35
decision_type=2 2 2 2 2 2 2 2 2 2 2 2 2 2
left_child=1 2 3 4 9 -6 7 8 -7 10 11 -1 13 -13
right_child=-2 -3 -4 -5 5 6 -8 -9 -10 -11 -12 12 -14 -15
leaf_value=0.0083500357699788554 0.086787541876162388 -0.086751272853142963 -0.079085980720099272 0.059491688866701573 -0.076585385817438512 -0.013581895636509429 -0.071720614337486582 -0.10371490591408179 0.036828159078913236 0.038632985974736467 -0.07440754133725451 -0.01557667388862246 0.046732098076693207 -0.083351890462106684
leaf_weight=389.86271216720343 8.5581615250557643 6.7891382258385411 7.6208356525748959 14.977612376213072 18.372331287711859 90.648053208366036 16.640392031520605 4.7084822282195082 47.980229564011097 36.858621997758746 13.628183025866745 58.872182473540306 12.092541854828594 14.931903924793003
leaf_count=1993 228 205 92 397 190 772 251 38 297 601 173 379 123 165
internal_value=-5.67255e-05 -0.00106932 -0.000269387 0.000565342 -0.000687257 -0.0143146 -0.0071632 0.000331467 0.00386538 0.00393117 0.00131757 0.00348673 -0.0185866 -0.0292888
internal_weight=742.541 733.983 727.194 719.573 704.596 178.349 159.977 143.337 138.628 526.246 489.388 475.759 85.8966 73.8041
internal_count=5904 5676 5471 5379 4982 1548 1358 1107 1069 3434 2833 2660 667 544
is_linear=0
shrinkage=0.08


Tree=43
num_leaves=15
num_cat=0
split_feature=10 17 11 18 14 0 10 9 4 18 1 1 0 1
split_gain=9.38809 9.19672 7.54571 7.85241 10.5967 7.34128 9.13031 7.37296 6.94475 6.90411 12.5591 12.3246 10.7899 9.59729
threshold=0.68500000000000016 1.0000000180025095e-35 1.0000000180025095e-35 1.0000000180025095e-35 1.0000000180025095e-35 1.5000000000000002 0.67500000000000016 1.0000000180025095e-35 1.0000000180025095e-35 1.0000000180025095e-35 11.500000000000002 10.500000000000002 2.5000000000000004 9.5000000000000018
decision_type=2 2 2 2 2 2 2 2 2 2 2 2 2 2
left_child=2 -2 3 4 5 7 -7 -1 -5 -4 11 13 -12 -11
right_child=1 -3 9 8 -6 6 -8 -9 -10 10 12 -13 -14 -15
leaf_value=0.083419370629822714 0.082488391533027755 -0.084676986318992092 0.0067181376679890884 0.0032633214359639989 -0.071497642256681773 0.00088542793477350409 -0.067230270681380114 -0.083026103593733525 0.097387228315692465 -0.0019152459766999259 -0.096953431121589009 0.072032688357119401 0.049623414349536613 -0.15398073901899942
leaf_weight=1.9260498918592937 14.667008008807899 2.4595065191388121 466.01561518758535 37.481400400400162 24.053700990043581 107.1028197221458 14.272511264309285 14.724013928323984 5.7922061495482913 11.584511406719683 17.715340808033947 11.963588945567608 3.9265820458531371 3.4464955329895028
leaf_count=49 555 91 2435 285 503 912 224 495 125 54 79 55 27 15
internal_value=-5.61307e-05 0.0584821 -0.00144856 -0.0144138 -0.0224971 -0.0139577 -0.00712429 -0.063772 0.0158619 0.00372472 -0.0249571 0.0114426 -0.0703594 -0.0367827
internal_weight=737.131 17.1265 720.005 205.353 162.079 138.025 121.375 16.6501 43.2736 514.652 48.6365 26.9946 21.6419 15.031
internal_count=5904 646 5258 2593 2183 1680 1136 544 410 2665 230 124 106 69
is_linear=0
shrinkage=0.08


Tree=44
num_leaves=15
num_cat=0
split_feature=9 15 8 16 14 6 13 1 5 18 0 9 1 1
split_gain=9.09437 6.89318 6.66228 6.56979 6.84234 8.85736 8.84082 9.27765 7.46434 6.3322 6.3552 11.9044 14.5777 5.97761
threshold=0.7250000000000002 1.0000000180025095e-35 1.5000000000000002 1.0000000180025095e-35 1.0000000180025095e-35 0.58335000000000015 1.0000000180025095e-35 21.500000000000004 1.0000000180025095e-35 1.0000000180025095e-35 1.5000000000000002 1.0000000180025095e-35 7.5000000000000009 10.500000000000002
decision_type=2 2 2 2 2 2 2 2 2 2 2 2 2 2
left_child=1 2 3 4 6 8 7 9 -6 10 11 12 -1 -10
right_child=-2 -3 -4 -5 5 -7 -8 -9 13 -11 -12 -13 -14 -15
leaf_value=0.024555147771508572 0.086443392875977673 -0.086259327621805659 0.08418816409390735 0.0509279144850254 0.0055631324226275503 0.092696841516526449 -0.031464270536147788 -0.09884546270064877 0.10150291379333642 -0.18623090910753992 0.010038877004221925 -0.090661581035156799 -0.049317214907596302 -0.1112151524377234
leaf_weight=43.186543241143227 7.6977148316800585 6.01471441425383 5.9297754876315585 15.281356101855634 337.60529204271734 7.3432860169559708 91.191759262233973 6.2311922796070567 0.99247545003890891 1.1631670296192158 163.47006561420858 12.044532559812067 28.299373038113117 5.7080325186252594
leaf_count=243 228 205 126 403 1792 199 1082 58 6 6 1165 215 128 48
internal_value=-5.34338e-05 -0.0009725 -0.000258493 -0.000961283 -0.00209854 0.0057579 -0.0100928 -0.00243188 0.00390369 -1.10107e-05 0.00086593 -0.0170856 -0.00468896 -0.0797075
internal_weight=732.159 724.462 718.447 712.517 697.236 351.649 345.587 254.395 344.306 248.164 247.001 83.5304 71.4859 6.70051
internal_count=5904 5676 5471 5345 4942 2045 2897 1815 1846 1757 1751 586 371 54
is_linear=0
shrinkage=0.08


Tree=45
num_leaves=15
num_cat=0
split_feature=9 15 8 1 16 1 11 18 14 4 5 1 1 1
split_gain=8.34126 6.33606 6.11873 5.82769 7.02999 4.96298 5.36896 7.56457 10.2623 6.63854 5.91227 6.61538 7.28649 8.92087
threshold=0.7250000000000002 1.0000000180025095e-35 1.5000000000000002 23.500000000000004 1.0000000180025095e-35 3.5000000000000004 1.0000000180025095e-35 1.0000000180025095e-35 1.0000000180025095e-35 1.0000000180025095e-35 1.0000000180025095e-35 13.500000000000002 10.500000000000002 9.5000000000000018
decision_type=2 2 2 2 2 2 2 2 2 2 2 2 2 2
left_child=1 2 3 4 5 -1 7 8 -7 10 11 12 13 -9
right_child=-2 -3 -4 -5 -6 6 -8 9 -10 -11 -12 -13 -14 -15
leaf_value=-0.067464811282214002 0.08596919133705104 -0.085831340601220898 0.083850139465870041 -0.072600329850214848 0.056626483605008361 -0.014103650898880549 0.0038105023715046885 0.037000363111367687 -0.088240478983739254 0.09235288908063069 -0.089186848532468388 -0.083089842865407534 0.055207751162768083 -0.12318708612576507
leaf_weight=7.1776369698345652 7.143490793183445 5.5788444420322767 5.4950420334935179 7.180342447012662 13.679906673729418 132.35396720841527 491.78444981388748 5.2336689531803149 13.135689167305825 6.4220855198800555 3.880647897720336 3.8688584901392451 20.041298359632492 3.8704588860273361
leaf_count=55 228 205 126 92 397 1718 2387 22 234 186 42 112 83 17
internal_value=-5.20754e-05 -0.000905889 -0.000242439 -0.000894532 -0.000160519 -0.00129003 -0.000592137 -0.0120597 -0.0207972 0.0172871 0.00422081 0.0152004 0.0282477 -0.0311005
internal_weight=726.846 719.703 714.124 708.629 701.449 687.769 680.591 188.807 145.49 43.317 36.8949 33.0143 29.1454 9.10413
internal_count=5904 5676 5471 5345 5253 4856 4801 2414 1952 462 276 234 122 39
is_linear=0
shrinkage=0.08


Tree=46
num_leaves=15
num_cat=0
split_feature=10 17 15 8 9 1 12 7 16 1 4 1 14 8
split_gain=7.82119 8.12539 5.76907 5.67736 4.91552 5.74182 5.22087 6.89729 5.20002 5.7326 4.73873 4.35664 4.28408 10.7601
threshold=0.68500000000000016 1.0000000180025095e-35 1.0000000180025095e-35 1.5000000000000002 0.7250000000000002 16.500000000000004 1.5000000000000002 0.87500000000000011 1.0000000180025095e-35 15.500000000000002 1.0000000180025095e-35 3.5000000000000004 1.0000000180025095e-35 1.0000000180025095e-35
decision_type=2 2 2 2 2 2 2 2 2 2 2 2 2 2
left_child=2 -2 3 4 5 8 7 -7 11 -10 -11 -1 13 -8
right_child=1 -3 -4 -5 -6 6 12 -9 9 10 -12 -13 -14 -15
leaf_value=-0.06263971485998969 0.082226609408244028 -0.084118650432365744 -0.085430856207989514 0.083540585735195488 0.088358101972331446 0.11787688928115389 -0.056454438680334916 -0.085729975263465472 0.083737594090033091 -0.24784242916455654 0.086307703591272975 0.0003225413712771938 0.013712953061922087 0.096191382793034158
leaf_weight=7.1147372014820567 12.618574224412439 2.2082074638456097 5.1730859233066431 5.0905950441956511 3.8957518991082898 1.1627209782600392 21.239652955904607 12.645457796752451 8.0735114570707047 0.65578530728817053 0.46365958265960217 616.00121772103012 21.377420589327812 3.4332073330879203
leaf_count=55 555 91 205 126 66 7 195 251 242 3 8 3961 109 30
internal_value=-5.09896e-05 0.0574522 -0.00125806 -0.000637038 -0.00125266 -0.00175702 -0.0254386 -0.0685852 0.000484831 0.0602138 -0.109442 -0.000396362 -0.0125011 -0.0352139
internal_weight=721.154 14.8268 706.327 701.154 696.063 692.167 59.8585 13.8082 632.309 9.19296 1.11944 623.116 46.0503 24.6729
internal_count=5904 646 5258 5053 4927 4861 592 258 4269 253 11 4016 334 225
is_linear=0
shrinkage=0.08


Tree=47
num_leaves=15
num_cat=0
split_feature=10 17 11 18 1 1 0 1 1 0 9 1 14 1
split_gain=7.1897 7.48201 5.34835 5.86157 10.8128 10.9204 9.06692 7.70449 8.86209 7.5081 17.2966 9.88336 6.32705 6.10789
threshold=0.68500000000000016 1.0000000180025095e-35 1.0000000180025095e-35 1.0000000180025095e-35 11.500000000000002 10.500000000000002 2.5000000000000004 9.5000000000000018 7.5000000000000009 1.5000000000000002 1.0000000180025095e-35 7.5000000000000009 1.0000000180025095e-35 6.5000000000000009
decision_type=2 2 2 2 2 2 2 2 2 2 2 2 2 2
left_child=2 -2 -1 9 5 7 -6 8 -5 10 11 -4 -13 -11
right_child=1 -3 3 4 6 -7 -8 -9 -10 13 -12 12 -14 -15
leaf_value=-0.012441091449934768 0.082052459556541696 -0.083817283305523599 0.013425885651010166 -0.13537672884625596 -0.090525817894175381 0.068541286490468964 0.045861381728821683 -0.13716047886513461 0.034328633440263989 -0.086873646398108836 -0.093709647838825919 -0.046106384725392469 0.0010039412712878151 0.017577312077973039
leaf_weight=194.57121046539396 11.672131504863499 2.0454644430428734 140.38472863659263 2.5195396728813622 17.421611532568935 11.655256770551205 3.7999902293086043 3.5735517740249643 9.0186278373003006 3.6394805163145056 13.09544216096401 36.985329560935497 36.00856975838542 230.86819623038173
leaf_count=2593 555 91 628 14 79 55 27 15 40 15 137 163 149 1343
internal_value=-4.13028e-05 0.0573192 -0.00115971 0.00315298 -0.0234557 0.010357 -0.066104 -0.0345189 -0.00272919 0.00592296 -0.00446625 0.00101079 -0.0228664 0.0159563
internal_weight=717.259 13.7176 703.542 508.97 47.9886 26.767 21.2216 15.1117 11.5382 460.982 226.474 213.379 72.9939 234.508
internal_count=5904 646 5258 2665 230 124 106 69 54 2435 1077 940 312 1358
is_linear=0
shrinkage=0.08


Tree=48
num_leaves=15
num_cat=0
split_feature=9 15 8 1 16 13 1 6 1 1 0 1 1 14
split_gain=6.80222 5.30872 5.07327 4.6291 5.629 4.79803 10.7117 9.48652 7.08343 9.41848 5.84726 7.07484 5.71119 10.1473
threshold=0.7250000000000002 1.0000000180025095e-35 1.5000000000000002 23.500000000000004 1.0000000180025095e-35 1.0000000180025095e-35 5.5000000000000009 0.22500000000000003 18.500000000000004 11.500000000000002 1.5000000000000002 14.500000000000002 8.5000000000000018 1.0000000180025095e-35
decision_type=2 2 2 2 2 2 2 2 2 2 2 2 2 2
left_child=1 2 3 4 5 -1 -7 8 9 12 11 -11 13 -8
right_child=-2 -3 -4 -5 -6 6 7 -9 -10 10 -12 -13 -14 -15
leaf_value=0.0028465537176994649 0.085192973065512587 -0.085134202254003796 0.083200189640250818 -0.066880763267073026 0.053827793910360779 -0.072500016862606306 -0.033981523881167479 -0.065715466561862876 -0.098495263626994733 -0.12652350003454749 0.041418174263998228 0.14061629034423459 -0.032173957121333911 0.042628273816529054
leaf_weight=506.67153686843812 5.9427781272679558 4.7400556840002528 4.6387464031577101 6.7073236610740414 12.170004471205173 17.211064053699374 19.913073688745499 15.310404656454919 4.4642711654305449 2.7560237701982255 42.65169470384717 0.82423420809209336 43.203622795641422 24.903716705739498
leaf_count=3329 228 205 126 92 397 190 216 251 38 30 243 6 439 114
internal_value=-3.8682e-05 -0.000755954 -0.000185747 -0.000740876 -9.80198e-05 -0.00106611 -0.0126432 -0.00595474 0.000641157 0.00393772 0.0331752 -0.0650235 -0.011419 0.00858888
internal_weight=712.109 706.166 701.426 696.787 690.08 677.91 171.238 154.027 138.717 134.252 46.232 3.58026 88.0204 44.8168
internal_count=5904 5676 5471 5345 5253 4856 1527 1337 1086 1048 279 36 769 330
is_linear=0
shrinkage=0.08


Tree=49
num_leaves=15
num_cat=0
split_feature=10 17 15 8 7 1 16 8 14 13 1 17 1 1
split_gain=6.54851 6.62124 4.84137 4.70536 4.46776 5.32647 7.61325 6.25367 5.0565 8.66302 5.83908 5.90482 5.5757 6.06732
threshold=0.68500000000000016 1.0000000180025095e-35 1.0000000180025095e-35 1.5000000000000002 0.87500000000000011 15.500000000000002 1.0000000180025095e-35 1.0000000180025095e-35 1.0000000180025095e-35 1.0000000180025095e-35 4.5000000000000009 1.0000000180025095e-35 8.5000000000000018 10.500000000000002
decision_type=2 2 2 2 2 2 2 2 2 2 2 2 2 2
left_child=2 -2 3 4 -1 6 8 -7 9 -6 11 -10 -12 -14
right_child=1 -3 -4 -5 5 7 -8 -9 10 -11 12 -13 13 -15
leaf_value=0.074490900360009757 0.081904327834003948 -0.083336201085841319 -0.084779981741836222 0.082944789158643145 0.00086197032123097681 -0.025129381087134056 0.083301700456756583 0.051088442522258214 -0.036548558117882476 -0.030931566839984614 0.027866995499662296 0.13076093553951681 -0.01762325852040645 0.013618988072430487
leaf_weight=4.9740710351616135 10.563828824087974 1.8192559909075505 4.3931639371439806 4.2947521023452273 213.4697401933372 87.804541917517781 7.1480249725282183 7.4763764217495909 25.66335561871529 73.815781248733401 86.882332935929298 1.4249998927116383 59.8059954456985 118.82250909693539
leaf_count=40 555 91 205 126 1342 843 243 72 131 857 455 6 296 642
internal_value=-3.75593e-05 0.0576281 -0.00106357 -0.000531775 -0.00105341 -0.00160413 0.00124354 -0.0191488 0.000232042 -0.00730713 0.0076343 -0.0277471 0.011244 0.00315888
internal_weight=708.359 12.3831 695.976 691.582 687.288 682.314 587.033 95.2809 579.885 287.286 292.599 27.0884 265.511 178.629
internal_count=5904 646 5258 5053 4927 4887 3972 915 3729 2199 1530 137 1393 938
is_linear=0
shrinkage=0.08


Tree=50
num_leaves=15
num_cat=0
split_feature=9 15 8 10 17 10 10 6 6 1 6 0 7 1
split_gain=6.06886 4.48946 4.29321 4.25526 5.89177 4.92478 7.51346 5.52164 5.20943 11.1745 6.03382 8.52924 8.5135 5.19024
threshold=0.7250000000000002 1.0000000180025095e-35 1.5000000000000002 0.68500000000000016 1.0000000180025095e-35 0.67500000000000016 1.0000000180025095e-35 1.3666500000000001 0.36665000000000009 11.500000000000002 0.58335000000000015 2.5000000000000004 0.87500000000000011 16.500000000000004
decision_type=2 2 2 2 2 2 2 2 2 2 2 2 2 2
left_child=1 2 3 5 -5 6 8 -7 13 -10 -11 -12 -13 -1
right_child=-2 -3 -4 4 -6 7 -8 -9 9 10 11 12 -14 -15
leaf_value=0.001503389857551711 0.084803566020026089 -0.084448561116605994 0.082710459226838132 0.081929739421721381 -0.083089246084364007 -0.060961758954020277 0.04717798134699857 0.13668142462281174 -0.11087812700952451 -0.11017638072782691 0.06856268144049231 0.10412561260079722 -0.16921507862221322 -0.026712058737163934
leaf_weight=578.05039624869823 5.356071548536419 4.0706720631569615 3.9753317143768063 7.7874704143032414 1.6841739406809209 13.447125479578968 20.582073139026761 0.96990948170423585 8.6921788882464188 2.4711046665906897 8.7489380203187448 1.0733797959983351 2.2746601998805991 44.970813071355224
leaf_count=3619 228 205 126 393 91 229 392 7 81 25 70 7 10 421
internal_value=-2.89383e-05 -0.000679153 -0.000188316 -0.000665405 0.0525874 -0.00140576 -0.000405671 -0.0476653 -0.00192106 -0.0390933 0.00373782 0.0270076 -0.0815822 -0.000533253
internal_weight=704.154 698.798 694.728 690.752 9.47164 681.281 666.864 14.417 646.281 23.2603 14.5681 12.097 3.34804 623.021
internal_count=5904 5676 5471 5345 484 4861 4625 236 4233 193 112 87 17 4040
is_linear=0
shrinkage=0.08


Tree=51
num_leaves=15
num_cat=0
split_feature=9 15 8 10 17 10 10 1 6 0 9 1 1 13
split_gain=5.57419 4.13163 3.94934 3.90884 5.42729 4.26536 6.55227 4.89929 4.82804 4.66486 23.7815 8.08 7.91414 5.75469
threshold=0.7250000000000002 1.0000000180025095e-35 1.5000000000000002 0.68500000000000016 1.0000000180025095e-35 0.67500000000000016 1.0000000180025095e-35 25.500000000000004 1.3666500000000001 1.5000000000000002 1.0000000180025095e-35 6.5000000000000009 8.5000000000000018 1.0000000180025095e-35
decision_type=2 2 2 2 2 2 2 2 2 2 2 2 2 2
left_child=1 2 3 5 -5 6 7 9 -7 10 12 -11 -1 -14
right_child=-2 -3 -4 4 -6 8 -8 -9 -10 11 -12 -13 13 -15
leaf_value=0.0055751803179092379 0.084445146431267673 -0.084138587476013507 0.082495352991343723 0.081779117977652943 -0.082859950998031909 -0.057240825594772948 0.044719353868396858 -0.10108551122052774 0.13131887492596037 -0.096579265272146095 -0.087183145703899234 0.0051054000083363294 -0.017139809925945184 -0.089449071025730673
leaf_weight=170.62967716902494 4.9644110258668652 3.7709866985678664 3.6788736395537844 7.2014441015198809 1.558816287666559 13.186690019443628 20.001208048313856 3.1635534875094882 0.93038363195955831 5.0638338923454276 23.201883898116648 404.79405087418854 29.180584788322449 9.2852910161018354
leaf_count=705 228 205 126 393 91 229 392 48 7 23 625 2673 120 39
internal_value=-2.49173e-05 -0.000627729 -0.000172563 -0.000614478 0.0524829 -0.00129908 -0.000375769 -0.00177346 -0.0448138 -0.0012842 -0.0103412 0.00384908 -0.00181457 -0.0345946
internal_weight=700.612 695.647 691.876 688.197 8.76026 679.437 665.32 645.319 14.1171 642.155 232.297 409.858 209.096 38.4659
internal_count=5904 5676 5471 5345 484 4861 4625 4233 236 4185 1489 2696 864 159
is_linear=0
shrinkage=0.08


Tree=52
num_leaves=15
num_cat=0
split_feature=9 15 8 10 17 1 16 8 7 18 11 13 1 14
split_gain=5.12263 3.80224 3.63475 3.59319 5.00023 3.78158 6.85845 5.21309 4.24826 4.02435 4.55426 6.94781 10.6113 3.94058
threshold=0.7250000000000002 1.0000000180025095e-35 1.5000000000000002 0.68500000000000016 1.0000000180025095e-35 15.500000000000002 1.0000000180025095e-35 1.0000000180025095e-35 0.87500000000000011 1.0000000180025095e-35 1.0000000180025095e-35 1.0000000180025095e-35 16.500000000000004 1.0000000180025095e-35
decision_type=2 2 2 2 2 2 2 2 2 2 2 2 2 2
left_child=1 2 3 5 -5 6 13 8 -7 10 11 -10 -13 -1
right_child=-2 -3 -4 4 -6 7 -8 -9 9 -11 -12 12 -14 -15
leaf_value=-0.0064147491409610657 0.08411278843162924 -0.083848788056167425 0.082297809249574222 0.081640418498193021 -0.082647134324255384 0.06554208845721389 0.08314970658710763 0.049091029570540824 -0.088716970028032111 -0.072492680968525583 -0.0072798620991547823 0.14574540773134564 -0.069619041719509264 0.0068324301587910996
leaf_weight=284.08123278524727 4.6001020679250351 3.4926033001393071 3.4038489907979956 6.6586063988506776 1.4425238911062477 3.4558431841433039 6.4646023698151103 7.271826669573783 12.016696976497771 10.040763217955826 56.171728858724236 2.4312708526849738 3.6810642750933766 290.84680392406881
leaf_count=2198 228 205 126 393 91 24 242 72 241 150 250 45 107 1532
internal_value=-2.91967e-05 -0.000588972 -0.000166286 -0.000576322 0.0523866 -0.00121059 0.00120815 -0.0160023 -0.0213937 -0.0249559 -0.0185319 -0.0533956 0.0160453 0.000286785
internal_weight=696.06 691.459 687.967 684.563 8.10113 676.462 581.393 95.0692 87.7974 84.3415 74.3008 18.129 6.11234 574.928
internal_count=5904 5676 5471 5345 484 4861 3972 889 817 793 643 393 152 3730
is_linear=0
shrinkage=0.08


Tree=53
num_leaves=15
num_cat=0
split_feature=9 1 11 17 18 1 1 0 1 1 7 0 6 0
split_gain=4.70838 3.71051 3.67853 5.56099 5.44659 9.16773 9.20524 7.7561 6.25174 7.38165 4.96339 8.97181 5.47248 8.36182
threshold=0.7250000000000002 3.5000000000000004 1.0000000180025095e-35 1.0000000180025095e-35 1.0000000180025095e-35 11.500000000000002 10.500000000000002 2.5000000000000004 9.5000000000000018 7.5000000000000009 0.87500000000000011 2.5000000000000004 0.70835000000000015 1.5000000000000002
decision_type=2 2 2 2 2 2 2 2 2 2 2 2 2 2
left_child=1 -1 3 10 -4 6 8 -7 9 -6 -3 12 13 -12
right_child=-2 2 4 -5 5 7 -8 -9 -10 -11 11 -13 -14 -15
leaf_value=-0.057830530884503031 0.08380468673379253 0.084635638678027161 0.0064227849828418547 -0.08778271834571913 -0.12367099260028637 -0.084970523490934619 0.063738879443045571 0.04437818912006293 -0.12276804779341612 0.031566618618023776 -0.081787939816018243 -0.10196694971938371 0.030505705077121911 -0.0060504821605946533
leaf_weight=7.1614114353433242 4.2614076333120456 3.7033469835296264 445.5680275419727 5.6266923435032359 2.5150312148034546 16.938147854059938 11.255990276113153 3.5969074666500083 3.665591999888421 8.8891270905733109 9.998654895462094 6.3970025759190312 23.377339455299079 139.40902600437403
leaf_count=62 228 52 2515 175 14 86 57 27 15 40 529 122 509 1473
internal_value=-2.7091e-05 -0.00054626 5.6195e-05 -0.0094471 0.00369426 -0.0222495 0.00900221 -0.0623139 -0.031882 -0.00266891 -0.00703701 -0.00893171 -0.00548728 -0.011119
internal_weight=692.364 688.102 680.941 188.512 492.429 46.8608 26.3257 20.5351 15.0698 11.4042 182.885 179.182 172.785 149.408
internal_count=5904 5676 5614 2860 2754 239 126 113 69 54 2685 2633 2511 2002
is_linear=0
shrinkage=0.08


Tree=54
num_leaves=15
num_cat=0
split_feature=10 17 15 8 10 10 17 12 6 0 9 1 1 1
split_gain=4.64282 4.40889 3.41659 3.3427 3.11462 6.04743 4.19684 5.07697 4.03268 3.96954 21.1715 6.89844 6.71638 5.4736
threshold=0.68500000000000016 1.0000000180025095e-35 1.0000000180025095e-35 1.5000000000000002 0.67500000000000016 1.0000000180025095e-35 1.0000000180025095e-35 2.5000000000000004 1.3666500000000001 1.5000000000000002 1.0000000180025095e-35 7.5000000000000009 6.5000000000000009 15.500000000000002
decision_type=2 2 2 2 2 2 2 2 2 2 2 2 2 2
left_child=2 -2 3 4 5 9 7 -7 -6 10 11 -1 -11 -14
right_child=1 -3 -4 -5 8 6 -8 -9 -10 12 -12 -13 13 -15
leaf_value=0.0083924690190190464 0.081335723325259859 -0.082255171877515174 -0.083578218875453608 0.082102773275485291 -0.048970000226873422 0.08703435753722355 -0.084486503591338469 -0.00058964883525412435 0.12759810884236952 -0.089014619873489423 -0.086800684303475886 -0.022287973713796309 0.009291236927039705 -0.013625596818058954
leaf_weight=137.46490900218487 7.4392968472093326 1.2284764768555758 3.1740581784397355 3.1296845711767665 13.244556648656722 11.378662281669682 1.5073286518454541 6.7378656677901736 0.88304043933749277 4.9721895158290854 20.753398099914193 71.196237310767174 321.22752816043794 84.183318049646914
leaf_count=570 555 91 205 126 238 316 32 70 7 23 626 294 2010 741
internal_value=-3.0205e-05 0.0581501 -0.000771974 -0.00038356 -0.000766837 2.94337e-05 0.0437739 0.0544454 -0.0379337 -0.0013123 -0.00974027 -0.00207585 0.00339916 0.00453257
internal_weight=688.521 8.66777 679.853 676.679 673.549 659.421 19.6239 18.1165 14.1276 639.798 229.415 208.661 410.383 405.411
internal_count=5904 646 5258 5053 4927 4682 418 386 245 4264 1490 864 2774 2751
is_linear=0
shrinkage=0.08


Tree=55
num_leaves=15
num_cat=0
split_feature=10 17 1 11 17 1 9 0 18 1 1 0 1 1
split_gain=4.27604 4.06395 3.19167 3.37449 5.26001 4.73883 4.55561 8.57731 4.43404 7.96108 7.93192 6.85985 5.21135 6.1596
threshold=0.68500000000000016 1.0000000180025095e-35 3.5000000000000004 1.0000000180025095e-35 1.0000000180025095e-35 12.500000000000002 1.0000000180025095e-35 1.5000000000000002 1.0000000180025095e-35 11.500000000000002 10.500000000000002 2.5000000000000004 9.5000000000000018 7.5000000000000009
decision_type=2 2 2 2 2 2 2 2 2 2 2 2 2 2
left_child=2 -2 -1 6 8 -6 -4 -8 -5 10 12 -11 13 -10
right_child=1 -3 3 4 5 -7 7 -9 9 11 -12 -13 -14 -15
leaf_value=-0.054524034726718532 0.081232075816212779 -0.082086213712007125 0.081827176533009041 0.0046763650028432534 0.1103357132767858 -0.0095144760923031538 -0.08187047975072595 -0.006870295820357428 -0.11364556034326989 -0.080923065916164744 0.059804117664693311 0.042138053946512016 -0.11205770721722687 0.028735370088076775
leaf_weight=6.9830537801608434 6.875743347220121 1.1362662501633165 3.4309665393084279 433.21191192604601 5.4831001907587034 3.4336293339729309 10.363073415122924 167.42614477314055 2.4983196742832634 16.519904576241974 10.889824844896793 3.5160556286573401 3.7167575955390939 8.7736754864454269
leaf_count=62 555 91 175 2361 24 15 592 1799 14 79 55 27 15 40
internal_value=-3.06768e-05 0.0580702 -0.000719043 -0.000157645 0.0033039 0.0641841 -0.00947991 -0.0112419 0.00217089 -0.0214687 0.00784266 -0.0593274 -0.0299091 -0.00282187
internal_weight=684.258 8.01201 676.246 669.263 488.043 8.91673 181.22 177.789 479.126 45.9145 25.8786 20.036 14.9888 11.272
internal_count=5904 646 5258 5196 2630 39 2566 2391 2591 230 124 106 69 54
is_linear=0
shrinkage=0.08


Tree=56
num_leaves=15
num_cat=0
split_feature=9 1 15 8 6 6 14 9 1 0 9 1 1 1
split_gain=4.14395 3.26259 3.12708 3.01635 2.83247 14.2276 6.31283 5.04044 5.59003 4.45359 16.8656 6.11676 5.99518 6.83461
threshold=0.7250000000000002 25.500000000000004 1.0000000180025095e-35 1.5000000000000002 0.58335000000000015 0.36665000000000009 1.0000000180025095e-35 1.0000000180025095e-35 10.500000000000002 1.5000000000000002 1.0000000180025095e-35 8.5000000000000018 6.5000000000000009 13.500000000000002
decision_type=2 2 2 2 2 2 2 2 2 2 2 2 2 2
left_child=1 2 3 4 5 9 7 -6 -9 10 11 -1 -11 -14
right_child=-2 -3 -4 -5 6 -7 -8 8 -10 12 -12 -13 13 -15
leaf_value=0.0042568213568257617 0.083753010727061983 -0.078687810947604589 -0.083346476973057637 0.081928026867345669 0.084255130754158206 -0.077879172705558039 0.089881339391825285 -0.086490975808343876 0.0090347899076970144 -0.082551235649886312 -0.085293015483225182 -0.031182433872369818 0.013849926075062295 -0.0094773241795390404
leaf_weight=170.18152379617095 3.7574593368917695 3.3978718467988065 2.8755495492368928 2.8817993570119134 4.584327580407261 15.202864058315752 6.925068591721355 4.6443420732393887 25.159192263148725 4.8664587289094916 16.916591168381274 38.158616334199905 266.26646214537323 115.14445583894849
leaf_count=705 228 53 204 126 107 274 305 82 493 23 598 159 1641 906
internal_value=-2.8577e-05 -0.000493438 -9.91193e-05 0.000257671 -9.46344e-05 -0.00143206 0.0201947 0.00616111 -0.00585117 0.000468435 -0.00847173 -0.00223407 0.00568187 0.00680764
internal_weight=680.963 677.205 673.807 670.932 668.05 626.737 41.3129 34.3879 29.8035 611.534 225.257 208.34 386.277 381.411
internal_count=5904 5676 5623 5419 5293 4306 987 682 575 4032 1462 864 2570 2547
is_linear=0
shrinkage=0.08


Tree=57
num_leaves=15
num_cat=0
split_feature=9 1 15 8 10 17 10 10 6 1 0 7 0 9
split_gain=3.81073 2.88075 2.87741 2.77982 2.71362 3.61427 2.8945 4.376 4.02758 10.4532 5.59584 7.32723 3.6619 15.6378
threshold=0.7250000000000002 25.500000000000004 1.0000000180025095e-35 1.5000000000000002 0.68500000000000016 1.0000000180025095e-35 0.67500000000000016 1.0000000180025095e-35 0.36665000000000009 13.500000000000002 2.5000000000000004 0.87500000000000011 1.5000000000000002 1.0000000180025095e-35
decision_type=2 2 2 2 2 2 2 2 2 2 2 2 2 2
left_child=1 2 3 4 6 -6 7 8 12 -10 -11 -12 13 -1
right_child=-2 -3 -4 -5 5 -7 -8 -9 9 10 11 -13 -14 -15
leaf_value=-0.0020588167531408641 0.083471120529237275 -0.075386423299696942 -0.08310998099899207 0.081776395164807419 0.081249643369610047 -0.081887089061751239 -0.038308222791413001 0.040246168141755238 -0.081951687217149502 0.074565198233649752 0.12030238119103255 -0.16739410189451573 0.0050073993768926222 -0.084887621326679319
leaf_weight=208.11016184091568 3.4798105964437118 3.2683623055927447 2.6617142478935412 2.6649685353040686 5.0345091368071726 1.0505136325955389 12.76484922505915 16.972136374562979 12.497091056779029 6.0384644512087089 0.86693488806486141 1.6352441553026438 384.35796391218901 15.687529161572455
leaf_count=864 228 53 204 126 392 91 235 390 130 47 6 8 2532 598
internal_value=-3.09483e-05 -0.000462312 -9.70077e-05 0.000233924 -9.28473e-05 0.0530858 -0.000583936 0.000161298 -0.000919969 -0.0353334 0.0328808 -0.0677153 0.000270484 -0.00786486
internal_weight=677.09 673.61 670.342 667.68 665.015 6.08502 658.93 646.166 629.193 21.0377 8.54064 2.50218 608.156 223.798
internal_count=5904 5676 5623 5419 5293 483 4810 4575 4185 191 61 14 3994 1462
is_linear=0
shrinkage=0.08


Tree=58
num_leaves=15
num_cat=0
split_feature=9 1 11 17 18 1 1 0 1 1 7 0 17 0
split_gain=3.50516 2.73049 2.82388 4.67523 4.39242 6.61238 6.96102 5.85091 4.40329 5.18628 4.17718 7.63621 4.00697 4.38127
threshold=0.7250000000000002 3.5000000000000004 1.0000000180025095e-35 1.0000000180025095e-35 1.0000000180025095e-35 11.500000000000002 10.500000000000002 2.5000000000000004 9.5000000000000018 7.5000000000000009 0.87500000000000011 2.5000000000000004 1.0000000180025095e-35 1.5000000000000002
decision_type=2 2 2 2 2 2 2 2 2 2 2 2 2 2
left_child=1 -1 3 10 12 6 8 -7 9 -6 -3 -12 13 -4
right_child=-2 2 4 -5 5 7 -8 -9 -10 -11 11 -13 -14 -15
leaf_value=-0.051056267187192035 0.083209960263305779 0.081788550834421325 -0.0036867117301627732 -0.087423013174960235 -0.10636272892342387 -0.07533527675685768 0.056213882451605378 0.039640209332204808 -0.10388456199903334 0.025575045817940005 -0.0049685697418456621 -0.098869979809928593 0.05910076526345448 0.012465968368404277
leaf_weight=6.7501800106838337 3.2219429388642302 3.3732322640717021 209.2631919728592 4.6766734686680129 2.4462429359555218 16.26210358180106 10.531828625127673 3.4301345832645884 3.7414334714412698 8.6461598426103592 165.85881040757522 5.7342246044427148 8.8132923692464811 220.9371939105913
leaf_count=62 228 52 1027 175 14 86 57 27 15 40 2511 122 39 1449
internal_value=-3.23458e-05 -0.00043237 8.24908e-05 -0.00848339 0.00326136 -0.0205257 0.00647705 -0.055308 -0.0288354 -0.00352161 -0.00637341 -0.00810653 0.00570273 0.00460879
internal_weight=673.687 670.465 663.715 179.643 484.072 45.0579 25.3657 19.6922 14.8338 11.0924 174.966 171.593 439.014 430.2
internal_count=5904 5676 5614 2860 2754 239 126 113 69 54 2685 2633 2515 2476
is_linear=0
shrinkage=0.08


Tree=59
num_leaves=15
num_cat=0
split_feature=10 17 15 8 7 1 11 1 17 1 6 9 1 18
split_gain=3.51716 3.1828 2.59873 2.56226 2.4376 3.47928 2.34591 4.20773 3.86921 4.16135 3.65802 3.56104 7.30791 3.25989
threshold=0.68500000000000016 1.0000000180025095e-35 1.0000000180025095e-35 1.5000000000000002 0.87500000000000011 25.500000000000004 1.0000000180025095e-35 16.500000000000004 1.0000000180025095e-35 12.500000000000002 0.58335000000000015 1.0000000180025095e-35 8.5000000000000018 1.0000000180025095e-35
decision_type=2 2 2 2 2 2 2 2 2 2 2 2 2 2
left_child=2 -2 3 4 -1 6 7 11 13 -10 -9 -6 -13 -8
right_child=1 -3 -4 -5 5 -7 8 10 9 -11 -12 12 -14 -15
leaf_value=0.061035602344615844 0.081035692152949881 -0.081604702830087708 -0.082891508911159331 0.081616659067147476 0.081573585343734697 -0.095225102024281874 0.003384899137835511 -0.086939962379373889 0.099117286356852186 -0.014394170242704646 0.00043564567137635519 -0.084512574795454973 -0.0028786746293652955 -0.019431363333055032
leaf_weight=4.0808576261624685 5.5872307433746746 0.89317929185926903 2.4472061670385292 2.434790549799799 2.9764133663848034 2.4977548941969863 429.25102498475462 7.8213604073971492 5.3276967555284482 3.3772273063659668 5.0441935732960701 7.3695412436500183 147.25591913796961 44.203966397792101
leaf_count=40 555 91 205 126 179 49 2222 291 24 15 55 386 1436 230
internal_value=-3.17042e-05 0.0586194 -0.000604042 -0.000299686 -0.000602246 -0.000986196 -0.000625522 -0.00869207 0.0022264 0.0550785 -0.0526826 -0.00510098 -0.00676939 0.00125467
internal_weight=670.568 6.48041 664.088 661.641 659.206 655.125 652.627 170.467 482.16 8.70492 12.8656 157.602 154.625 473.455
internal_count=5904 646 5258 5053 4927 4887 4838 2347 2491 39 346 2001 1822 2452
is_linear=0
shrinkage=0.08


Tree=60
num_leaves=15
num_cat=0
split_feature=10 17 15 8 9 10 10 6 6 1 4 0 7 1
split_gain=3.24097 2.93482 2.39446 2.35972 2.25565 2.69755 4.37498 3.70529 3.60484 9.00465 4.2955 5.6919 7.40776 3.07437
threshold=0.68500000000000016 1.0000000180025095e-35 1.0000000180025095e-35 1.5000000000000002 0.7250000000000002 0.67500000000000016 1.0000000180025095e-35 1.3666500000000001 0.22500000000000003 11.500000000000002 1.0000000180025095e-35 2.5000000000000004 0.87500000000000011 16.500000000000004
decision_type=2 2 2 2 2 2 2 2 2 2 2 2 2 2
left_child=2 -2 3 4 5 6 8 -7 13 -10 -11 -12 -13 -1
right_child=1 -3 -4 -5 -6 7 -8 -9 9 10 11 12 -14 -15
leaf_value=0.0015187856836847975 0.080955549202845256 -0.081483532462547359 -0.082685991865673783 0.081489975015087354 0.084013643801796614 -0.048839936442369745 0.040564359001369052 0.12490191897865098 -0.10498069453533428 -0.10705478566338555 0.058329922873083896 0.079340897594812942 -0.14827446708965575 -0.021125303602692921
leaf_weight=563.33525809552521 5.1625627907924345 0.82568477978929866 2.2644434971734873 2.2509472500532857 2.0120917204767457 11.858919735066589 16.499365868978202 0.84131793305277902 7.3797129085287478 1.9263601563870896 8.4055347517132741 1.5033410377800467 2.3386127203702918 41.177984932437539
leaf_count=3615 555 91 205 126 66 229 392 7 81 24 73 11 12 417
internal_value=-3.20139e-05 0.0585578 -0.000562164 -0.000280198 -0.000560232 -0.000819929 -9.83013e-05 -0.0373305 -0.00116993 -0.0333188 0.00399242 0.0214586 -0.0592095 -2.36751e-05
internal_weight=667.782 5.98825 661.794 659.529 657.278 655.266 642.566 12.7002 626.067 21.5536 14.1738 12.2475 3.84195 604.513
internal_count=5904 646 5258 5053 4927 4861 4625 236 4233 201 120 96 23 4032
is_linear=0
shrinkage=0.08


Tree=61
num_leaves=15
num_cat=0
split_feature=10 17 1 8 16 1 4 10 6 10 14 1 11 15
split_gain=2.98657 2.70638 2.36036 2.16175 2.0648 4.77591 7.20755 3.0595 3.42776 2.97605 2.79011 2.70003 2.47594 2.01798
threshold=0.68500000000000016 1.0000000180025095e-35 3.5000000000000004 1.5000000000000002 1.0000000180025095e-35 15.500000000000002 1.0000000180025095e-35 0.67500000000000016 1.3666500000000001 0.52500000000000013 1.0000000180025095e-35 25.500000000000004 1.0000000180025095e-35 1.0000000180025095e-35
decision_type=2 2 2 2 2 2 2 2 2 2 2 2 2 2
left_child=2 -2 -1 4 7 -6 -7 9 10 11 12 13 -9 -4
right_child=1 -3 3 -5 5 6 -8 8 -10 -11 -12 -13 -14 -15
leaf_value=-0.048084264651266216 0.080881647292588357 -0.081371359916477023 7.9731586521785674e-05 0.081373387633573172 0.083122367258873939 -0.14336512539649038 0.086449804286956644 -0.071820119452717004 0.12255349700161866 0.071741366701193715 0.10838939570043865 -0.085195491860672171 0.093901647251464854 -0.082477828721876659
leaf_weight=6.6104111131280652 4.7698239088058463 0.76321123586967576 622.14686983032152 2.0807424439117304 5.6290083155035955 1.8660911321640017 1.6418289281427858 9.9018660010769892 0.76768748462200243 3.6712762974202624 0.65194279700517732 2.3995740204118183 0.6126802936196335 1.9006715421564866
leaf_count=62 555 91 4233 126 243 9 48 215 5 57 4 51 7 198
internal_value=-2.95097e-05 0.0585009 -0.000520282 -3.8984e-05 -0.000299121 0.0374633 -0.0358037 -0.000836511 -0.0409643 -7.65079e-05 -0.052206 -0.000497395 -0.0621635 -0.000171715
internal_weight=665.414 5.53304 659.881 653.27 651.189 9.13693 3.50792 642.053 11.9342 630.118 11.1665 626.447 10.5145 624.048
internal_count=5904 646 5258 5196 5070 300 57 4770 231 4539 226 4482 222 4431
is_linear=0
shrinkage=0.08


Tree=62
num_leaves=15
num_cat=0
split_feature=9 16 1 4 1 1 1 6 1 12 18 12 10 6
split_gain=2.76571 2.24161 4.57667 6.33439 2.41445 2.0806 6.05288 11.1665 8.3302 7.64844 6.20168 6.10911 6.03543 6.68744
threshold=0.7250000000000002 1.0000000180025095e-35 15.500000000000002 1.0000000180025095e-35 25.500000000000004 10.500000000000002 11.500000000000002 0.36665000000000009 12.500000000000002 1.5000000000000002 1.0000000180025095e-35 1.5000000000000002 1.0000000180025095e-35 0.36665000000000009
decision_type=2 2 2 2 2 2 2 2 2 2 2 2 2 2
left_child=1 4 -3 -4 5 12 7 9 11 10 -7 -8 13 -1
right_child=-2 2 3 -5 -6 6 8 -9 -10 -11 -12 -13 -14 -15
leaf_value=-0.0057607454094606341 0.082825092316353613 0.082675865452192548 -0.13668306404870115 0.085848585213251324 -0.077861491946990671 -0.004435918545851473 -0.092621177075860414 -0.098269823350745897 0.00343868744652854 0.056723127658357776 0.059439891281751596 -0.018725940025943862 0.064357232836344869 -0.11883407992425551
leaf_weight=304.2289059611503 2.5687567344866684 5.7050370681099576 1.8033011108636858 1.4993049041368065 2.5980680137872687 45.854405204299837 9.6167817777022702 4.8074934585019937 198.76833870774135 34.339242795482278 12.347263813018797 28.03003491461277 7.7767004435881963 3.3847317602485409
leaf_count=2002 228 326 9 68 51 370 81 79 1914 197 52 209 270 48
internal_value=-2.43368e-05 -0.000346421 0.039289 -0.035659 -0.000894209 -0.000586167 0.0038165 0.0206055 -0.00309669 0.0267811 0.00911509 -0.0376023 -0.00524531 -0.00700491
internal_weight=663.328 660.76 9.00764 3.30261 651.752 649.154 333.764 97.3484 236.415 92.5409 58.2017 37.6468 315.39 307.614
internal_count=5904 5676 403 77 5273 5222 2902 698 2204 619 422 290 2320 2050
is_linear=0
shrinkage=0.08


Tree=63
num_leaves=15
num_cat=0
split_feature=10 17 15 8 7 1 17 1 11 1 18 14 1 1
split_gain=2.64923 2.4806 2.03884 1.97785 1.91109 2.61096 1.89291 1.8659 2.08652 3.61239 3.48616 5.68613 6.72962 8.77877
threshold=0.68500000000000016 1.0000000180025095e-35 1.0000000180025095e-35 1.5000000000000002 0.87500000000000011 25.500000000000004 1.0000000180025095e-35 3.5000000000000004 1.0000000180025095e-35 16.500000000000004 1.0000000180025095e-35 1.0000000180025095e-35 11.500000000000002 10.500000000000002
decision_type=2 2 2 2 2 2 2 2 2 2 2 2 2 2
left_child=2 -2 3 4 6 7 -1 -6 9 -9 -10 -12 13 -13
right_child=1 -3 -4 -5 5 -7 -8 8 10 -11 11 12 -14 -15
leaf_value=0.076569945963923011 0.080812621846789043 -0.081272624893612297 -0.082339752070721917 0.081251236634462196 -0.04370068680768472 -0.091197376379269279 -0.10133920916399485 -0.0045648065328865693 0.0048205041165375164 -0.050898580017424311 -0.21482861561313601 -0.025259999447120068 -0.050468823727178334 0.073536079082469966
leaf_weight=3.3502269680611785 4.2945869732648125 0.70325228944420803 1.9405973304528732 1.9016034314408887 6.3362956028431645 2.0378593984059981 0.43211569637060154 153.952583740931 430.00433954084292 11.579074631445108 0.92736487090587516 14.744303092360497 18.832039795815945 9.442546047270298
leaf_count=37 555 91 205 126 56 49 3 1980 2226 346 6 69 103 52
internal_value=-1.87798e-05 0.0580054 -0.000461196 -0.000218069 -0.000455812 -0.000786843 0.0562446 -0.000501555 -7.35176e-05 -0.00780589 0.00262709 -0.018835 -0.01461 0.01331
internal_weight=660.479 4.99784 655.481 653.54 651.639 647.856 3.78234 645.819 639.482 165.532 473.951 43.9463 43.0189 24.1868
internal_count=5904 646 5258 5053 4927 4887 40 4838 4782 2326 2456 230 224 121
is_linear=0
shrinkage=0.08


Tree=64
num_leaves=15
num_cat=0
split_feature=9 16 1 4 14 18 0 9 1 1 6 6 1 4
split_gain=2.49316 2.06078 4.14778 5.53462 2.14567 5.3365 4.95465 10.5581 8.5279 5.75858 4.86177 7.38749 4.6968 4.53526
threshold=0.7250000000000002 1.0000000180025095e-35 15.500000000000002 1.0000000180025095e-35 1.0000000180025095e-35 1.0000000180025095e-35 1.5000000000000002 1.0000000180025095e-35 7.5000000000000009 21.500000000000004 0.22500000000000003 0.58335000000000015 20.500000000000004 1.0000000180025095e-35
decision_type=2 2 2 2 2 2 2 2 2 2 2 2 2 2
left_child=1 4 -3 -4 5 6 7 8 -1 10 -8 -12 13 -6
right_child=-2 2 3 -5 12 -7 9 -9 -10 -11 11 -13 -14 -15
leaf_value=0.010074569581241519 0.082627647582243752 0.082495170230941842 -0.13061596696012237 0.085486906957242731 0.00095449413730713101 -0.19682356462332487 0.0094707398376102613 -0.084688791886514778 -0.039772102274407313 -0.080052053752283442 -0.098047803602446318 -0.0031270169677024896 0.077521513199949391 0.062597241806203602
leaf_weight=56.369992820546031 2.3279423229396334 5.2450452041812223 1.7064779251813891 1.3653451288118956 321.42432781425305 0.93104171007871528 172.09740629326552 13.666348391678182 35.990548292174935 5.3040602756664148 6.9311547903344062 21.602895377203822 5.4170834808610371 7.8246278022415927
leaf_count=309 228 326 9 68 1977 6 1200 593 167 76 219 402 88 236
internal_value=-1.60964e-05 -0.000309429 0.0392596 -0.0345639 -0.00081763 -0.00558018 -0.00500942 -0.0190603 -0.00934941 0.00222473 0.00439987 -0.0261841 0.00363508 0.00241944
internal_weight=658.204 655.876 8.31687 3.07182 647.559 312.893 311.962 106.027 92.3605 205.936 200.631 28.5341 334.666 329.249
internal_count=5904 5676 403 77 5273 2972 2966 1069 476 1897 1821 621 2301 2213
is_linear=0
shrinkage=0.08


Tree=65
num_leaves=15
num_cat=0
split_feature=10 17 15 7 1 8 14 6 18 0 9 1 6 6
split_gain=2.37343 2.2287 1.89032 1.81423 2.223 1.81567 1.62788 5.28264 4.54272 4.59046 9.9232 7.28158 4.67141 9.61257
threshold=0.68500000000000016 1.0000000180025095e-35 1.0000000180025095e-35 0.87500000000000011 25.500000000000004 1.5000000000000002 1.0000000180025095e-35 0.58335000000000015 1.0000000180025095e-35 1.5000000000000002 1.0000000180025095e-35 7.5000000000000009 0.22500000000000003 0.58335000000000015
decision_type=2 2 2 2 2 2 2 2 2 2 2 2 2 2
left_child=2 -2 3 -1 5 6 8 -8 9 10 11 -5 -11 -14
right_child=1 -3 -4 4 -6 -7 7 -9 -10 12 -12 -13 13 -15
leaf_value=0.05654958281147511 0.080759710910028051 -0.081063952201560971 -0.082263306291511185 0.0092705327249398995 -0.088912353415187065 0.081147935108798724 0.0022209632868555556 0.090655224839402651 -0.18117982874413785 0.0076566531333629008 -0.084365635320827886 -0.03690880265207952 -0.12195119269780985 -0.0036545926029652107
leaf_weight=3.5863478048704556 3.8594185844995073 0.63419176498427976 1.8011229883413751 56.358762113377452 1.8152970415540028 1.7487094849348057 330.54215899668634 4.3803331339731804 0.93050280958413978 175.02179982978851 12.588022949174045 35.692685788497329 5.5524418884888318 21.110580359119922
leaf_count=40 555 91 205 309 49 126 1904 203 6 1253 580 167 207 209
internal_value=-1.98898e-05 0.0579212 -0.000419757 -0.000192737 -0.000507875 -0.000258653 -0.000480331 0.00337756 -0.00468562 -0.0041495 -0.0177456 -0.00863537 0.00290455 -0.0282893
internal_weight=655.622 4.49361 651.129 649.328 645.741 643.926 642.177 334.922 307.255 306.324 104.639 92.0514 201.685 26.663
internal_count=5904 646 5258 5053 5013 4964 4838 2107 2731 2725 1056 476 1669 416
is_linear=0
shrinkage=0.08


Tree=66
num_leaves=15
num_cat=0
split_feature=9 16 1 4 15 14 6 1 5 18 0 9 1 4
split_gain=2.2296 1.7615 3.89729 4.83449 1.72735 1.77241 4.58309 4.11385 4.10596 4.43769 4.04246 9.35529 6.35965 4.40829
threshold=0.7250000000000002 1.0000000180025095e-35 15.500000000000002 1.0000000180025095e-35 1.0000000180025095e-35 1.0000000180025095e-35 0.58335000000000015 21.500000000000004 1.0000000180025095e-35 1.0000000180025095e-35 1.5000000000000002 1.0000000180025095e-35 4.5000000000000009 1.0000000180025095e-35
decision_type=2 2 2 2 2 2 2 2 2 2 2 2 2 2
left_child=1 4 -3 -4 5 7 8 10 -7 -10 11 12 -1 -14
right_child=-2 2 3 -5 -6 6 -8 -9 9 -11 -12 -13 13 -15
leaf_value=0.074257725117394258 0.082427367184764025 0.082321986176388709 -0.12573163790020336 0.084973918420314418 -0.082100837957399628 0.0036042083937096671 0.091270441503340752 -0.076663660010477794 0.094907477579776439 -0.10736814001631396 0.0029091015793481635 -0.084043629917678303 -0.016756260010015102 0.083423625435962948
leaf_weight=5.6483095064759246 2.092250855639576 4.755257253535091 1.6361953318119051 1.2139952545985577 1.6658030068501819 323.68245944846421 3.7667078869417301 5.0274072559550396 0.84445586241781612 3.899754211306572 201.07271879049949 11.662925512064247 83.186006918549538 2.909508364275097
leaf_count=37 228 326 9 68 205 1852 199 77 9 48 1827 580 351 88
internal_value=-2.44533e-05 -0.000289457 0.0379857 -0.0359848 -0.000741921 -0.00053072 0.0035276 -0.00488651 0.00252128 -0.0713637 -0.00370136 -0.0165553 -0.00797584 -0.0133708
internal_weight=653.064 650.972 7.60545 2.85019 643.366 641.7 332.193 309.507 328.427 4.74421 304.479 103.407 91.7438 86.0955
internal_count=5904 5676 403 77 5273 5068 2108 2960 1909 57 2883 1056 476 439
is_linear=0
shrinkage=0.08


Tree=67
num_leaves=15
num_cat=0
split_feature=10 17 1 11 17 17 1 8 18 1 1 0 1 1
split_gain=2.07694 2.04449 1.76728 1.79982 3.3928 3.31691 3.87764 2.86013 2.78367 4.82684 5.2168 5.00898 3.60134 4.77781
threshold=0.68500000000000016 1.0000000180025095e-35 3.5000000000000004 1.0000000180025095e-35 1.0000000180025095e-35 1.0000000180025095e-35 12.500000000000002 1.0000000180025095e-35 1.0000000180025095e-35 11.500000000000002 10.500000000000002 2.5000000000000004 9.5000000000000018 7.5000000000000009
decision_type=2 2 2 2 2 2 2 2 2 2 2 2 2 2
left_child=2 -2 -1 4 7 8 -7 -4 -5 10 12 -11 13 -10
right_child=1 -3 3 5 -6 6 -8 -9 9 11 -12 -13 -14 -15
leaf_value=-0.042463443564229209 0.080703318473319019 -0.080973238248671905 -0.004183686619350647 0.0036320364714503418 -0.088537776619706146 0.095430802539722276 -0.014811531686279933 -0.08972855321297811 -0.10306460312279971 -0.067462212803560948 0.051054939194712663 0.039630541299336124 -0.09203542540588551 0.026162172764204114
leaf_weight=6.3245127480477086 3.4459299526642999 0.58565166266635049 161.04311427706853 421.13945863302797 3.2118910413701078 5.1754763871431333 3.3726431876420975 2.5408308021724215 2.322913229465482 15.444954849779608 9.7788380682468414 3.4128131009638301 3.7476295977830896 8.6478464752435684
leaf_count=62 555 91 2454 2361 84 24 15 28 14 79 55 27 15 40
internal_value=-2.4573e-05 0.0572172 -0.00038172 3.42391e-05 -0.00711116 0.00255372 0.0519349 -0.00551239 0.00164496 -0.017657 0.00576309 -0.0480809 -0.0243286 -0.00119989
internal_weight=650.195 4.03158 646.163 639.838 166.796 473.043 8.54812 163.584 464.494 43.355 24.4972 18.8578 14.7184 10.9708
internal_count=5904 646 5258 5196 2566 2630 39 2482 2591 230 124 106 69 54
is_linear=0
shrinkage=0.08


Tree=68
num_leaves=15
num_cat=0
split_feature=9 2 1 0 16 8 12 12 17 18 4 1 1 8
split_gain=2.01488 1.66031 1.66133 5.39445 4.569 4.00847 3.87358 3.19399 2.80447 3.01984 3.86021 3.90683 2.3478 6.28916
threshold=0.7250000000000002 1.0000000180025095e-35 15.500000000000002 2.5000000000000004 1.0000000180025095e-35 1.0000000180025095e-35 1.5000000000000002 2.5000000000000004 1.0000000180025095e-35 1.0000000180025095e-35 1.0000000180025095e-35 22.500000000000004 10.500000000000002 1.0000000180025095e-35
decision_type=2 2 2 2 2 2 2 2 2 2 2 2 2 2
left_child=1 2 3 4 12 7 -5 8 9 -4 11 -11 -1 -14
right_child=-2 -3 5 6 -6 -7 -8 -9 -10 10 -12 -13 13 -15
leaf_value=-0.0046279922132930473 0.082284858725771376 -0.093791405749964224 -0.0098066315155814435 -0.097229173106251163 0.082170562430112074 0.048981151991565934 0.089208356378754933 0.09539036289257366 -0.12106060992363993 -0.10044984646902219 0.097234289486143585 0.071177690664847651 0.0089276810015376327 -0.051688522236783302
leaf_weight=309.48450387851335 1.8978559286333609 1.2125257560983289 69.279960918240249 0.79903756594285269 4.3605857016518703 6.7365042809396973 6.6410905595403165 1.6364302483852942 1.6396664676722128 6.6717339325696212 0.89219293487258244 0.9725926425307988 224.31970251118764 11.516993187367914
leaf_count=2305 228 22 698 9 322 75 178 69 51 124 31 21 1705 66
internal_value=-2.38666e-05 -0.000265617 -8.97857e-05 0.00152234 0.000606493 -0.0103159 0.0691858 -0.0152418 -0.0175203 -0.0153386 -0.0602349 -0.0786136 -4.57226e-05 0.00596751
internal_weight=648.061 646.164 644.951 557.122 549.682 87.8291 7.44013 81.0926 79.4561 77.8165 8.53652 7.64433 545.321 235.837
internal_count=5904 5676 5654 4585 4398 1069 187 994 925 874 176 145 4076 1771
is_linear=0
shrinkage=0.08


Tree=69
num_leaves=15
num_cat=0
split_feature=9 15 2 8 7 1 17 6 10 1 16 8 0 18
split_gain=1.85528 1.5975 1.52259 1.50432 1.49157 1.96254 1.81358 1.50903 1.79424 1.46139 4.1245 3.52296 3.4411 3.22596
threshold=0.7250000000000002 1.0000000180025095e-35 1.0000000180025095e-35 1.5000000000000002 0.87500000000000011 25.500000000000004 1.0000000180025095e-35 0.70835000000000015 0.67500000000000016 15.500000000000002 1.0000000180025095e-35 1.0000000180025095e-35 2.5000000000000004 1.0000000180025095e-35
decision_type=2 2 2 2 2 2 2 2 2 2 2 2 2 2
left_child=1 2 3 4 6 9 7 -1 -9 10 12 13 -6 -11
right_child=-2 -3 -4 -5 5 -7 -8 8 -10 11 -12 -13 -14 -15
leaf_value=0.11025735184898289 0.082111198886604925 -0.081936736919522593 -0.092796837882162461 0.080960278394552651 0.00013405227559535314 -0.089493583494428069 -0.091792076938623554 0.11473141298042064 -0.1087452373147956 -0.0093959328211306575 0.082008377047030054 0.04645063420335354 0.066324762679814409 -0.064027156950468539
leaf_weight=2.1784817855805159 1.7554967775940884 1.5283093829639245 1.1308108456432808 1.4696397213265289 544.12216403079219 1.5770777300931502 0.49009234830737103 0.40787841612473119 0.5270298607647419 67.781725398730487 4.0266095241531721 6.4902328737080088 5.0735749173909417 7.7038644561544052
leaf_count=52 228 205 22 126 3888 48 9 8 11 701 321 72 52 161
internal_value=-1.9299e-05 -0.000243004 -4.88251e-05 0.000114579 -7.09585e-05 -0.000361402 0.0512536 0.0737711 -0.0112476 -0.000140103 0.001337 -0.0101085 0.000745535 -0.0149715
internal_weight=646.263 644.507 642.979 641.848 640.379 636.775 3.60348 3.11339 0.934908 635.198 553.222 81.9758 549.196 75.4856
internal_count=5904 5676 5471 5449 5323 5243 80 71 19 5195 4261 934 3940 862
is_linear=0
shrinkage=0.08


Tree=70
num_leaves=15
num_cat=0
split_feature=10 17 10 10 6 1 17 11 14 5 6 6 1 1
split_gain=1.79583 1.78248 1.66015 2.97561 2.78736 2.26397 1.75173 1.72288 1.80553 1.69525 2.33876 5.87453 4.66828 4.14509
threshold=0.68500000000000016 1.0000000180025095e-35 0.67500000000000016 0.52500000000000013 1.3666500000000001 12.500000000000002 1.0000000180025095e-35 1.0000000180025095e-35 1.0000000180025095e-35 1.5000000000000002 0.70835000000000015 0.36665000000000009 15.500000000000002 9.5000000000000018
decision_type=2 2 2 2 2 2 2 2 2 2 2 2 2 2
left_child=2 -2 3 9 5 -4 -5 8 -7 10 11 -1 13 -13
right_child=1 -3 4 6 -6 7 -8 -9 -10 -11 -12 12 -14 -15
leaf_value=0.00030902928297726131 0.080630057728053817 -0.080786405962103916 0.035312015012934274 0.091071162581274762 0.11943680362105631 -0.076905671708243778 -0.084692871362358077 0.090611381728334509 0.10135244629259205 -0.068115606712687071 0.030222040463642331 0.029653957615234643 0.067142033681379998 -0.10710226358516403
leaf_weight=596.97563750529662 2.9972997927106912 0.51273061637766648 1.9846353251486988 3.2953176838345821 0.73690995480865318 7.5873698154464346 0.40781084075570095 0.46157147362828244 0.38195952773094166 2.3440226903185239 16.015721639618278 1.7515905029140393 1.5951541624963272 7.4584675296209753
leaf_count=4362 555 91 25 81 7 200 8 10 3 21 414 16 30 81
internal_value=-1.54979e-05 0.057051 -0.000327988 0.000213768 -0.0309242 -0.0415623 0.071715 -0.0596586 -0.068362 -0.000209105 4.60655e-05 -0.000749106 -0.0592099 -0.0810936
internal_weight=644.506 3.51003 640.996 629.844 11.1524 10.4155 3.70313 8.4309 7.96933 626.141 623.797 607.781 10.8052 9.21006
internal_count=5904 646 5258 5013 245 238 89 213 203 4924 4903 4489 127 97
is_linear=0
shrinkage=0.08


Tree=71
num_leaves=15
num_cat=0
split_feature=10 17 1 11 18 14 17 10 10 0 17 1 4 1
split_gain=1.65591 1.64436 1.50151 1.60723 3.12102 10.4902 3.13145 3.09359 3.45745 4.75203 2.94189 3.28782 2.71465 3.85709
threshold=0.68500000000000016 1.0000000180025095e-35 3.5000000000000004 1.0000000180025095e-35 1.0000000180025095e-35 1.0000000180025095e-35 1.0000000180025095e-35 0.67500000000000016 1.0000000180025095e-35 1.5000000000000002 1.0000000180025095e-35 12.500000000000002 1.0000000180025095e-35 13.500000000000002
decision_type=2 2 2 2 2 2 2 2 2 2 2 2 2 2
left_child=2 -2 -1 4 5 6 7 8 9 -4 -5 -12 13 -6
right_child=1 -3 3 10 12 -7 -8 -9 -10 -11 11 -13 -14 -15
leaf_value=-0.039350667727888478 0.080581468036939899 -0.080726339678139622 -0.080962507062945319 0.0016076193274721351 0.016078436994316211 -0.076430613704701195 -0.08754879551487578 -0.046250241214481076 0.087956758759040174 0.0031261946474259394 0.090049977743136278 -0.011890076537070493 0.091590609369874718 -0.082174610159118006
leaf_weight=6.2409487431868902 2.7684571947902437 0.47364791459403921 4.507454684469848 461.14080079458654 30.543962709605694 14.592115562874822 2.8249207818880668 9.3630378535017353 2.8965395181439808 93.969677240587771 5.0625895410776121 3.3746113926172256 2.6766632311046115 2.7907393835484973
leaf_count=62 555 91 442 2591 164 497 78 219 82 841 24 15 122 121
internal_value=-1.36011e-05 0.0570156 -0.000302506 8.20307e-05 -0.00673172 -0.012579 -0.00437435 -0.00225255 0.00181115 -0.000722679 0.00246413 0.0492772 0.0140769 0.00785282
internal_weight=643.226 3.24211 639.984 633.743 164.165 128.154 113.562 110.737 101.374 98.4771 469.578 8.4372 36.0114 33.3347
internal_count=5904 646 5258 5196 2566 2159 1662 1584 1365 1283 2630 39 407 285
is_linear=0
shrinkage=0.08


Tree=72
num_leaves=15
num_cat=0
split_feature=9 15 8 14 6 18 0 9 1 1 1 1 5 1
split_gain=1.61217 1.4116 1.38973 1.3894 4.4513 4.11465 3.41429 8.39319 6.22207 4.36058 5.59038 3.73434 3.3757 3.71774
threshold=0.7250000000000002 1.0000000180025095e-35 1.5000000000000002 1.0000000180025095e-35 0.58335000000000015 1.0000000180025095e-35 1.5000000000000002 1.0000000180025095e-35 7.5000000000000009 6.5000000000000009 4.5000000000000009 21.500000000000004 1.0000000180025095e-35 10.500000000000002
decision_type=2 2 2 2 2 2 2 2 2 2 2 2 2 2
left_child=1 2 3 5 12 6 7 8 9 10 -1 -8 -5 -14
right_child=-2 -3 -4 4 -6 -7 11 -9 -10 -11 -12 -13 13 -15
leaf_value=0.06994476827853735 0.082077356480571365 -0.081747799160786394 0.080883909661879333 0.0032954917633604927 0.087543918014799937 -0.17667000073780587 0.0040416467761422411 -0.083862767405777083 -0.034168200554250308 0.046093499863214718 -0.016239923812721505 -0.067455142399117526 0.093741900897090003 -0.10398802143011197
leaf_weight=5.5687111616134635 1.527320833178236 1.3560665962286282 1.3553069075569499 321.60937992436811 3.9745408482849589 0.88158108294010062 199.65640965336934 10.346544514875857 35.236523797735572 14.738567419350145 35.675135336816311 4.7875306678470215 0.73922775685787101 3.4433156326413155
leaf_count=37 228 205 126 1872 305 6 1971 581 167 90 182 80 6 48
internal_value=-1.67748e-05 -0.000212881 -3.95821e-05 -0.000211851 0.00339343 -0.00408587 -0.00358868 -0.0155778 -0.00783254 0.00874369 -0.00460334 0.00236738 0.00236683 -0.069041
internal_weight=640.896 639.369 638.013 636.657 329.766 306.891 306.009 101.565 91.2189 55.9824 41.2438 204.444 325.792 4.18254
internal_count=5904 5676 5471 5345 2231 3114 3108 1057 476 309 219 2051 1926 54
is_linear=0
shrinkage=0.08


Tree=73
num_leaves=15
num_cat=0
split_feature=7 1 17 11 1 14 1 18 14 17 17 1 10 1
split_gain=1.65854 1.60828 1.56225 1.44992 3.12705 4.77725 3.14079 2.80115 9.46263 2.8163 2.69253 2.94713 2.48341 2.69752
threshold=0.87500000000000011 25.500000000000004 1.0000000180025095e-35 1.0000000180025095e-35 20.500000000000004 1.0000000180025095e-35 21.500000000000004 1.0000000180025095e-35 1.0000000180025095e-35 1.0000000180025095e-35 1.0000000180025095e-35 12.500000000000002 0.52500000000000013 17.500000000000004
decision_type=2 2 2 2 2 2 2 2 2 2 2 2 2 2
left_child=2 3 -1 7 10 6 -6 8 9 -2 12 -12 13 -5
right_child=1 -3 -4 4 5 -7 -8 -9 -10 -11 11 -13 -14 -15
leaf_value=0.075004496286945915 -0.0025347940686305556 -0.085806308172415968 -0.090193487892170701 0.0011418264480423041 0.048811386539258303 0.10891123237477297 -0.08605693344880351 0.013216523652319416 -0.074523361460586315 -0.085387938021459955 0.085783152346808958 -0.01118994911406815 0.084560522554642858 -0.032272897076933982
leaf_weight=3.0504536734661083 108.64722557971254 1.4053772733313952 0.41637956257909525 437.88992294622585 2.6020939187146706 4.3567598856752738 1.9208779704058541 35.260574139887467 13.90880321676377 2.6907043955288819 4.9291689097881299 3.3818793743848801 2.2316774367354801 16.028048110660166
leaf_count=98 1725 52 9 2421 24 24 32 456 520 166 24 15 245 93
internal_value=-1.93663e-05 -0.000320522 0.0551636 -0.000130982 0.00209709 0.0491239 -0.00846635 -0.00670163 -0.0123092 -0.00453711 0.00119802 0.0463235 0.00037583 -3.80625e-05
internal_weight=638.72 635.253 3.46683 633.848 473.34 8.87973 4.52297 160.507 125.247 111.338 464.461 8.31105 456.15 453.918
internal_count=5904 5797 107 5745 2878 80 56 2867 2411 1891 2798 39 2759 2514
is_linear=0
shrinkage=0.08


Tree=74
num_leaves=15
num_cat=0
split_feature=1 10 6 1 6 1 12 18 18 1 8 0 0 11
split_gain=1.49383 5.29095 5.29221 4.76435 7.94034 6.97773 6.33367 5.76899 4.79818 4.11002 16.0548 8.71428 6.99929 5.60222
threshold=10.500000000000002 1.0000000180025095e-35 0.36665000000000009 11.500000000000002 0.36665000000000009 12.500000000000002 1.5000000000000002 1.0000000180025095e-35 1.0000000180025095e-35 13.500000000000002 1.0000000180025095e-35 1.5000000000000002 2.5000000000000004 1.0000000180025095e-35
decision_type=2 2 2 2 2 2 2 2 2 2 2 2 2 2
left_child=1 2 -1 4 6 7 8 -5 -2 10 11 -7 -12 -13
right_child=3 -3 -4 5 -6 9 -8 -9 -10 -11 12 13 -14 -15
leaf_value=-0.0044870878791900192 -0.0038136878183701109 0.068365476168754338 -0.11298002721195242 -0.02030877031762569 -0.087625523076417022 -0.12364942445299218 0.051705219479602035 -0.10549602574705207 0.052864457908058285 -0.0044107835986935138 -0.23747390466294377 0.012140773855226852 0.084709618107215445 0.062214216787316617
leaf_weight=299.56286915449891 46.290008334908634 6.3311704793013623 2.9053976496215901 30.097499328199774 4.2889420492574564 2.302352014463394 33.094177699647844 6.1228363811969748 12.047108471393583 133.75435983843636 2.1189083307981487 31.228209007531404 0.54191545955836762 26.378591564716771
leaf_count=2047 384 325 49 279 89 15 253 34 52 1839 12 302 30 194
internal_value=-2.00612e-05 -0.0040142 -0.00552923 0.00373723 0.0187593 -0.00244618 0.0237497 -0.0347092 0.00789083 0.0035061 0.0204298 0.0289701 -0.171857 0.0350698
internal_weight=637.064 308.799 302.468 328.265 95.7202 232.545 91.4313 36.2203 58.3371 196.324 62.57 59.9092 2.66082 57.6068
internal_count=5904 2421 2096 3483 778 2705 689 313 436 2392 553 511 42 496
is_linear=0
shrinkage=0.08


Tree=75
num_leaves=15
num_cat=0
split_feature=7 1 17 10 11 1 1 14 1 6 18 4 1 1
split_gain=1.48028 1.45992 1.38211 1.37805 1.38093 2.89184 2.70804 4.21072 2.786 2.41986 2.25887 4.41904 5.40737 5.17348
threshold=0.87500000000000011 25.500000000000004 1.0000000180025095e-35 0.68500000000000016 1.0000000180025095e-35 16.500000000000004 20.500000000000004 1.0000000180025095e-35 21.500000000000004 0.58335000000000015 1.0000000180025095e-35 1.0000000180025095e-35 11.500000000000002 8.5000000000000018
decision_type=2 2 2 2 2 2 2 2 2 2 2 2 2 2
left_child=2 3 -1 4 5 -2 10 8 -8 -7 -6 12 13 -12
right_child=1 -3 -4 -5 6 9 7 -9 -10 -11 11 -13 -14 -15
leaf_value=0.071743397072232637 -0.0040515811087697322 -0.084735226146176165 -0.089329768218648437 0.060283265733598393 0.002719770994808645 -0.083446990284036834 0.045153525378010005 0.10286442753065808 -0.08355044674188436 -0.0028072470241042543 -0.12099898560921199 0.1028897577812309 -0.059505416212774415 0.013355860897737193
leaf_weight=2.9510043857153501 147.64778166206088 1.307642729487269 0.38547294167801727 2.4081984313670537 421.48006647406146 5.58551900484599 2.5791864674538356 4.2589044570922852 1.8474135659635065 4.1519879046827555 2.0094715654850033 1.8736782819032658 15.471096802502869 21.033939003944397
leaf_count=98 2163 52 9 577 2370 303 17 21 14 56 9 21 88 106
internal_value=-1.23294e-05 -0.000293056 0.0531341 -0.000117882 -0.000349525 -0.00683645 0.00182015 0.0460764 -0.00856026 -0.0490629 0.0009879 -0.0170854 -0.0229221 0.00163962
internal_weight=634.991 631.655 3.33648 630.347 627.939 157.385 470.554 8.6855 4.4266 9.73751 461.868 40.3882 38.5145 23.0434
internal_count=5904 5797 107 5745 5168 2522 2646 52 31 359 2594 224 203 115
is_linear=0
shrinkage=0.08


Tree=76
num_leaves=15
num_cat=0
split_feature=16 1 4 13 1 6 1 1 1 8 1 1 8 1
split_gain=1.49407 2.62479 4.13398 1.55974 8.76985 4.77421 4.21712 6.08998 6.72675 6.00205 6.33282 3.45725 11.0358 8.03922
threshold=1.0000000180025095e-35 15.500000000000002 1.0000000180025095e-35 1.0000000180025095e-35 5.5000000000000009 0.22500000000000003 11.500000000000002 18.500000000000004 22.500000000000004 1.0000000180025095e-35 10.500000000000002 11.500000000000002 1.0000000180025095e-35 12.500000000000002
decision_type=2 2 2 2 2 2 2 2 2 2 2 2 2 2
left_child=3 -2 -3 11 -5 6 9 -8 -9 -6 -11 12 -1 -13
right_child=1 2 -4 4 5 -7 7 8 -10 10 -12 13 -14 -15
leaf_value=0.0034236210217915685 0.082009664749164879 -0.1158344925048263 0.084263604352004404 -0.066430266256548506 -0.0013239132103684695 -0.05246432517168536 0.030816788165342578 -0.12793493412080481 0.08089138817890841 -0.1078796292824525 0.10371677851169617 -0.047598597251760022 0.072114519815301828 0.00026635515784828394
leaf_weight=286.30171857762616 3.7098744467366478 1.4119621664285662 1.2420653821900485 14.575301726814358 73.864952797302976 10.754773322376421 44.075236117234454 3.278845999389886 1.4125134085770694 6.2595987059175959 1.0582759380340574 26.648883643792942 15.79448076803237 142.77966708084568
leaf_count=1893 329 9 133 190 735 279 309 29 26 34 6 214 129 1589
internal_value=-1.36212e-05 0.0385538 -0.0221901 -0.000405194 -0.00735936 -0.00124031 0.00299905 0.0215934 -0.0650598 -0.00817061 -0.0772796 0.00188491 0.00701498 -0.00726217
internal_weight=633.168 6.3639 2.65403 626.804 155.279 140.704 129.949 48.7666 4.69136 81.1828 7.31787 471.525 302.096 169.429
internal_count=5904 471 142 5433 1608 1418 1139 364 55 775 40 3825 2022 1803
is_linear=0
shrinkage=0.08


Tree=77
num_leaves=15
num_cat=0
split_feature=6 6 9 1 1 1 13 12 14 4 12 17 10 1
split_gain=1.45469 7.19621 2.9747 4.22883 2.44786 2.58214 2.37937 4.65043 2.95152 5.02567 2.05236 2.03178 2.00378 1.9592
threshold=0.58335000000000015 0.36665000000000009 1.0000000180025095e-35 10.500000000000002 8.5000000000000018 16.500000000000004 1.0000000180025095e-35 2.5000000000000004 1.0000000180025095e-35 1.0000000180025095e-35 2.5000000000000004 1.0000000180025095e-35 0.67500000000000016 10.500000000000002
decision_type=2 2 2 2 2 2 2 2 2 2 2 2 2 2
left_child=1 13 -2 -4 -3 6 8 -8 10 -10 -6 -5 -7 -1
right_child=2 4 3 11 5 12 7 -9 9 -11 -12 -13 -14 -15
leaf_value=-0.0042368862845826192 0.077866504033847248 0.080342049297758719 -0.080752042748912414 0.023686773357512219 -0.094573032102078153 0.10625136951733706 -0.099619702665351778 -0.37932643007113881 -0.081287374513599908 0.11140443943110176 -0.27118564676194473 -0.083076403691401776 -0.071340917471203288 0.0049898046470226564
leaf_weight=298.75459203647915 4.3891296745277968 0.69579526036977668 3.1189173876773593 22.640304181841206 1.2954121250659207 0.81686436897143611 1.5982055542990568 0.49926383793354023 3.5470403283834457 1.1461785547435281 0.62392607331275929 1.2013447147328395 0.80962384073063731 290.5109105668962
leaf_count=2047 275 7 93 735 45 7 58 3 55 8 3 107 106 2355
internal_value=-9.22901e-06 -0.000886575 0.0167906 0.00684753 -0.0649014 -0.0746784 -0.091957 -0.166199 -0.0684079 -0.0342282 -0.151985 0.0183071 0.0178505 0.00031192
internal_weight=631.648 600.298 31.3497 26.9606 11.0323 10.3365 8.71003 2.09747 6.61256 4.69322 1.91934 23.8416 1.62649 589.266
internal_count=5904 4694 1210 935 292 285 172 61 111 63 48 842 113 4402
is_linear=0
shrinkage=0.08


Tree=78
num_leaves=15
num_cat=0
split_feature=9 1 2 1 12 6 5 12 1 14 4 1 1 0
split_gain=1.39391 1.30118 1.29774 1.24159 2.45158 2.28758 2.93375 2.17312 3.40163 2.89712 2.69097 2.57281 2.47194 1.92517
threshold=0.7250000000000002 3.5000000000000004 1.0000000180025095e-35 16.500000000000004 2.5000000000000004 1.1250000000000002 1.5000000000000002 1.5000000000000002 19.500000000000004 1.0000000180025095e-35 1.0000000180025095e-35 21.500000000000004 20.500000000000004 2.5000000000000004
decision_type=2 2 2 2 2 2 2 2 2 2 2 2 2 2
left_child=1 -1 3 13 5 6 7 10 -9 11 -5 -10 -11 -3
right_child=-2 2 -4 4 -6 -7 -8 8 9 12 -12 -13 -14 -15
leaf_value=-0.037099899239427046 0.081884861740323681 0.00071326754045126129 -0.091621779529542632 -0.085693453398327971 0.093223491848721612 0.09160418449885302 -0.14375100545508696 -0.027825664466929693 0.026913629121460995 0.010599490999890751 0.032422077857612898 -0.070807712960144598 0.097933944558560956 0.035027583356382223
leaf_weight=6.0500481519848099 1.3275023681344453 564.44682049774565 0.98395671229809423 5.0576225854456416 1.372199319070204 1.2463407239411015 1.1616429267451156 21.476978107355535 3.8894127029925558 4.2220367267727852 1.6330444363411514 3.0974744434934109 4.0772008495405316 10.66167772375047
leaf_count=62 228 4649 22 237 55 17 8 247 60 19 18 30 24 228
internal_value=-5.41633e-06 -0.000178142 0.000180223 0.000325367 -0.0121431 -0.0152957 -0.0182819 -0.0149278 -0.00729564 0.021549 -0.0568641 -0.0164089 0.0535047 0.00134941
internal_weight=630.704 629.376 623.326 622.342 47.234 45.8618 44.6154 43.4538 36.7631 15.2861 6.69067 6.98689 8.29924 575.108
internal_count=5904 5676 5614 5592 715 660 643 635 380 133 255 90 43 4877
is_linear=0
shrinkage=0.08


Tree=79
num_leaves=15
num_cat=0
split_feature=16 1 4 13 1 1 1 8 6 12 1 0 14 1
split_gain=1.35728 2.40846 3.61787 1.26416 7.59208 3.97863 6.00462 6.9113 6.73438 7.53409 11.2567 8.1596 7.84587 5.7148
threshold=1.0000000180025095e-35 15.500000000000002 1.0000000180025095e-35 1.0000000180025095e-35 5.5000000000000009 18.500000000000004 14.500000000000002 1.0000000180025095e-35 0.29165000000000002 1.5000000000000002 8.5000000000000018 1.5000000000000002 1.0000000180025095e-35 15.500000000000002
decision_type=2 2 2 2 2 2 2 2 2 2 2 2 2 2
left_child=3 -2 -3 -1 -5 6 7 8 9 10 -6 -11 -12 -8
right_child=1 2 -4 4 5 -7 13 -9 -10 11 12 -13 -14 -15
leaf_value=0.001699061323941148 0.081876964871395563 -0.11296485797600798 0.084008148656229353 -0.062566361668270537 0.015565151784231585 -0.065695153421128125 0.096536831026163256 -0.075596490381790421 -0.087342878425066342 -0.087395405101940785 -0.028629901339195914 0.047745843616691798 -0.13432082458694722 0.012812514149842018
leaf_weight=469.6371589313494 3.3969525544671333 1.3031720593571665 1.1009825869696213 14.117414657492189 36.914033629698679 5.8325627410085863 7.2905052466085207 8.5193965462967736 5.410098332213237 3.1577602066099635 18.306373544968668 30.261561028659344 5.9582218111027023 18.35157119424548
leaf_count=3825 329 9 133 190 289 103 77 61 115 51 325 142 60 195
internal_value=-5.86346e-06 0.0385118 -0.0227611 -0.000364088 -0.00665097 -0.00101262 0.00179923 -0.00642723 -0.000534896 0.00442969 -0.0122567 0.0349765 -0.0545825 0.0366168
internal_weight=629.558 5.80111 2.40415 623.757 154.119 140.002 134.17 108.527 100.008 94.598 61.1786 33.4193 24.2646 25.6421
internal_count=5904 471 142 5433 1608 1418 1315 1043 982 867 674 193 385 272
is_linear=0
shrinkage=0.08


Tree=80
num_leaves=15
num_cat=0
split_feature=10 17 15 10 10 6 1 1 1 6 14 7 5 6
split_gain=1.31799 1.27095 1.25692 1.24051 2.55073 2.32096 2.32879 1.57127 2.45568 1.50145 1.38339 1.28329 2.03832 2.30599
threshold=0.68500000000000016 1.0000000180025095e-35 1.0000000180025095e-35 0.67500000000000016 0.52500000000000013 1.3666500000000001 12.500000000000002 14.500000000000002 15.500000000000002 0.58335000000000015 1.0000000180025095e-35 0.87500000000000011 1.5000000000000002 0.70835000000000015
decision_type=2 2 2 2 2 2 2 2 2 2 2 2 2 2
left_child=2 -2 3 4 11 6 -5 -8 9 -9 -10 -1 13 -13
right_child=1 -3 -4 5 -6 -7 7 8 10 -11 -12 12 -14 -15
leaf_value=0.079081823149045188 0.080510982852591242 -0.080566229101536518 -0.081794353011026555 0.042918656387149062 0.074405097234380879 0.11563048510144479 -0.11326382705691773 -0.080985009452828272 -0.079564915929428909 0.11210873541135172 0.096413504731228741 -0.00065268547342539271 -0.084156352909913509 0.032469083351751131
leaf_weight=1.310875009279697 2.1840269858948882 0.36604504100978363 1.2071595066227008 1.817601631395515 2.9641096761915824 0.67157027311623174 2.289256801828742 0.35138779319822766 3.603760127909482 0.96686497330665588 0.31053015962243069 593.67006113147363 1.8432482928037632 13.764669125899671
leaf_count=21 555 91 205 25 89 7 39 30 136 5 3 4286 17 395
internal_value=-6.91616e-06 0.0573895 -0.000241186 -8.33068e-05 0.000372481 -0.0280176 -0.038347 -0.0579844 -0.0337994 0.0606385 -0.0656041 1.30885e-05 -0.00015703 9.78646e-05
internal_weight=627.321 2.55007 624.771 623.564 613.553 10.011 9.3394 7.5218 5.23254 1.31825 3.91429 610.589 609.278 607.435
internal_count=5904 646 5258 5053 4808 245 238 213 174 35 139 4719 4698 4681
is_linear=0
shrinkage=0.08


Tree=81
num_leaves=15
num_cat=0
split_feature=9 8 2 15 6 5 1 10 14 18 6 0 9 1
split_gain=1.22493 1.19406 1.17231 1.16 1.12876 2.9862 1.57308 1.5614 1.08037 3.77111 3.28439 2.71714 7.04968 5.39284
threshold=0.7250000000000002 1.5000000000000002 1.0000000180025095e-35 1.0000000180025095e-35 1.1250000000000002 1.5000000000000002 12.500000000000002 1.0000000180025095e-35 1.0000000180025095e-35 1.0000000180025095e-35 0.58335000000000015 1.5000000000000002 1.0000000180025095e-35 7.5000000000000009
decision_type=2 2 2 2 2 2 2 2 2 2 2 2 2 2
left_child=1 2 3 4 5 8 7 -6 9 11 -10 12 13 -1
right_child=-2 -3 -4 -5 6 -7 -8 -9 10 -11 -12 -13 -14 -15
leaf_value=0.00832765812514886 0.081678325991104125 0.080763191147063859 -0.090797646098737431 -0.081664417528581515 -0.082081309491494406 -0.13205620077472252 0.087440479541362068 0.077950070757591111 0.0023676262097769092 -0.17056300074750108 0.087693271175945428 0.0023710585007018547 -0.082908889513983453 -0.031975278076816764
leaf_weight=54.896468410268426 1.1727308150148008 1.1648161662742484 0.91497204918414254 1.1160498727112997 0.95342242717742853 1.0989432684145857 2.196377755026333 0.66052256536204368 319.1866595876636 0.86285072565078635 2.9135483334539449 195.97871662129182 8.6479702426586282 34.666214443743229
leaf_count=298 228 126 22 205 13 8 75 50 1911 6 273 1950 574 165
internal_value=-6.02588e-06 -0.000159233 -0.000310268 -0.000177411 -3.12138e-05 -0.000298744 0.0433774 -0.0165869 -6.41277e-05 -0.00356137 0.00313944 -0.00307156 -0.0139323 -0.00727203
internal_weight=626.43 625.258 624.093 623.178 622.062 618.251 3.81032 1.61394 617.152 295.052 322.1 294.189 98.2107 89.5627
internal_count=5904 5676 5550 5528 5323 5185 138 63 5177 2993 2184 2987 1037 463
is_linear=0
shrinkage=0.08


Tree=82
num_leaves=15
num_cat=0
split_feature=10 17 10 10 6 1 1 1 6 17 14 11 1 8
split_gain=1.15185 1.18002 1.1704 2.21434 1.93825 2.03631 1.35663 2.17523 1.27811 1.17632 1.14735 1.15741 1.12755 1.09572
threshold=0.68500000000000016 1.0000000180025095e-35 0.67500000000000016 0.52500000000000013 1.3666500000000001 12.500000000000002 14.500000000000002 15.500000000000002 0.58335000000000015 1.0000000180025095e-35 1.0000000180025095e-35 1.0000000180025095e-35 25.500000000000004 1.5000000000000002
decision_type=2 2 2 2 2 2 2 2 2 2 2 2 2 2
left_child=2 -2 3 12 5 -4 -7 8 -8 -5 11 -9 13 -1
right_child=1 -3 4 9 -6 6 7 10 -10 -11 -12 -13 -14 -15
leaf_value=-9.6653349849363696e-05 0.080467007263679474 -0.08052370704271096 0.038774092048167869 0.089113964588906677 0.11008339382943355 -0.10833424319001463 -0.08091058240729726 -0.089361510095699148 0.10233465783675992 -0.083157926397047374 0.093851149959372368 0.087758122096042709 -0.078284742335160987 0.080703991175360978
leaf_weight=607.72575508768205 1.957539904804434 0.34234537766315032 1.8111306475475393 2.4894701256416734 0.61112425941974002 2.209219928830862 0.32541976310312726 3.2257495892699817 0.96891704574227333 0.28245733864605416 0.27323491498827923 0.25476952549070109 1.1783880470320571 1.076017606537788
leaf_count=4747 555 91 25 81 7 39 30 127 5 8 3 9 51 126
internal_value=-8.17667e-06 0.056503 -0.000216986 0.000219026 -0.0278181 -0.0371113 -0.0560492 -0.0331675 0.0562635 0.0715596 -0.0640043 -0.0763966 -0.000105167 4.61565e-05
internal_weight=624.732 2.29989 622.432 612.752 9.67957 9.06844 7.25731 5.04809 1.29434 2.77193 3.75375 3.48052 609.98 608.802
internal_count=5904 646 5258 5013 245 238 213 174 35 89 139 136 4924 4873
is_linear=0
shrinkage=0.08


Tree=83
num_leaves=15
num_cat=0
split_feature=9 2 1 1 0 12 16 8 18 17 1 4 1 14
split_gain=1.09898 1.07359 1.07512 1.09295 3.82795 3.33853 3.07787 2.99171 3.13938 2.75924 2.55119 2.84051 2.09671 9.99081
threshold=0.7250000000000002 1.0000000180025095e-35 3.5000000000000004 15.500000000000002 2.5000000000000004 1.5000000000000002 1.0000000180025095e-35 1.0000000180025095e-35 1.0000000180025095e-35 1.0000000180025095e-35 22.500000000000004 1.0000000180025095e-35 17.500000000000004 1.0000000180025095e-35
decision_type=2 2 2 2 2 2 2 2 2 2 2 2 2 2
left_child=1 2 -1 4 6 -6 -4 8 9 -5 11 -10 -9 -14
right_child=-2 -3 3 7 5 -7 -8 12 10 -11 -12 -13 13 -15
leaf_value=-0.03402737116000739 0.081592850380719825 -0.090011580029638938 0.00043307693440808786 -0.0052074581728878168 -0.094810144901375279 0.087568622860939985 0.081689436748070443 0.084155881007248148 -0.097982261002648785 -0.1220461416131981 0.067239998975786933 0.090895574150992323 0.081310590403266367 -0.28120597931174529
leaf_weight=5.8940791320055714 1.0545199805055734 0.84962780773639579 526.19943309109658 66.296496510622092 0.73193524358793993 5.2496855471981689 3.0004400636535129 3.6318965801037839 5.6883067144080988 1.3193294723751012 0.84248978924006213 0.55972372239921231 1.9279533214867117 0.65078119933605183
leaf_count=62 228 22 4015 767 9 178 321 42 124 51 21 31 24 9
internal_value=-7.00636e-06 -0.000145161 -2.24057e-05 0.000302912 0.0016131 0.065252 0.000893782 -0.00836262 -0.0127979 -0.00748723 -0.0634407 -0.0810618 0.0449882 -0.0101757
internal_weight=623.897 622.842 621.993 616.098 535.181 5.98162 529.2 80.917 74.7063 67.6158 7.09052 6.24803 6.21063 2.57873
internal_count=5904 5676 5654 5592 4523 187 4336 1069 994 818 176 155 75 33
is_linear=0
shrinkage=0.08


Tree=84
num_leaves=15
num_cat=0
split_feature=15 10 10 10 6 1 11 1 1 7 5 6 6 14
split_gain=1.06834 1.04622 1.08446 2.02383 1.74546 1.78312 1.25273 1.31806 2.22742 1.1167 1.54518 1.90273 5.07495 2.18966
threshold=1.0000000180025095e-35 0.68500000000000016 0.67500000000000016 0.52500000000000013 1.3666500000000001 12.500000000000002 1.0000000180025095e-35 14.500000000000002 15.500000000000002 0.87500000000000011 1.5000000000000002 0.70835000000000015 0.36665000000000009 1.0000000180025095e-35
decision_type=2 2 2 2 2 2 2 2 2 2 2 2 2 2
left_child=1 2 3 9 5 -4 7 -7 -9 -1 11 12 -11 -14
right_child=-2 -3 4 -5 -6 6 -8 8 -10 10 -12 -13 13 -15
leaf_value=0.076307684932212586 -0.081532895126421007 0.056724440841103924 0.034938349765759151 0.071474629965969413 0.10750111828757188 -0.11673248971647672 0.090053782701208826 0.051649446629037643 -0.073339326402834207 0.0003781404094105306 -0.074893280273013063 0.030056997990333418 -0.11637680243056864 -0.032676254800446357
leaf_weight=1.2267500946763892 1.0268970635952417 2.0837388486252157 1.7959298724308572 2.550152991898357 0.57764835748821575 1.997071325778961 0.36345869302749623 1.260875144973397 3.3028198438696563 582.00601380341686 1.7625211365520943 13.289727563271297 2.9502610459458065 6.2124934606254101
leaf_count=21 205 646 25 89 7 38 10 35 130 4171 17 395 42 73
internal_value=-1.78437e-06 0.000132955 -5.74582e-05 0.000355849 -0.0271732 -0.0360944 -0.0545181 -0.0625272 -0.0388069 5.7282e-05 -9.70185e-05 0.000121078 -0.000551895 -0.0596265
internal_weight=622.406 621.379 619.296 609.998 9.2978 8.72015 6.92423 6.56077 4.56369 607.448 606.221 604.458 591.169 9.16275
internal_count=5904 5699 5053 4808 245 238 213 203 165 4719 4698 4681 4286 115
is_linear=0
shrinkage=0.08


Tree=85
num_leaves=15
num_cat=0
split_feature=9 2 15 14 18 6 1 1 5 1 1 1 12 8
split_gain=1.0215 0.984928 0.984303 0.984498 3.22031 3.04445 2.64042 5.25867 2.88178 3.64302 7.57685 6.12856 8.21106 8.52732
threshold=0.7250000000000002 1.0000000180025095e-35 1.0000000180025095e-35 1.0000000180025095e-35 1.0000000180025095e-35 0.58335000000000015 4.5000000000000009 8.5000000000000018 1.0000000180025095e-35 10.500000000000002 11.500000000000002 12.500000000000002 1.5000000000000002 1.0000000180025095e-35
decision_type=2 2 2 2 2 2 2 2 2 2 2 2 2 2
left_child=1 2 3 4 -1 6 -5 -8 9 -9 -11 12 -12 -14
right_child=-2 -3 -4 5 -6 -7 7 8 -10 10 11 -13 13 -15
leaf_value=-0.0027659165279338279 0.081544100726499216 -0.089260628594109437 -0.081420999687089282 -0.022235179041533937 -0.1589713017506465 0.086411318169951748 0.02163998944417421 -0.018012480038682149 -0.07605967947135138 0.043279809226725301 -0.12574293313919854 0.0050322078414517845 0.0081298466570125846 -0.20156946902418088
leaf_weight=296.46889810007997 0.98157071124296535 0.79247989458963175 0.9491954471450289 25.517792237922549 0.84708182886242767 2.7879449224565169 83.04159560892731 57.742813464254141 3.3217718461528412 27.856025328859687 5.5861750580370435 101.2153294889722 13.169958642683921 1.3701980710029609
leaf_count=3164 228 22 205 126 6 305 372 301 54 200 45 798 66 12
internal_value=-2.34905e-06 -0.000131313 -1.73653e-05 0.000107477 -0.00321096 0.00317525 0.00244739 0.0045948 -0.00213708 -0.000950484 0.00565289 -0.00298501 -0.0433036 -0.0116313
internal_weight=621.649 620.667 619.875 618.926 297.316 321.61 318.822 293.304 210.262 206.941 149.198 121.342 20.1263 14.5402
internal_count=5904 5676 5654 5449 3170 2279 1974 1848 1476 1422 1121 921 123 78
is_linear=0
shrinkage=0.08


Tree=86
num_leaves=15
num_cat=0
split_feature=9 8 1 13 1 12 8 1 12 1 1 14 16 1
split_gain=0.941428 0.93873 0.920843 3.56208 5.29992 5.60408 4.03647 5.71287 5.01107 8.79303 8.18174 4.65369 3.78782 3.78328
threshold=0.7250000000000002 1.5000000000000002 13.500000000000002 1.0000000180025095e-35 5.5000000000000009 2.5000000000000004 1.0000000180025095e-35 10.500000000000002 1.5000000000000002 8.5000000000000018 9.5000000000000018 1.0000000180025095e-35 1.0000000180025095e-35 10.500000000000002
decision_type=2 2 2 2 2 2 2 2 2 2 2 2 2 2
left_child=1 2 3 -1 -5 6 8 -8 9 -6 -10 -11 -13 -12
right_child=-2 -3 -4 4 5 -7 7 -9 10 11 13 12 -14 -15
leaf_value=0.0050316828754262445 0.081426191186061189 0.080606460395648852 -0.0063496138356615803 -0.057622584083375381 0.013687570054285782 -0.22974816417984756 -0.087792820721825524 0.09920072125005637 -0.05874514054722859 -0.027850364184926261 0.10652054755550787 -0.12802952007720256 0.081749287278602659 0.031563109359500609
leaf_weight=379.43871966248844 0.90736284659942512 0.92050815280526777 125.81772200309206 13.789367105811833 36.810069470549934 0.7030797105981027 6.597083941102027 1.2425862997770307 5.4816846093162921 18.720856014173481 5.7005033837631371 5.6441093464381984 0.61044568521901954 17.659571186290123
leaf_count=2620 228 126 1576 214 304 24 31 9 85 347 33 54 32 221
internal_value=-2.06438e-06 -0.0001214 -0.000241602 0.00131912 -0.0111517 -0.00468997 -0.003083 -0.0581544 0.00168093 -0.0111717 0.0292142 -0.0478107 -0.107555 0.0498548
internal_weight=620.044 619.136 618.216 492.398 112.959 99.17 98.4669 7.83967 90.6272 61.7855 28.8418 24.9754 6.25456 23.3601
internal_count=5904 5676 5550 3974 1354 1140 1116 40 1076 737 339 433 86 254
is_linear=0
shrinkage=0.08


Tree=87
num_leaves=15
num_cat=0
split_feature=1 10 6 17 1 6 1 8 18 18 1 8 0 11
split_gain=0.924975 3.88228 4.19436 3.90118 3.55367 6.03847 4.93982 4.81305 4.77675 4.106 3.76191 14.5117 7.04033 4.58494
threshold=10.500000000000002 1.0000000180025095e-35 0.36665000000000009 1.0000000180025095e-35 11.500000000000002 0.36665000000000009 12.500000000000002 1.0000000180025095e-35 1.0000000180025095e-35 1.0000000180025095e-35 13.500000000000002 1.0000000180025095e-35 1.5000000000000002 1.0000000180025095e-35
decision_type=2 2 2 2 2 2 2 2 2 2 2 2 2 2
left_child=1 2 3 -1 5 7 9 8 -2 -6 11 12 -8 -14
right_child=4 -3 -4 -5 6 -7 10 -9 -10 -11 -12 -13 13 -15
leaf_value=-0.004613183479649615 0.0054364455158438145 0.066128014615779038 -0.10799626707840908 0.070291895473170107 -0.017587673735573787 -0.082188027130153274 -0.11406207991696848 0.1000862085690401 0.050248793228016959 -0.090401623188224353 -0.0051176198515787063 -0.16702878053617576 0.011992711741893366 0.057951321251778966
leaf_weight=291.24228286463767 63.895087434444577 5.0894233464496201 2.4774620205862439 4.51898243674077 29.232699637068436 3.8243329231627277 2.1712476541288188 4.6084010303020468 19.985235705971718 5.9683897069189689 126.86807343072724 2.5681980117224148 30.750785007490776 25.340904991026036
leaf_count=2005 528 325 49 42 279 89 15 57 104 34 1839 42 302 194
internal_value=-1.02813e-06 -0.0031547 -0.00433701 -0.0034687 0.00303373 0.016233 -0.00243268 0.0204866 0.0161134 -0.0299334 0.00272479 0.0190808 0.0272844 0.0327557
internal_weight=618.542 303.328 298.239 295.761 315.213 92.3131 222.9 88.4887 83.8803 35.2011 187.699 60.8311 58.2629 56.0917
internal_count=5904 2421 2096 2047 3483 778 2705 689 632 313 2392 553 511 496
is_linear=0
shrinkage=0.08


Tree=88
num_leaves=15
num_cat=0
split_feature=7 1 17 11 0 17 1 14 1 1 9 1 1 18
split_gain=0.930151 1.14869 1.08839 1.06492 2.41162 2.34182 2.20105 3.30305 2.07206 1.95841 3.4223 2.00849 9.46598 2.66256
threshold=0.87500000000000011 25.500000000000004 1.0000000180025095e-35 1.0000000180025095e-35 2.5000000000000004 1.0000000180025095e-35 20.500000000000004 1.0000000180025095e-35 21.500000000000004 8.5000000000000018 1.0000000180025095e-35 9.5000000000000018 10.500000000000002 1.0000000180025095e-35
decision_type=2 2 2 2 2 2 2 2 2 2 2 2 2 2
left_child=2 3 -1 4 5 9 -5 8 -8 10 -2 -11 -13 -14
right_child=1 -3 -4 6 -6 -7 7 -9 -10 11 -12 12 13 -15
leaf_value=0.066055737027814587 0.067795060374244265 -0.084216979330043351 -0.089326769984314824 0.0011111714929104475 -0.0718696951028783 -0.085124463956379889 0.039949416378096507 0.095628391180187247 -0.073677311626474173 0.019862019937763854 -0.085082175658949502 -0.10020724675051489 -0.0065923419102176207 0.023673052923709362
leaf_weight=2.3537410228746007 1.2106546147260813 1.0397313924622711 0.32881487603299309 453.04811466834508 3.4621112069580695 2.2608871384290969 2.5455351796117593 3.9482793712522835 1.7219095729524267 23.89636012900155 4.1483625173568717 6.3970974183175704 86.960770820267498 23.665892004268244
leaf_count=98 166 52 9 2798 179 169 24 24 32 301 409 114 1230 299
internal_value=4.4767e-06 -0.000200786 0.0470097 -5.8345e-05 -0.00586564 -0.00432724 0.00185536 0.0428927 -0.00589885 -0.00307844 -0.0505457 -0.00127332 -0.00558918 -0.000117795
internal_weight=616.988 614.306 2.68256 613.266 152.002 148.54 461.264 8.21572 4.26744 146.279 5.35902 140.92 117.024 110.627
internal_count=5904 5797 107 5745 2867 2688 2878 80 56 2519 575 1944 1643 1529
is_linear=0
shrinkage=0.08


Tree=89
num_leaves=15
num_cat=0
split_feature=10 17 10 10 6 1 11 1 1 6 14 17 16 1
split_gain=0.959982 1.02021 0.937266 1.81825 1.57359 1.57774 1.09499 1.2074 1.98422 1.06782 1.05296 1.02545 0.985355 0.955898
threshold=0.68500000000000016 1.0000000180025095e-35 0.67500000000000016 0.52500000000000013 1.3666500000000001 12.500000000000002 1.0000000180025095e-35 14.500000000000002 15.500000000000002 0.58335000000000015 1.0000000180025095e-35 1.0000000180025095e-35 1.0000000180025095e-35 25.500000000000004
decision_type=2 2 2 2 2 2 2 2 2 2 2 2 2 2
left_child=2 -2 3 13 5 -4 7 -7 9 -9 12 -5 -10 -1
right_child=1 -3 4 11 -6 6 -8 8 10 -11 -12 -13 -14 -15
leaf_value=5.5772115260711315e-05 0.080421932760404616 -0.080461249837318893 0.032181421350832476 0.087924114239299675 0.10564225087288347 -0.1131533171018138 0.089612822841306963 -0.080866498846257767 -0.095941276292191693 0.090145143346731724 0.091330257185366207 -0.082866070262239119 0.096467783496711215 -0.07824478818055719
leaf_weight=601.17763417150127 1.6586234449641768 0.29750762344337989 1.7949670255184136 2.1335716824978586 0.54711741837672967 1.8974633514881132 0.33039698563516129 0.30999392084777333 2.7325727732386449 0.9492921382188797 0.23720658197998989 0.25151498429477204 0.18166672624647606 0.99950120004359533
leaf_count=4873 555 91 25 81 7 38 10 30 125 5 3 8 2 51
internal_value=-7.78561e-07 0.0559532 -0.000179174 0.000201921 -0.0258338 -0.0343631 -0.0523557 -0.0597914 -0.0368355 0.0480478 -0.070754 0.0699137 -0.083947 -7.41921e-05
internal_weight=615.499 1.95613 613.543 604.562 8.98068 8.43356 6.63859 6.3082 4.41073 1.25929 3.15145 2.38509 2.91424 602.177
internal_count=5904 646 5258 5013 245 238 213 203 165 35 130 89 127 4924
is_linear=0
shrinkage=0.08


Tree=90
num_leaves=15
num_cat=0
split_feature=15 6 6 9 1 1 1 11 0 14 5 10 10 1
split_gain=0.905875 0.967936 4.79022 2.6228 3.46425 2.21096 2.34897 1.83207 2.99861 2.07501 1.68028 1.47597 1.41886 1.39478
threshold=1.0000000180025095e-35 0.58335000000000015 0.36665000000000009 1.0000000180025095e-35 10.500000000000002 10.500000000000002 16.500000000000004 1.0000000180025095e-35 2.5000000000000004 1.0000000180025095e-35 1.5000000000000002 0.66500000000000015 0.67500000000000016 13.500000000000002
decision_type=2 2 2 2 2 2 2 2 2 2 2 2 2 2
left_child=1 2 13 -3 11 -4 -7 9 -9 -6 -10 -5 -8 -1
right_child=-2 3 5 4 7 6 12 8 10 -11 -12 -13 -14 -15
leaf_value=0.0022748016696911362 -0.081338129960438724 0.082160608964138043 0.038121392662669992 -0.10213230108088359 -0.0066754129740531631 -0.089539580949166878 0.10195807622710962 0.094119525074863777 0.081629488347537707 0.088945073816679182 -0.12592702527673719 0.079875840658486796 -0.071764877268412006 -0.007769191269261116
leaf_weight=468.92048192466609 0.87508876534411584 3.2721933331340578 1.3631963059306134 2.3473914826754512 13.78946053510299 7.0914946515113098 0.72477975115179993 3.7357619510148643 0.37791938055306651 1.6234398692031398 0.73532556009013206 0.32457926520146418 0.51446508197113872 109.06617164297495
leaf_count=3188 205 269 14 59 399 159 6 187 114 126 14 27 106 1031
internal_value=-1.01682e-06 0.000114928 -0.000555881 0.0151581 0.0055982 -0.0563265 -0.0717815 0.0168892 0.0597772 0.00339629 -0.0554667 -0.0800228 0.029838 0.000379499
internal_weight=614.762 613.887 587.681 26.2061 22.9339 9.69394 8.33074 20.2619 4.84901 15.4129 1.11324 2.67197 1.23924 577.987
internal_count=5904 5699 4504 1195 926 285 271 840 315 525 128 86 112 4219
is_linear=0
shrinkage=0.08


Tree=91
num_leaves=15
num_cat=0
split_feature=8 9 2 1 13 11 17 8 17 1 14 1 1 1
split_gain=0.883128 0.858537 0.878857 0.840583 0.841925 0.796635 2.28102 2.08347 1.84904 2.60014 1.55197 4.74964 4.51043 2.87289
threshold=1.5000000000000002 0.7250000000000002 1.0000000180025095e-35 3.5000000000000004 1.0000000180025095e-35 1.0000000180025095e-35 1.0000000180025095e-35 1.0000000180025095e-35 1.0000000180025095e-35 12.500000000000002 1.0000000180025095e-35 4.5000000000000009 20.500000000000004 4.5000000000000009
decision_type=2 2 2 2 2 2 2 2 2 2 2 2 2 2
left_child=1 2 3 4 -1 6 7 -5 10 -10 11 -7 13 -12
right_child=-2 -3 -4 5 -6 8 -8 -9 9 -11 12 -13 -14 -15
leaf_value=-0.015998219483175279 0.080578369789518767 0.081458682990927914 -0.088489471187527022 -0.0025891710909643068 -0.09499881965107522 0.073164872812213053 -0.085493992114499942 -0.08691544706226452 0.077807926382214176 -0.01489986967633068 -0.025711286733012088 -0.0066696766909697747 0.091071273006405634 0.0061992208417561458
leaf_weight=4.643561339005827 0.86927117547020216 0.82464257173705746 0.72111210133880277 147.07767763762968 1.0605446959380058 4.9012071955949059 2.2125322056235737 1.8993900008499611 4.7391247004270536 3.2736010104417801 19.520587156526744 177.27395113965031 3.8466601248364887 240.72647499630693
leaf_count=37 126 228 22 2641 25 34 171 28 24 15 89 1175 22 1267
internal_value=4.13636e-07 -0.000113903 -0.000223837 -0.000119694 -0.0306865 0.000168274 -0.0048618 -0.00366429 0.00184233 0.0399321 0.00115844 -0.00452182 0.00507675 0.00380568
internal_weight=613.59 612.721 611.896 611.175 5.70411 605.471 151.19 148.977 454.282 8.01273 446.269 182.175 264.094 260.247
internal_count=5904 5778 5550 5528 62 5466 2840 2669 2626 39 2587 1209 1378 1356
is_linear=0
shrinkage=0.08


Tree=92
num_leaves=15
num_cat=0
split_feature=10 17 15 8 10 10 6 1 7 5 6 6 14 1
split_gain=0.875047 0.866609 0.830956 0.815756 0.797421 1.6438 1.3938 1.42287 0.971846 1.15811 1.67277 3.48763 2.04393 2.37053
threshold=0.68500000000000016 1.0000000180025095e-35 1.0000000180025095e-35 1.5000000000000002 0.67500000000000016 0.52500000000000013 1.3666500000000001 12.500000000000002 0.87500000000000011 1.5000000000000002 0.70835000000000015 0.36665000000000009 1.0000000180025095e-35 10.500000000000002
decision_type=2 2 2 2 2 2 2 2 2 2 2 2 2 2
left_child=2 -2 3 4 5 8 7 -6 -1 10 11 -10 -13 -14
right_child=1 -3 -4 -5 6 -7 -8 -9 9 -11 -12 12 13 -15
leaf_value=0.074890823758481204 0.080388696128192688 -0.080388217065979067 -0.081246193769542979 0.080533614774617887 0.030562659623093725 0.070197347716266373 0.10393469074691131 -0.051020460011176744 0.00012649568996993585 -0.066913034064314023 0.029569670904973647 -0.10867899655260739 0.091468657945569382 -0.047100311704990169
leaf_weight=1.1049551672767837 1.4712308020971239 0.25119801121763874 0.80777883040718634 0.80286628380417724 1.7598800975829343 2.1385149718262246 0.50725675188004959 6.1472927749855444 575.20358356763609 1.6609952873550344 11.982014572247861 2.717086863704024 0.94299839437007893 4.8736766499932855
leaf_count=21 555 91 205 126 25 89 7 213 4045 17 395 42 9 64
internal_value=2.95414e-07 0.0569411 -0.000160315 -5.29107e-05 -0.000159144 0.000183484 -0.024616 -0.0328627 -6.66907e-05 -0.000205337 -1.93416e-05 -0.000626697 -0.0513944 -0.0246355
internal_weight=612.371 1.72243 610.649 609.841 609.038 600.624 8.41443 7.90717 598.485 597.38 595.719 583.737 8.53376 5.81668
internal_count=5904 646 5258 5053 4927 4682 245 238 4593 4572 4555 4160 115 73
is_linear=0
shrinkage=0.08


Tree=93
num_leaves=15
num_cat=0
split_feature=1 10 6 1 8 1 6 18 12 14 1 8 0 0
split_gain=0.895978 3.10583 3.44079 3.07989 4.84428 4.42333 4.36788 3.86603 3.82743 3.62671 3.371 12.3048 6.24905 4.35951
threshold=10.500000000000002 1.0000000180025095e-35 0.36665000000000009 11.500000000000002 1.0000000180025095e-35 12.500000000000002 0.36665000000000009 1.0000000180025095e-35 1.5000000000000002 1.0000000180025095e-35 13.500000000000002 1.0000000180025095e-35 1.5000000000000002 2.5000000000000004
decision_type=2 2 2 2 2 2 2 2 2 2 2 2 2 2
left_child=1 2 -1 4 6 8 7 -2 9 -5 11 12 -7 -13
right_child=3 -3 -4 5 -6 10 -8 -9 -10 -11 -12 13 -14 -15
leaf_value=-0.0033267804637865071 0.0054599288880386888 0.064788328407397247 -0.10260950362932542 -0.00033115550965860381 0.098256317104738158 -0.10986993632133779 -0.075900027348616658 0.046228164447539924 -0.013816836248006106 -0.11492568562200933 -0.0046697267769751924 -0.19642773948190734 0.031324078127283883 0.084674900704156827
leaf_weight=294.67915617488325 63.783454078016803 4.2510774176334953 2.2511058753007083 2.6447728388011447 4.301377168390899 2.0818753163330248 3.5285719415405756 19.419129654765129 26.936710333568044 5.3288125989492983 124.58911574262311 2.1956793554127212 55.147499389946461 0.42075489694252599
leaf_count=2047 528 325 49 31 57 15 89 104 226 56 1839 12 496 30
internal_value=1.07708e-06 -0.00310742 -0.00407947 0.00301747 0.0153877 -0.00211642 0.0112779 0.0149751 -0.0282287 -0.0769156 0.00282618 0.0184314 0.0261878 -0.151223
internal_weight=611.559 301.181 296.93 310.378 91.0325 219.345 86.7312 83.2026 34.9103 7.97359 184.435 59.8458 57.2294 2.61643
internal_count=5904 2421 2096 3483 778 2705 721 632 313 87 2392 553 511 42
is_linear=0
shrinkage=0.08


Tree=94
num_leaves=15
num_cat=0
split_feature=9 11 17 1 4 1 1 18 14 1 1 1 18 4
split_gain=0.812127 0.824927 2.22921 1.86826 2.74335 1.99142 8.2418 2.29759 8.08186 2.14702 1.92596 5.60614 1.86734 3.42522
threshold=0.7250000000000002 1.0000000180025095e-35 1.0000000180025095e-35 8.5000000000000018 1.0000000180025095e-35 9.5000000000000018 10.500000000000002 1.0000000180025095e-35 1.0000000180025095e-35 15.500000000000002 12.500000000000002 11.500000000000002 1.0000000180025095e-35 1.0000000180025095e-35
decision_type=2 2 2 2 2 2 2 2 2 2 2 2 2 2
left_child=1 2 3 4 -1 -5 -7 8 -8 10 11 -9 -3 -14
right_child=-2 12 -4 5 -6 6 7 9 -10 -11 -12 -13 13 -15
leaf_value=-0.084555295294507934 0.081463735083224478 0.0031428809999441386 -0.085035455023628512 0.018578298899807263 0.066975457410725969 -0.097610185318728518 0.00061538014011863003 0.030851265675187221 -0.077429882158169622 -0.051396314015443888 0.063346707476054878 -0.1228025859838259 -0.01996175073045689 0.10043871685785762
leaf_weight=3.7478050417848854 0.78223210253054176 419.71058000437915 2.2077016633702433 24.052373498037923 0.96063809585757542 6.0526582238962865 80.986503373947926 12.203551846090708 9.4864689059904759 2.377435158181469 6.9194648684933773 1.7358619116712368 37.601954700425267 1.5755737556610245
leaf_count=406 228 2550 181 302 169 114 1038 89 349 142 82 15 209 30
internal_value=1.62881e-06 -0.000102899 -0.00523768 -0.00405153 -0.0536393 -0.00242804 -0.00664685 -0.00180494 -0.00756799 0.0206341 0.0288439 0.0117169 0.00158372 -0.0151197
internal_weight=610.401 609.619 150.73 148.523 4.70844 143.814 119.762 113.709 90.473 23.2363 20.8589 13.9394 458.888 39.1775
internal_count=5904 5676 2887 2706 575 2131 1829 1715 1387 328 186 104 2789 239
is_linear=0
shrinkage=0.08


Tree=95
num_leaves=15
num_cat=0
split_feature=16 1 4 1 9 0 1 1 18 14 8 13 13 13
split_gain=0.869008 2.1186 2.70921 0.790302 2.89627 7.30309 3.38008 3.64791 7.2518 4.81493 7.21761 4.69557 3.04448 2.68839
threshold=1.0000000180025095e-35 15.500000000000002 1.0000000180025095e-35 10.500000000000002 1.0000000180025095e-35 1.5000000000000002 6.5000000000000009 9.5000000000000018 1.0000000180025095e-35 1.0000000180025095e-35 1.0000000180025095e-35 1.0000000180025095e-35 1.0000000180025095e-35 1.0000000180025095e-35
decision_type=2 2 2 2 2 2 2 2 2 2 2 2 2 2
left_child=3 -2 -3 4 -1 -6 -7 13 9 11 12 -9 -11 -8
right_child=1 2 -4 -5 5 6 7 8 -10 10 -12 -13 -14 -15
leaf_value=0.0026183908373678291 0.081683462978101834 -0.10758862897334164 0.084973277439231512 0.0026007075113099547 -0.083698341435798587 -0.074695073652422256 0.015725288785510116 -0.078590499432251285 -0.096749845082293645 0.025041405511890619 -0.075074266405514858 0.055462956157028252 0.11206851590073529 -0.028699339924192838
leaf_weight=193.89698739186861 2.6204422123555551 1.141538970172405 0.79205655682017084 304.89173900889 8.7832565723801945 4.5662044510245314 48.442515736329369 7.7553724923636782 7.1549959699623278 8.5668628693092632 3.7967570330947629 2.132020718883723 3.6768348813056937 10.63147281296551
leaf_count=1023 329 9 133 3113 671 23 291 53 35 48 21 22 18 115
internal_value=-3.85111e-06 0.0348117 -0.0287097 -0.000266225 -0.00318571 -0.0138524 -0.00750976 -0.00418085 -0.0254498 -0.00577393 0.0212927 -0.0496845 0.051176 0.00773024
internal_weight=608.849 4.55404 1.9336 604.295 299.403 105.506 96.723 92.1568 33.0828 25.9278 16.0405 9.88739 12.2437 59.074
internal_count=5904 471 142 5433 2320 1297 626 603 197 162 87 75 66 406
is_linear=0
shrinkage=0.08


Tree=96
num_leaves=15
num_cat=0
split_feature=10 17 15 6 5 10 6 6 1 13 14 4 1 4
split_gain=0.825597 0.743829 0.738455 0.767331 1.4489 1.26108 2.02716 2.39366 3.35089 2.27516 2.63144 4.07698 2.37742 2.2062
threshold=0.68500000000000016 1.0000000180025095e-35 1.0000000180025095e-35 1.2916500000000002 1.5000000000000002 0.67500000000000016 0.70835000000000015 0.36665000000000009 15.500000000000002 1.0000000180025095e-35 1.0000000180025095e-35 1.0000000180025095e-35 10.500000000000002 1.5000000000000002
decision_type=2 2 2 2 2 2 2 2 2 2 2 2 2 2
left_child=2 -2 3 4 5 6 7 -1 9 10 -9 12 -12 -8
right_child=1 -3 -4 -5 -6 -7 13 8 -10 -11 11 -13 -14 -15
leaf_value=0.0003011051288891084 0.0803642336489898 -0.080330047463458398 -0.08118458829978098 0.041778908048126874 -0.093383853829236294 -0.032240770524997332 0.043054529221959952 -0.14470850708220326 0.069025855726051424 -0.14586431256574123 0.089710679543555619 0.10482718855312165 -0.095668398648081535 -0.092351400475437204
leaf_weight=573.29982011573156 1.3393962508125685 0.21377833816222835 0.71894644864369084 2.7927224647719404 1.067223161808214 7.7065283005358642 10.801404143217948 1.1962650511413793 1.4492979003116486 1.6786973882117306 0.539214447140694 1.3488621935248373 2.4750646948814392 0.82922620931640345
leaf_count=4185 555 91 205 71 14 236 388 12 52 19 6 9 48 13
internal_value=-5.27507e-06 0.0582463 -0.000154597 -5.83355e-05 -0.000252295 -8.70066e-05 0.000330423 -0.000330461 -0.0420088 -0.0642415 -0.039595 -0.0107754 -0.0625065 0.0334005
internal_weight=607.456 1.55317 605.903 605.184 602.392 601.324 593.618 581.987 8.6874 7.2381 5.55941 4.36314 3.01428 11.6306
internal_count=5904 646 5258 5053 4982 4968 4732 4331 146 94 75 63 54 401
is_linear=0
shrinkage=0.08


Tree=97
num_leaves=15
num_cat=0
split_feature=16 1 4 1 13 11 1 9 17 17 1 18 4 1
split_gain=0.777861 1.96385 2.43823 0.740605 0.792223 0.764386 2.01985 2.30997 1.71977 1.55586 2.37824 1.4196 2.81207 3.04709
threshold=1.0000000180025095e-35 15.500000000000002 1.0000000180025095e-35 3.5000000000000004 1.0000000180025095e-35 1.0000000180025095e-35 8.5000000000000018 1.0000000180025095e-35 1.0000000180025095e-35 1.0000000180025095e-35 12.500000000000002 1.0000000180025095e-35 1.0000000180025095e-35 11.500000000000002
decision_type=2 2 2 2 2 2 2 2 2 2 2 2 2 2
left_child=3 -2 -3 4 -1 6 7 -5 -8 11 -11 -7 13 -13
right_child=1 2 -4 5 -6 9 8 -9 -10 10 -12 12 -14 -15
leaf_value=-0.015359942619197594 0.081565907928231401 -0.10516603344664041 0.084867228176519871 0.080523005438479581 -0.09469286154779262 0.0024280799499887657 -0.0024318075025258922 -0.084043525573755884 -0.085674375578097844 0.073695091127503359 -0.015519688758352303 0.0013182726578546973 0.097015637524360057 -0.045025683133106939
leaf_weight=4.58091334439814 2.4055422323872326 1.0772937610745428 0.72151536008459505 0.64271305757574726 0.97750733699649561 404.55962697631912 139.49684667726979 3.623550267337122 1.6066897076088924 4.6324193179607382 3.2567587941884995 22.064889937639236 1.4180308235809196 15.428982265293596
leaf_count=37 329 9 133 130 24 2371 2017 434 142 24 15 115 30 94
internal_value=-5.50267e-06 0.0342856 -0.0289423 -0.000244876 -0.0293115 2.58738e-05 -0.00501937 -0.0592516 -0.00337966 0.0016508 0.036866 0.00102433 -0.0135702 -0.0177526
internal_weight=606.493 4.20435 1.79881 602.289 5.55842 596.731 145.37 4.26626 141.104 451.361 7.88918 443.472 38.9119 37.4939
internal_count=5904 471 142 5433 61 5372 2723 564 2159 2649 39 2610 239 209
is_linear=0
shrinkage=0.08


Tree=98
num_leaves=15
num_cat=0
split_feature=7 1 1 1 8 1 6 18 12 14 13 14 1 8
split_gain=0.783953 0.964046 0.745509 2.60637 4.44445 3.47237 3.44822 3.26568 3.18099 3.15555 2.92326 2.92584 2.78746 10.3405
threshold=0.87500000000000011 25.500000000000004 10.500000000000002 11.500000000000002 1.0000000180025095e-35 12.500000000000002 0.36665000000000009 1.0000000180025095e-35 1.5000000000000002 1.0000000180025095e-35 1.0000000180025095e-35 1.0000000180025095e-35 13.500000000000002 1.0000000180025095e-35
decision_type=2 2 2 2 2 2 2 2 2 2 2 2 2 2
left_child=-1 2 -2 4 6 8 7 -4 9 -5 -10 -12 13 -7
right_child=1 -3 3 5 -6 12 -8 -9 10 -11 11 -13 -14 -15
leaf_value=0.046856029365220445 -0.0029000506864029236 -0.08375435328010071 0.004834484669104592 0.0006241483857024648 0.096428030207068777 0.023727395229063333 -0.069897358844042148 0.042662149360637093 -0.028940867065202058 -0.10875647882106952 -0.013078049248524357 0.088176648148747885 -0.0046188590220441724 -0.14029792204948571
leaf_weight=2.2761046010418786 298.36627407476772 0.88211666123242949 63.653788493596949 2.5627255914732805 4.0147954844869664 56.584190793859307 3.2985498683992764 18.955693483352661 19.314542943262499 4.9454517009435222 4.29439133463893 3.1780494120321237 120.10138048659428 2.5715950489975503
leaf_count=107 2420 52 528 30 57 506 88 104 161 56 41 22 1690 42
internal_value=-5.94095e-06 -0.000182909 -6.04186e-05 0.00273141 0.0141566 -0.00207953 0.0103118 0.0135145 -0.0254019 -0.0714222 -0.0125028 0.0299858 0.00238247 0.016597
internal_weight=605 602.724 601.841 303.475 89.9228 213.552 85.908 82.6095 34.2952 7.50818 26.787 7.47244 179.257 59.1558
internal_count=5904 5797 5745 3325 777 2548 720 632 310 86 224 63 2238 548
is_linear=0
shrinkage=0.08


Tree=99
num_leaves=15
num_cat=0
split_feature=10 8 15 6 1 5 10 6 6 1 13 14 4 1
split_gain=0.78225 0.747479 0.671355 0.674365 1.27687 1.25407 1.09151 1.83842 2.14967 2.9767 2.00205 2.10953 3.40236 2.14119
threshold=0.68500000000000016 1.5000000000000002 1.0000000180025095e-35 1.2916500000000002 13.500000000000002 1.5000000000000002 0.67500000000000016 0.70835000000000015 0.36665000000000009 15.500000000000002 1.0000000180025095e-35 1.0000000180025095e-35 1.0000000180025095e-35 10.500000000000002
decision_type=2 2 2 2 2 2 2 2 2 2 2 2 2 2
left_child=1 2 3 5 -5 6 7 8 -1 10 11 -10 13 -13
right_child=-2 -3 -4 4 -6 -7 -8 -9 9 -11 -12 12 -14 -15
leaf_value=0.00016428376902247557 0.059537895047964265 0.080502363423624101 -0.081099389476385064 -0.02062598975448908 0.089304717728078742 -0.08826296412182727 -0.030315000353695651 0.032211505396430647 -0.13349568407863435 0.065837671846532275 -0.1414339706068217 0.088892678520269136 0.10045759869554148 -0.093842776798983507
leaf_weight=570.66430810897145 1.4088707845367014 0.73466968489810724 0.65646444770390999 1.2358780793147155 1.4932898262050001 1.0363006615079928 7.595386767643503 11.267188477213493 1.1655047056265155 1.3765246711554935 1.5991179555421693 0.50236346572637591 1.2141914963722231 2.2413424961268902
leaf_count=4059 646 126 205 49 22 14 236 401 12 52 19 6 9 48
internal_value=-3.67502e-06 -0.00014284 -0.00024125 -0.000152988 0.0395236 -0.000333864 -0.000181393 0.000206513 -0.00041655 -0.0413425 -0.0632891 -0.0388985 -0.0110419 -0.0603845
internal_weight=604.191 602.783 602.048 601.391 2.72917 598.662 597.626 590.031 578.763 8.09904 6.72252 5.1234 3.9579 2.74371
internal_count=5904 5258 5132 4927 71 4856 4842 4606 4205 146 94 75 63 54
is_linear=0
shrinkage=0.08


Tree=100
num_leaves=15
num_cat=0
split_feature=9 2 1 12 4 1 14 1 8 14 1 12 14 6
split_gain=0.715808 0.783668 0.704676 2.04687 1.98977 1.57044 3.80646 2.41213 1.79985 2.94149 6.37313 1.795 1.79642 2.61457
threshold=0.7250000000000002 1.0000000180025095e-35 16.500000000000004 1.5000000000000002 1.0000000180025095e-35 20.500000000000004 1.0000000180025095e-35 21.500000000000004 1.0000000180025095e-35 1.0000000180025095e-35 17.500000000000004 2.5000000000000004 1.0000000180025095e-35 1.1250000000000002
decision_type=2 2 2 2 2 2 2 2 2 2 2 2 2 2
left_child=1 2 -1 4 -4 8 7 -7 11 -10 -11 12 13 -5
right_child=-2 -3 3 5 -6 6 -8 -9 9 10 -12 -13 -14 -15
leaf_value=0.00075708913122640557 0.081526704634970595 -0.087295348773957185 -0.084672477778915026 -0.062837854286099726 0.015142296717075844 0.037639426953358569 0.087971985859010504 -0.069721585195967994 0.092334826029195349 0.088715926956619756 -0.21211071552493985 0.092804361094774829 -0.0060652288589910352 0.10419664059348498
leaf_weight=559.05805594279082 0.68840176824596611 0.65889787161722679 4.0856782092014319 8.9302186880959251 1.8601065672701222 2.6211564482655358 3.73643532989081 2.7387308813631535 2.4676628932356826 1.0421782359480856 0.79416937753558148 0.85521576728206028 13.150706888758577 0.64292453590314913
leaf_count=4939 228 22 238 178 25 26 25 33 27 12 9 46 86 10
internal_value=-3.65889e-06 -9.67915e-05 -1.34876e-06 -0.00987925 -0.053446 -0.00287432 0.0259898 -0.0172186 -0.0122907 0.0352827 -0.0413832 -0.0209745 -0.0252566 -0.05162
internal_weight=603.331 602.642 601.983 42.9252 5.94578 36.9794 9.09632 5.35989 27.8831 4.30401 1.83635 23.5791 22.7239 9.57314
internal_count=5904 5676 5654 715 263 452 84 59 368 48 21 320 274 188
is_linear=0
shrinkage=0.08


Tree=101
num_leaves=15
num_cat=0
split_feature=16 1 4 1 9 0 1 1 18 14 8 13 13 1
split_gain=0.740691 1.76843 2.17602 0.716019 2.40061 6.73625 2.91073 3.18008 6.30944 4.10781 6.10937 3.90195 2.83019 2.43338
threshold=1.0000000180025095e-35 15.500000000000002 1.0000000180025095e-35 10.500000000000002 1.0000000180025095e-35 1.5000000000000002 6.5000000000000009 9.5000000000000018 1.0000000180025095e-35 1.0000000180025095e-35 1.0000000180025095e-35 1.0000000180025095e-35 1.0000000180025095e-35 7.5000000000000009
decision_type=2 2 2 2 2 2 2 2 2 2 2 2 2 2
left_child=3 -2 -3 4 13 -6 -7 -8 9 11 12 -9 -11 -1
right_child=1 2 -4 -5 5 6 7 8 -10 10 -12 -13 -14 -15
leaf_value=0.0080708790076682389 0.081493904933623795 -0.10317499700543561 0.085173240262285219 0.0025228120222318866 -0.083506235536898718 -0.0702654447842532 0.0072886065588426887 -0.071762821419346631 -0.091415128218584926 0.023066607748651404 -0.06717346668330984 0.050143061061984906 0.10864720302995207 -0.011577814616135454
leaf_weight=136.24189307540655 2.2185363870812576 0.98498192802071549 0.65271780351758935 301.19563863548683 7.9674227176292325 4.4320724606513968 58.588526512146927 7.8736502055544406 6.9621099845971903 8.4602968073450011 3.9046932561323056 2.1363343577831984 3.4946815073490134 57.306047555641271
leaf_count=752 329 9 133 3113 671 23 406 53 35 48 21 22 18 271
internal_value=-1.31596e-06 0.0349475 -0.0281074 -0.000226473 -0.00301115 -0.0128254 -0.00695029 -0.00388076 -0.0238126 -0.00561921 0.019707 -0.0457456 0.0480835 0.00225326
internal_weight=602.42 3.85624 1.6377 598.563 297.368 103.82 95.8524 91.4203 32.8318 25.8697 15.8597 10.01 11.955 193.548
internal_count=5904 471 142 5433 2320 1297 626 603 197 162 87 75 66 1023
is_linear=0
shrinkage=0.08


Tree=102
num_leaves=15
num_cat=0
split_feature=8 16 1 4 13 1 1 1 8 1 12 14 1 0
split_gain=0.68935 0.683425 1.63006 1.97812 0.705279 5.48995 3.7848 5.56359 4.74649 4.73177 5.63414 4.81313 4.63501 4.46515
threshold=1.5000000000000002 1.0000000180025095e-35 15.500000000000002 1.0000000180025095e-35 1.0000000180025095e-35 5.5000000000000009 18.500000000000004 14.500000000000002 1.0000000180025095e-35 15.500000000000002 1.5000000000000002 1.0000000180025095e-35 22.500000000000004 2.5000000000000004
decision_type=2 2 2 2 2 2 2 2 2 2 2 2 2 2
left_child=1 4 -3 -4 -1 -6 7 8 -7 -9 11 -11 -8 -12
right_child=-2 2 3 -5 5 6 12 9 -10 10 13 -13 -14 -15
leaf_value=0.0012583353558648989 0.080466163059011858 0.081380889096440936 -0.10116499364180184 0.084822344269582434 -0.054992478275992629 -0.00051779467008907876 -0.11558341583204181 0.092692074181296213 -0.062648280268474646 0.20090188027281644 -0.023483385652007291 -0.08241359509122706 0.049310946110822193 0.086560333374125678
leaf_weight=451.30940703381202 0.6805642603430887 2.0506959661724973 0.92657703906297662 0.6049261534208199 12.888683024561031 94.41533727949718 3.6960222578491075 6.9361437083571245 8.5849812068045122 1.6622184272855531 12.377608600771053 0.49896517186425615 1.5478905804629901 2.9157646505045713
leaf_count=3720 126 329 9 133 190 982 63 74 43 27 111 27 40 30
internal_value=-2.96598e-06 -9.41769e-05 0.0347445 -0.0277021 -0.000303279 -0.00514628 -0.00030252 0.00243931 -0.00569631 0.0367955 0.0145832 0.135491 -0.0669101 -0.00250295
internal_weight=601.096 600.415 3.5822 1.5315 596.833 145.524 132.635 127.391 103 24.3907 17.4546 2.16118 5.24391 15.2934
internal_count=5904 5778 471 142 5307 1587 1397 1294 1025 269 195 54 103 141
is_linear=0
shrinkage=0.08


Tree=103
num_leaves=15
num_cat=0
split_feature=11 17 8 17 1 13 10 18 14 1 1 1 1 4
split_gain=0.680423 1.91451 1.49506 1.34661 2.18801 1.47613 1.36263 1.15523 2.81353 2.98508 3.84885 3.46077 3.36389 2.68161
threshold=1.0000000180025095e-35 1.0000000180025095e-35 1.0000000180025095e-35 1.0000000180025095e-35 12.500000000000002 1.0000000180025095e-35 0.52500000000000013 1.0000000180025095e-35 1.0000000180025095e-35 7.5000000000000009 11.500000000000002 10.500000000000002 9.5000000000000018 1.0000000180025095e-35
decision_type=2 2 2 2 2 2 2 2 2 2 2 2 2 2
left_child=1 2 -1 6 5 -5 7 -2 -9 -10 11 12 -11 -12
right_child=3 -3 -4 4 -6 -7 -8 8 9 10 13 -13 -14 -15
leaf_value=-0.0028821312721677528 0.0019615911475626257 -0.084564184431944134 -0.084961957482600228 0.10253015784741278 -0.015594813626577874 0.0054737156683172155 0.083847645306675447 -0.15895051272468683 -0.10494657903397993 0.021539150166841131 -0.041375945636816028 0.063252315097806489 -0.070669486591092331 0.09705235743297401
leaf_weight=143.43316355552815 406.5716655626893 1.8981153932400037 1.4344601109623898 3.0333389639854422 3.2475044131278992 1.4982485175132749 1.2654353284597153 0.82271167449653049 1.9805999882519234 8.3190920576453227 14.98723421245813 7.3413439095020285 3.6399967968463889 0.95254572853446084
leaf_count=2773 2347 181 28 18 15 6 307 6 14 40 91 51 15 12
internal_value=-5.94418e-06 -0.00474075 -0.00369487 0.00152584 0.034524 0.070441 0.000950133 0.000714195 -0.0126167 -0.00938225 -0.00401126 0.0200154 -0.00652646 -0.0331036
internal_weight=600.425 146.766 144.868 453.66 7.77909 4.53159 445.881 444.615 38.0435 37.2208 35.2402 19.3004 11.9591 15.9398
internal_count=5904 2982 2801 2922 39 24 2883 2576 229 223 209 106 55 103
is_linear=0
shrinkage=0.08


Tree=104
num_leaves=15
num_cat=0
split_feature=10 8 1 13 11 1 9 1 1 18 14 1 4 1
split_gain=0.663613 0.636728 0.626177 0.691222 0.667266 1.58488 2.15528 1.69961 6.24967 2.11047 6.51921 1.95329 2.16023 2.03413
threshold=0.68500000000000016 1.5000000000000002 3.5000000000000004 1.0000000180025095e-35 1.0000000180025095e-35 8.5000000000000018 1.0000000180025095e-35 9.5000000000000018 10.500000000000002 1.0000000180025095e-35 1.0000000180025095e-35 13.500000000000002 1.0000000180025095e-35 12.500000000000002
decision_type=2 2 2 2 2 2 2 2 2 2 2 2 2 2
left_child=1 2 3 -1 5 6 -4 -7 -9 10 -10 13 -13 -11
right_child=-2 -3 4 -5 -6 7 -8 8 9 11 -12 12 -14 -15
leaf_value=-0.014723622123378941 0.057612453045472453 0.080429300874374013 0.080446227192671527 -0.092259257700772285 0.0015683616361770766 0.016010111513043983 -0.083731602910964625 -0.092045934202058061 -0.0019261908991289392 0.010300764164365287 -0.076848131788132087 -0.081727170350800557 0.088470191040498677 0.06605950989334404
leaf_weight=4.5568813588470212 1.2766243869700691 0.62729140045121212 0.61383434850722585 0.87757299828808744 446.36153624614235 24.135394866461866 3.0770551676105233 5.3169977953657499 81.625649930792861 13.437674731947487 8.1775304950424452 2.1586297522298987 0.612766534090042 6.0827036499977103
leaf_count=37 646 126 153 25 2504 303 434 109 968 94 331 121 12 41
internal_value=-4.81909e-06 -0.000127891 -0.000212531 -0.0272443 3.57837e-05 -0.0046743 -0.0564271 -0.00332483 -0.00729935 -0.00327957 -0.00874863 0.0187527 -0.0440959 0.0276756
internal_weight=598.938 597.662 597.034 5.43445 591.6 145.238 3.69089 141.547 117.412 112.095 89.8032 22.2918 2.7714 19.5204
internal_count=5904 5258 5132 62 5070 2566 587 1979 1676 1567 1299 268 133 135
is_linear=0
shrinkage=0.08


Tree=105
num_leaves=15
num_cat=0
split_feature=16 1 4 13 1 1 1 1 12 1 0 8 6 12
split_gain=0.71565 1.39648 1.74772 0.61578 4.73577 3.32233 4.7106 4.1883 4.36406 4.14427 3.91639 3.7886 4.192 5.06045
threshold=1.0000000180025095e-35 15.500000000000002 1.0000000180025095e-35 1.0000000180025095e-35 5.5000000000000009 18.500000000000004 14.500000000000002 15.500000000000002 1.5000000000000002 22.500000000000004 2.5000000000000004 1.0000000180025095e-35 0.29165000000000002 1.5000000000000002
decision_type=2 2 2 2 2 2 2 2 2 2 2 2 2 2
left_child=3 -2 -3 -1 -5 6 11 -8 -9 -7 -10 12 13 -6
right_child=1 2 -4 4 5 9 7 8 10 -11 -12 -13 -14 -15
leaf_value=0.0012462355058705285 0.081340088785931755 -0.098005018532679761 0.084548685784837319 -0.051830960938342774 -0.010625554157016426 -0.11159361408039631 0.08722463776075344 0.1141196875657335 -0.021886417293592423 0.04645816190015583 0.082902461823260193 -0.055426386606276107 -0.077600477302250642 0.029323968076972042
leaf_weight=449.24074747314444 1.9185465245391236 0.82703355699777581 0.56488984837778844 12.495093830628319 58.957905498915352 3.5248333165072827 6.7893390157842104 2.3726262660929942 12.372570866427848 1.5194707481423391 2.7990237746271314 8.8118128520436567 4.3145968494354738 30.943590590730309
leaf_count=3825 329 9 133 190 674 63 77 54 111 40 30 61 115 193
internal_value=-9.78418e-06 0.037083 -0.0239185 -0.000216459 -0.0047513 -0.000308405 0.00221356 0.0338716 0.0132248 -0.0639845 -0.0025538 -0.00526356 -0.000571944 0.00312485
internal_weight=597.452 3.31047 1.39192 594.142 144.901 132.406 127.361 24.3336 17.5442 5.0443 15.1716 103.028 94.2161 89.9015
internal_count=5904 471 142 5433 1608 1418 1315 272 195 103 141 1043 982 867
is_linear=0
shrinkage=0.08


Tree=106
num_leaves=15
num_cat=0
split_feature=16 1 4 15 14 18 1 1 0 9 1 1 1 1
split_gain=0.657433 1.28818 1.59397 0.59945 0.630559 2.69729 2.53554 2.44677 3.14386 4.28258 3.01477 4.64944 2.11306 4.18789
threshold=1.0000000180025095e-35 15.500000000000002 1.0000000180025095e-35 1.0000000180025095e-35 1.0000000180025095e-35 1.0000000180025095e-35 20.500000000000004 4.5000000000000009 1.5000000000000002 1.0000000180025095e-35 7.5000000000000009 6.5000000000000009 8.5000000000000018 4.5000000000000009
decision_type=2 2 2 2 2 2 2 2 2 2 2 2 2 2
left_child=3 -2 -3 4 5 7 12 -1 9 10 11 -9 13 -6
right_child=1 2 -4 -5 6 -7 -8 8 -10 -11 -12 -13 -14 -15
leaf_value=0.0501381575895379 0.081238684469635489 -0.096473918189441524 0.084233189400033923 -0.081052001112118979 -0.018200587489332003 -0.14836455689614289 0.065649989115577276 -0.014418942926119284 0.002313408243244238 -0.082599676671548397 -0.02948898236445302 0.039778878162199896 -0.0033920475948908103 0.01933258454414134
leaf_weight=5.563215881236828 1.7731627003959141 0.77506847307085969 0.52333309456298593 0.58632720241439429 24.780601665377617 0.81252351030707259 4.0043390197679392 34.515494248829782 192.15136228871415 5.7593131467001504 34.17220282740891 14.338468096219001 194.57887478830526 81.927997199352831
leaf_count=110 329 9 133 205 137 6 87 182 2057 508 167 90 1429 455
internal_value=-1.05129e-05 0.0369055 -0.0236382 -0.000201665 -0.000121671 -0.00281166 0.0024099 -0.00239887 -0.00343923 -0.0158892 -0.0112617 0.00148793 0.00156939 0.0106164
internal_weight=596.262 3.07156 1.2984 593.191 592.604 287.313 305.292 286.5 280.937 88.7855 83.0262 48.854 301.287 106.709
internal_count=5904 471 142 5433 5228 3120 2108 3114 3004 947 439 272 2021 592
is_linear=0
shrinkage=0.08


Tree=107
num_leaves=15
num_cat=0
split_feature=9 2 1 7 7 17 13 11 0 17 1 14 1 17
split_gain=0.609222 0.688001 0.621458 0.769733 0.636064 0.831496 0.777981 0.634438 2.6818 1.44733 1.31472 2.36943 1.68407 1.2564
threshold=0.7250000000000002 1.0000000180025095e-35 25.500000000000004 0.63335000000000008 0.87500000000000011 1.0000000180025095e-35 1.0000000180025095e-35 1.0000000180025095e-35 2.5000000000000004 1.0000000180025095e-35 20.500000000000004 1.0000000180025095e-35 21.500000000000004 1.0000000180025095e-35
decision_type=2 2 2 2 2 2 2 2 2 2 2 2 2 2
left_child=1 2 4 -4 5 6 -1 8 9 -6 13 12 -12 -9
right_child=-2 -3 3 -5 7 -7 -8 10 -10 -11 11 -13 -14 -15
leaf_value=0.10289324986057484 0.081400279888165256 -0.086541441305626063 0.095794551024621255 -0.087679385654960987 -0.0024489086114460983 -0.087215446431412269 -0.039432227804584698 0.00031334965267636579 -0.089579587450847667 -0.083918804617690301 0.033575055896927906 0.083859114610440585 -0.073347472483698398 0.033093311179007705
leaf_weight=1.135825177800142 0.58769168093567614 0.58859461639076371 0.17296339850872755 0.95084013807354384 138.20883345243055 0.24514482170343388 0.31368484086124215 434.00389368258766 2.342778318154159 1.4098131101927709 2.4930940227350211 3.4099254012107849 1.5160611867904661 7.614560365676879
leaf_count=47 228 22 3 50 2509 9 20 2675 92 165 15 21 9 39
internal_value=-1.17154e-05 -9.22078e-05 -6.51886e-06 -0.0594411 0.000106175 0.0490478 0.0720929 -3.41624e-05 -0.00469589 -0.00327156 0.00143963 0.0348372 -0.00685768 0.000878555
internal_weight=594.994 594.406 593.817 1.1238 592.694 1.69465 1.44951 590.999 141.961 139.619 449.038 7.41908 4.00916 441.618
internal_count=5904 5676 5654 53 5601 76 67 5525 2766 2674 2759 45 24 2714
is_linear=0
shrinkage=0.08


Tree=108
num_leaves=15
num_cat=0
split_feature=16 1 4 8 15 6 5 6 10 10 6 6 1 4
split_gain=0.623136 1.16659 1.42678 0.592814 0.549684 0.592006 1.10867 1.01692 1.13501 0.756243 1.44096 2.13418 2.38214 1.86883
threshold=1.0000000180025095e-35 15.500000000000002 1.0000000180025095e-35 1.5000000000000002 1.0000000180025095e-35 1.1250000000000002 1.5000000000000002 1.5833500000000003 1.0000000180025095e-35 0.67500000000000016 0.70835000000000015 0.36665000000000009 15.500000000000002 1.5000000000000002
decision_type=2 2 2 2 2 2 2 2 2 2 2 2 2 2
left_child=3 -2 -3 4 5 6 9 -7 -9 10 11 -1 -13 -12
right_child=1 2 -4 -5 -6 7 -8 8 -10 -11 13 12 -14 -15
leaf_value=0.00013727289739221343 0.081148019595039284 -0.09525272983111778 0.083975310881746812 0.08040107740351736 -0.080973829161312544 0.072406721039510527 -0.08739457859221085 -0.11029791576664513 0.081056217304851505 -0.02489706017412743 0.039421515947729475 -0.062495770522894442 0.061028894395876845 -0.090760862655609634
leaf_weight=560.98209871898871 1.6403861170692828 0.70615096762776353 0.47580742406717036 0.58356184652075072 0.53964985455968317 1.7596636321395629 0.93530944336089206 0.50393381109461177 0.32718336454126984 7.8455255599983493 9.52753062418196 6.2918903902173033 1.1877970671048386 0.76219996460713524
leaf_count=3888 329 9 133 126 205 70 19 8 27 641 309 93 36 11
internal_value=-1.17848e-05 0.0374892 -0.023103 -0.000190797 -0.000270421 -0.00019662 -0.00036488 0.0379611 -0.0349681 -0.000226114 0.000108324 -0.000428734 -0.0428797 0.0297784
internal_weight=594.069 2.82234 1.18196 591.246 590.663 590.123 587.532 2.59078 0.831117 586.597 578.752 568.462 7.47969 10.2897
internal_count=5904 471 142 5433 5307 5102 4997 105 35 4978 4337 4017 129 320
is_linear=0
shrinkage=0.08


Tree=109
num_leaves=15
num_cat=0
split_feature=10 17 1 13 1 1 4 11 10 1 14 1 13 1
split_gain=0.607416 0.598947 0.597966 2.32059 4.87605 3.31566 2.23189 5.49926 2.84319 2.42608 2.55659 2.41451 2.19485 3.26243
threshold=0.68500000000000016 1.0000000180025095e-35 13.500000000000002 1.0000000180025095e-35 18.500000000000004 22.500000000000004 1.0000000180025095e-35 1.0000000180025095e-35 0.67500000000000016 19.500000000000004 1.0000000180025095e-35 21.500000000000004 1.0000000180025095e-35 5.5000000000000009
decision_type=2 2 2 2 2 2 2 2 2 2 2 2 2 2
left_child=2 -2 12 6 -5 -6 7 -4 -8 -9 11 -11 -1 -14
right_child=1 -3 3 4 5 -7 8 9 -10 10 -12 -13 13 -15
leaf_value=0.0040782032136849333 0.080324500844589183 -0.080323278174193893 -0.083882322646999075 0.022006527510311763 -0.10681576163539949 0.039640739491452928 0.057067344888971618 -0.017400715524506494 -0.03097983797337316 0.020482818959046478 0.062145237418390044 -0.09758386339289174 -0.047861674939890672 -0.003925367372325397
leaf_weight=367.21093686865061 1.0214047864283191 0.17380650754785154 7.2502024156856342 33.153222400025697 3.4052750803821246 1.3944193900097159 6.0197970320587029 52.606955958297476 3.8473955650115386 3.5883566197007877 5.5386329144239426 1.6041013635694978 12.218263928778468 94.257105302414857
leaf_count=2560 555 91 361 328 57 34 117 310 114 28 27 16 214 1092
internal_value=-1.0224e-05 0.0569633 -0.000125231 -0.00521018 0.011096 -0.0642668 -0.0129022 -0.017884 0.0227362 -0.0103292 0.0243372 -0.0159914 0.00114586 -0.00896715
internal_weight=593.29 1.19521 592.095 118.408 37.9529 4.79969 80.4554 70.5882 9.86719 63.338 10.7311 5.19246 473.686 106.475
internal_count=5904 646 5258 1392 419 91 973 742 231 381 71 44 3866 1306
is_linear=0
shrinkage=0.08


Tree=110
num_leaves=15
num_cat=0
split_feature=16 1 4 8 0 1 1 13 1 14 1 14 13 1
split_gain=0.628807 0.999924 1.24453 0.559464 3.26372 11.9989 10.1586 9.67514 3.19123 4.87673 2.16971 3.84367 1.38166 2.12505
threshold=1.0000000180025095e-35 15.500000000000002 1.0000000180025095e-35 1.0000000180025095e-35 2.5000000000000004 11.500000000000002 15.500000000000002 1.0000000180025095e-35 17.500000000000004 1.0000000180025095e-35 8.5000000000000018 1.0000000180025095e-35 1.0000000180025095e-35 12.500000000000002
decision_type=2 2 2 2 2 2 2 2 2 2 2 2 2 2
left_child=3 -2 -3 -1 5 7 12 10 -6 -10 11 -5 13 -7
right_child=1 2 -4 4 8 6 -8 -9 9 -11 -12 -13 -14 -15
leaf_value=-0.00082621204909330049 0.081064930241525238 -0.092921260683271681 0.083617921637116274 0.10372194073020191 0.084004062261017809 -0.094105693650254701 0.1011115737128349 -0.042735241799147367 0.075697910546240518 -0.16923648960942914 0.10135028495904845 -0.017609104237624955 -0.059359908491069285 -0.19876549588207149
leaf_weight=551.98235537493019 1.5167077938531286 0.62156485207378842 0.43401739200635348 3.0423007830977493 5.9949199345428479 2.2729688622057429 1.4740047454833982 7.8382135219871989 1.203340591862798 0.91646895557641972 6.6971755474805832 3.7073167227208614 1.3230548948049543 2.736401729285717
leaf_count=5033 329 9 133 18 198 18 9 37 21 9 42 27 6 15
internal_value=-1.38825e-05 0.0394539 -0.0203347 -0.000186192 0.00930901 -0.00320491 -0.0880427 0.02791 0.0541716 -0.0301959 0.0690894 0.0370793 -0.132072 -0.151277
internal_weight=591.761 2.57229 1.05558 589.189 37.2062 29.0914 7.80643 21.285 8.11473 2.11981 13.4468 6.74962 6.33243 5.00937
internal_count=5904 471 142 5433 400 172 48 124 228 30 87 45 39 33
is_linear=0
shrinkage=0.08


Tree=111
num_leaves=15
num_cat=0
split_feature=16 1 4 1 12 12 4 1 14 1 13 6 1 0
split_gain=0.577997 0.922904 1.13874 0.545354 1.55388 1.34986 1.61973 1.59385 1.63533 1.62649 1.42772 1.37271 1.32789 1.63757
threshold=1.0000000180025095e-35 15.500000000000002 1.0000000180025095e-35 16.500000000000004 2.5000000000000004 1.5000000000000002 1.0000000180025095e-35 19.500000000000004 1.0000000180025095e-35 22.500000000000004 1.0000000180025095e-35 1.3666500000000001 20.500000000000004 2.5000000000000004
decision_type=2 2 2 2 2 2 2 2 2 2 2 2 2 2
left_child=3 -2 -3 -1 5 6 -5 11 9 10 -9 -7 13 -10
right_child=1 2 -4 4 -6 7 -8 8 12 -11 -12 -13 -14 -15
leaf_value=0.0004937571109756211 0.080984075957072327 -0.091845719937337159 0.083360983383136425 -0.084324144605720561 0.089858643413371977 -0.023611532623666342 0.011079891988896494 0.027072946028349504 0.046442260513661078 -0.079208256857091708 -0.12174603467258313 0.1008613198531428 0.079777456624547952 -0.06124300147363379
leaf_weight=548.51196248061024 1.4014389483199914 0.58022131025791157 0.40183342134696431 3.2212979265605091 0.98838910242193279 19.871832105913203 1.7618007672717793 3.9091034116281644 2.7381978929042816 1.7880052464897742 0.46126286039361719 0.58368979045189817 3.1889045834541321 1.3490772470831869
leaf_count=4627 329 9 133 241 114 249 27 69 12 36 20 10 21 7
internal_value=-3.55342e-06 0.0393123 -0.0201553 -0.000162821 -0.00919762 -0.0117162 -0.0505935 -0.00599982 0.0154079 -0.014931 0.0113661 -0.0200598 0.041086 0.0108988
internal_weight=590.757 2.38349 0.982055 588.374 39.8616 38.8732 4.9831 33.8901 13.4346 6.15837 4.37037 20.4555 7.27618 4.08728
internal_count=5904 471 142 5433 806 692 268 424 165 125 89 259 40 19
is_linear=0
shrinkage=0.08


Tree=112
num_leaves=15
num_cat=0
split_feature=10 17 8 0 1 1 13 1 14 1 14 13 1 14
split_gain=0.546379 0.549932 0.502576 2.9546 10.1907 8.68205 8.47024 2.94528 3.76036 2.11964 3.40228 1.19811 1.72659 5.14567
threshold=0.68500000000000016 1.0000000180025095e-35 1.0000000180025095e-35 2.5000000000000004 11.500000000000002 15.500000000000002 1.0000000180025095e-35 17.500000000000004 1.0000000180025095e-35 8.5000000000000018 1.0000000180025095e-35 1.0000000180025095e-35 12.500000000000002 1.0000000180025095e-35
decision_type=2 2 2 2 2 2 2 2 2 2 2 2 2 2
left_child=2 -2 -1 4 6 11 9 -5 -9 10 -4 12 13 -6
right_child=1 -3 3 7 5 -7 -8 8 -10 -11 -12 -13 -14 -15
leaf_value=-0.00070791650694192968 0.080303572723490382 -0.08029831455696107 0.099005208668438704 0.083242809497002968 0.11175753430859114 0.099333250897100434 -0.03902015090787319 0.074636374025380578 -0.13683486534250863 0.099322598018706243 -0.016157583644115646 -0.053631354176673751 -0.18103464898751462 -0.1599760024072048
leaf_weight=552.58480984481866 0.92698612919775658 0.16000792774138972 2.9355210810899788 5.6175816140603265 0.61024519801139754 1.4005273282527921 7.9028302915394297 1.1225336585193872 1.0337387658655643 6.300803616642952 3.7254303395748138 1.3471307605504987 2.7632393483072519 1.6571008265018463
leaf_count=4858 555 91 18 198 3 9 37 21 9 42 27 6 15 15
internal_value=-3.43395e-06 0.0566626 -0.00010801 0.00899493 -0.00287639 -0.0810297 0.0262589 0.0527349 -0.0267451 0.0660597 0.0345953 -0.120637 -0.13858 -0.0868402
internal_weight=590.088 1.08699 589.001 36.4167 28.6428 7.77824 20.8646 7.77385 2.15627 12.9618 6.66095 6.37772 5.03059 2.26735
internal_count=5904 646 5258 400 172 48 124 228 30 87 45 39 33 18
is_linear=0
shrinkage=0.08


Tree=113
num_leaves=15
num_cat=0
split_feature=1 10 6 17 1 8 1 12 14 6 18 1 8 0
split_gain=0.544641 2.45107 3.01401 2.31129 2.00111 3.66409 2.91589 2.77395 2.91053 2.64207 2.72973 2.56553 6.4982 5.34288
threshold=10.500000000000002 1.0000000180025095e-35 0.36665000000000009 1.0000000180025095e-35 11.500000000000002 1.0000000180025095e-35 12.500000000000002 1.5000000000000002 1.0000000180025095e-35 0.36665000000000009 1.0000000180025095e-35 13.500000000000002 1.0000000180025095e-35 1.5000000000000002
decision_type=2 2 2 2 2 2 2 2 2 2 2 2 2 2
left_child=1 2 3 -1 5 9 7 8 -6 10 -2 12 13 -8
right_child=4 -3 -4 -5 6 -7 11 -9 -10 -11 -12 -13 -14 -15
leaf_value=-0.0033985044363352558 0.0040991504696962326 0.06702597296139709 -0.10423751886122483 0.058158671145870165 0.00012957434185636776 0.093668946644695592 -0.10686598485287853 -0.011621452977036404 -0.10713181955777429 -0.06493691209980311 0.039267683030146015 -0.0045601074037148375 -0.1118660311354612 0.026336679594513038
leaf_weight=284.01045286748558 63.125653376337141 3.2150878262182223 1.8777260395290785 3.9581030902918419 2.538972388021647 3.4254621514119199 1.9987351165618736 26.277492073975736 4.4687027802574448 2.9631506048608562 18.196816951036453 116.74261037093675 2.4376862375065675 53.856851790100336
leaf_count=2005 528 325 49 42 31 57 15 226 56 89 104 1839 42 496
internal_value=4.19102e-06 -0.00244061 -0.00321116 -0.00255241 0.00242446 0.0125611 -0.00184347 -0.0235478 -0.0682696 0.00926481 0.0119685 0.00228388 0.0159902 0.0215702
internal_weight=589.094 293.061 289.846 287.969 296.032 87.7111 208.321 33.2852 7.00768 84.2856 81.3225 175.036 58.2933 55.8556
internal_count=5904 2421 2096 2047 3483 778 2705 313 87 721 632 2392 553 511
is_linear=0
shrinkage=0.08


Tree=114
num_leaves=15
num_cat=0
split_feature=16 1 4 11 17 1 4 1 1 18 14 1 1 1
split_gain=0.535574 0.848289 1.04016 0.579138 1.60005 1.30162 1.71851 1.32165 6.01591 1.69371 6.08774 1.38017 1.47732 3.5806
threshold=1.0000000180025095e-35 15.500000000000002 1.0000000180025095e-35 1.0000000180025095e-35 1.0000000180025095e-35 8.5000000000000018 1.0000000180025095e-35 9.5000000000000018 10.500000000000002 1.0000000180025095e-35 1.0000000180025095e-35 15.500000000000002 12.500000000000002 11.500000000000002
decision_type=2 2 2 2 2 2 2 2 2 2 2 2 2 2
left_child=3 -2 -3 4 5 6 -1 -7 -9 10 -10 12 13 -11
right_child=1 2 -4 -5 -6 7 -8 8 9 11 -12 -13 -14 -15
leaf_value=-0.084019365798925064 0.080957378675492672 -0.090811160961589546 0.083153183402684794 0.0012697669838566809 -0.084133452096310027 0.014619614405780421 0.066952189973940798 -0.093014405913334847 -0.0014124842244269372 0.025101527413527662 -0.085166674645548279 -0.047073958901697924 0.055738281270028812 -0.098524487713371967
leaf_weight=2.5050508626445658 1.2949403930397232 0.53897122107446183 0.37164534944167826 445.17652241271571 1.6012322605529323 23.727714949229266 0.59767970093525935 4.8819826601538798 79.872946874209447 11.429681643261578 5.9693107034836421 1.9071341129601922 6.4029069167445405 1.7257922310382134
leaf_count=406 329 9 133 2683 181 274 146 108 1031 89 276 142 82 15
internal_value=4.18425e-06 0.0393524 -0.019812 -0.000143963 -0.00461952 -0.00370368 -0.0549377 -0.00253411 -0.00616206 -0.0022107 -0.00723659 0.0178882 0.0242227 0.00888373
internal_weight=588.004 2.20556 0.910617 585.798 140.621 139.02 3.10273 135.917 112.19 107.308 85.8423 21.4655 19.5584 13.1555
internal_count=5904 471 142 5433 2750 2569 552 2017 1743 1635 1307 328 186 104
is_linear=0
shrinkage=0.08


Tree=115
num_leaves=15
num_cat=0
split_feature=10 14 18 1 0 9 1 1 1 8 1 8 1 13
split_gain=0.528442 0.514731 2.44236 2.1206 2.61805 3.93393 2.63798 3.85902 2.1263 2.27089 2.02037 3.87341 2.96906 8.29708
threshold=0.68500000000000016 1.0000000180025095e-35 1.0000000180025095e-35 4.5000000000000009 1.5000000000000002 1.0000000180025095e-35 7.5000000000000009 6.5000000000000009 6.5000000000000009 1.0000000180025095e-35 16.500000000000004 1.0000000180025095e-35 15.500000000000002 1.0000000180025095e-35
decision_type=2 2 2 2 2 2 2 2 2 2 2 2 2 2
left_child=1 2 3 -1 5 6 7 -5 9 -6 12 -12 -10 -14
right_child=-2 -3 -4 4 8 -7 -8 -9 10 -11 11 -13 13 -15
leaf_value=0.047250266450480638 0.058302562403848894 0.0021944470808886707 -0.14201592337372346 -0.012919873734731113 -0.11380269549096557 -0.082338428575031333 -0.027488455755234256 0.03661335124252791 0.0035380315912197195 0.01496997433617691 -0.034518058907303029 0.074542264158651589 -0.0070078555286791234 0.1475524469587223
leaf_weight=5.4526444105431429 0.9932179173847534 302.46866062170011 0.80137177929282088 34.289336084388196 2.055012732744216 5.1594720920838872 33.796362886205316 14.249239013530312 156.86509804305388 1.5282446891069414 16.977296677418057 2.3758727777749291 6.0920521622756478 3.4998623635619879
leaf_count=110 646 2384 6 182 11 520 167 90 1306 9 359 36 35 43
internal_value=-1.42868e-06 -0.000100314 -0.00255171 -0.00215587 -0.0031288 -0.0145739 -0.0103275 0.00162136 0.0021585 -0.0588817 0.00333563 -0.0211294 0.00618006 0.0493875
internal_weight=586.604 585.611 283.142 282.34 276.888 87.4944 82.3349 48.5386 189.393 3.58326 185.81 19.3532 166.457 9.59191
internal_count=5904 5258 2874 2868 2758 959 439 272 1799 20 1779 395 1384 78
is_linear=0
shrinkage=0.08


Tree=116
num_leaves=15
num_cat=0
split_feature=7 1 6 17 5 11 0 1 9 1 1 18 14 1
split_gain=0.545811 0.6461 0.631166 0.792414 0.653021 0.604229 1.53051 1.32742 1.61572 1.17165 5.18004 1.47074 4.94963 1.2393
threshold=0.87500000000000011 25.500000000000004 0.70835000000000015 1.0000000180025095e-35 1.5000000000000002 1.0000000180025095e-35 2.5000000000000004 8.5000000000000018 1.0000000180025095e-35 9.5000000000000018 10.500000000000002 1.0000000180025095e-35 1.0000000180025095e-35 13.500000000000002
decision_type=2 2 2 2 2 2 2 2 2 2 2 2 2 2
left_child=2 5 3 -1 -4 6 7 8 -2 -9 -11 12 -12 -13
right_child=1 -3 4 -5 -6 -7 -8 9 -10 10 11 13 -14 -15
leaf_value=0.098973354693498425 0.063890239239061078 -0.082477094178374219 -0.080446975861642261 -0.087144116523845169 0.097116615964039282 0.0013832019423798763 -0.069722953467987708 0.013541045107976482 -0.08348888040264324 -0.088011769228617892 -0.0015420483654023287 0.02327100554780832 -0.076709062271362816 -0.040960749375757138
leaf_weight=1.1186252365587268 0.58803444786462966 0.60938111691211716 0.41759071481646959 0.16845283820293833 0.19420122657174943 443.86791416315828 2.2759136280801604 24.228981153049972 2.5004386924265409 4.7057625214511054 77.889888132922351 18.854466598364528 6.0414490148832547 2.140728829370345
leaf_count=75 166 52 14 7 11 2878 179 304 448 121 1053 156 297 143
internal_value=-5.83505e-06 -0.000145138 0.0428153 0.0746143 -0.0240829 -5.90946e-05 -0.00465731 -0.00357601 -0.0554284 -0.00237966 -0.00589817 -0.00221552 -0.00695263 0.0167218
internal_weight=585.602 583.703 1.89887 1.28708 0.611792 583.094 139.226 136.95 3.08847 133.861 109.632 104.927 83.9313 20.9952
internal_count=5904 5797 107 82 25 5745 2867 2688 614 2074 1770 1649 1350 299
is_linear=0
shrinkage=0.08


Tree=117
num_leaves=15
num_cat=0
split_feature=16 1 4 1 13 11 17 1 9 18 1 1 4 1
split_gain=0.552912 0.723875 0.931349 0.513854 0.630287 0.536627 1.39014 1.09887 1.43108 1.07754 2.50138 2.44482 2.39378 1.60818
threshold=1.0000000180025095e-35 15.500000000000002 1.0000000180025095e-35 3.5000000000000004 1.0000000180025095e-35 1.0000000180025095e-35 1.0000000180025095e-35 8.5000000000000018 1.0000000180025095e-35 1.0000000180025095e-35 7.5000000000000009 11.500000000000002 1.0000000180025095e-35 10.500000000000002
decision_type=2 2 2 2 2 2 2 2 2 2 2 2 2 2
left_child=3 -2 -3 4 -1 6 7 8 -5 -7 -11 13 -13 -12
right_child=1 2 -4 5 -6 9 -8 -9 -10 10 11 12 -14 -15
leaf_value=-0.013465620999083674 0.080926994740090644 -0.089232731640218554 0.083074557218454984 0.080331416401882585 -0.091256185566532505 0.0026362002592785548 -0.083837301532928607 -0.0024944798520567446 -0.083559129865977383 -0.10137569484161545 -0.0064660188695857034 -0.038745491708462837 0.09632656538664934 0.040694023116992932
leaf_weight=4.4843393834307781 1.2121622230188216 0.4743738155812024 0.34807560981425922 0.40874725254252586 0.7829912599408998 402.23547646653606 1.3912795469514083 134.45960892466246 2.0568592837953465 1.8883404582738865 11.830058649182321 14.331995338201519 0.89198014466092068 7.6011814502999178
leaf_count=37 329 9 133 130 24 2410 175 2017 401 14 55 94 19 57
internal_value=-1.00003e-05 0.0416213 -0.0163091 -0.000155448 -0.0250292 7.15824e-05 -0.0042734 -0.00346496 -0.0563894 0.00144125 -0.0117115 -0.0068258 -0.0308316 0.0119822
internal_weight=584.397 2.03461 0.822449 582.363 5.26733 577.096 138.316 136.925 2.46561 438.779 36.5436 34.6552 15.224 19.4312
internal_count=5904 471 142 5433 61 5372 2723 2548 531 2649 239 225 113 112
is_linear=0
shrinkage=0.08


Tree=118
num_leaves=15
num_cat=0
split_feature=9 2 6 5 6 10 10 1 6 6 4 13 1 1
split_gain=0.543105 0.579041 0.497041 1.28439 0.828712 0.959027 0.477387 1.39719 1.33133 2.37529 1.62177 1.66307 1.55796 1.70414
threshold=0.7250000000000002 1.0000000180025095e-35 1.1250000000000002 1.5000000000000002 1.5833500000000003 1.0000000180025095e-35 0.67500000000000016 12.500000000000002 0.70835000000000015 0.36665000000000009 1.5000000000000002 1.0000000180025095e-35 15.500000000000002 9.5000000000000018
decision_type=2 2 2 2 2 2 2 2 2 2 2 2 2 2
left_child=1 2 3 6 -4 -6 8 -8 9 -1 11 -10 13 -11
right_child=-2 -3 4 -5 5 -7 7 -9 10 12 -12 -13 -14 -15
leaf_value=0.00031357737884596783 0.081580295931244551 -0.085859648297396063 0.066803649675691065 -0.10468264814678552 -0.10928473179124173 0.080849498360940034 0.042342611857146127 -0.038526949757820769 0.056418791590955392 0.041370868471535142 -0.089745824740857863 -0.024255595040848763 0.050338221193300302 -0.078578053299238199
leaf_weight=554.27900191026856 0.52166581071651208 0.50324774766340752 1.6915265401185018 0.75143717834725876 0.43966560857370485 0.27658915470237844 1.7786838934989635 5.9118942003406119 7.1589660208410315 0.88693271740339596 0.68295048881555054 2.1195680143428035 0.92364545958116639 5.2162810658337548
leaf_count=4342 228 22 98 8 9 33 113 532 289 16 10 110 15 79
internal_value=-1.05364e-05 -8.35911e-05 -9.43658e-06 -0.000160092 0.0362631 -0.0358624 -2.44306e-05 -0.0198234 0.000242109 -0.000272379 0.0292323 0.0379897 -0.0464927 -0.0611468
internal_weight=583.142 582.62 582.117 579.709 2.40778 0.716255 578.958 7.69058 571.267 561.306 9.96148 9.27853 7.02686 6.10321
internal_count=5904 5676 5654 5514 140 42 5506 645 4861 4452 409 399 110 95
is_linear=0
shrinkage=0.08


Tree=119
num_leaves=15
num_cat=0
split_feature=7 6 17 10 15 14 18 1 0 9 1 1 6 1
split_gain=0.520003 0.572318 0.667327 0.565194 0.493398 0.499398 2.21219 1.86401 2.29983 3.53838 2.24478 3.27009 1.83243 1.82934
threshold=0.87500000000000011 0.70835000000000015 1.0000000180025095e-35 0.67500000000000016 1.0000000180025095e-35 1.0000000180025095e-35 1.0000000180025095e-35 4.5000000000000009 1.5000000000000002 1.0000000180025095e-35 7.5000000000000009 6.5000000000000009 0.58335000000000015 9.5000000000000018
decision_type=2 2 2 2 2 2 2 2 2 2 2 2 2 2
left_child=1 2 -1 -3 5 6 7 -2 9 10 11 -9 -7 -12
right_child=4 3 -4 -5 -6 12 -8 8 -10 -11 13 -13 -14 -15
leaf_value=0.097905053458486366 0.044616528839914772 0.070206009250557116 -0.086132752905041077 -0.091192966721424171 -0.081035314645569068 0.0017376412931235257 -0.13671938052676499 -0.012356971562822795 0.0019402038140637235 -0.082198861028933298 -0.041215767333109422 0.033338749694986819 0.087914561011319559 -0.0031084559470104622
leaf_weight=1.0328987109678553 5.355300703435204 0.24210780987050373 0.14363158750347782 0.32561405776505126 0.48214772806386363 298.5605393613223 0.78374834731221099 34.23243745835498 187.42244076715724 4.5875570896896525 20.067010179162025 14.172250517643986 1.5875511817357608 13.476838277652858
leaf_count=75 110 10 7 15 205 1979 6 182 2233 508 94 90 317 73
internal_value=-9.99034e-06 0.0436051 0.0754376 -0.0223636 -0.000140991 -7.37729e-05 -0.00250329 -0.00212669 -0.00304042 -0.0138276 -0.0100001 0.00102213 0.00219345 -0.0259055
internal_weight=582.472 1.74425 1.17653 0.567722 580.728 580.246 280.098 279.314 273.959 86.5361 81.9485 48.4047 300.148 33.5438
internal_count=5904 107 82 25 5797 5592 3296 3290 3180 947 439 272 2296 167
is_linear=0
shrinkage=0.08


Tree=120
num_leaves=15
num_cat=0
split_feature=9 2 1 13 11 17 1 9 1 1 18 14 1 1
split_gain=0.492652 0.532615 0.473185 0.596251 0.457931 1.25247 1.01226 1.2558 1.04044 4.69065 1.31105 4.77524 1.14103 1.4991
threshold=0.7250000000000002 1.0000000180025095e-35 3.5000000000000004 1.0000000180025095e-35 1.0000000180025095e-35 1.0000000180025095e-35 8.5000000000000018 1.0000000180025095e-35 9.5000000000000018 10.500000000000002 1.0000000180025095e-35 1.0000000180025095e-35 15.500000000000002 12.500000000000002
decision_type=2 2 2 2 2 2 2 2 2 2 2 2 2 2
left_child=1 2 3 -1 5 6 7 -4 -8 -10 11 -11 13 -12
right_child=-2 -3 4 -5 -6 -7 8 -9 9 10 12 -13 -14 -15
leaf_value=-0.012932182571801903 0.081460509512209608 -0.085422223902184971 0.08027659039547258 -0.090128339705923072 0.0014772168276467571 -0.083569627207119995 0.012803871381238303 -0.083399563768072241 -0.08627903788622987 -0.0013481036762637384 0.0062316150665099948 -0.07590798595831974 -0.045510848625333548 0.054513110153778167
leaf_weight=4.4625492952764025 0.47462810262368194 0.46761807100847264 0.35814552870579075 0.74763170420192171 437.206237732913 1.2485300413100038 24.257381395960692 1.8480921057198421 4.41596918698633 79.450771438656375 12.852148768841294 5.9061579804401836 1.7681242504622776 6.054702370427548
leaf_count=37 228 22 153 25 2752 171 302 401 114 1035 104 343 142 75
internal_value=-1.10283e-05 -7.75786e-05 -8.83882e-06 -0.0240094 0.000208496 -0.00380636 -0.00307898 -0.0568295 -0.00219864 -0.0054936 -0.00212909 -0.00650717 0.0159459 0.0216932
internal_weight=581.519 581.044 580.576 5.21018 575.366 138.16 136.911 2.20624 134.705 110.448 106.032 85.3569 20.675 18.9069
internal_count=5904 5676 5654 62 5592 2840 2669 554 2115 1813 1699 1378 321 179
is_linear=0
shrinkage=0.08


Tree=121
num_leaves=15
num_cat=0
split_feature=16 1 4 10 10 10 6 1 1 1 6 14 11 7
split_gain=0.545311 0.624968 0.817619 0.466981 0.578651 1.09841 0.913432 1.07202 0.872969 1.77474 0.894839 0.816601 0.561778 0.561645
threshold=1.0000000180025095e-35 15.500000000000002 1.0000000180025095e-35 0.68500000000000016 0.67500000000000016 0.52500000000000013 1.3666500000000001 12.500000000000002 14.500000000000002 15.500000000000002 0.58335000000000015 1.0000000180025095e-35 1.0000000180025095e-35 0.87500000000000011
decision_type=2 2 2 2 2 2 2 2 2 2 2 2 2 2
left_child=3 -2 -3 4 5 13 7 -6 -9 10 -10 12 -11 -1
right_child=1 2 -4 -5 6 -7 -8 8 9 11 -12 -13 -14 -15
leaf_value=0.071449753509325795 0.080868799407100442 -0.087899994354109487 0.083063847209448358 0.058674417074890996 0.031163242796713106 0.070150073875047139 0.09611671386321273 -0.093054163010093394 -0.080646743467300483 -0.088400836408353015 0.093456229162119403 0.094568948161462316 0.087669795027346051 -0.00022392812753465339
leaf_weight=0.70057901064865191 1.1205294247338304 0.41558974049985398 0.31451670677051879 0.8623136977548701 1.4374719974584866 1.4265859301667649 0.3890148065984248 1.7433549771085379 0.23815395031124376 2.0046129610855141 0.91419625096023083 0.19075440242886532 0.12309858156368125 568.52347140249913
leaf_count=16 329 9 133 476 20 57 5 39 30 125 5 2 5 4653
internal_value=-1.47434e-05 0.0433421 -0.0142519 -0.00015343 -0.000241242 3.99945e-05 -0.0230357 -0.0300042 -0.0468672 -0.0236679 0.0574747 -0.0639983 -0.0782143 -0.000135715
internal_weight=580.404 1.85064 0.730106 578.554 577.691 570.651 7.04066 6.65164 5.21417 3.47082 1.15235 2.31847 2.12771 569.224
internal_count=5904 471 142 5433 4957 4726 231 226 206 167 35 132 130 4669
is_linear=0
shrinkage=0.08


Tree=122
num_leaves=15
num_cat=0
split_feature=16 1 4 8 0 1 13 1 1 1 1 14 1 13
split_gain=0.502053 0.577064 0.75052 0.439364 2.573 8.35969 7.74705 7.08803 2.88682 2.95467 1.80208 2.99649 1.09715 1.03685
threshold=1.0000000180025095e-35 15.500000000000002 1.0000000180025095e-35 1.0000000180025095e-35 2.5000000000000004 11.500000000000002 1.0000000180025095e-35 15.500000000000002 17.500000000000004 18.500000000000004 8.5000000000000018 1.0000000180025095e-35 6.5000000000000009 1.0000000180025095e-35
decision_type=2 2 2 2 2 2 2 2 2 2 2 2 2 2
left_child=3 -2 -3 -1 5 6 10 13 -6 -10 11 -5 -13 -7
right_child=1 2 -4 4 8 7 -8 -9 9 -11 -12 12 -14 -15
leaf_value=-0.00069942808287871765 0.080802908143057448 -0.087260029440546602 0.082841824820376983 0.09787476896851828 0.082280698865023483 -0.12835200201962413 -0.037432342299449271 0.096749840020576364 -0.11803815450072945 0.071689288680835239 0.097077230368551759 -0.11112858839197998 0.0069737226961042323 -0.049293908394996193
leaf_weight=543.43116953807476 1.0351883349430853 0.38633668329566706 0.29108210675258306 2.7637343220412784 5.2559829689562312 4.7814183086156836 7.891312505118548 1.2708599567413328 1.1135466545820238 0.99447873048484314 5.7177905067801476 0.60494939982891116 2.9994730241596699 1.3647481799125669
leaf_count=5033 329 9 133 18 198 33 37 9 9 21 42 3 24 6
internal_value=-1.35887e-05 0.0432371 -0.0141685 -0.000141698 0.00857817 -0.00270698 0.0242209 -0.0752354 0.0505592 -0.0285326 0.0644763 0.0352049 -0.012848 -0.110797
internal_weight=579.902 1.71261 0.677419 578.189 34.7583 27.3943 19.9773 7.41703 7.36401 2.10803 12.0859 6.36816 3.60442 6.14617
internal_count=5904 471 142 5433 400 172 124 48 228 30 87 45 27 39
is_linear=0
shrinkage=0.08


Tree=123
num_leaves=15
num_cat=0
split_feature=16 1 4 14 18 1 1 1 17 1 1 0 13 1
split_gain=0.462172 0.532824 0.689224 0.422388 1.93572 1.85119 1.81371 3.46017 1.76905 1.66723 2.08202 3.13376 2.87274 4.19821
threshold=1.0000000180025095e-35 15.500000000000002 1.0000000180025095e-35 1.0000000180025095e-35 1.0000000180025095e-35 20.500000000000004 8.5000000000000018 4.5000000000000009 1.0000000180025095e-35 10.500000000000002 13.500000000000002 1.5000000000000002 1.0000000180025095e-35 11.500000000000002
decision_type=2 2 2 2 2 2 2 2 2 2 2 2 2 2
left_child=3 -2 -3 4 -1 6 7 8 -5 -8 11 12 13 -11
right_child=1 2 -4 5 -6 -7 9 -9 -10 10 -12 -13 -14 -15
leaf_value=-0.0020127532156365012 0.080741953452033416 -0.086674120332580498 0.082634897865869097 -0.020742275236882001 -0.12980770110353845 0.060335482260333979 -0.015082238640233253 0.01762020982404796 0.096558653079832982 0.15903239381476719 -0.008511767035276235 0.015691409875257599 -0.11553095963460756 -0.11463909605619639
leaf_weight=278.34189577112556 0.9562914242123941 0.35894635878503323 0.26934824387717526 23.67062687686121 0.76064064726233382 3.4377275064471169 55.351704622880789 81.289584752259543 0.8524792492389669 0.75365935178706356 67.111317730043083 62.779209552740213 2.2873183283954859 0.68463198747485876
leaf_count=3126 329 9 133 140 6 88 350 517 6 10 632 536 15 7
internal_value=-5.83528e-06 0.04314 -0.0140918 -0.000124259 -0.00236103 0.00196914 0.00128847 0.00967437 -0.0166646 -0.00340722 0.00142927 0.011461 -0.0598252 0.0287638
internal_weight=578.905 1.58459 0.628295 577.321 279.103 298.218 294.781 105.813 24.5231 188.968 133.616 66.5048 3.72561 1.43829
internal_count=5904 471 142 5433 3132 2301 2213 663 146 1550 1200 568 32 17
is_linear=0
shrinkage=0.08


Tree=124
num_leaves=15
num_cat=0
split_feature=10 17 1 14 8 6 1 11 6 18 1 8 1 18
split_gain=0.446917 0.423843 0.419796 1.30968 3.26499 1.60297 1.42845 1.5074 1.19306 1.15676 0.948929 0.916895 2.48001 0.826482
threshold=0.68500000000000016 1.0000000180025095e-35 16.500000000000004 1.0000000180025095e-35 1.0000000180025095e-35 1.2916500000000002 20.500000000000004 1.0000000180025095e-35 0.29165000000000002 1.0000000180025095e-35 18.500000000000004 1.0000000180025095e-35 17.500000000000004 1.0000000180025095e-35
decision_type=2 2 2 2 2 2 2 2 2 2 2 2 2 2
left_child=2 -2 -1 4 5 -4 8 -8 9 11 -11 -5 -13 -9
right_child=1 -3 3 6 -6 -7 7 13 -10 10 -12 12 -14 -15
leaf_value=0.00048163909502175339 0.080261566732635986 -0.080193747890897851 -0.040339556477216709 0.0050194420123236671 0.070235120668742712 0.081220910087315537 -0.080684084520744756 0.10133971241688737 0.080627554266744478 0.00082563023998544118 -0.13769817518789956 0.085060415558120037 -0.13230468818963551 0.0099044440491612654
leaf_weight=539.07676646104665 0.74175708135953655 0.12280356069095433 15.99243831225613 11.832076556223909 2.1240713205188504 0.72576584422495294 0.46742170464130994 2.0972636640071873 1.0034113150322799 0.53414036286994881 0.77672599162906408 0.50019213929772433 1.0229703783988953 0.90599499642848957
leaf_count=4596 555 91 358 103 36 9 73 15 29 9 9 9 6 6
internal_value=-5.00086e-06 0.0574702 -9.11113e-05 -0.00822003 -0.0231923 -0.0350624 0.00651921 0.0529568 -0.00376635 -0.00954033 -0.0812537 -0.0025014 -0.060924 0.0737564
internal_weight=577.924 0.864561 577.059 37.9825 18.8423 16.7182 19.1402 3.47068 15.6695 14.6661 1.31087 13.3552 1.52316 3.00326
internal_count=5904 646 5258 662 403 367 259 94 165 136 18 118 15 21
is_linear=0
shrinkage=0.08


Tree=125
num_leaves=15
num_cat=0
split_feature=7 6 17 10 1 12 12 1 13 1 14 1 0 1
split_gain=0.454797 0.490705 0.561946 0.432156 0.429074 1.87849 1.12155 1.31906 1.37326 2.79031 1.10271 1.89077 1.25735 2.31602
threshold=0.87500000000000011 0.70835000000000015 1.0000000180025095e-35 0.67500000000000016 16.500000000000004 1.5000000000000002 2.5000000000000004 19.500000000000004 1.0000000180025095e-35 21.500000000000004 1.0000000180025095e-35 22.500000000000004 2.5000000000000004 20.500000000000004
decision_type=2 2 2 2 2 2 2 2 2 2 2 2 2 2
left_child=1 2 -1 -3 -2 -6 7 -7 10 -10 11 -9 -12 -14
right_child=4 3 -4 -5 5 6 -8 8 9 -11 12 -13 13 -15
leaf_value=0.096331235380972782 0.00045037823418356732 0.063796431494565764 -0.085443768249804375 -0.086678793309598184 -0.0610674526655096 -0.017468093453197556 0.088603016798965303 0.027753056978650908 -0.10681496043551469 0.090538625999442873 0.089824467123391635 -0.092195559228606699 -0.059858606921612038 0.095262072790278846
leaf_weight=0.91600014145660569 539.22688615409425 0.21463506526197296 0.12352196266874671 0.28347592145655653 3.8885334586666422 19.687411209182759 0.8470448289772311 3.6862234539221372 1.4161830339871806 0.6780183724258676 2.8282989710569382 1.0896908195281865 1.333961606025696 1.1445288509130476
leaf_count=75 4959 10 7 15 278 272 130 67 26 17 12 21 6 9
internal_value=-2.53317e-06 0.0434478 0.0747317 -0.0218393 -0.000118559 -0.00850072 -0.0022519 -0.00466708 0.0160294 -0.0429198 0.0282733 0.000385123 0.0533715 0.0117737
internal_weight=577.364 1.53763 1.03952 0.498111 575.827 36.5999 32.7114 31.8643 12.1769 2.0942 10.0827 4.77591 5.30679 2.47849
internal_count=5904 107 82 25 5797 838 560 430 158 43 115 88 27 15
is_linear=0
shrinkage=0.08


Tree=126
num_leaves=15
num_cat=0
split_feature=1 10 6 17 1 8 1 6 13 14 12 18 11 1
split_gain=0.455823 2.05718 2.73825 2.07727 1.4295 3.18615 2.39918 2.32776 2.34865 2.75017 2.23445 2.19722 2.11636 1.94689
threshold=10.500000000000002 1.0000000180025095e-35 0.36665000000000009 1.0000000180025095e-35 11.500000000000002 1.0000000180025095e-35 12.500000000000002 0.36665000000000009 1.0000000180025095e-35 1.0000000180025095e-35 1.5000000000000002 1.0000000180025095e-35 1.0000000180025095e-35 13.500000000000002
decision_type=2 2 2 2 2 2 2 2 2 2 2 2 2 2
left_child=1 2 3 -1 5 7 11 8 10 12 -2 -6 -10 -8
right_child=4 -3 -4 -5 6 -7 13 -9 9 -11 -12 -13 -14 -15
leaf_value=-0.0030876089803594832 0.0072989542448550909 0.067592736979114706 -0.10404902150151196 0.056634226170032047 -0.011913825308418403 0.091744020960498024 0.014434231511961724 -0.064082285884285786 -0.020591828700023615 -0.079147276233796304 0.039651496345081659 -0.067282806545108931 0.053036383712298234 -0.0036989888875426087
leaf_weight=280.75429633352906 44.391817514842842 2.6742542240390312 1.70270179597719 3.7775662494823328 26.924782968475483 3.0115569191984823 57.061189281143015 2.7731902960367725 8.5692668389528972 3.5568170421756795 19.737218501279131 5.5287999255815512 3.5268025840632609 112.81144429871347
leaf_count=2005 263 325 49 42 279 57 553 89 144 54 128 34 43 1839
internal_value=-2.53948e-06 -0.00224751 -0.00290001 -0.00229472 0.00225035 0.0109188 -0.00141566 0.00797033 0.0104749 -0.017308 0.0172562 -0.0213465 0.000875655 0.00239206
internal_weight=576.802 288.909 286.235 284.532 287.893 85.5667 202.326 82.5551 79.7819 15.6529 64.129 32.4536 12.0961 169.873
internal_count=5904 2421 2096 2047 3483 778 2705 721 632 241 391 313 187 2392
is_linear=0
shrinkage=0.08


Tree=127
num_leaves=15
num_cat=0
split_feature=6 6 9 1 11 0 14 1 1 10 13 1 4 11
split_gain=0.46271 2.9874 1.35331 2.25791 1.38881 1.97741 1.42251 1.18538 1.10797 0.952572 0.94865 1.18758 1.95469 1.35075
threshold=0.58335000000000015 0.36665000000000009 1.0000000180025095e-35 10.500000000000002 1.0000000180025095e-35 2.5000000000000004 1.0000000180025095e-35 9.5000000000000018 16.500000000000004 0.66500000000000015 1.0000000180025095e-35 12.500000000000002 1.0000000180025095e-35 1.0000000180025095e-35
decision_type=2 2 2 2 2 2 2 2 2 2 2 2 2 2
left_child=1 -1 -2 9 6 -6 -5 -3 10 -4 11 -9 -13 -14
right_child=2 7 3 4 5 -7 -8 8 -10 -11 -12 12 13 -15
leaf_value=0.00025197051211965123 0.076435049397136481 0.039505629383141283 -0.10062474115661588 -0.0066087238812955057 0.091669942831491158 -0.056775950897840051 0.088491740442387459 -0.10635369075508043 0.028615473015938499 0.0805881759815259 -0.13371659736897704 -0.09378860765717574 -0.081291926689209246 0.099601019112279143
leaf_weight=549.60898987900873 1.8938882671936905 0.81209234055131574 1.5931841613200983 10.826463632714873 2.6944148245238462 0.72987189324339841 1.1098184039328778 1.8039420777349731 0.7450999640932422 0.21013925399165589 1.3488094815984366 1.2206904385238886 0.37108643911778927 0.91707931458950043
leaf_count=4402 275 16 66 399 187 129 127 45 113 27 57 18 37 6
internal_value=-6.53366e-08 -0.000419585 0.0122574 0.00517594 0.0151178 0.0600293 0.00223358 -0.051549 -0.0630907 -0.0795082 -0.0751598 -0.0568464 -0.0212492 0.0474906
internal_weight=575.886 556.828 19.0578 17.1639 15.3606 3.42429 11.9363 7.2188 6.40671 1.80332 5.66161 4.3128 2.50886 1.28817
internal_count=5904 4694 1210 935 842 316 526 292 276 93 163 106 61 43
is_linear=0
shrinkage=0.08


Tree=128
num_leaves=15
num_cat=0
split_feature=9 16 1 4 11 17 1 4 1 1 13 18 14 1
split_gain=0.459705 0.425832 0.50798 0.583366 0.405512 1.19983 1.01262 1.03632 0.938542 4.44309 1.03177 0.974569 4.84308 1.07033
threshold=0.7250000000000002 1.0000000180025095e-35 15.500000000000002 1.0000000180025095e-35 1.0000000180025095e-35 1.0000000180025095e-35 8.5000000000000018 1.0000000180025095e-35 9.5000000000000018 10.500000000000002 1.0000000180025095e-35 1.0000000180025095e-35 1.0000000180025095e-35 13.500000000000002
decision_type=2 2 2 2 2 2 2 2 2 2 2 2 2 2
left_child=1 4 -3 -4 5 6 7 -1 10 -10 -8 12 -11 -13
right_child=-2 2 3 -5 -6 -7 8 -9 9 11 -12 13 -14 -15
leaf_value=-0.083184602457890083 0.081534844294226694 0.080774370012511434 -0.086255289245992336 0.083011198036008968 0.0010094319298566805 -0.0831694848362967 0.020289466943978946 0.066505757124836987 -0.087929518000894838 -0.0014444040897495494 -0.020647744425011213 0.019557526478744602 -0.084270028991124082 -0.041520825384254209
leaf_weight=1.7667667567584424 0.44222025441558699 0.88812347903876687 0.32123191840946674 0.21925171973271063 438.21138917491771 1.214291641517774 19.144283832138175 0.35556558571988706 4.0378385429503387 78.492892817477696 4.9614261891692868 18.149592809058962 4.7942352486279551 2.0428914168151087
leaf_count=406 228 326 9 68 2590 181 155 146 108 964 119 157 276 171
internal_value=1.90572e-08 -6.27313e-05 0.0435599 -0.0175909 -0.000171459 -0.00400579 -0.00328705 -0.0581062 -0.00240313 -0.00560181 0.0118638 -0.00238933 -0.00621207 0.0133782
internal_weight=575.042 574.6 1.42861 0.540484 573.171 134.96 133.745 2.12233 131.623 107.517 24.1057 103.48 83.2871 20.1925
internal_count=5904 5676 403 77 5273 2683 2502 552 1950 1676 274 1568 1240 328
is_linear=0
shrinkage=0.08


Tree=129
num_leaves=15
num_cat=0
split_feature=7 6 17 6 6 0 1 9 1 11 14 1 10 1
split_gain=0.428469 0.452774 0.477406 0.409517 2.84806 1.3234 1.27428 1.23663 1.97842 1.89727 1.30516 1.062 0.882932 0.834339
threshold=0.87500000000000011 0.70835000000000015 1.0000000180025095e-35 0.70835000000000015 0.36665000000000009 2.5000000000000004 17.500000000000004 1.0000000180025095e-35 10.500000000000002 1.0000000180025095e-35 1.0000000180025095e-35 9.5000000000000018 0.66500000000000015 16.500000000000004
decision_type=2 2 2 2 2 2 2 2 2 2 2 2 2 2
left_child=1 2 -1 4 -2 6 7 -5 12 10 -10 -6 -9 -13
right_child=3 -3 -4 5 11 -7 -8 8 9 -11 -12 13 -14 -15
leaf_value=0.095289047669838658 0.00017335511964663961 -0.020537585840389939 -0.084611907344144727 0.075758217790125232 0.037046476844284061 -0.076388631582492858 0.10028987494067641 -0.098752988591384261 -0.0089191985519893636 0.088631519067668876 0.089510055035392513 -0.073013584848822602 0.080209286133769014 0.0058417784318452468
leaf_weight=0.85127212833322008 548.06346166395815 0.46998621195234591 0.10618177568539977 1.7010346254974145 0.79820156435016443 1.0174054472590786 1.1127132732945018 1.4895529880304863 8.7108433322282455 1.8812926872924443 0.95688821244402866 5.5055759243332432 0.20014110938063812 1.0174312394374281
leaf_count=75 4354 25 7 269 16 38 74 66 258 159 97 193 27 246
internal_value=-4.49603e-06 0.0437709 0.075338 -0.000113652 -0.000488775 0.0120913 0.0176992 0.0115478 0.00329749 0.0151268 0.000823086 -0.0500556 -0.0775552 -0.0607141
internal_weight=573.882 1.42744 0.957454 572.455 555.385 17.0699 16.0525 14.9398 13.2387 11.549 9.66773 7.32121 1.68969 6.52301
internal_count=5904 107 82 5797 4809 988 950 876 607 514 355 455 93 439
is_linear=0
shrinkage=0.08


Tree=130
num_leaves=15
num_cat=0
split_feature=1 10 6 17 13 0 1 1 6 11 1 8 1 13
split_gain=0.411032 1.62405 2.06713 1.80477 1.39261 1.26282 1.75263 1.66662 2.65483 2.37563 1.79495 7.98668 4.02199 3.77951
threshold=10.500000000000002 1.0000000180025095e-35 0.36665000000000009 1.0000000180025095e-35 1.0000000180025095e-35 1.5000000000000002 14.500000000000002 13.500000000000002 0.36665000000000009 1.0000000180025095e-35 12.500000000000002 1.0000000180025095e-35 11.500000000000002 1.0000000180025095e-35
decision_type=2 2 2 2 2 2 2 2 2 2 2 2 2 2
left_child=1 2 3 -1 -5 6 -2 8 9 -7 12 -12 -11 -14
right_child=5 -3 -4 4 -6 7 -8 -9 -10 10 11 -13 13 -15
leaf_value=-0.0029048691113423442 -0.038110531480709517 0.066048666710604831 -0.096668434145271542 0.096045396418692822 -0.0031202607247098517 0.0014665401726025741 0.035108519968878149 -0.0043611528927757258 -0.033625817346479861 0.034235287459716011 0.055956248276292593 -0.10184104212465651 -0.02921445130419769 0.044935652228393734
leaf_weight=280.43306821590522 9.9096829745103587 2.2184353775010086 1.4893416752820474 2.1055150511674574 1.5913254440529274 81.332233107197681 2.6522775103803715 109.21607760958432 9.0850563901039987 26.716701306868345 20.364472868037414 2.2829283541068426 17.920525970403109 5.8308155685663214
leaf_count=2005 116 325 49 18 24 626 18 1808 346 253 138 39 110 29
internal_value=-3.01443e-06 -0.00213596 -0.00266556 -0.00217281 0.053359 0.00214882 -0.0226514 0.00329104 0.00840159 0.0108738 0.0213382 0.0400498 0.0129414 -0.011011
internal_weight=573.148 287.838 285.619 284.13 3.69684 285.311 12.562 272.749 163.533 154.448 73.1154 22.6474 50.468 23.7513
internal_count=5904 2421 2096 2047 42 3483 134 3349 1541 1195 569 177 392 139
is_linear=0
shrinkage=0.08


end of trees

feature_importances:
Column_1=498
Column_10=139
Column_6=130
Column_0=114
Column_17=112
Column_9=102
Column_8=95
Column_16=91
Column_14=90
Column_18=78
Column_4=75
Column_13=70
Column_11=69
Column_15=54
Column_12=44
Column_7=35
Column_5=27
Column_2=11

parameters:
[boosting: gbdt]
[objective: binary]
[metric: binary_logloss]
[tree_learner: serial]
[device_type: cpu]
[data_sample_strategy: bagging]
[data: ]
[valid: ]
[num_iterations: 150]
[learning_rate: 0.08]
[num_leaves: 15]
[num_threads: 0]
[seed: 0]
[deterministic: 0]
[force_col_wise: 0]
[force_row_wise: 0]
[histogram_pool_size: -1]
[max_depth: -1]
[min_data_in_leaf: 5]
[min_sum_hessian_in_leaf: 0.001]
[bagging_fraction: 1]
[pos_bagging_fraction: 1]
[neg_bagging_fraction: 1]
[bagging_freq: 0]
[bagging_seed: 3]
[bagging_by_query: 0]
[feature_fraction: 1]
[feature_fraction_bynode: 1]
[feature_fraction_seed: 2]
[extra_trees: 0]
[extra_seed: 6]
[early_stopping_round: 0]
[early_stopping_min_delta: 0]
[first_metric_only: 0]
[max_delta_step: 0]
[lambda_l1: 0]
[lambda_l2: 0]
[linear_lambda: 0]
[min_gain_to_split: 0]
[drop_rate: 0.1]
[max_drop: 50]
[skip_drop: 0.5]
[xgboost_dart_mode: 0]
[uniform_drop: 0]
[drop_seed: 4]
[top_rate: 0.2]
[other_rate: 0.1]
[min_data_per_group: 100]
[max_cat_threshold: 32]
[cat_l2: 10]
[cat_smooth: 10]
[max_cat_to_onehot: 4]
[top_k: 20]
[monotone_constraints: ]
[monotone_constraints_method: basic]
[monotone_penalty: 0]
[feature_contri: ]
[forcedsplits_filename: ]
[refit_decay_rate: 0.9]
[cegb_tradeoff: 1]
[cegb_penalty_split: 0]
[cegb_penalty_feature_lazy: ]
[cegb_penalty_feature_coupled: ]
[path_smooth: 0]
[interaction_constraints: ]
[verbosity: -1]
[saved_feature_importance_type: 0]
[use_quantized_grad: 0]
[num_grad_quant_bins: 4]
[quant_train_renew_leaf: 0]
[stochastic_rounding: 1]
[linear_tree: 0]
[max_bin: 255]
[max_bin_by_feature: ]
[min_data_in_bin: 3]
[bin_construct_sample_cnt: 200000]
[data_random_seed: 1]
[is_enable_sparse: 1]
[enable_bundle: 1]
[use_missing: 1]
[zero_as_missing: 0]
[feature_pre_filter: 0]
[pre_partition: 0]
[two_round: 0]
[header: 0]
[label_column: ]
[weight_column: ]
[group_column: ]
[ignore_column: ]
[categorical_feature: ]
[forcedbins_filename: ]
[precise_float_parser: 0]
[parser_config_file: ]
[objective_seed: 5]
[num_class: 1]
[is_unbalance: 0]
[scale_pos_weight: 1]
[sigmoid: 1]
[boost_from_average: 1]
[reg_sqrt: 0]
[alpha: 0.9]
[fair_c: 1]
[poisson_max_delta_step: 0.7]
[tweedie_variance_power: 1.5]
[lambdarank_truncation_level: 30]
[lambdarank_norm: 1]
[label_gain: ]
[lambdarank_position_bias_regularization: 0]
[eval_at: ]
[multi_error_top_k: 1]
[auc_mu_weights: ]
[num_machines: 1]
[local_listen_port: 12400]
[time_out: 120]
[machine_list_filename: ]
[machines: ]
[gpu_platform_id: -1]
[gpu_device_id: -1]
[gpu_device_id_list: ]
[gpu_use_dp: 0]
[num_gpu: 1]

end of parameters

pandas_categorical:null
