tree
version=v4
num_class=1
num_tree_per_iteration=1
label_index=0
max_feature_idx=21
objective=binary sigmoid:1
feature_names=Column_0 Column_1 Column_2 Column_3 Column_4 Column_5 Column_6 Column_7 Column_8 Column_9 Column_10 Column_11 Column_12 Column_13 Column_14 Column_15 Column_16 Column_17 Column_18 Column_19 Column_20 Column_21
feature_infos=[1:7] [3:54] [0:1] [0:1] [0:3] [0:4] [0:2] [0.40000000000000002:1] [0:1] [0:0.90000000000000002] [0:0.84999999999999998] [0:0.5] [1:3] [0:1] [0:1] [0:1] [0:1] [0:1] [0:1] [0:1] [0:1] [0:1]
tree_sizes=1728 1725 1728 1740 1742 1739 1747 1731 1736 1729 1739 1742 1748 1747 1738 1749 1736 1743 1738 1754 1743 1738 1747 1744 1744 1753 1747 1745 1737 1747 1750 1741 1746 1756 1732 1755 1758 1749 1750 1735 1750 1758 1748 1747 1753 1754 1755 1762 1753 1749 1755 1758 1754 1759 1754 1762 1762 1768 1770 1760 1773 1763 1757 1760 1766 1739 1750 1754 1766 1753 1756 1750 1764 1765 1769 1781 1774 1775 1771 1764 1772 1793 1772 1787 1790 1769 1789 1763 1777 1788 1784 1781 1774 1778 1778 1777 1758 1788 1785 1783 1772 1784 1781 1767 1775 1779 1767 1768 1783 1782 1768 1786 1769 1774 1761 1772 1782 1792 1773 1774 1783 1790 1791

Tree=0
num_leaves=15
num_cat=0
split_feature=6 16 17 11 21 19 19 19 18 6 10 10 20 9
split_gain=788.649 556.029 336.655 224.898 169.06 178.214 138.078 86.9797 296.104 72.9426 67.5106 65.8885 56.5504 38.3001
threshold=0.58335000000000015 1.0000000180025095e-35 1.0000000180025095e-35 1.0000000180025095e-35 1.0000000180025095e-35 0.29165000000000002 0.41665000000000002 0.41665000000000002 1.0000000180025095e-35 1.0000000180025095e-35 0.67500000000000016 0.68500000000000016 1.0000000180025095e-35 1.0000000180025095e-35
decision_type=2 2 2 2 2 2 2 2 2 2 2 2 2 2
left_child=1 3 6 7 5 -5 12 8 9 -1 -11 13 -2 -8
right_child=2 -3 -4 4 -6 -7 11 -9 -10 10 -12 -13 -14 -15
leaf_value=-0.15330743308195996 0.12606782330974214 0.1310534840983878 -0.18902593853266217 0.12548688544393474 -0.17473667859377601 -0.15577093358398164 0.13105348409838763 -0.186863239731101 0.1310534840983878 0.099045541835282747 -0.1513695358701857 0.1310534840983878 -0.10072816677237253 -0.15346155824032329
leaf_weight=230.69274304807186 240.69026170670986 67.983126878738403 28.742866143584251 57.485732287168503 27.993052244186401 19.245223417878151 3.4991315305233028 147.96327614784241 28.992804110050201 14.996277987957003 12.746836289763449 9.4976427257060987 7.2482010275125495 22.494416981935501
leaf_count=923 963 272 115 230 112 77 14 592 116 60 51 38 29 90
internal_value=-0.0315072 -0.0845693 0.0718554 -0.111709 -0.0064508 0.0549434 0.0983117 -0.137027 -0.111372 -0.138569 -0.01601 -0.049273 0.119438 -0.115161
internal_weight=920.272 608.099 312.173 540.116 104.724 76.731 283.43 435.392 287.429 258.436 27.7431 35.4912 247.938 25.9935
internal_count=3682 2433 1249 2161 419 307 1134 1742 1150 1034 111 142 992 104
is_linear=0
shrinkage=1


Tree=1
num_leaves=15
num_cat=0
split_feature=6 16 17 11 0 19 19 19 18 6 10 10 20 9
split_gain=670.937 473.207 286.413 191.729 146.112 158.84 117.222 74.8786 251.942 62.18 57.3574 56.04 48.0748 32.5943
threshold=0.58335000000000015 1.0000000180025095e-35 1.0000000180025095e-35 1.0000000180025095e-35 1.5000000000000002 0.41665000000000002 0.41665000000000002 0.41665000000000002 1.0000000180025095e-35 1.0000000180025095e-35 0.67500000000000016 0.68500000000000016 1.0000000180025095e-35 1.0000000180025095e-35
decision_type=2 2 2 2 2 2 2 2 2 2 2 2 2 2
left_child=1 3 6 7 -5 -6 12 8 9 -1 -11 13 -2 -8
right_child=2 -3 -4 4 5 -7 11 -9 -10 10 -12 -13 -14 -15
leaf_value=-0.1127094016573132 0.14552014866014326 0.15017366856098607 -0.14622120275160844 -0.14741270982475424 0.14202441709900457 -0.11692105095105511 0.15017366856098593 -0.14418348347900561 0.15017366856098607 0.12037756908897194 -0.11089927824603985 0.15017366856098607 -0.06383433629799555 -0.11285339611420137
leaf_weight=229.39944837987423 239.79596668481827 67.708856582641602 28.494706302881241 24.562952503561974 59.259287327528 20.373039394617081 3.4850146770477322 146.71552085876465 28.87583589553833 14.963272511959078 12.677243784070013 9.4593255519866926 7.2316412329673758 22.368047386407852
leaf_count=923 963 272 115 99 238 82 14 592 116 60 51 38 29 90
internal_value=-1.05892e-05 -0.0491225 0.095506 -0.0742593 0.0231617 0.0757761 0.119902 -0.0977222 -0.073881 -0.0990512 0.0143031 -0.0164365 0.139391 -0.0773971
internal_weight=915.37 604.535 310.835 536.827 104.195 79.6323 282.34 432.631 285.916 257.04 27.6405 35.3124 247.028 25.8531
internal_count=3682 2433 1249 2161 419 320 1134 1742 1150 1034 111 142 992 104
is_linear=0
shrinkage=0.08


Tree=2
num_leaves=15
num_cat=0
split_feature=6 16 17 11 0 19 19 19 18 10 10 10 20 0
split_gain=576.778 406.959 246.4 164.778 125.793 136.34 100.794 65.7326 216.221 53.8989 59.5324 48.1585 41.4701 29.597
threshold=0.58335000000000015 1.0000000180025095e-35 1.0000000180025095e-35 1.0000000180025095e-35 1.5000000000000002 0.41665000000000002 0.41665000000000002 0.41665000000000002 1.0000000180025095e-35 1.0000000180025095e-35 0.67500000000000016 0.68500000000000016 1.0000000180025095e-35 1.5000000000000002
decision_type=2 2 2 2 2 2 2 2 2 2 2 2 2 2
left_child=1 3 6 7 -5 -6 12 8 9 13 -11 -8 -2 -1
right_child=2 -3 -4 4 5 -7 11 -9 -10 10 -12 -13 -14 -15
leaf_value=-0.14131409901751238 0.13589655407972465 0.14038854897969086 -0.13721290873208733 -0.13817750616348309 0.13245245892186255 -0.10898307576048892 -0.072116713993967491 -0.13523179375655156 0.14038854897969086 0.144238552915011 -0.10324617061178934 0.14038854897969086 -0.05898632106860513 -0.082001406031738014
leaf_weight=86.461349487304688 236.36458075046539 66.673017978668213 27.957086339592934 24.125151336193085 58.487421527504921 20.118362575769424 25.537422776222229 144.01802468299866 28.434081196784973 12.350741028785707 12.53323759138584 9.3146128058433515 7.2011369168758383 142.72421228885651
leaf_count=352 963 272 115 99 238 82 104 592 116 50 51 38 29 581
internal_value=-1.24669e-05 -0.0458741 0.0891923 -0.0693386 0.0216166 0.0706595 0.111927 -0.0912459 -0.0688222 -0.092236 0.0195887 -0.0153222 0.130135 -0.104377
internal_weight=902.3 595.926 306.375 529.253 102.731 78.6058 278.418 426.522 282.504 254.07 24.884 34.852 243.566 229.186
internal_count=3682 2433 1249 2161 419 320 1134 1742 1150 1034 101 142 992 933
is_linear=0
shrinkage=0.08


Tree=3
num_leaves=15
num_cat=0
split_feature=6 16 17 11 0 19 19 19 18 10 10 10 20 9
split_gain=499.702 352.922 213.704 142.519 109.251 117.988 87.9357 58.5802 186.855 46.3969 51.4454 41.5552 36.1906 28.1126
threshold=0.58335000000000015 1.0000000180025095e-35 1.0000000180025095e-35 1.0000000180025095e-35 1.5000000000000002 0.41665000000000002 0.41665000000000002 0.41665000000000002 1.0000000180025095e-35 1.0000000180025095e-35 0.67500000000000016 0.68500000000000016 1.0000000180025095e-35 1.0000000180025095e-35
decision_type=2 2 2 2 2 2 2 2 2 2 2 2 2 2
left_child=1 3 6 7 -5 -6 12 8 9 -1 -11 13 -2 -8
right_child=2 -3 -4 4 5 -7 11 -9 -10 10 -12 -13 -14 -15
leaf_value=-0.097689471614517798 0.12803153265297049 0.13247888845470709 -0.12987733020483938 -0.13067309841646871 0.12456623159053246 -0.10213565332770071 0.14490445666047133 -0.12790477379036877 0.13247888845470709 0.13561010638995749 -0.09658859661319491 0.13247888845470709 -0.054590729313811037 -0.10044759570784755
leaf_weight=225.45007030665874 231.02644836902618 65.065410375595093 27.203471437096596 23.495010122656822 57.263743951916695 19.764119207859039 3.4620157778263119 140.23838782310486 27.748483836650848 12.095660716295244 12.333451911807058 9.0900205671787244 7.160171076655387 21.867836862802505
leaf_count=933 963 272 115 99 238 82 14 592 116 50 51 38 29 90
internal_value=-9.06682e-06 -0.0431431 0.0839332 -0.0651862 0.0203371 0.0663981 0.105269 -0.0857599 -0.0644712 -0.086342 0.0183807 -0.0142556 0.122542 -0.0669135
internal_weight=883.264 583.454 299.81 518.389 100.523 77.0279 272.606 417.866 277.628 249.879 24.4291 34.4199 238.187 25.3299
internal_count=3682 2433 1249 2161 419 320 1134 1742 1150 1034 101 142 992 104
is_linear=0
shrinkage=0.08


Tree=4
num_leaves=15
num_cat=0
split_feature=6 16 17 11 0 19 19 19 18 0 13 10 20 6
split_gain=435.919 308.09 186.758 123.852 95.5557 102.777 77.0985 52.8887 162.334 43.3124 38.7593 36.2062 31.8852 26.9542
threshold=0.58335000000000015 1.0000000180025095e-35 1.0000000180025095e-35 1.0000000180025095e-35 1.5000000000000002 0.41665000000000002 0.41665000000000002 0.41665000000000002 1.0000000180025095e-35 1.5000000000000002 1.0000000180025095e-35 0.68500000000000016 1.0000000180025095e-35 1.0000000180025095e-35
decision_type=2 2 2 2 2 2 2 2 2 2 2 2 2 2
left_child=1 3 6 7 -5 -6 12 8 9 -1 13 -8 -2 -11
right_child=2 -3 -4 4 5 -7 11 -9 -10 10 -12 -13 -14 -15
leaf_value=-0.12827946083890285 0.12147896887039795 0.1259673768065771 -0.12380242405305722 -0.12446896187518167 0.11793880354289289 -0.096127269291452128 -0.062816909643300126 -0.12180236631138847 0.1259673768065771 -0.04741810203871541 -0.11119346293787358 0.1259673768065771 -0.050581106058332555 0.058334950149213409
leaf_weight=82.619165897369385 224.28226339817047 63.036554336547852 26.292246803641319 22.724088698625565 55.706253796815872 19.337036490440369 24.84298637509346 135.6689190864563 26.883236408233643 87.816041618585587 55.705349743366241 8.8065774440765363 7.1115702986717215 18.711535260081291
leaf_count=352 963 272 115 99 238 82 104 592 116 369 234 38 29 79
internal_value=-5.9094e-07 -0.0407951 0.0795632 -0.0616041 0.0192566 0.0627786 0.0997371 -0.0810088 -0.0606419 -0.0811304 -0.0571191 -0.0134093 0.116191 -0.0288426
internal_weight=859.544 568.208 291.336 505.172 97.7674 75.0433 265.043 407.404 271.735 244.852 162.233 33.6496 231.394 106.528
internal_count=3682 2433 1249 2161 419 320 1134 1742 1150 1034 682 142 992 448
is_linear=0
shrinkage=0.08


Tree=5
num_leaves=15
num_cat=0
split_feature=6 16 17 11 0 19 19 19 18 10 0 13 20 9
split_gain=382.077 270.374 164.016 107.977 84.0621 90.6661 68.9152 48.3225 141.58 45.838 39.6236 34.3403 33.3221 30.7686
threshold=0.58335000000000015 1.0000000180025095e-35 1.0000000180025095e-35 1.0000000180025095e-35 1.5000000000000002 0.29165000000000002 0.29165000000000002 0.41665000000000002 1.0000000180025095e-35 0.52500000000000013 1.5000000000000002 1.0000000180025095e-35 1.0000000180025095e-35 1.0000000180025095e-35
decision_type=2 2 2 2 2 2 2 2 2 2 2 2 2 2
left_child=1 3 6 7 -5 -6 12 8 10 13 -1 -12 -2 -8
right_child=2 -3 -4 4 5 -7 9 -9 -10 -11 11 -13 -14 -15
leaf_value=-0.12246698278255794 0.11841853681299931 0.12052684995205205 -0.11870182440237351 -0.1192671445381481 0.11476045797481646 -0.085046445497999099 0.13978941493454383 -0.1166455145350354 0.12052684995205205 0.090462240264313862 -0.026813225893374936 -0.10513184434747372 -0.064538038035279965 -0.12146412144790006
leaf_weight=79.734447956085205 209.56093508005142 60.70634913444519 25.269956439733505 21.853478148579597 52.697430163621902 20.070253297686577 3.426839321851733 130.54275274276733 25.889472424983978 18.828993231058121 105.48202121257782 54.262851282954216 6.570887714624404 18.250682607293129
leaf_count=352 932 272 115 99 233 87 14 592 116 83 448 234 27 78
internal_value=4.8602e-06 -0.0387377 0.0757615 -0.0584476 0.0183286 0.0596512 0.0949093 -0.0767968 -0.0571941 -0.000850588 -0.076407 -0.0534168 0.112856 -0.0801645
internal_weight=833.147 551.239 281.908 490.533 94.6212 72.7677 256.638 395.912 265.369 40.5065 239.479 159.745 216.132 21.6775
internal_count=3682 2433 1249 2161 419 320 1134 1742 1150 175 1034 682 959 92
is_linear=0
shrinkage=0.08


Tree=6
num_leaves=15
num_cat=0
split_feature=6 16 17 11 0 19 19 19 18 10 0 13 20 6
split_gain=336.299 238.207 144.774 94.2939 74.2989 79.7997 61.8389 44.6987 123.767 40.1499 36.9141 30.8165 29.6827 23.1321
threshold=0.58335000000000015 1.0000000180025095e-35 1.0000000180025095e-35 1.0000000180025095e-35 1.5000000000000002 0.29165000000000002 0.29165000000000002 0.41665000000000002 1.0000000180025095e-35 0.68500000000000016 1.5000000000000002 1.0000000180025095e-35 1.0000000180025095e-35 1.0000000180025095e-35
decision_type=2 2 2 2 2 2 2 2 2 2 2 2 2 2
left_child=1 3 6 7 -5 -6 12 8 10 -8 -1 13 -2 -12
right_child=2 -3 -4 4 5 -7 9 -9 -10 -11 11 -13 -14 -15
leaf_value=-0.11757202794442474 0.11366028758302191 0.11592515731579045 -0.11437003817194331 -0.11485452699089173 0.10987630981644148 -0.080168019706291602 -0.05511403236776502 -0.11223322141052272 0.11592515731579045 0.11857844527111444 -0.04226669339022026 -0.099796033823206273 -0.060092229234336311 0.055953446347881394
leaf_weight=76.540142059326172 201.20883214473724 58.170415878295898 24.173707365989685 20.915942773222923 50.717836946249008 19.607514649629593 27.245968356728554 125.04582810401917 24.807971477508545 12.390746176242827 86.285878121852875 52.657123222947121 6.4956062883138648 18.6656424254179
leaf_count=352 932 272 115 99 233 87 118 592 116 57 369 234 27 79
internal_value=1.11017e-05 -0.0368814 0.0724896 -0.0555851 0.0175195 0.0568898 0.0907522 -0.0729552 -0.0539885 -0.000816409 -0.0719908 -0.049855 0.108226 -0.0247982
internal_weight=804.929 533.414 271.515 475.244 91.2413 70.3254 247.341 384.003 258.957 39.6367 234.149 157.609 207.704 104.952
internal_count=3682 2433 1249 2161 419 320 1134 1742 1150 175 1034 682 959 448
is_linear=0
shrinkage=0.08


Tree=7
num_leaves=15
num_cat=0
split_feature=6 16 17 19 18 0 12 19 10 10 9 20 0 10
split_gain=297.165 210.799 128.264 83.4478 182.047 70.4424 75.694 55.9018 36.0735 33.57 26.9957 26.5894 23.2304 19.6423
threshold=0.58335000000000015 1.0000000180025095e-35 1.0000000180025095e-35 0.41665000000000002 1.0000000180025095e-35 1.5000000000000002 1.5000000000000002 0.29165000000000002 0.52500000000000013 0.67500000000000016 1.0000000180025095e-35 1.0000000180025095e-35 2.5000000000000004 1.0000000180025095e-35
decision_type=2 2 2 2 2 2 2 2 2 2 2 2 2 2
left_child=1 3 7 4 5 -1 -7 11 10 -8 -9 -2 -11 -13
right_child=2 -3 -4 -5 -6 6 9 8 -10 12 -12 13 -14 -15
leaf_value=-0.11292668001455722 0.10955660541702654 0.11199285896633772 -0.11065558845562461 -0.10503262643950086 0.11287184313505372 -0.058444272556838914 0.10201735984171934 0.13493514883024893 0.082541149516574153 -0.12638539453109909 -0.11201073751335351 -0.13083960256813515 0.078110426069479821 0.20588609850873663
leaf_weight=92.075463116168976 192.40648406744003 55.504892349243164 23.033015206456184 138.21823737025261 48.067918822169304 131.630366101861 33.975037977099419 3.3792328834533718 17.931412532925606 8.6847933381795865 17.532375678420067 4.9892241507768622 6.0192948132753363 1.4254926145076749
leaf_count=446 932 272 115 679 233 581 157 14 83 38 78 21 27 6
internal_value=2.01574e-05 -0.0352564 0.0695965 -0.0530754 -0.0306651 -0.0559951 -0.0269229 0.0870655 -0.000714611 0.0583121 -0.0721053 0.104215 -0.0426726 -0.0560117
internal_weight=774.873 514.176 260.697 458.671 320.453 272.385 180.309 237.664 38.843 48.6791 20.9116 198.821 14.7041 6.41472
internal_count=3682 2433 1249 2161 1482 1249 803 1134 175 222 92 959 65 27
is_linear=0
shrinkage=0.08


Tree=8
num_leaves=15
num_cat=0
split_feature=6 16 17 19 18 0 12 19 10 10 20 0 9 13
split_gain=263.458 187.179 114.077 75.4824 161.064 64.6341 65.6682 50.683 32.3429 29.6874 23.9588 20.3484 18.423 17.2958
threshold=0.58335000000000015 1.0000000180025095e-35 1.0000000180025095e-35 0.41665000000000002 1.0000000180025095e-35 1.5000000000000002 1.5000000000000002 0.29165000000000002 0.68500000000000016 0.67500000000000016 1.0000000180025095e-35 2.5000000000000004 1.0000000180025095e-35 1.0000000180025095e-35
decision_type=2 2 2 2 2 2 2 2 2 2 2 2 2 2
left_child=1 3 7 4 5 -1 13 10 12 -8 -2 -11 -9 -7
right_child=2 -3 -4 -5 -6 6 9 8 -10 11 -12 -13 -14 -15
leaf_value=-0.10941208890358778 0.10598025764179866 0.1086032380579026 -0.10744433063526442 -0.10151366664144094 0.10936493305625089 -0.033832082571756079 0.097689929331933489 0.12800082804009241 0.11165279979135964 -0.12097050595769922 -0.0526430307511008 0.072145641225061272 -0.074567961501382493 -0.095643283017754016
leaf_weight=87.613088816404343 183.3582649230957 52.770174026489258 21.871240213513374 131.83113424479961 45.735942810773849 85.405124008655548 32.694465979933739 3.2812639772892025 11.440735250711439 8.3608626276254636 6.3036386221647254 5.996492773294448 23.11627921462059 43.846925795078278
leaf_count=446 932 272 115 679 233 375 157 14 57 38 27 27 104 206
internal_value=2.76843e-05 -0.0337957 0.0670656 -0.0508165 -0.0292327 -0.0532512 -0.0253425 0.0838425 -0.000696099 0.0555796 0.100708 -0.0403136 -0.0493883 -0.0548007
internal_weight=743.626 494.254 249.371 441.484 309.653 263.917 176.304 227.5 37.8383 47.0518 189.662 14.3574 26.3975 129.252
internal_count=3682 2433 1249 2161 1482 1249 803 1134 175 222 959 65 118 581
is_linear=0
shrinkage=0.08


Tree=9
num_leaves=15
num_cat=0
split_feature=6 16 17 19 18 0 12 19 10 10 20 9 0 10
split_gain=234.357 166.711 101.803 68.4527 142.945 59.5296 57.1037 45.9542 29.3993 26.324 21.6628 21.0985 17.9131 16.8636
threshold=0.58335000000000015 1.0000000180025095e-35 1.0000000180025095e-35 0.41665000000000002 1.0000000180025095e-35 1.5000000000000002 1.5000000000000002 0.29165000000000002 0.52500000000000013 0.67500000000000016 1.0000000180025095e-35 1.0000000180025095e-35 2.5000000000000004 1.0000000180025095e-35
decision_type=2 2 2 2 2 2 2 2 2 2 2 2 2 2
left_child=1 3 7 4 5 -1 -7 10 11 -8 -2 -9 -11 -12
right_child=2 -3 -4 -5 -6 6 9 8 -10 12 13 -13 -14 -15
leaf_value=-0.10636503599619794 0.10283379107329274 0.10565956439156038 -0.1046484762989118 -0.098367162247122691 0.10632420500222881 -0.051482177196016332 0.09378016078426421 0.12223364594184732 0.076627507622697585 -0.1163772715891188 -0.12231718240961904 -0.10315956765147989 0.066746923869591343 0.18800036281497595
leaf_weight=83.097853869199753 174.2254963517189 50.013885021209717 20.706755965948105 125.42730139195919 43.37693278491497 126.72168572247028 31.386916771531105 3.165884584188464 16.96060548722744 8.0099274516105634 4.7517223656177512 16.567437589168549 5.9643038660287848 1.4667263031005857
leaf_count=446 932 272 115 679 233 581 157 14 83 38 21 78 27 6
internal_value=3.75349e-05 -0.0324783 0.0648381 -0.0487733 -0.0279383 -0.050761 -0.0239101 0.0810008 -0.000612176 0.0531158 0.097597 -0.066999 -0.0382185 -0.0491235
internal_weight=711.843 473.999 237.845 423.985 298.558 255.181 172.083 217.138 36.6939 45.3611 180.444 19.7333 13.9742 6.21845
internal_count=3682 2433 1249 2161 1482 1249 803 1134 175 222 959 92 65 27
is_linear=0
shrinkage=0.08


Tree=10
num_leaves=15
num_cat=0
split_feature=6 16 17 19 18 0 12 19 10 10 20 13 0 10
split_gain=208.816 148.785 91.0615 62.3119 127.097 55.1283 49.6293 41.965 26.4629 23.392 19.6275 16.3896 15.8378 14.4865
threshold=0.58335000000000015 1.0000000180025095e-35 1.0000000180025095e-35 0.41665000000000002 1.0000000180025095e-35 1.5000000000000002 1.5000000000000002 0.29165000000000002 0.68500000000000016 0.67500000000000016 1.0000000180025095e-35 1.0000000180025095e-35 2.5000000000000004 1.0000000180025095e-35
decision_type=2 2 2 2 2 2 2 2 2 2 2 2 2 2
left_child=1 3 7 4 5 -1 11 10 -9 -8 -2 -7 -11 -12
right_child=2 -3 -4 -5 -6 6 9 8 -10 12 13 -13 -14 -15
leaf_value=-0.10370568265369992 0.10004119396245961 0.10308670420220044 -0.10219943204504098 -0.095526009003031945 0.10367012065598501 -0.027831492501572797 0.090208106712783689 -0.04509525677439874 0.10630401060506747 -0.11244203825120135 -0.11744509932281258 -0.089509254107209599 0.061829988491552954 0.16949064528372904
leaf_weight=78.594647169113159 165.13444697856903 47.273261308670044 19.553867876529694 119.08570213615894 41.02465583384037 83.147332236170769 30.073662593960762 25.142223939299583 10.463822484016417 7.6420867741107923 4.5607311576604834 41.254117876291275 5.9251438081264496 1.4952968358993528
leaf_count=446 932 272 115 679 233 375 157 118 57 38 21 206 27 6
internal_value=4.58547e-05 -0.0312475 0.062815 -0.0468602 -0.0267136 -0.0484011 -0.0225347 0.0784182 -0.000602391 0.0508685 0.0948537 -0.0482851 -0.0363332 -0.0465977
internal_weight=680.371 454.021 226.35 406.747 287.662 246.637 168.042 206.797 35.606 43.6409 171.19 124.401 13.5672 6.05603
internal_count=3682 2433 1249 2161 1482 1249 803 1134 175 222 959 581 65 27
is_linear=0
shrinkage=0.08


Tree=11
num_leaves=15
num_cat=0
split_feature=6 16 17 19 18 0 12 19 10 10 9 20 13 10
split_gain=186.366 133.095 81.5674 56.8091 113.286 51.1645 43.2232 38.6271 23.5235 20.8226 18.7815 17.7952 15.0971 14.1212
threshold=0.58335000000000015 1.0000000180025095e-35 1.0000000180025095e-35 0.41665000000000002 1.0000000180025095e-35 1.5000000000000002 1.5000000000000002 0.29165000000000002 0.52500000000000013 0.67500000000000016 1.0000000180025095e-35 1.0000000180025095e-35 1.0000000180025095e-35 0.68500000000000016
decision_type=2 2 2 2 2 2 2 2 2 2 2 2 2 2
left_child=1 3 7 4 5 -1 12 11 10 -8 -9 -2 -7 -11
right_child=2 -3 -4 -5 -6 6 9 8 -10 13 -12 -13 -14 -15
leaf_value=-0.10137127035329264 0.097542182532256078 0.10082533514732335 -0.10004273952246885 -0.092936449464773432 0.10134011850136151 -0.025858336861693153 0.086910759466558574 0.11909829284297964 0.070738584970672258 -0.1045294520858101 -0.096771111806647409 -0.04449827158232196 -0.085975452474515657 0.063714540495166422
leaf_weight=74.153757512569427 156.18280416727066 44.577071905136108 18.423570618033409 112.86705896258354 38.705287545919418 82.366130948066711 28.771322503685951 3.087199956178666 16.006806463003159 7.6834399551153165 15.683882594108582 5.8566033840179434 39.582971900701523 5.4628935605287552
leaf_count=446 932 272 115 679 233 375 157 14 83 40 78 27 206 25
internal_value=5.49813e-05 -0.03012 0.0609219 -0.0451027 -0.0255929 -0.0462339 -0.0212829 0.0759894 -0.00051089 0.048797 -0.061268 0.0924084 -0.0453715 -0.0346165
internal_weight=649.411 434.17 215.241 389.593 276.726 238.021 163.867 196.817 34.7779 41.9177 18.7711 162.039 121.949 13.1463
internal_count=3682 2433 1249 2161 1482 1249 803 1134 175 222 92 959 581 65
is_linear=0
shrinkage=0.08


Tree=12
num_leaves=15
num_cat=0
split_feature=6 16 17 19 18 0 12 19 10 10 20 13 16 9
split_gain=166.615 119.26 73.228 51.9036 101.145 47.6302 37.6619 35.4464 21.797 18.5591 16.259 13.9303 13.5745 14.3534
threshold=0.58335000000000015 1.0000000180025095e-35 1.0000000180025095e-35 0.41665000000000002 1.0000000180025095e-35 1.5000000000000002 1.5000000000000002 0.29165000000000002 0.68500000000000016 0.67500000000000016 1.0000000180025095e-35 1.0000000180025095e-35 1.0000000180025095e-35 1.0000000180025095e-35
decision_type=2 2 2 2 2 2 2 2 2 2 2 2 2 2
left_child=1 3 7 4 5 -1 11 10 12 -8 -2 -7 13 -9
right_child=2 -3 -4 -5 -6 6 9 8 -10 -11 -12 -13 -14 -15
leaf_value=-0.09931170393282876 0.095288217386151577 0.098828002317435312 -0.098134647568397071 -0.090554751501625716 0.099284295795819197 -0.02401591916144806 0.083837789452806052 0.11470835917483874 0.10210324391017044 -0.03298215123786867 -0.041528224374187461 -0.082690144222513667 0.18461305666211666 -0.080526431919976937
leaf_weight=69.813621163368225 147.44500696659088 41.947203636169434 17.324161604046822 106.81728474795818 36.438817366957664 81.622092515230179 27.492724016308784 2.7433251887559953 9.5088591724634153 12.735534921288489 5.7768183499574652 37.931588917970657 1.5959491580724705 19.836185410618782
leaf_count=446 932 272 115 679 233 375 157 13 57 65 27 206 7 98
internal_value=6.13185e-05 -0.0290615 0.0592108 -0.0434495 -0.024536 -0.0441874 -0.0201019 0.073795 -0.000508738 0.0468547 0.0901299 -0.0426319 -0.0408688 -0.0568061
internal_weight=619.029 414.799 204.23 372.852 266.034 229.596 159.782 186.906 33.6843 40.2283 153.222 119.554 24.1755 22.5795
internal_count=3682 2433 1249 2161 1482 1249 803 1134 175 222 959 581 118 111
is_linear=0
shrinkage=0.08


Tree=13
num_leaves=15
num_cat=0
split_feature=6 16 17 19 18 0 12 10 1 10 19 2 13 20
split_gain=149.2 106.965 65.8945 47.5732 90.3691 44.5305 32.7671 32.6566 22.9171 16.5831 16.1011 13.3294 12.8646 11.1324
threshold=0.58335000000000015 1.0000000180025095e-35 1.0000000180025095e-35 0.41665000000000002 1.0000000180025095e-35 1.5000000000000002 1.5000000000000002 1.0000000180025095e-35 10.500000000000002 0.67500000000000016 0.41665000000000002 1.0000000180025095e-35 1.0000000180025095e-35 1.0000000180025095e-35
decision_type=2 2 2 2 2 2 2 2 2 2 2 2 2 2
left_child=1 3 7 4 5 -1 12 8 -2 -8 -9 -11 -7 -12
right_child=2 -3 -4 -5 -6 6 9 10 -10 11 13 -13 -14 -15
leaf_value=-0.097486557726122552 -0.10924340465094053 0.09705625610797354 -0.096439550026808207 -0.08834497061093137 0.09746233872323315 -0.022295779633740964 0.080948607253281402 0.096997034742516738 0.043253706762966235 -0.071726546060445859 -0.03328525042615748 0.13331044766303007 -0.079608257587716155 0.092235283271373744
leaf_weight=65.603004276752472 9.3257438391447085 39.399933815002441 16.261751651763916 100.97018757462502 34.240203037858009 80.916076987981796 26.247600018978119 129.56097427010536 19.483094081282616 10.108091101050375 11.137089192867281 2.5388898998498908 36.315057247877121 7.6133962124586096
leaf_count=446 50 272 115 679 233 375 157 861 122 53 59 12 206 42
internal_value=7.26133e-05 -0.0280351 0.0576797 -0.041843 -0.0234997 -0.0421791 -0.0189393 0.0718297 -0.00611132 0.0446887 0.0869694 -0.0305652 -0.0400496 0.0176808
internal_weight=589.721 396.339 193.382 356.939 255.969 221.729 156.126 177.12 28.8088 38.8946 148.311 12.647 117.231 18.7505
internal_count=3682 2433 1249 2161 1482 1249 803 1134 172 222 962 65 581 101
is_linear=0
shrinkage=0.08


Tree=14
num_leaves=15
num_cat=0
split_feature=16 6 17 19 18 0 19 12 10 10 20 0 17 9
split_gain=133.555 111.317 51.2716 43.6257 80.8887 41.6628 36.0584 28.5641 17.0701 14.7955 14.0305 12.1359 12.7761 12.0088
threshold=1.0000000180025095e-35 0.58335000000000015 1.0000000180025095e-35 0.41665000000000002 1.0000000180025095e-35 1.5000000000000002 0.29165000000000002 1.5000000000000002 0.68500000000000016 0.67500000000000016 1.0000000180025095e-35 2.5000000000000004 1.0000000180025095e-35 1.0000000180025095e-35
decision_type=2 2 2 2 2 2 2 2 2 2 2 2 2 2
left_child=1 3 6 4 5 -1 10 -7 13 -9 -3 -11 -13 -8
right_child=-2 2 -4 -5 -6 7 8 9 -10 11 -12 12 -14 -15
leaf_value=-0.095862783072716437 0.097602666015319389 0.089564954746079298 -0.094928171132672753 -0.086277148409925508 0.095841306492867775 -0.037611417577576314 0.109129868241719 0.078210199051362186 0.099175920107048385 -0.10362882082722476 -0.044919998095068803 0.13082222479597175 -0.13262674604376631 -0.076128408368281997
leaf_weight=61.542832419276237 77.478340283036232 95.030038505792618 15.240676254034041 95.349834054708481 32.120325967669487 114.99301508069038 2.5398702472448411 25.043166294693947 5.925264671444892 6.5302655845880491 5.2385144531726828 4.1246897429227829 1.6491421163082121 18.926770120859146
leaf_count=446 554 676 115 679 233 581 13 157 39 38 26 20 7 98
internal_value=8.07096e-05 -0.0155223 0.0437591 -0.0403394 -0.0225341 -0.0403114 0.0603163 -0.0178696 -0.0210298 0.0429158 0.0825388 -0.0289207 0.055575 -0.0542092
internal_weight=561.733 484.254 142.901 341.353 246.003 213.883 127.66 152.34 27.3919 37.3473 100.269 12.3041 5.77383 21.4666
internal_count=3682 3128 967 2161 1482 1249 852 803 150 222 702 65 27 111
is_linear=0
shrinkage=0.08


Tree=15
num_leaves=15
num_cat=0
split_feature=16 6 17 19 18 21 19 12 10 10 20 13 9 10
split_gain=120.961 99.3707 46.2468 40.064 72.4753 39.1111 32.7082 25.591 15.5792 15.2213 12.8238 12.4205 10.5832 10.3345
threshold=1.0000000180025095e-35 0.58335000000000015 1.0000000180025095e-35 0.41665000000000002 1.0000000180025095e-35 1.0000000180025095e-35 0.29165000000000002 1.5000000000000002 0.67500000000000016 0.68500000000000016 1.0000000180025095e-35 1.0000000180025095e-35 1.0000000180025095e-35 1.0000000180025095e-35
decision_type=2 2 2 2 2 2 2 2 2 2 2 2 2 2
left_child=1 3 6 4 5 7 10 11 -9 12 -3 -1 -8 -12
right_child=-2 2 -4 -5 -6 -7 9 8 -10 -11 13 -13 -14 -15
leaf_value=-0.017292067446607298 0.096079905520325748 0.087749704954970267 -0.093576254613461571 -0.084326118633602898 0.094394030002663554 -0.093026169851542842 0.10612152953566761 0.080699302615814067 -0.033652336997998952 0.097403703079804935 -0.1061864181734785 -0.075279562635639424 -0.072234173014288458 0.15814709977929531
leaf_weight=77.75474938750267 72.608536645770073 89.464369371533394 14.263838306069372 89.972363159060478 30.08675280213356 59.81756167113781 2.4083039015531602 23.525509864091873 11.281568810343741 5.5651350021362296 3.9016423076391211 33.967603743076324 18.37451446056366 1.2498284131288526
leaf_count=369 554 676 115 679 233 456 13 155 63 39 21 206 98 5
internal_value=9.60001e-05 -0.0150009 0.0426647 -0.0388914 -0.0216016 -0.0385146 0.0587299 -0.0162613 0.043636 -0.0201014 0.0806823 -0.0349223 -0.0515664 -0.0420549
internal_weight=534.242 461.634 135.228 326.406 236.434 206.347 120.964 146.529 34.8071 26.348 94.6158 111.722 20.7828 5.15147
internal_count=3682 3128 967 2161 1482 1249 852 793 218 150 702 575 111 26
is_linear=0
shrinkage=0.08


Tree=16
num_leaves=15
num_cat=0
split_feature=16 6 17 19 18 0 10 12 19 1 10 13 0 17
split_gain=109.702 88.706 41.7844 36.868 64.965 36.8197 30.2472 21.7224 16.8354 12.5453 11.6472 11.2717 11.1223 11.2385
threshold=1.0000000180025095e-35 0.58335000000000015 1.0000000180025095e-35 0.41665000000000002 1.0000000180025095e-35 1.5000000000000002 1.0000000180025095e-35 1.5000000000000002 0.41665000000000002 10.500000000000002 0.67500000000000016 1.0000000180025095e-35 2.5000000000000004 1.0000000180025095e-35
decision_type=2 2 2 2 2 2 2 2 2 2 2 2 2 2
left_child=1 3 6 4 5 -1 9 11 -8 -3 -9 -7 -12 -14
right_child=-2 2 -4 -5 -6 7 8 10 -10 -11 12 -13 13 -15
leaf_value=-0.093146616745418978 0.094713633066780378 -0.10751243038304731 -0.092363468158405751 -0.082470499247313825 0.093097885602701574 -0.016594608830031454 0.091741078813316404 0.07306563483608311 -0.0023569521524912508 0.018740452695670852 -0.10063409091740223 -0.07260885274897165 0.12708293710390525 -0.12472446402731419
leaf_weight=54.005524910986423 67.953364431858063 7.9927911013364819 13.332991711795328 84.847590900957584 28.144395560026169 78.510621920228004 78.395674839615822 22.751054376363754 14.40450260043144 13.621232002973555 6.0387438833713514 32.513385638594627 4.0139952003955841 1.5812091529369352
leaf_count=446 554 49 115 679 233 375 623 157 86 94 38 206 20 7
internal_value=0.000108152 -0.0144976 0.0416652 -0.0374633 -0.0206819 -0.0367402 0.0572839 -0.0157906 0.0771351 -0.0279474 0.0397706 -0.0329984 -0.0253404 0.055922
internal_weight=508.107 440.154 127.747 312.407 227.559 199.415 114.414 145.409 92.8002 21.614 34.385 111.024 11.6339 5.5952
internal_count=3682 3128 967 2161 1482 1249 852 803 709 143 222 581 65 27
is_linear=0
shrinkage=0.08


Tree=17
num_leaves=15
num_cat=0
split_feature=16 6 17 19 18 0 19 13 12 10 10 1 9 14
split_gain=99.6122 79.1118 37.6076 33.8685 58.3623 34.5382 28.0658 19.566 17.2214 13.2124 10.8628 12.263 9.31651 8.54788
threshold=1.0000000180025095e-35 0.58335000000000015 1.0000000180025095e-35 0.41665000000000002 1.0000000180025095e-35 1.5000000000000002 0.29165000000000002 1.0000000180025095e-35 1.5000000000000002 0.68500000000000016 1.0000000180025095e-35 10.500000000000002 1.0000000180025095e-35 1.0000000180025095e-35
decision_type=2 2 2 2 2 2 2 2 2 2 2 2 2 2
left_child=1 3 6 4 5 -1 10 8 13 12 11 -3 -8 -7
right_child=-2 2 -4 -5 -6 7 9 -9 -10 -11 -12 -13 -14 -15
leaf_value=-0.09197777732446813 0.093483634035823687 -0.11479322378029001 -0.091272687303410538 -0.080692035088280462 0.091933888831777402 -0.0082949165276859742 0.10354960783004882 -0.063572157343510655 0.06057439533223196 0.095393919994878826 0.089839073216832724 0.059065599460806535 -0.068342461402014956 -0.11446557422809306
leaf_weight=50.460963420569897 63.520414687693119 3.6255311220884314 12.44897101074457 79.980250291526318 26.296026289463043 72.786577016115189 2.2801777422428193 38.520068868994713 25.30884838104248 5.1360053718090048 71.18489170819521 9.1477435827255231 17.55088809132576 5.1999324262142173
leaf_count=446 554 22 115 679 233 350 13 257 171 39 608 72 98 25
internal_value=0.0001148 -0.0140087 0.0404505 -0.0361486 -0.0198493 -0.0351369 0.055505 -0.0149117 0.00323438 -0.0189616 0.0776496 0.00971799 -0.0485783 -0.0153741
internal_weight=483.447 419.927 121.374 298.553 218.572 192.276 108.925 141.815 103.295 24.9671 83.9582 12.7733 19.8311 77.9865
internal_count=3682 3128 967 2161 1482 1249 852 803 546 150 702 94 111 375
is_linear=0
shrinkage=0.08


Tree=18
num_leaves=15
num_cat=0
split_feature=16 6 17 19 18 0 19 13 12 10 10 1 9 0
split_gain=90.5365 70.5997 34.0611 31.2629 52.3532 32.5726 25.6268 17.2122 14.9692 11.8165 10.0786 11.0125 8.23253 7.87607
threshold=1.0000000180025095e-35 0.58335000000000015 1.0000000180025095e-35 0.41665000000000002 1.0000000180025095e-35 1.5000000000000002 0.29165000000000002 1.0000000180025095e-35 1.5000000000000002 0.68500000000000016 1.0000000180025095e-35 10.500000000000002 1.0000000180025095e-35 3.5000000000000004
decision_type=2 2 2 2 2 2 2 2 2 2 2 2 2 2
left_child=1 3 6 4 5 -1 10 8 -7 12 11 -3 -8 -5
right_child=-2 2 -4 13 -6 7 9 -9 -10 -11 -12 -13 -14 -15
leaf_value=-0.090925596812804543 0.092372908712217525 -0.1127389855845895 -0.090289351143863772 -0.082019300509424811 0.090885976660191936 -0.014249793416589532 0.10123534951359561 -0.060484745845177601 0.057358510229040836 0.094016733343626507 0.088515292677540089 0.056764589188156307 -0.064859729276233138 0.1407090444290259
leaf_weight=47.098319433629513 59.312964901328087 3.4052499383687964 11.611886732280253 74.340869814157486 24.542720764875412 77.49278362095356 2.1510002017021241 37.298855118453503 24.618807330727577 4.8077320307493201 66.654626123607159 8.7727353572845441 17.0355044901371 1.0301861763000477
leaf_count=446 554 22 115 670 233 375 13 257 171 39 608 72 98 9
internal_value=0.000123659 -0.0135259 0.0395884 -0.0347475 -0.0189528 -0.0334065 0.0542551 -0.0139743 0.00301476 -0.0181358 0.0762886 0.00936742 -0.0462388 -0.078975
internal_weight=460.174 400.861 114.439 286.423 211.051 186.509 102.827 139.41 102.112 23.9942 78.8326 12.178 19.1865 75.3711
internal_count=3682 3128 967 2161 1482 1249 852 803 546 150 702 94 111 679
is_linear=0
shrinkage=0.08


Tree=19
num_leaves=15
num_cat=0
split_feature=16 6 17 19 18 21 19 7 11 13 10 10 1 14
split_gain=82.3658 62.9953 30.8695 28.8891 46.9929 30.757 23.4205 16.176 15.6442 12.1386 10.5793 9.36672 9.90068 7.45925
threshold=1.0000000180025095e-35 0.58335000000000015 1.0000000180025095e-35 0.41665000000000002 1.0000000180025095e-35 1.0000000180025095e-35 0.29165000000000002 0.87500000000000011 1.0000000180025095e-35 1.0000000180025095e-35 0.68500000000000016 1.0000000180025095e-35 10.500000000000002 1.0000000180025095e-35
decision_type=2 2 2 2 2 2 2 2 2 2 2 2 2 2
left_child=1 3 6 4 5 8 11 -5 9 13 -8 12 -3 -1
right_child=-2 2 -4 7 -6 -7 10 -9 -10 -11 -12 -13 -14 -15
leaf_value=-0.0012463639978901033 0.091367076602372935 -0.11095256490906613 -0.089401035501435924 0.36755270812455443 0.089940475075335466 -0.088222836290013776 -0.044007257729251154 -0.08059690560415364 0.065433268346309234 -0.063534685854821846 0.092779341506638746 0.087278135800585355 0.054506140272767442 -0.11094869783822589
leaf_weight=83.439925275743008 55.330890648066998 3.1919677406549445 10.821278765797613 0.51926782727241416 22.884219720959663 46.006030850112438 18.56423802673817 70.504204459488392 14.696441620588301 32.771902993321419 4.4948619008064261 62.366654455661774 8.420077979564665 4.1648285984992972
leaf_count=421 554 22 115 4 233 456 111 675 117 234 39 608 72 21
internal_value=0.000130927 -0.013055 0.0387605 -0.0333788 -0.0180776 -0.0317285 0.0530526 -0.0773204 -0.0124865 -0.0219995 -0.0173437 0.074995 0.00902416 -0.00646174
internal_weight=438.177 382.846 107.859 274.987 203.963 181.079 97.0378 71.0235 135.073 120.377 23.0591 73.9787 11.612 87.6048
internal_count=3682 3128 967 2161 1482 1249 852 679 793 676 150 702 94 442
is_linear=0
shrinkage=0.08


Tree=20
num_leaves=15
num_cat=0
split_feature=16 6 17 0 19 18 10 13 19 12 7 1 5 14
split_gain=74.9969 56.1581 27.9317 27.2591 41.3831 29.5027 21.7213 13.7077 12.9341 12.1132 11.9366 8.82417 8.00801 6.98462
threshold=1.0000000180025095e-35 0.58335000000000015 1.0000000180025095e-35 1.5000000000000002 0.41665000000000002 1.0000000180025095e-35 1.0000000180025095e-35 1.0000000180025095e-35 0.41665000000000002 1.5000000000000002 0.87500000000000011 10.500000000000002 1.5000000000000002 1.0000000180025095e-35
decision_type=2 2 2 2 2 2 2 2 2 2 2 2 2 2
left_child=1 3 6 -1 5 7 11 9 -8 13 -6 -3 -13 -5
right_child=-2 2 -4 4 10 -7 8 -9 -10 -11 -12 12 -14 -15
leaf_value=-0.089186382940066714 0.090453896163867439 -0.10121920509433183 -0.088597052999997039 -0.0064097271769466557 0.26430766135364903 0.089085662836258642 0.086825788564432058 -0.055502835719413675 -0.0016096644013537643 0.053118820580793626 -0.07852528254078045 0.050872322900632129 -0.10120488537180024 -0.10729573421488196
leaf_weight=44.455180794000626 51.571441955864429 6.4340835660696056 10.076246596872805 72.052161499857903 0.65677264332771201 21.319217376410961 60.409233167767525 34.723648086190224 12.832714661955832 23.469248399138451 62.799530729651451 9.2846067547798139 2.9107716977596274 4.677078202366828
leaf_count=482 554 49 115 350 4 233 623 257 86 171 639 75 19 25
internal_value=0.000132733 -0.0125905 0.0378448 -0.0320556 -0.0204954 0.00163189 0.0517127 -0.0121868 0.071331 0.00282433 -0.074977 -0.0254171 0.0145748 -0.0125593
internal_weight=417.672 366.1 101.948 264.153 219.698 156.241 91.8714 134.922 73.2419 100.198 63.4563 18.6295 12.1954 76.7292
internal_count=3682 3128 967 2161 1679 1036 852 803 709 546 643 143 94 375
is_linear=0
shrinkage=0.08


Tree=21
num_leaves=15
num_cat=0
split_feature=16 6 0 19 18 17 19 13 12 7 10 10 1 9
split_gain=68.3341 49.9691 25.6686 37.7398 26.824 25.2227 20.0962 12.0187 10.5051 9.59267 9.09423 8.00753 8.1908 7.24644
threshold=1.0000000180025095e-35 0.58335000000000015 1.5000000000000002 0.41665000000000002 1.0000000180025095e-35 1.0000000180025095e-35 0.29165000000000002 1.0000000180025095e-35 1.5000000000000002 0.87500000000000011 0.68500000000000016 1.0000000180025095e-35 10.500000000000002 1.0000000180025095e-35
decision_type=2 2 2 2 2 2 2 2 2 2 2 2 2 2
left_child=1 2 -1 4 7 6 11 8 -4 -5 13 12 -3 -8
right_child=-2 5 3 9 -6 -7 10 -9 -10 -11 -12 -13 -14 -15
leaf_value=-0.088402925069591673 0.089622906761298374 -0.10808982414800541 -0.011636573796908821 0.2095567893306966 0.088311446037699068 -0.087868147840000244 0.10008763027961112 -0.052668860290897498 0.050155918908523729 -0.077042027881263617 0.091393738467721017 0.085003470486477009 0.051020391493880671 -0.058645910471680385
leaf_weight=41.386142335832119 48.029841549694538 2.8058864846825582 76.284960493445396 0.75701388716697593 19.845607377588749 9.3755598366260511 2.0815850794315383 33.707642488181591 22.891740851104259 59.04217255115509 4.1281013190746298 54.473123393952847 7.9024696424603462 15.901218876242638
leaf_count=482 554 22 375 4 233 115 13 257 171 639 39 608 72 98
internal_value=0.000133241 -0.0121268 -0.0307624 -0.0195379 0.00155642 0.0368227 0.050215 -0.0114 0.00262623 -0.0734139 -0.0156899 0.0725713 0.0093291 -0.0402718
internal_weight=398.613 350.583 253.915 212.529 152.73 96.6679 87.2924 132.884 99.1767 59.7992 22.1109 65.1815 10.7084 17.9828
internal_count=3682 3128 2161 1679 1036 967 852 803 546 643 150 702 94 111
is_linear=0
shrinkage=0.08


Tree=22
num_leaves=15
num_cat=0
split_feature=16 6 0 19 18 17 19 11 13 2 7 4 10 1
split_gain=62.3094 44.5464 24.1941 34.425 24.4077 22.889 18.3974 10.7591 8.81635 8.55799 9.57318 8.0215 7.47916 7.37892
threshold=1.0000000180025095e-35 0.58335000000000015 1.5000000000000002 0.41665000000000002 1.0000000180025095e-35 1.0000000180025095e-35 0.29165000000000002 1.0000000180025095e-35 1.0000000180025095e-35 1.0000000180025095e-35 0.87500000000000011 1.5000000000000002 1.0000000180025095e-35 10.500000000000002
decision_type=2 2 2 2 2 2 2 2 2 2 2 2 2 2
left_child=1 2 -1 4 7 6 12 8 -4 10 -8 -5 13 -3
right_child=-2 5 3 11 -6 -7 9 -9 -10 -11 -12 -13 -14 -15
leaf_value=-0.087692286906053546 0.088865105956136198 -0.10682728225513785 -0.0059372731074964769 -0.075582511368486885 0.087609076701356939 -0.087206290666353742 0.11134758839981344 0.054911238184413728 -0.056643934327906827 0.18819277771622919 -0.049692964100993171 0.17472654110946972 0.083953435503749327 0.048859961428445883
leaf_weight=38.501189880073071 44.699803352355957 2.6195195689797384 87.448804602026939 55.512674771249294 18.460683636367321 8.7177387624979001 2.7367369756102624 14.276368908584116 29.297259613871574 1.2487860545516003 17.274827711284161 0.83164957165717979 50.888468809425831 7.6042464226484299
leaf_count=482 554 22 448 639 233 115 20 121 234 10 120 4 608 72
internal_value=0.000139661 -0.0116844 -0.0294857 -0.0185978 0.00148871 0.0360634 0.0491095 -0.0106454 -0.018662 -0.0149901 -0.0276694 -0.0718879 0.0714091 0.00896999
internal_weight=380.119 335.419 244.329 205.827 149.483 91.0903 82.3726 131.022 116.746 21.2604 20.0116 56.3443 61.1122 10.2238
internal_count=3682 3128 2161 1679 1036 967 852 803 682 150 140 643 702 94
is_linear=0
shrinkage=0.08


Tree=23
num_leaves=15
num_cat=0
split_feature=16 13 6 19 0 18 19 14 7 9 11 17 2 7
split_gain=56.8463 40.6673 37.7948 22.5918 25.8044 16.3073 11.9098 10.23 9.68193 8.76704 8.28717 7.55138 6.81333 6.41632
threshold=1.0000000180025095e-35 1.0000000180025095e-35 0.58335000000000015 0.41665000000000002 1.5000000000000002 1.0000000180025095e-35 0.29165000000000002 1.0000000180025095e-35 0.87500000000000011 0.7250000000000002 1.0000000180025095e-35 1.0000000180025095e-35 1.0000000180025095e-35 0.87500000000000011
decision_type=2 2 2 2 2 2 2 2 2 2 2 2 2 2
left_child=1 2 3 4 -1 7 11 10 -5 -3 -6 -4 13 -8
right_child=-2 9 6 8 5 -7 12 -9 -10 -11 -12 -13 -14 -15
leaf_value=-0.086997451965126163 0.088172704260344195 -0.067134730436961138 0.078722640232772575 0.23515823988948661 -0.00025515563460929905 0.086970952215423114 0.099418978438939348 -0.11487248391365797 -0.070761743349343362 0.10147578316072829 0.076074722759529909 -0.086604471854056855 0.18634581909449455 -0.039036445287219522
leaf_weight=18.400000847876072 41.573946170508862 73.455917961895466 51.069508887827396 0.67271199822425742 82.885605707764626 17.161296971142292 2.5464075133204487 4.5384701043367377 41.987513333559036 2.0281110629439345 10.226429246366022 1.8315597623586644 1.1281194016337384 13.492554336786272
leaf_count=249 554 776 631 3 423 233 20 26 515 24 97 26 9 96
internal_value=0.000145394 -0.0112403 0.00452439 -0.0152705 0.00095532 0.0150508 0.0542099 0.00241144 -0.0659377 -0.0626045 0.0081281 0.0729986 -0.00368844 -0.0170547
internal_weight=362.998 321.424 245.94 175.872 133.212 114.812 70.0681 97.6505 42.6602 75.484 93.112 52.9011 17.1671 16.039
internal_count=3682 3128 2328 1546 1028 779 782 546 518 800 520 657 125 116
is_linear=0
shrinkage=0.08


Tree=24
num_leaves=15
num_cat=0
split_feature=16 11 13 19 10 21 0 19 10 17 18 1 6 19
split_gain=51.8695 36.168 25.5654 24.885 27.1435 19.7771 13.1228 12.1488 10.5304 8.75188 8.5023 8.29266 13.3539 16.7588
threshold=1.0000000180025095e-35 1.0000000180025095e-35 1.0000000180025095e-35 0.41665000000000002 1.0000000180025095e-35 1.0000000180025095e-35 1.5000000000000002 0.29165000000000002 0.65500000000000014 1.0000000180025095e-35 1.0000000180025095e-35 11.500000000000002 0.45000000000000007 0.87500000000000011
decision_type=2 2 2 2 2 2 2 2 2 2 2 2 2 2
left_child=1 2 3 4 6 7 -1 -3 11 -6 -8 12 13 -9
right_child=-2 5 -4 -5 9 -7 10 8 -10 -11 -12 -13 -14 -15
leaf_value=-0.086766178483546036 0.087538959824856238 0.082137347478029823 -0.070053164505216467 -0.062276031612528988 0.07032086707298936 -0.060739960098732011 -0.010764758640528747 0.55513395545876032 0.13361315788242839 -0.10046322341122629 0.090136510079868282 -0.10303928678301319 -0.062160983697828555 -0.088725983143553663
leaf_weight=14.317630104720591 38.644109763205051 42.065883718430996 60.131023526191711 44.339928597211838 38.416938126087189 9.9566768407821638 80.288729645311832 0.62124436348676526 2.5742098093032828 2.0214224308729163 5.7258559837937346 6.1636086255311966 2.0530388653278351 0.44337648898363113
leaf_count=202 554 524 669 528 442 127 420 7 19 25 80 61 19 5
internal_value=0.000156232 -0.0107678 -0.0247336 -0.0100121 0.00644998 0.0428501 -0.015852 0.0619782 -0.00955083 0.0617838 -0.00404792 -0.0492581 0.0570671 0.286989
internal_weight=347.764 309.12 245.242 185.111 140.771 63.878 100.332 53.9214 11.8555 40.4384 86.0146 9.28127 3.11766 1.06462
internal_count=3682 3128 2366 1697 1169 762 702 635 111 467 500 92 31 12
is_linear=0
shrinkage=0.08


Tree=25
num_leaves=15
num_cat=0
split_feature=16 13 6 19 0 18 10 14 7 9 11 17 19 20
split_gain=47.3797 32.8115 31.6846 18.6382 21.3349 14.2289 10.018 8.99987 7.67694 7.58748 6.8107 5.80189 5.49985 4.83599
threshold=1.0000000180025095e-35 1.0000000180025095e-35 0.58335000000000015 0.41665000000000002 1.5000000000000002 1.0000000180025095e-35 1.0000000180025095e-35 1.0000000180025095e-35 0.87500000000000011 0.7250000000000002 1.0000000180025095e-35 1.0000000180025095e-35 0.41665000000000002 1.0000000180025095e-35
decision_type=2 2 2 2 2 2 2 2 2 2 2 2 2 2
left_child=1 2 3 4 -1 7 -4 10 -5 -3 -6 12 -8 -14
right_child=-2 9 6 8 5 -7 11 -9 -10 -11 -12 -13 13 -15
leaf_value=-0.085909803498423407 0.086958000169292296 -0.063112688364970457 -0.012736556230980927 0.19558140696023832 -0.0001936380460544795 0.085895027376541255 0.085549961674230734 -0.11193421189974219 -0.067938420386489784 0.10171914958344601 0.072736025342727134 -0.085622173260436779 -0.028341756548270754 0.087995734895521288
leaf_weight=15.942975550889967 35.901638858020306 67.072855204343796 12.231985270977018 0.72104763984680076 82.351314932107925 14.866926506161688 40.137226551771164 4.2569074481725684 37.725419938564301 1.8362218737602223 9.1009555831551534 1.5294758491218079 5.7430837750434858 3.7997903674840927
leaf_count=249 554 776 114 3 423 233 574 26 515 24 97 25 41 28
internal_value=0.000147147 -0.0103355 0.00426198 -0.0142158 0.000607533 0.0130817 0.0523093 0.00177128 -0.0629962 -0.0587204 0.00706402 0.0678462 0.072571 0.0179816
internal_weight=333.218 297.316 228.407 164.966 126.519 110.576 63.4416 95.7092 38.4465 68.9091 91.4523 51.2096 49.6801 9.54287
internal_count=3682 3128 2328 1546 1028 779 782 546 518 800 520 668 643 69
is_linear=0
shrinkage=0.08


Tree=26
num_leaves=15
num_cat=0
split_feature=16 11 13 19 10 21 0 19 10 1 6 17 18 10
split_gain=43.2715 29.7802 21.0131 20.3118 21.8592 16.4404 11.389 10.4975 8.6463 7.532 9.28479 7.33516 7.19731 7.17051
threshold=1.0000000180025095e-35 1.0000000180025095e-35 1.0000000180025095e-35 0.41665000000000002 1.0000000180025095e-35 1.0000000180025095e-35 1.5000000000000002 0.29165000000000002 0.65500000000000014 11.500000000000002 0.45000000000000007 1.0000000180025095e-35 1.0000000180025095e-35 0.69500000000000006
decision_type=2 2 2 2 2 2 2 2 2 2 2 2 2 2
left_child=1 2 3 4 6 7 -1 -3 9 10 -9 -6 -8 -5
right_child=-2 5 -4 13 11 -7 12 8 -10 -11 -12 -13 -14 -15
leaf_value=-0.085747141484045428 0.086424664983843325 0.080444704710111864 -0.06610797998754149 -0.066309373797149004 0.066504288981902471 -0.056887361982167171 -0.0094565512120620872 0.21838719498436682 0.12552837323847307 -0.10194623313838004 -0.059640293358677508 -0.099672991465566615 0.089442077785285998 0.093676974987186468
leaf_weight=12.384492311626671 33.337587174028158 37.320980656892061 54.624219950288534 38.617413081228733 34.885324634611607 9.1363285072147828 79.712134011089802 1.2879442498087867 2.4246635176241389 5.5109076872467995 1.9069153144955633 1.787075139582156 5.0051480233669272 1.880228929221629
leaf_count=202 554 524 669 510 442 127 420 12 19 61 19 25 80 18
internal_value=0.000162554 -0.00987561 -0.0228131 -0.00924262 0.00578463 0.0415474 -0.014089 0.060109 -0.00807791 -0.0452889 0.052441 0.0584063 -0.00361356 -0.0588815
internal_weight=319.821 286.484 228.896 174.272 133.774 57.5877 97.1018 48.4514 11.1304 8.70577 3.19486 36.6724 84.7173 40.4976
internal_count=3682 3128 2366 1697 1169 762 702 635 111 92 31 467 500 528
is_linear=0
shrinkage=0.08


Tree=27
num_leaves=15
num_cat=0
split_feature=16 6 0 19 18 17 10 12 19 14 1 5 2 10
split_gain=39.5578 26.682 18.6764 22.8888 15.419 15.1767 13.442 7.36488 7.20143 6.22484 5.82541 6.25757 5.62549 6.51364
threshold=1.0000000180025095e-35 0.58335000000000015 1.5000000000000002 0.41665000000000002 1.0000000180025095e-35 1.0000000180025095e-35 1.0000000180025095e-35 2.5000000000000004 0.41665000000000002 1.0000000180025095e-35 10.500000000000002 1.5000000000000002 1.0000000180025095e-35 0.67500000000000016
decision_type=2 2 2 2 2 2 2 2 2 2 2 2 2 2
left_child=1 2 -1 4 7 6 10 9 -8 12 -3 -12 13 -4
right_child=-2 5 3 -5 -6 -7 8 -9 -10 -11 11 -13 -14 -15
leaf_value=-0.085248979113789689 0.085934436580819326 -0.095667157691750881 -0.0044368704699197133 -0.065344422625712717 0.085002890920894969 -0.085041953339887649 0.080457706879225765 0.091234705966553642 0.0077470985727335438 -0.10934797650950773 0.046318787881105224 -0.098895372424386743 0.15278020302138803 -0.082528691298718593
leaf_weight=27.709538921713829 30.942890115082264 4.719663754105567 103.23420867323875 43.025517672300339 12.866391412913798 6.3931596763432017 38.775044366717339 4.6826777160167685 11.246178381144999 3.9853941202163687 7.9150975719094259 2.4987484961748123 1.3823833540081967 7.3205937892198554
leaf_count=482 554 49 672 643 233 115 623 50 86 26 75 19 7 48
internal_value=0.000165184 -0.00945913 -0.0241891 -0.0146029 0.00175403 0.032582 0.0441236 -0.00712711 0.0641103 -0.0111004 -0.021939 0.0114754 -0.00760243 -0.00960787
internal_weight=306.697 275.755 204.207 176.497 133.472 71.5479 65.1547 120.605 50.0212 115.923 15.1335 10.4138 111.937 110.555
internal_count=3682 3128 2161 1679 1036 967 852 803 709 753 143 94 727 720
is_linear=0
shrinkage=0.08


Tree=28
num_leaves=15
num_cat=0
split_feature=16 13 6 19 0 18 19 14 11 1 7 1 10 12
split_gain=36.1742 25.1704 23.5781 13.8315 16.3454 11.3365 8.1243 7.26781 6.81161 8.15484 6.14791 7.88543 6.84846 13.6153
threshold=1.0000000180025095e-35 1.0000000180025095e-35 0.58335000000000015 0.41665000000000002 1.5000000000000002 1.0000000180025095e-35 0.29165000000000002 1.0000000180025095e-35 1.0000000180025095e-35 9.5000000000000018 0.87500000000000011 17.500000000000004 0.67500000000000016 1.5000000000000002
decision_type=2 2 2 2 2 2 2 2 2 2 2 2 2 2
left_child=1 2 3 4 -1 7 -4 10 -5 -10 -6 12 13 -12
right_child=-2 -3 6 8 5 -7 -8 -9 9 -11 11 -13 -14 -15
leaf_value=-0.084596898362303857 0.08548333333159451 -0.054276647173478069 0.068716980318154791 -0.074214147798384519 0.097412962363358974 0.084595432843613885 0.00015748369135071109 -0.107482132071655 0.29808940090886393 -0.011158854873892444 -0.0042864616202273461 -0.19938051116858746 -0.10855812488417499 0.090059863213129782
leaf_weight=12.7927986420691 28.708493247628212 60.743146494030952 39.210985995829105 27.320169515907764 4.5051936954259864 11.932055637240408 15.408989403396843 3.7402206361293784 0.61664795130491157 4.7455237284302711 68.969441920518875 1.2323364615440358 3.2956713289022437 11.408786781132219
leaf_count=249 554 800 657 451 29 233 125 26 7 60 343 7 17 124
internal_value=0.000168876 -0.00904153 0.00435032 -0.011984 0.00078376 0.0111779 0.0493755 0.00177367 -0.0580338 0.0244046 0.00634401 0.00151182 0.00447053 0.00910494
internal_weight=294.63 265.922 205.179 150.559 117.877 105.084 54.62 93.1517 32.6823 5.36217 89.4114 84.9062 83.6739 80.3782
internal_count=3682 3128 2328 1546 1028 779 782 546 518 67 520 491 484 467
is_linear=0
shrinkage=0.08


Tree=29
num_leaves=15
num_cat=0
split_feature=16 10 9 17 19 0 18 11 10 10 9 7 7 1
split_gain=33.0901 22.8176 25.0823 23.3361 18.7832 24.5167 14.5006 9.70407 10.6672 11.1307 8.44996 5.39817 5.33645 4.13504
threshold=1.0000000180025095e-35 0.68500000000000016 1.0000000180025095e-35 1.0000000180025095e-35 0.29165000000000002 1.5000000000000002 1.0000000180025095e-35 1.0000000180025095e-35 0.67500000000000016 1.0000000180025095e-35 0.7250000000000002 0.87500000000000011 0.87500000000000011 11.500000000000002
decision_type=2 2 2 2 2 2 2 2 2 2 2 2 2 2
left_child=1 2 -1 -3 5 -4 7 8 9 11 12 -7 -6 -14
right_child=-2 3 4 -5 10 6 -8 -9 -10 -11 -12 -13 13 -15
leaf_value=0.087886979292928463 0.085067820737682445 0.091754098012862703 -0.08476795444230513 -0.090613905440245932 0.1168547163974266 0.15449997772787291 0.084445214224220633 0.059933297571968421 -0.1174413885624753 0.087136085266472416 0.21624398123662189 -0.016509724223597776 -0.038648435784803453 -0.087171975754862088
leaf_weight=13.663454245775936 26.625464230775833 23.967864394187931 23.982440996915102 5.5260419249534598 0.97668422758579154 1.196093700826167 12.673374582082031 13.013468813151119 5.9344170019030562 7.4381103925406924 0.67589536309242149 95.959128104150295 16.407300490885973 35.686397105455399
leaf_count=229 554 381 467 93 5 6 259 158 54 75 3 628 244 526
internal_value=0.000170814 -0.00862116 -0.0172004 0.0575852 -0.0239117 -0.0101817 0.00295024 -0.00540986 -0.0131033 -0.00718339 -0.0648358 -0.0144044 -0.0684156 -0.0718891
internal_weight=283.726 257.101 227.607 29.4939 213.943 160.197 136.215 123.541 110.528 104.593 53.7463 97.1552 53.0704 52.0937
internal_count=3682 3128 2654 474 2425 1647 1180 921 763 709 778 634 775 770
is_linear=0
shrinkage=0.08


Tree=30
num_leaves=15
num_cat=0
split_feature=16 13 15 11 19 10 0 17 12 6 5 7 19 14
split_gain=30.3039 20.8317 18.5702 18.4108 14.0237 11.5419 6.17469 5.90249 5.76586 5.73784 5.41513 4.42448 4.24645 3.84711
threshold=1.0000000180025095e-35 1.0000000180025095e-35 1.0000000180025095e-35 1.0000000180025095e-35 0.41665000000000002 1.0000000180025095e-35 1.5000000000000002 1.0000000180025095e-35 2.5000000000000004 0.58335000000000015 1.5000000000000002 0.87500000000000011 0.69050000000000011 1.0000000180025095e-35
decision_type=2 2 2 2 2 2 2 2 2 2 2 2 2 2
left_child=1 2 3 4 5 6 -1 -7 -3 -6 11 -8 -5 -13
right_child=-2 8 -4 12 9 7 10 -9 -10 -11 -12 13 -14 -15
leaf_value=-0.084132920851467452 0.084684768118011816 -0.05759940509932536 -0.092753211275140676 0.070386013452386001 -0.07094892717755881 0.062800280081459561 0.14558030353540288 -0.097815208667513823 0.049191012474567072 0.0067638506289561182 -0.19647585808450313 -0.0023263362349109171 -0.048621994045218421 0.084040024423780113
leaf_weight=5.7207548953592768 24.68505909666419 52.803202979266644 11.817271918058394 32.404216799885035 22.306257784366611 27.850352846086029 1.3913047015666951 1.545599441975354 3.4470177106559268 8.3592474013566953 0.87021678686141868 72.342304475605488 2.0396897047758094 3.4586575180292121
leaf_count=126 554 750 180 568 418 442 7 25 50 71 6 383 24 78
internal_value=0.000179011 -0.00828853 0.00436568 0.0108029 -0.0017769 0.0112253 -0.00390723 0.0543553 -0.0510553 -0.0497649 0.00197205 0.00420923 0.0633386 0.0016144
internal_weight=271.041 246.356 190.106 178.289 143.845 113.179 83.7832 29.396 56.2502 30.6655 78.0625 77.1923 34.4439 75.801
internal_count=3682 3128 2328 2148 1556 1067 600 467 800 489 474 468 592 461
is_linear=0
shrinkage=0.08


Tree=31
num_leaves=15
num_cat=0
split_feature=16 10 9 17 19 0 18 10 12 9 7 1 19 6
split_gain=27.7438 19.6387 21.2999 20.1394 16.2433 21.389 12.3061 8.45787 14.7576 6.95681 4.43191 4.21789 11.6204 20.5001
threshold=1.0000000180025095e-35 0.68500000000000016 1.0000000180025095e-35 1.0000000180025095e-35 0.29165000000000002 1.5000000000000002 1.0000000180025095e-35 0.67500000000000016 1.5000000000000002 0.7250000000000002 0.87500000000000011 11.500000000000002 0.87500000000000011 0.45000000000000007
decision_type=2 2 2 2 2 2 2 2 2 2 2 2 2 2
left_child=1 2 -1 -3 5 -4 7 8 -7 10 -6 12 13 -12
right_child=-2 3 4 -5 9 6 -8 -9 -10 -11 11 -13 -14 -15
leaf_value=0.087156671263427812 0.084331371902438515 0.091024357807290568 -0.084140164400597184 -0.089322050617713991 0.11000956871063278 -0.012250422283465172 0.083797959108563427 -0.095074193795672252 0.066352955627020538 0.18895080008972881 0.25875754783274862 -0.085833671788581561 -0.085644458726947426 -0.063958179810699539
leaf_weight=12.097049426287411 22.878794699907303 21.313651606440548 21.024202182888985 4.867996033281087 0.89912672340869804 95.302999958395958 10.994305975735186 6.2720893248915663 18.207173306494951 0.69523069262504478 2.0542675964534256 31.920319121330976 9.9697983749210835 3.2573790922760963
leaf_count=229 554 381 467 93 5 634 259 63 224 3 26 526 173 45
internal_value=0.000173396 -0.007887 -0.0159349 0.0574923 -0.0221519 -0.00924498 0.00279549 -0.00463939 0.000357658 -0.0623041 -0.0659356 -0.0692871 -0.0347243 0.0608514
internal_weight=261.754 238.876 212.694 26.1816 200.597 151.801 130.777 119.782 113.51 48.7961 48.1009 47.2018 15.2814 5.31165
internal_count=3682 3128 2654 474 2425 1647 1180 921 858 778 775 770 244 71
is_linear=0
shrinkage=0.08


Tree=32
num_leaves=15
num_cat=0
split_feature=16 10 9 17 0 19 18 10 12 9 1 19 18 10
split_gain=25.4379 17.7956 19.2713 18.4646 15.1732 19.7737 11.2962 7.40561 13.0779 5.99462 4.33596 9.12447 15.1972 22.0194
threshold=1.0000000180025095e-35 0.68500000000000016 1.0000000180025095e-35 1.0000000180025095e-35 1.5000000000000002 0.29165000000000002 1.0000000180025095e-35 0.67500000000000016 1.5000000000000002 0.7250000000000002 11.500000000000002 0.87500000000000011 1.0000000180025095e-35 1.0000000180025095e-35
decision_type=2 2 2 2 2 2 2 2 2 2 2 2 2 2
left_child=1 2 -1 -3 -4 6 7 8 -6 10 11 12 -7 -14
right_child=-2 3 4 -5 5 9 -8 -9 -10 -11 -12 -13 13 -15
leaf_value=0.086619018026832389 0.084005126402793839 0.090436476678142003 -0.083946037401320006 -0.088711609709653722 -0.011339295699596449 -0.029977761899168044 0.083493474730297987 -0.090260803073677578 0.064223425807753406 0.17269420577267519 -0.079566886894793243 -0.08522379683735995 0.52050177669113329 -0.087541028434547072
leaf_weight=11.233482062816618 21.198480237275362 19.797699846327308 21.85478189215064 4.5233952887356272 94.747847452759743 4.0094900913536531 10.184530705213545 6.0859720297157756 17.342002939432859 0.69955918192863364 30.626772034913301 6.8775220662355423 0.90393728017806985 0.65909328311681747
leaf_count=229 554 381 512 93 634 54 259 63 224 3 531 128 7 10
internal_value=0.000156201 -0.00758721 -0.0152553 0.0571174 -0.0211546 -0.0131824 0.00265196 -0.00431506 0.000351405 -0.0596118 -0.0633844 -0.0235759 0.052509 0.264104
internal_weight=250.745 229.546 205.225 24.3211 193.992 172.137 128.36 118.176 112.09 43.7764 43.0768 12.45 5.57252 1.56303
internal_count=3682 3128 2654 474 2425 1913 1180 921 858 733 730 199 71 17
is_linear=0
shrinkage=0.08


Tree=33
num_leaves=15
num_cat=0
split_feature=16 13 15 11 19 14 9 6 10 10 10 17 0 5
split_gain=23.3316 16.6944 15.516 13.0715 10.0891 8.91862 4.90483 4.8047 4.64695 5.32653 7.9397 5.38777 4.60946 4.07817
threshold=1.0000000180025095e-35 1.0000000180025095e-35 1.0000000180025095e-35 1.0000000180025095e-35 0.41665000000000002 1.0000000180025095e-35 0.7250000000000002 0.58335000000000015 1.0000000180025095e-35 0.67500000000000016 0.68500000000000016 1.0000000180025095e-35 1.5000000000000002 1.5000000000000002
decision_type=2 2 2 2 2 2 2 2 2 2 2 2 2 2
left_child=1 2 3 4 5 8 -3 -6 12 -10 -11 -12 -1 -14
right_child=-2 6 -4 -5 7 -7 -8 -9 9 10 11 -13 13 -15
leaf_value=-0.083215770213428075 0.083703794145875698 -0.052275982163466753 -0.09223878468590152 0.058758770122305695 -0.067147268376341329 0.08503501138330323 0.099470011736373487 0.0086753663599441946 0.086924041959279594 -0.096279547496707668 0.089162311957526066 -0.094772616761526485 0.0018861278071907854 -0.17118398394273071
leaf_weight=4.5442419722676268 19.636251401156187 48.489834509789944 9.975158575922249 29.450218202546239 18.304625265300277 9.4224409349262697 1.4026655554771412 7.5568485110998145 8.3420359157025832 3.5236619934439641 5.1875530183315277 1.268408630043268 72.621531266719103 0.88194983452558418
leaf_count=126 554 776 180 592 418 242 24 71 144 25 111 25 388 6
internal_value=0.000134603 -0.00729164 0.0045832 0.0105782 -0.000199569 0.0107501 -0.0480098 -0.0449915 0.00348696 0.0397448 0.00030735 0.0530244 -0.00502455 -0.000190497
internal_weight=240.607 220.971 171.079 161.104 131.653 105.792 49.8925 25.8615 96.3694 18.3217 9.97962 6.45596 78.0477 73.5035
internal_count=3682 3128 2328 2148 1556 1067 800 489 825 305 161 136 520 394
is_linear=0
shrinkage=0.08


Tree=34
num_leaves=15
num_cat=0
split_feature=16 10 9 17 0 19 18 10 12 9 1 19 6 18
split_gain=21.3794 15.1462 16.164 15.9569 13.7892 17.0102 9.54135 6.06265 10.8296 5.07148 4.10233 8.07411 11.8967 8.4514
threshold=1.0000000180025095e-35 0.68500000000000016 1.0000000180025095e-35 1.0000000180025095e-35 1.5000000000000002 0.29165000000000002 1.0000000180025095e-35 0.67500000000000016 1.5000000000000002 0.7250000000000002 11.500000000000002 0.87500000000000011 0.45000000000000007 1.0000000180025095e-35
decision_type=2 2 2 2 2 2 2 2 2 2 2 2 2 2
left_child=1 2 -1 -3 -4 6 7 8 -6 10 11 12 13 -7
right_child=-2 3 4 -5 5 9 -8 -9 -10 -11 -12 -13 -14 -15
leaf_value=0.085929752221549388 0.083425334488184913 0.089677328208412205 -0.08347437432212336 -0.087625528063042482 -0.0095795835780611606 0.056768514411269233 0.082991104056792719 -0.083813267359774221 0.061617905594698298 0.15818145363486683 -0.077735541424029928 -0.084715465851000038 -0.061625819308264558 0.34990476967546696
leaf_weight=9.8304611891508085 18.184591680765152 17.508858682587746 19.222540847957134 3.988678202033042 93.426954884082079 1.6079075969755632 8.8191923908889276 5.6962429992854586 16.017146367579699 0.68805178999900718 27.653008200228214 6.1470198333263397 2.9806494750082493 1.034412145614624
leaf_count=229 554 381 512 93 634 20 259 63 224 3 531 128 45 6
internal_value=0.00013868 -0.0069181 -0.0140087 0.0567803 -0.0193686 -0.011858 0.00279483 -0.00334782 0.00084017 -0.0571412 -0.0608992 -0.0213431 0.0479354 0.171525
internal_weight=232.806 214.621 193.124 21.4975 183.293 164.071 123.96 115.14 109.444 40.111 39.423 11.77 5.62297 2.64232
internal_count=3682 3128 2654 474 2425 1913 1180 921 858 733 730 199 71 26
is_linear=0
shrinkage=0.08


Tree=35
num_leaves=15
num_cat=0
split_feature=16 13 15 6 19 7 1 14 4 19 0 10 9 11
split_gain=19.6137 14.0154 13.5875 10.5768 9.06265 6.10059 10.0246 8.92274 5.60098 6.08806 5.39935 4.39538 4.1007 4.0004
threshold=1.0000000180025095e-35 1.0000000180025095e-35 1.0000000180025095e-35 0.58335000000000015 0.55000000000000016 0.87500000000000011 15.500000000000002 1.0000000180025095e-35 1.0000000180025095e-35 0.41665000000000002 1.5000000000000002 1.0000000180025095e-35 0.7250000000000002 1.0000000180025095e-35
decision_type=2 2 2 2 2 2 2 2 2 2 2 2 2 2
left_child=1 2 3 4 5 -1 7 10 9 -9 -7 -5 -3 -12
right_child=-2 12 -4 11 -6 6 -8 8 -10 -11 13 -13 -14 -15
leaf_value=0.096115605137240948 0.083167918680730507 -0.049303375910255201 -0.091881739902426485 -0.00069286817257572522 -0.083527610255382592 -0.082755468933269169 -0.083773907479128731 0.0826172525650508 -0.037056482470078214 0.28129549231696216 1.556398169213035e-05 0.063133026712420368 0.097831496862056347 0.074372594821595778
leaf_weight=4.4446306675672522 16.836341461166739 45.147625841200352 8.8337746672332269 9.1774465143680555 8.0770366378128511 4.7988584488630286 8.3227465711534006 6.1324315033853036 1.9810793325304983 1.1764586567878721 74.807057499885559 27.891149137169123 1.2457408048212517 4.9361749701201907
leaf_count=38 554 776 180 107 206 151 165 201 52 6 470 661 24 91
internal_value=0.000132456 -0.00662214 0.00456759 0.0101824 -0.00182576 0.00436478 0.000372816 0.00783649 0.082257 0.114597 -0.000341266 0.047331 -0.0453526 0.00461833
internal_weight=223.809 206.972 160.579 151.745 114.676 106.599 102.155 93.8321 9.28997 7.30889 84.5421 37.0686 46.3934 79.7432
internal_count=3682 3128 2328 2148 1380 1174 1136 971 259 207 712 768 800 561
is_linear=0
shrinkage=0.08


Tree=36
num_leaves=15
num_cat=0
split_feature=16 9 9 0 19 11 10 18 17 10 10 10 1 19
split_gain=17.9876 13.0068 12.8653 13.4153 12.5597 9.95974 9.28729 6.81298 4.57199 4.28952 7.6968 7.70579 3.68649 6.55636
threshold=1.0000000180025095e-35 0.7250000000000002 1.0000000180025095e-35 1.5000000000000002 0.29165000000000002 1.0000000180025095e-35 0.69500000000000006 1.0000000180025095e-35 1.0000000180025095e-35 0.68500000000000016 0.67500000000000016 1.0000000180025095e-35 11.500000000000002 0.87500000000000011
decision_type=2 2 2 2 2 2 2 2 2 2 2 2 2 2
left_child=1 2 -1 -4 5 7 12 8 9 10 11 -5 13 -6
right_child=-2 -3 3 4 6 -7 -8 -9 -10 -11 -12 -13 -14 -15
leaf_value=0.085179304357339808 0.082929888244107061 0.095725348862078244 -0.083029947378596564 -0.0087987887555285322 0.039044535022083007 0.062504896647753147 0.081236850221949791 0.082573626176474041 -0.086681184932124997 0.086679705473819008 -0.11227409936375074 0.093405750933745146 -0.076019469445533144 -0.084134164174829565
leaf_weight=8.6266732290387136 15.58470152504742 7.6958656087517729 16.758255338296294 90.183127395808697 5.7081277891993505 16.325478937476873 3.2918070554733267 5.4897840432822695 4.6164794955402604 3.1456831004470578 4.3494519218802443 4.9820705875754348 25.184854811057448 5.3644896745681763
leaf_count=229 554 155 512 608 71 361 43 186 113 81 46 61 534 128
internal_value=0.000122751 -0.00627478 -0.0103205 -0.0147641 -0.00798042 0.00410374 -0.0474241 -0.00435114 -0.00879942 -0.0052972 -0.00820461 -0.0034482 -0.0591052 -0.0206334
internal_weight=217.307 201.722 194.026 185.4 168.641 129.092 39.5493 112.767 107.277 102.66 99.5146 95.1652 36.2575 11.0726
internal_count=3682 3128 2973 2744 2232 1456 776 1095 909 796 715 669 733 199
is_linear=0
shrinkage=0.08


Tree=37
num_leaves=15
num_cat=0
split_feature=16 9 9 0 19 18 7 12 1 6 19 13 10 17
split_gain=16.5087 11.8338 11.6914 12.5325 11.2506 9.05523 8.46745 7.28711 5.30958 4.78396 6.93026 5.27763 5.10463 4.4214
threshold=1.0000000180025095e-35 0.7250000000000002 1.0000000180025095e-35 1.5000000000000002 0.29165000000000002 1.0000000180025095e-35 0.87500000000000011 2.5000000000000004 13.500000000000002 0.45000000000000007 0.55000000000000016 1.0000000180025095e-35 0.66500000000000015 1.0000000180025095e-35
decision_type=2 2 2 2 2 2 2 2 2 2 2 2 2 2
left_child=1 2 -1 -4 5 7 -6 13 9 10 11 -8 -11 -5
right_child=-2 -3 3 4 6 -7 8 -9 -10 12 -12 -13 -14 -15
leaf_value=0.084790685621316642 0.082709726623520122 0.094946910000259579 -0.082790601682434337 -0.0033442760127109688 0.093161528387220444 0.082420537277442515 0.16252279659081276 0.084921476711877941 -0.08771289162639187 -0.077496945530808437 -0.083315577737755955 -0.091233611391212971 0.048553995290092716 -0.086232537215995414
leaf_weight=7.9984395876526824 14.423233877867458 7.1600735969841471 15.512725431472061 107.44020523689687 2.6081400047987691 8.7454523015767318 2.5728050805628331 5.8704717420041552 17.351112730801105 10.082879791036246 1.8518495224416254 0.65888141468167294 2.5828396901488295 4.2828208692371836
leaf_count=229 554 155 512 880 26 314 25 149 406 219 52 8 40 113
internal_value=0.000125159 -0.00599206 -0.00984542 -0.0140609 -0.0075617 0.00388404 -0.0459096 -0.00195673 -0.0562433 -0.0254797 0.0400783 0.110787 -0.0517922 -0.00652174
internal_weight=209.142 194.719 187.559 179.56 164.047 126.339 37.7085 117.593 35.1004 17.7493 5.08354 3.23169 12.6657 111.723
internal_count=3682 3128 2973 2744 2232 1456 776 1142 750 344 85 33 259 993
is_linear=0
shrinkage=0.08


Tree=38
num_leaves=15
num_cat=0
split_feature=16 13 15 10 9 19 14 10 0 17 1 19 2 1
split_gain=15.1565 11.0486 11.51 8.07847 8.00756 9.28592 5.64621 6.42722 5.17008 5.16327 4.28784 6.97936 3.91774 5.81129
threshold=1.0000000180025095e-35 1.0000000180025095e-35 1.0000000180025095e-35 0.68500000000000016 1.0000000180025095e-35 0.55000000000000016 1.0000000180025095e-35 0.67500000000000016 1.5000000000000002 1.0000000180025095e-35 12.500000000000002 0.41665000000000002 1.0000000180025095e-35 17.500000000000004
decision_type=2 2 2 2 2 2 2 2 2 2 2 2 2 2
left_child=1 2 3 4 -1 6 7 8 -6 -5 -8 -12 13 -10
right_child=-2 -3 -4 9 5 -7 10 -9 12 -11 11 -13 -14 -15
leaf_value=0.084430755541818239 0.082506052862879445 -0.042003167144222031 -0.091802419722942924 0.087249934496308384 -0.082511578629504922 -0.083785823455329603 0.10282588027378874 -0.074163828215419392 0.0090214307976452177 -0.091586005618648367 0.086641483938249789 -0.083558179719449482 0.10553388712466977 -0.1130399458138529
leaf_weight=7.4136885497719041 13.345857100561259 41.803529884666204 7.521618338301777 11.404681829735633 4.2073270455002776 8.1310795713216049 6.1843547243624908 7.2407081518322221 82.633137160912156 1.1361579820513732 3.368305953219533 2.8438745550811291 2.5727646537125102 2.5740581955760709
leaf_count=229 554 800 180 338 158 231 170 122 614 27 113 81 37 28
internal_value=0.000110602 -0.0057065 0.00459921 0.00978922 0.00374817 -0.00124664 0.00476578 -0.00159371 0.0041186 0.071048 0.0556702 0.00872577 0.00827081 0.00533403
internal_weight=202.381 189.035 147.232 139.71 127.169 119.756 111.625 99.228 91.9873 12.5408 12.3965 6.21218 87.78 85.2072
internal_count=3682 3128 2328 2148 1783 1554 1323 959 837 365 364 194 679 642
is_linear=0
shrinkage=0.08


Tree=39
num_leaves=15
num_cat=0
split_feature=16 9 9 0 19 11 7 18 1 1 6 19 10 18
split_gain=13.9097 10.0355 9.65944 11.1486 9.41464 7.91207 7.18101 5.14683 5.05853 4.94314 4.20661 5.35814 4.63545 4.13983
threshold=1.0000000180025095e-35 0.7250000000000002 1.0000000180025095e-35 1.5000000000000002 0.29165000000000002 1.0000000180025095e-35 0.87500000000000011 1.0000000180025095e-35 21.500000000000004 13.500000000000002 0.45000000000000007 0.55000000000000016 0.66500000000000015 1.0000000180025095e-35
decision_type=2 2 2 2 2 2 2 2 2 2 2 2 2 2
left_child=1 2 -1 -4 5 7 -6 -5 -7 10 11 13 -12 -8
right_child=-2 -3 3 4 6 8 9 -9 -10 -11 12 -13 -14 -15
leaf_value=0.084097431494095695 0.082317612970792264 0.09354586202917764 -0.082413196722507381 -0.0072652236253927215 0.088021225094576189 0.064571127669882863 0.023922739803018584 0.081992580767445256 -0.36526580949863918 -0.086645400224670086 -0.076342920286552665 -0.082816361343716324 0.046299620785310955 0.20568460844492645
leaf_weight=6.8697213418781748 12.34683728404343 6.33561804331839 13.503764543682335 104.44394739344716 2.4594114795327178 14.264596167951819 2.0393388681113782 4.3049584534019223 0.17740437388420183 15.304739704355596 9.136852687224744 1.5906540192663667 2.515371434390544 1.3217404186725619
leaf_count=229 554 155 512 909 26 358 27 186 3 406 219 52 40 6
internal_value=0.00011472 -0.00539326 -0.00891617 -0.0126515 -0.00667251 0.0036565 -0.0436964 -0.00373184 0.059291 -0.0538487 -0.0236183 0.0381515 -0.049868 0.0954004
internal_weight=196.615 184.268 177.933 171.063 157.559 123.191 34.3681 108.749 14.442 31.9087 16.604 4.95173 11.6522 3.36108
internal_count=3682 3128 2973 2744 2232 1456 776 1095 361 750 344 85 259 33
is_linear=0
shrinkage=0.08


Tree=40
num_leaves=15
num_cat=0
split_feature=16 13 15 10 9 19 14 2 1 7 0 0 10 12
split_gain=12.7726 9.36357 10.1517 6.95846 6.63539 7.97059 4.74895 4.3744 5.60002 4.50028 6.19041 4.12153 3.39762 3.42528
threshold=1.0000000180025095e-35 1.0000000180025095e-35 1.0000000180025095e-35 0.70500000000000007 1.0000000180025095e-35 0.69050000000000011 1.0000000180025095e-35 1.0000000180025095e-35 16.500000000000004 0.87500000000000011 2.5000000000000004 1.5000000000000002 0.67500000000000016 1.5000000000000002
decision_type=2 2 2 2 2 2 2 2 2 2 2 2 2 2
left_child=1 2 3 4 -1 6 7 8 11 -10 -11 -6 13 -13
right_child=-2 -3 -4 -5 5 -7 -8 -9 9 10 -12 12 -14 -15
leaf_value=0.083788790554186893 0.082143245449891072 -0.039456641485558788 -0.091789390078543795 0.073751015492782776 -0.082136537963407155 -0.083243712966610192 0.054641218656406351 0.099445430931570405 0.068854874983474063 -0.060420884390984801 -0.26880118880843595 0.002840301091057837 -0.062330297933326041 0.051575533540040082
leaf_weight=6.3639635387808076 11.420779917389153 39.58442397415638 6.6560450065881005 9.9644772168248874 3.5804256815463296 6.939881144091486 11.152365606278179 2.7283969335257998 1.1519745644181965 4.2340333480387917 1.1630243696272371 70.554300084710121 4.48257759399712 10.618890706449745
leaf_count=229 554 800 180 328 157 229 369 49 11 87 9 388 78 214
internal_value=0.000114899 -0.00511367 0.00462516 0.00945265 0.00424244 -9.89408e-05 0.00516263 -0.000438665 -0.00328382 -0.074687 -0.105325 0.00195645 0.00547155 0.00921573
internal_weight=190.596 179.175 139.59 132.934 122.97 116.606 109.666 98.5136 95.7852 6.54903 5.39706 89.2362 85.6558 81.1732
internal_count=3682 3128 2328 2148 1820 1591 1362 993 944 107 96 837 680 602
is_linear=0
shrinkage=0.08


Tree=41
num_leaves=15
num_cat=0
split_feature=16 9 13 15 9 19 14 0 11 19 1 19 12 1
split_gain=11.7278 8.51847 8.06143 8.69296 5.82674 7.42128 5.30668 3.67455 3.80067 3.04889 2.51768 5.14704 2.46179 2.41493
threshold=1.0000000180025095e-35 0.7250000000000002 1.0000000180025095e-35 1.0000000180025095e-35 1.0000000180025095e-35 0.87500000000000011 1.0000000180025095e-35 1.5000000000000002 1.0000000180025095e-35 0.41665000000000002 12.500000000000002 0.41665000000000002 2.5000000000000004 9.5000000000000018
decision_type=2 2 2 2 2 2 2 2 2 2 2 2 2 2
left_child=1 2 3 4 -1 6 7 -6 9 -9 -8 -12 -4 -11
right_child=-2 -3 12 -5 5 -7 10 8 -10 13 11 -13 -14 -15
leaf_value=0.083503043922607129 0.081981896289883741 0.092295232238070624 -0.045368344592147454 -0.09143216661683741 -0.081967698730509325 -0.081698461754243626 0.093712624063698582 0.0028384633416073226 0.053236186445360469 0.14299910474337851 0.084732238339179367 -0.057218812000712126 0.047302514150088175 -0.063122716879082913
leaf_weight=5.8939660228788844 10.562616571784018 5.5965497568249694 35.811782235279679 6.1673366259783498 3.3307428378611794 6.4129075054079285 5.9243815261870605 81.708801828324795 8.9275637250393611 0.38470177724957366 3.6957331523299217 2.9315238185226917 1.9336703047156323 6.6883189249783754
leaf_count=229 554 155 741 180 158 229 185 570 222 6 157 84 35 177
internal_value=0.000113891 -0.00481599 -0.00801653 0.00130205 0.00584477 0.00203063 0.00675762 0.000663209 0.00347995 -0.00152335 0.0558173 0.0219411 -0.0406209 -0.0519117
internal_weight=185.971 175.408 169.811 132.066 125.899 120.005 113.592 101.04 97.7094 88.7818 12.5516 6.62726 37.7455 7.07302
internal_count=3682 3128 2973 2197 2017 1788 1559 1133 975 753 426 241 776 183
is_linear=0
shrinkage=0.08


Tree=42
num_leaves=15
num_cat=0
split_feature=16 9 21 19 11 7 18 1 17 1 10 7 0 6
split_gain=10.7734 7.75409 7.34822 7.94672 8.77054 5.51943 4.89922 4.81495 3.83073 3.47813 3.3777 3.27749 9.46866 2.60448
threshold=1.0000000180025095e-35 0.7250000000000002 1.0000000180025095e-35 0.29165000000000002 1.0000000180025095e-35 0.87500000000000011 1.0000000180025095e-35 13.500000000000002 1.0000000180025095e-35 21.500000000000004 1.0000000180025095e-35 0.87500000000000011 2.5000000000000004 0.45000000000000007
decision_type=2 2 2 2 2 2 2 2 2 2 2 2 2 2
left_child=1 2 3 4 6 -5 8 13 11 -6 -4 -1 -13 -7
right_child=-2 -3 10 5 9 7 -8 -9 -10 -11 -12 12 -14 -15
leaf_value=0.12030347387681641 0.081832582492136069 0.091625966728638042 -0.07444163849933412 0.088002616587744373 0.072448282736425895 0.035271466184832748 0.081591843779333928 -0.084919252223346439 -0.0856934789381706 -0.22701580582945788 0.039211397085911363 -0.00077998492151734253 -0.26224774880124113 -0.038869893120611468
leaf_weight=1.3954987265169609 9.7675931490957719 5.202479367144405 13.439499158412216 2.030408043414357 13.53698591701686 4.2281436994671848 4.4264371618628493 12.680580953136085 3.5775863211601964 0.25285627692937929 1.9115909319370974 97.029877291992307 0.89457736164331336 10.722013909369705
leaf_count=10 554 155 539 21 438 79 236 394 111 3 29 850 7 256
internal_value=0.000111694 -0.00454729 -0.00755909 -0.00219042 0.00689859 -0.0393031 -0.000818215 -0.048658 -0.00436332 0.0669572 -0.060289 -0.00143374 -0.00316859 -0.0179015
internal_weight=181.096 171.329 166.126 150.775 121.114 29.6611 107.324 27.6307 102.898 13.7898 15.3511 99.32 97.9245 14.9502
internal_count=3682 3128 2973 2405 1655 750 1214 729 978 441 568 867 857 335
is_linear=0
shrinkage=0.08


Tree=43
num_leaves=15
num_cat=0
split_feature=16 10 17 9 0 19 18 10 10 4 14 7 1 6
split_gain=9.89793 7.22064 10.5218 7.30358 8.31255 8.45603 4.67677 4.43142 7.57797 3.49553 3.58509 2.73275 3.12253 4.6694
threshold=1.0000000180025095e-35 0.68500000000000016 1.0000000180025095e-35 1.0000000180025095e-35 1.5000000000000002 0.29165000000000002 1.0000000180025095e-35 0.67500000000000016 1.0000000180025095e-35 1.5000000000000002 1.0000000180025095e-35 0.87500000000000011 11.500000000000002 0.45000000000000007
decision_type=2 2 2 2 2 2 2 2 2 2 2 2 2 2
left_child=1 3 -3 -1 -5 6 7 8 9 10 -6 -7 13 -13
right_child=-2 2 -4 4 5 11 -8 -9 -10 -11 -12 12 -14 -15
leaf_value=0.083253616803428424 0.081694413466482638 0.08674168135699406 -0.086478997785094672 -0.081833932770199277 0.00055559662610345684 0.10163114199994012 0.08152008690172112 -0.077004201348277859 0.083585374364122222 -0.16051078253786924 -0.10296266682435753 0.046778517881440981 -0.071481557053737849 -0.0685005153345698
leaf_weight=5.274737697094678 9.0312566086649877 10.944230728782712 2.8231725730001918 10.310314296744762 91.74562724865973 0.76563814282417553 4.5865243002772322 4.6913964971899977 6.8809113651514044 0.89730345457792182 2.192308008670806 4.3029848542064446 17.398957327008247 4.7104176785796881
leaf_count=229 554 381 93 512 695 5 259 63 130 8 25 74 529 125
internal_value=0.00011394 -0.00428407 0.0512207 -0.00925396 -0.0125402 -0.00736958 0.00242356 -0.000985765 0.00252039 -0.0033614 -0.0018603 -0.0473644 -0.0516835 -0.0134665
internal_weight=176.556 167.525 13.7674 153.757 148.482 138.172 110.994 106.408 101.716 94.8352 93.9379 27.178 26.4124 9.0134
internal_count=3682 3128 474 2654 2425 1913 1180 921 858 728 720 733 728 199
is_linear=0
shrinkage=0.08


Tree=44
num_leaves=15
num_cat=0
split_feature=16 9 13 15 9 19 14 10 1 7 0 0 17 11
split_gain=9.0976 6.82536 6.42799 7.11912 4.76234 6.24745 4.51545 3.11856 4.42092 3.45419 3.98012 2.99556 2.79701 2.66561
threshold=1.0000000180025095e-35 0.7250000000000002 1.0000000180025095e-35 1.0000000180025095e-35 1.0000000180025095e-35 0.87500000000000011 1.0000000180025095e-35 0.70500000000000007 16.500000000000004 0.87500000000000011 2.5000000000000004 1.5000000000000002 1.0000000180025095e-35 1.0000000180025095e-35
decision_type=2 2 2 2 2 2 2 2 2 2 2 2 2 2
left_child=1 2 3 4 -1 6 7 8 11 -10 -11 -6 -9 -13
right_child=-2 -3 -4 -5 5 -7 -8 12 9 10 -12 13 -14 -15
leaf_value=0.083008487242151083 0.081566557367344639 0.091402585835422059 -0.037342508885345828 -0.090502218094167516 -0.081556585145892577 -0.08097013763225587 0.056036263774076139 0.085365247595168101 0.06393020820012911 -0.055176929074722221 -0.22101061102631164 0.0014921728695955693 -0.087641570121621423 0.062424238152867052
leaf_weight=4.882992446422576 8.349438766948877 4.657568057999014 34.599438890814781 5.1421720758080474 2.6375507079064837 5.4851396698504677 10.639167880639432 4.4229546356946221 1.0391548592597244 3.7167039895430198 1.2337143644690511 79.208910973742604 0.69157907739281643 4.8779748287051907
leaf_count=229 554 155 776 180 157 229 426 166 11 87 10 563 22 117
internal_value=0.000116291 -0.00404987 -0.0068534 0.00165541 0.00564319 0.00232801 0.00654034 0.0011575 -0.00219729 -0.0686705 -0.096505 0.00239365 0.0619715 0.00502691
internal_weight=171.584 163.235 158.577 123.978 118.836 113.953 108.468 97.8285 92.714 5.98957 4.95042 86.7244 5.11453 84.0869
internal_count=3682 3128 2973 2197 2017 1788 1559 1133 945 108 97 837 188 680
is_linear=0
shrinkage=0.08


Tree=45
num_leaves=15
num_cat=0
split_feature=16 9 9 0 19 10 11 1 17 10 10 10 4 1
split_gain=8.3616 6.21617 5.7879 7.85412 5.97651 5.08949 5.07307 5.27052 3.41197 3.43608 5.32098 6.68568 4.14563 2.86861
threshold=1.0000000180025095e-35 0.7250000000000002 1.0000000180025095e-35 1.5000000000000002 0.29165000000000002 0.69500000000000006 1.0000000180025095e-35 22.500000000000004 1.0000000180025095e-35 0.68500000000000016 0.67500000000000016 1.0000000180025095e-35 1.5000000000000002 11.500000000000002
decision_type=2 2 2 2 2 2 2 2 2 2 2 2 2 2
left_child=1 2 -1 -4 6 13 8 -8 9 10 11 12 -5 -6
right_child=-2 -3 3 4 5 -7 7 -9 -10 -11 -12 -13 -14 -15
leaf_value=0.082781506781638009 0.081448247648995345 0.09076241440046158 -0.081598691373777218 -0.0019096197247226673 -0.011631341877128635 0.069816471533671695 0.060022471015640684 -0.40406532806862527 -0.084924753694750235 0.08392832402200924 -0.094162892190588293 0.090998210712116653 -0.18977343052758783 -0.068727261206243381
leaf_weight=4.5194281339645377 7.7182452473789445 4.3285781089216462 8.9935587542131525 87.399438256397843 8.5973123796284252 2.5411417558789244 11.440595446154472 0.15878862142562944 3.0901728495955458 3.0574996359646311 3.8667231034487477 5.0640842663124195 0.75829112529754539 16.326466218568385
leaf_count=229 554 155 512 683 199 43 360 1 113 129 53 113 4 534
internal_value=0.000117611 -0.00380222 -0.00642927 -0.00909416 -0.00451179 -0.0380361 0.00350613 0.0536694 -0.0021301 0.000424664 -0.00220502 0.00160927 -0.00352554 -0.0490324
internal_weight=167.86 160.142 155.814 151.294 142.301 27.4649 114.836 11.5994 103.236 100.146 97.0885 93.2218 88.1577 24.9238
internal_count=3682 3128 2973 2744 2232 776 1456 361 1095 982 853 800 687 733
is_linear=0
shrinkage=0.08


Tree=46
num_leaves=15
num_cat=0
split_feature=16 9 13 15 9 19 14 10 10 0 7 5 17 0
split_gain=7.68702 5.66611 5.39476 6.37771 4.02459 5.55014 3.94373 2.61136 3.48535 2.68877 9.08174 2.89159 2.40635 2.31676
threshold=1.0000000180025095e-35 0.7250000000000002 1.0000000180025095e-35 1.0000000180025095e-35 1.0000000180025095e-35 0.87500000000000011 1.0000000180025095e-35 0.70500000000000007 0.67500000000000016 2.5000000000000004 0.87500000000000011 1.0000000180025095e-35 1.0000000180025095e-35 1.5000000000000002
decision_type=2 2 2 2 2 2 2 2 2 2 2 2 2 2
left_child=1 2 3 4 -1 6 7 8 9 11 -11 13 -9 -6
right_child=-2 -3 -4 -5 5 -7 -8 12 -10 10 -12 -13 -14 -15
leaf_value=0.082571379371333617 0.08133878355223384 0.090145638450994103 -0.034771350695883246 -0.090706291794981631 -0.081195286558635088 -0.08050314897170488 0.05401492879735513 0.08468444250359447 -0.060459939576870604 0.11375087690579687 -0.18232111263424666 0.059869025369435461 -0.086661001232322607 0.0035634987223664423
leaf_weight=4.1821440840139976 7.1340381000190964 4.0220161648467174 32.83682719245553 4.5826259115710846 2.1227653417736283 4.9122745962813488 10.10497449710965 3.8433704134076825 5.9866747464984646 1.0475690066814423 1.8064786233007899 5.7854278478771439 0.60746837407350529 74.449164425954223
leaf_count=229 554 155 776 180 154 229 426 166 142 8 15 96 22 530
internal_value=0.000128905 -0.00357802 -0.00605365 0.00184212 0.00553494 0.00262369 0.00648493 0.00146356 -0.00145664 0.00268874 -0.0736488 0.00533418 0.0612985 0.00121377
internal_weight=163.424 156.29 152.268 119.431 114.848 110.666 105.754 95.6489 91.1981 85.2114 2.85405 82.3574 4.45084 76.5719
internal_count=3682 3128 2973 2197 2017 1788 1559 1133 945 803 23 780 188 684
is_linear=0
shrinkage=0.08


Tree=47
num_leaves=15
num_cat=0
split_feature=16 15 13 10 9 19 14 10 1 10 19 10 10 11
split_gain=7.06876 5.16759 5.63458 4.25652 3.88309 5.08823 2.53257 2.93368 3.3596 3.04969 3.00921 2.70224 2.8136 2.57523
threshold=1.0000000180025095e-35 1.0000000180025095e-35 1.0000000180025095e-35 0.70500000000000007 1.0000000180025095e-35 0.69050000000000011 1.0000000180025095e-35 1.0000000180025095e-35 15.500000000000002 0.52500000000000013 0.41665000000000002 0.67500000000000016 0.52500000000000013 1.0000000180025095e-35
decision_type=2 2 2 2 2 2 2 2 2 2 2 2 2 2
left_child=1 2 3 4 -1 6 11 8 -8 10 -9 12 -6 -13
right_child=-2 -3 -4 -5 5 -7 7 9 -10 -11 -12 13 -14 -15
leaf_value=0.082376891327427537 0.081237501670499035 -0.090407067308846387 -0.03011922942479699 0.070253925177830037 0.0024982572426468551 -0.0820686081701818 0.12170306983089584 0.081152604243002649 -0.036790940908696758 0.15665289579727168 -0.085266101578216222 -0.070247189008307592 0.12626693078250203 0.088395143797629749
leaf_weight=3.8693506047129622 6.5934247542172661 4.2437354605644932 32.887502580881119 6.5065099066123357 85.224633881822228 4.5405138423666349 3.8395573487505299 0.98584018182009536 1.1014888528734443 0.62213086802512396 2.360268721356988 5.3597306245937935 1.1919339727610339 0.74602664541453112
leaf_count=229 554 180 800 328 805 229 175 71 38 24 61 131 34 23
internal_value=0.000127873 -0.00335657 -0.000881162 0.00738342 0.00365925 0.000785043 0.00449393 0.0452306 0.0863706 -0.0059948 -0.0362353 0.000571257 0.00420538 -0.0508636
internal_weight=160.073 153.479 149.235 116.348 109.841 105.972 101.432 8.90929 4.94105 3.96824 3.34611 92.5223 86.4166 6.10576
internal_count=3682 3128 2948 2148 1820 1591 1362 369 213 156 132 993 839 154
is_linear=0
shrinkage=0.08


Tree=48
num_leaves=15
num_cat=0
split_feature=16 9 21 19 11 7 1 1 18 17 7 0 10 6
split_gain=6.50063 4.97094 4.79543 4.90179 6.17399 3.59447 4.12473 3.55151 3.09869 2.88453 2.47226 5.31496 2.33365 2.04571
threshold=1.0000000180025095e-35 0.7250000000000002 1.0000000180025095e-35 0.29165000000000002 1.0000000180025095e-35 0.87500000000000011 13.500000000000002 22.500000000000004 1.0000000180025095e-35 1.0000000180025095e-35 0.87500000000000011 2.5000000000000004 1.0000000180025095e-35 0.45000000000000007
decision_type=2 2 2 2 2 2 2 2 2 2 2 2 2 2
left_child=1 2 3 4 8 -5 13 -6 9 10 -1 -12 -4 -7
right_child=-2 -3 12 5 7 6 -8 -9 -10 -11 11 -13 -14 -15
leaf_value=0.1131255047967793 0.081143800892655313 0.089623845261574714 -0.06988268612147637 0.07968037272345857 0.069409836095333605 0.034543599421912673 -0.082744924608917081 -0.26073952257310418 0.081036277986526892 -0.084371384536653979 -1.2885491549783288e-05 -0.1872145802570846 0.035335961246346796 -0.03459198687673231
leaf_weight=1.2099683377891768 6.0932414708659044 3.6087004467844954 9.7832187628373486 1.6513989083468938 10.688399019651111 3.9852511528879431 9.4391712108626944 0.21268133819103319 2.9046396678313604 2.6986143719404927 93.372208250686526 0.98084213584661384 1.5648424085229624 8.7605708492919785
leaf_count=10 554 155 539 21 440 79 394 1 236 111 850 7 29 256
internal_value=0.000132523 -0.00313951 -0.00541287 -0.00124111 0.00576589 -0.0341847 -0.0426606 0.0629686 -0.000397934 -0.00280515 -0.000501793 -0.00195893 -0.0553735 -0.0129753
internal_weight=156.954 150.861 147.252 135.904 112.067 23.8364 22.185 10.9011 101.166 98.2616 95.563 94.3531 11.3481 12.7458
internal_count=3682 3128 2973 2405 1655 750 729 441 1214 978 867 857 568 335
is_linear=0
shrinkage=0.08


Tree=49
num_leaves=15
num_cat=0
split_feature=16 15 13 6 19 7 1 14 4 5 12 0 10 12
split_gain=5.98083 4.60254 4.69898 3.83899 3.49889 2.23936 4.53331 3.02966 3.65699 2.19544 1.97028 1.9204 1.986 2.32906
threshold=1.0000000180025095e-35 1.0000000180025095e-35 1.0000000180025095e-35 0.58335000000000015 0.55000000000000016 0.87500000000000011 15.500000000000002 1.0000000180025095e-35 1.0000000180025095e-35 2.5000000000000004 2.5000000000000004 1.5000000000000002 0.67500000000000016 1.5000000000000002
decision_type=2 2 2 2 2 2 2 2 2 2 2 2 2 2
left_child=1 2 3 4 5 -1 7 11 -9 -5 -4 -7 13 -13
right_child=-2 -3 10 9 -6 6 -8 8 -10 -11 -12 12 -14 -15
leaf_value=0.076902698634278427 0.081057127071933244 -0.089907907087698011 -0.032934597200192192 0.041892819714404492 -0.081415875858305023 -0.080970596815815643 -0.074485372017646226 0.1084044667935405 -0.052290613094231518 -0.19747023585632126 0.052775418396375819 0.00087551242360365948 -0.087168788130673941 0.050475673010550087
leaf_weight=2.5563498456031075 5.6305416272953144 3.7953338846564284 29.679635505191985 19.608367657288913 3.2483752379193893 1.7638826128095377 4.8183513693511477 3.5429793745279303 1.2179199904203413 0.24834408238530059 1.8218678217381228 67.638819644227624 1.5162417031824578 6.6550598144531241
leaf_count=38 554 180 750 766 206 151 165 207 52 2 50 354 37 170
internal_value=0.000130063 -0.00294642 -0.000659447 0.00696867 0.000148012 0.00310143 0.000936718 0.00535052 0.0672959 0.0388992 -0.0279776 0.00154879 0.00346878 0.00531857
internal_weight=153.742 148.112 144.316 112.815 92.958 89.7096 87.1533 82.3349 4.7609 19.8567 31.5015 77.574 75.8101 74.2939
internal_count=3682 3128 2948 2148 1380 1174 1136 971 259 768 800 712 561 524
is_linear=0
shrinkage=0.08


Tree=50
num_leaves=15
num_cat=0
split_feature=16 9 21 19 11 7 1 17 1 18 7 0 10 18
split_gain=5.50431 4.34881 4.05916 4.24747 5.33276 2.99416 3.78933 2.82436 2.76406 2.52719 2.10108 4.42148 2.02613 1.87975
threshold=1.0000000180025095e-35 0.7250000000000002 1.0000000180025095e-35 0.29165000000000002 1.0000000180025095e-35 0.87500000000000011 13.500000000000002 1.0000000180025095e-35 22.500000000000004 1.0000000180025095e-35 0.87500000000000011 2.5000000000000004 1.0000000180025095e-35 1.0000000180025095e-35
decision_type=2 2 2 2 2 2 2 2 2 2 2 2 2 2
left_child=1 2 3 4 7 -5 -7 9 -6 10 -1 -12 13 -4
right_child=-2 -3 12 5 8 6 -8 -9 -10 -11 11 -13 -14 -15
leaf_value=0.10893302806431476 0.080976957007875008 0.088876650147991704 -0.074133125954339643 0.075102055545324495 0.067734387711174959 -0.012593036685554561 -0.081955613497358484 -0.084345120623514833 -0.20926080550082579 0.080906913139828007 0.00036679684990176633 -0.17165074707323352 0.032208884069843728 0.13975159054337882
leaf_weight=1.1176049197092641 5.2025822717696419 3.2403484284877768 8.606495857238766 1.534566606394949 9.7452071402221883 12.452680835500361 8.4687945507466775 2.4864365560933939 0.23614625632762987 2.5301791150122872 92.568333574570715 0.96629992872476478 1.5254315696656693 0.27126804180443365
leaf_count=10 554 155 537 21 440 335 394 111 1 236 850 7 29 2
internal_value=0.000120269 -0.00276593 -0.00484968 -0.00106083 0.00543083 -0.0327588 -0.0406703 -0.000152285 0.061181 0.00200181 -0.000107427 -0.0014103 -0.0529629 -0.0675977
internal_weight=150.952 145.75 142.509 132.106 109.65 22.456 20.9215 99.6689 9.98135 97.1824 94.6522 93.5346 10.4032 8.87776
internal_count=3682 3128 2973 2405 1655 750 729 1214 441 1103 867 857 568 539
is_linear=0
shrinkage=0.08


Tree=51
num_leaves=15
num_cat=0
split_feature=16 15 13 6 19 0 19 7 1 14 4 1 10 12
split_gain=5.06615 4.08093 3.91959 3.27586 3.11475 1.80416 2.13142 1.79895 3.72704 2.63429 3.31423 1.72776 1.77487 1.73026
threshold=1.0000000180025095e-35 1.0000000180025095e-35 1.0000000180025095e-35 0.58335000000000015 0.55000000000000016 1.5000000000000002 0.29165000000000002 0.87500000000000011 15.500000000000002 1.0000000180025095e-35 1.0000000180025095e-35 7.5000000000000009 0.67500000000000016 1.5000000000000002
decision_type=2 2 2 2 2 2 2 2 2 2 2 2 2 2
left_child=1 2 3 4 7 -4 -7 -1 9 11 -11 -9 13 -13
right_child=-2 -3 5 -5 -6 6 -8 8 -10 10 -12 12 -14 -15
leaf_value=0.072340501364931989 0.080902802009165317 -0.089352833656138386 -0.081287866138107678 0.03682368146802556 -0.081276108119356663 -0.0081173004927502044 -0.065504688487261029 -0.093187723033125461 -0.070380793864088437 0.10818870141633903 -0.050841623469244562 0.00091294535675198719 -0.086665610201208845 0.043954268848004165
leaf_weight=2.3251343499869099 4.8068121690303078 3.3877579402178517 3.3639882151037481 18.898883720394224 2.905679394491016 21.59854199085385 5.1248819231986991 1.2133800573647011 4.4360376233234993 3.1532954685389987 1.1425889916718004 67.764308713376522 1.3858427228406061 6.5557880830019704
leaf_count=38 554 180 225 768 206 393 182 99 165 207 52 391 37 185
internal_value=0.000117236 -0.00259344 -0.000492038 0.00651895 0.000217095 -0.0260733 -0.0191228 0.00290865 0.00102381 0.00492399 0.0658909 0.00151903 0.00303695 0.00470963
internal_weight=148.063 143.256 139.868 109.781 90.8821 30.0874 26.7234 87.9764 85.6512 81.2152 4.29588 76.9193 75.7059 74.3201
internal_count=3682 3128 2948 2148 1380 800 575 1174 1136 971 259 712 613 576
is_linear=0
shrinkage=0.08


Tree=52
num_leaves=15
num_cat=0
split_feature=10 17 9 0 19 11 10 10 4 7 1 6 19 13
split_gain=4.71344 7.39578 4.0695 5.44511 4.66561 2.96144 3.7092 5.22279 2.33516 1.91666 2.51871 3.48707 2.95098 2.78743
threshold=0.68500000000000016 1.0000000180025095e-35 1.0000000180025095e-35 1.5000000000000002 0.29165000000000002 1.0000000180025095e-35 0.67500000000000016 1.0000000180025095e-35 1.5000000000000002 0.87500000000000011 12.500000000000002 0.45000000000000007 0.87500000000000011 1.0000000180025095e-35
decision_type=2 2 2 2 2 2 2 2 2 2 2 2 2 2
left_child=2 -2 -1 -4 5 6 7 8 -5 -6 11 12 13 -11
right_child=1 -3 3 4 9 -7 -8 -9 -10 10 -12 -13 -14 -15
leaf_value=0.081928130339352631 0.084199909884587906 -0.085676490628782145 -0.081109382662132676 -0.00013316720456379579 0.094928897584691529 0.047620184701999531 -0.080385242038595858 0.082966695853880557 -0.13246138538147378 0.11961868487606106 -0.068791034864601183 -0.053776643467964409 -0.081613232286493073 -0.081502796797963073
leaf_weight=3.4435232309624544 8.5358964055776578 2.0303428983315817 5.9260062817484132 86.762101288884878 0.67532601673156278 9.1593949808739108 3.5373896518722168 4.9577415073290458 0.86195551697164674 2.4731887145899263 10.563086643815039 5.3082323856651783 0.89628949388861645 0.53674237290397275
leaf_count=271 556 93 512 820 7 418 67 192 6 24 481 174 50 11
internal_value=0.000100225 0.0515575 -0.00392425 -0.00616973 -0.00263766 0.00415484 1.29404e-05 0.00308482 -0.00143488 -0.0376012 -0.0421266 -0.0115595 0.0458101 0.0837539
internal_weight=145.667 10.5662 135.101 131.657 125.731 105.279 96.1192 92.5818 87.6241 20.4529 19.7775 9.21445 3.90622 3.00993
internal_count=3682 649 3033 2762 2250 1503 1085 1018 826 747 740 259 85 35
is_linear=0
shrinkage=0.08


Tree=53
num_leaves=15
num_cat=0
split_feature=16 15 9 13 9 19 14 20 1 0 19 10 1 7
split_gain=4.43275 3.71093 3.55069 3.27599 2.79228 3.58122 2.57751 1.70366 1.68187 1.48942 1.64936 1.48116 1.43156 2.2819
threshold=1.0000000180025095e-35 1.0000000180025095e-35 0.7250000000000002 1.0000000180025095e-35 1.0000000180025095e-35 0.87500000000000011 1.0000000180025095e-35 1.0000000180025095e-35 7.5000000000000009 1.5000000000000002 0.29165000000000002 0.7350000000000001 16.500000000000004 0.87500000000000011
decision_type=2 2 2 2 2 2 2 2 2 2 2 2 2 2
left_child=1 2 3 4 -1 6 8 -8 -6 -5 -11 -12 -10 -14
right_child=-2 -3 -4 9 5 -7 7 -9 12 10 11 -13 13 -15
leaf_value=0.081908125892064781 0.080812321490854336 -0.089548121831384483 0.088522280854142002 -0.081095327167329145 -0.092011691697225895 -0.079373978699730383 0.042875677962159221 0.25436594218064218 0.0050571104027217154 -0.010680859421452837 -0.084451918623197827 0.035919910158235188 0.050302102462720273 -0.064547201206544655
leaf_weight=2.8808213556185356 4.2251982772722831 3.056015469133853 2.8140180553309611 2.8733529886230853 1.2249385230243195 3.3441930934786788 7.2007708488963535 0.25231320038437832 83.541067155078053 20.672810288146142 3.7964549669995895 0.79044927656650532 1.4778378354385493 4.4144806740805498
leaf_count=229 554 180 155 225 104 229 423 3 874 370 169 12 25 130
internal_value=9.43383e-05 -0.00237097 -0.000401663 -0.00229065 0.00424207 0.00203675 0.00481169 0.0500354 0.00109382 -0.0265184 -0.0203101 -0.0637086 0.00236905 -0.0357421
internal_weight=142.565 138.34 135.284 132.469 104.336 101.456 98.1114 7.45308 90.6583 28.1331 25.2597 4.5869 89.4334 5.89232
internal_count=3682 3128 2948 2793 2017 1788 1559 426 1133 776 551 181 1029 155
is_linear=0
shrinkage=0.08


Tree=54
num_leaves=15
num_cat=0
split_feature=16 15 9 9 0 19 17 10 10 14 10 0 7 19
split_gain=4.0823 3.41858 3.2523 2.991 4.2479 2.99542 3.08232 5.65579 3.5716 3.9269 2.8378 2.38916 5.09925 1.68569
threshold=1.0000000180025095e-35 1.0000000180025095e-35 0.7250000000000002 1.0000000180025095e-35 1.5000000000000002 0.87500000000000011 1.0000000180025095e-35 0.68500000000000016 0.67500000000000016 1.0000000180025095e-35 0.52500000000000013 2.5000000000000004 0.87500000000000011 0.41665000000000002
decision_type=2 2 2 2 2 2 2 2 2 2 2 2 2 2
left_child=1 2 3 -1 -5 6 7 8 10 -10 11 13 -13 -6
right_child=-2 -3 -4 4 5 -7 -8 -9 9 -11 -12 12 -14 -15
leaf_value=0.081763676267008936 0.080750617140170608 -0.089218700709913515 0.088002888722980468 -0.081010568408278291 0.0065909850366829203 -0.079084115212859185 -0.084709136982079034 0.084405322738144564 -0.073369965956603334 0.19724807835999594 0.12960154053451764 0.10513248988737546 -0.12967450131669866 -0.028303529641123606
leaf_weight=2.6638409928418687 3.9032091964036217 2.8310570023022583 2.6123778889887026 4.4130772519856682 92.829711323603988 3.0773975513875476 2.6368338251486412 5.1900862837210289 6.1839634589850894 0.36333885602653015 1.1128582041710604 0.80103025026619468 2.2674654237925997 9.7951091565191728
leaf_count=229 554 180 155 407 982 217 123 271 206 10 31 7 27 283
internal_value=7.88815e-05 -0.00222323 -0.000384526 -0.00214264 -0.00387973 -0.00114039 0.000839003 0.0027419 -0.000997201 -0.0583522 0.0025187 0.00118063 -0.0683782 0.00326045
internal_weight=140.681 136.778 133.947 131.335 128.671 124.258 121.18 118.544 113.353 6.5473 106.806 105.693 3.0685 102.625
internal_count=3682 3128 2948 2793 2564 2157 1940 1817 1546 216 1330 1299 34 1265
is_linear=0
shrinkage=0.08


Tree=55
num_leaves=15
num_cat=0
split_feature=16 15 9 9 0 19 17 10 10 14 10 0 7 19
split_gain=3.75997 3.14883 2.97994 2.74417 3.93351 2.7456 2.82597 5.20889 3.13877 3.44366 2.60824 2.1294 4.55868 1.44852
threshold=1.0000000180025095e-35 1.0000000180025095e-35 0.7250000000000002 1.0000000180025095e-35 1.5000000000000002 0.87500000000000011 1.0000000180025095e-35 0.68500000000000016 0.67500000000000016 1.0000000180025095e-35 0.52500000000000013 2.5000000000000004 0.87500000000000011 0.41665000000000002
decision_type=2 2 2 2 2 2 2 2 2 2 2 2 2 2
left_child=1 2 3 -1 -5 6 7 8 10 -10 11 13 -13 -6
right_child=-2 -3 -4 4 5 -7 -8 -9 9 -11 -12 12 -14 -15
leaf_value=0.081630006134125493 0.080693553054244249 -0.088887051619560384 0.087506876762514021 -0.080932348497489009 0.0060496303348099934 -0.078535961517933406 -0.084383982157487075 0.084094514780548399 -0.070066059642834966 0.1871937366344984 0.12878978174777023 0.10281034591720445 -0.12550538443504664 -0.026587513328510785
leaf_weight=2.462898511439561 3.6055609234608701 2.6227556611411265 2.4246453419327727 4.0775612951256326 93.036690974142402 2.8598390957340589 2.4431038415059438 4.808043302036821 5.9667369937524191 0.35269297193735827 1.0335243800654996 0.75545775890350375 2.1598048750311127 9.6013997253030521
leaf_count=229 554 180 155 407 982 217 123 271 206 10 31 7 27 283
internal_value=7.10943e-05 -0.00208848 -0.000363613 -0.00200809 -0.00362886 -0.00106654 0.000777286 0.00254477 -0.000927977 -0.0557082 0.00231989 0.00108156 -0.0663399 0.00299655
internal_weight=138.211 134.605 131.982 129.558 127.095 123.017 120.157 117.714 112.906 6.31943 106.587 105.553 2.91526 102.638
internal_count=3682 3128 2948 2793 2564 2157 1940 1817 1546 216 1330 1299 34 1265
is_linear=0
shrinkage=0.08


Tree=56
num_leaves=15
num_cat=0
split_feature=16 15 9 13 9 19 14 10 10 1 19 1 11 0
split_gain=3.46348 2.90005 2.73119 2.52489 2.19463 2.74399 2.1649 1.76176 2.86534 2.212 2.06356 1.40103 1.47033 1.25577
threshold=1.0000000180025095e-35 1.0000000180025095e-35 0.7250000000000002 1.0000000180025095e-35 1.0000000180025095e-35 0.87500000000000011 1.0000000180025095e-35 1.0000000180025095e-35 0.52500000000000013 15.500000000000002 0.41665000000000002 7.5000000000000009 1.0000000180025095e-35 1.5000000000000002
decision_type=2 2 2 2 2 2 2 2 2 2 2 2 2 2
left_child=1 2 3 4 -1 6 11 9 10 -8 -9 -6 -13 -5
right_child=-2 -3 -4 13 5 -7 7 8 -10 -11 -12 12 -14 -15
leaf_value=0.081506335765742247 0.080640788821821505 -0.088553051346933018 0.087034217704427347 -0.080859493529617299 -0.092997393238594336 -0.077775258156546678 0.11962592188444378 0.080802582342815996 0.11437298119436146 -0.035006638035677724 -0.084679506610920524 -0.00074001847410620899 0.041168968980925466 -0.018577477389118129
leaf_weight=2.276851628907024 3.3304416951723388 2.4298748881556085 2.2498934753239146 2.2665819814428714 1.0054188333451737 2.6803574943915001 2.7869755327701564 0.65684277378022726 1.1028665937483308 0.75175552908331145 1.8146589677780867 82.725644488353282 5.7287320168688884 24.119166064076126
leaf_count=229 554 180 155 225 104 229 175 71 81 38 61 792 237 551
internal_value=6.42355e-05 -0.00195963 -0.000343142 -0.00188001 0.00384974 0.00206832 0.00428435 0.0467625 0.00714764 0.0867763 -0.0406999 0.000906845 0.00197421 -0.0239276
internal_weight=135.926 132.596 130.166 127.916 101.53 99.2533 96.5729 7.1131 3.57437 3.53873 2.4715 89.4598 88.4544 26.3857
internal_count=3682 3128 2948 2793 2017 1788 1559 426 213 213 132 1133 1029 776
is_linear=0
shrinkage=0.08


Tree=57
num_leaves=15
num_cat=0
split_feature=16 15 9 17 10 19 1 6 19 14 10 10 0 7
split_gain=3.19001 2.67123 2.50342 2.41259 5.05852 2.68595 2.53461 2.42086 3.00136 2.38072 2.06702 7.02973 2.97864 1.96565
threshold=1.0000000180025095e-35 1.0000000180025095e-35 0.7250000000000002 1.0000000180025095e-35 0.68500000000000016 0.29165000000000002 11.500000000000002 0.45000000000000007 0.87500000000000011 1.0000000180025095e-35 0.67500000000000016 1.0000000180025095e-35 1.5000000000000002 0.87500000000000011
decision_type=2 2 2 2 2 2 2 2 2 2 2 2 2 2
left_child=1 2 3 4 5 9 7 8 -7 10 11 12 -1 -8
right_child=-2 -3 -4 -5 -6 6 13 -9 -10 -11 -12 -13 -14 -15
leaf_value=-0.080772889324214017 0.08059200662921491 -0.088217018317338441 0.086584741592088704 -0.084066678439083928 0.083738639750872396 0.093300120377951171 0.093658633125886084 -0.042404515194303015 -0.080972747636462034 0.080683123882636154 -0.062930831232072826 0.087736929732990396 -0.00097743161843734687 -0.068263365182047106
leaf_weight=3.0985230007208875 3.0761707089841357 2.2512593045830718 2.0872590043582013 2.2382857492193571 4.4244628562591961 2.6184736862778695 0.50638541951775629 3.6240919213742018 0.83388640172779549 2.3715893682092419 3.2742279209196559 5.7201164001598945 88.69121758826077 9.1448476901277864
leaf_count=367 554 180 155 123 272 21 6 142 78 317 50 264 667 486
internal_value=6.60136e-05 -0.00182658 -0.000314632 -0.00174796 -0.000265725 -0.00336602 -0.0331024 0.00326491 0.0512061 0.00145602 -0.000408305 0.0016911 -0.00367107 -0.0597676
internal_weight=133.961 130.885 128.633 126.546 124.308 119.883 16.7277 7.07645 3.45236 103.156 100.784 97.5099 91.7897 9.65123
internal_count=3682 3128 2948 2793 2670 2398 733 241 99 1665 1348 1298 1034 492
is_linear=0
shrinkage=0.08


Tree=58
num_leaves=15
num_cat=0
split_feature=16 15 9 17 10 19 1 14 6 19 7 10 10 0
split_gain=2.93902 2.45969 2.29584 2.22264 4.64147 2.39307 2.34165 2.19777 2.16435 2.56353 1.91379 1.76994 6.44381 2.75989
threshold=1.0000000180025095e-35 1.0000000180025095e-35 0.7250000000000002 1.0000000180025095e-35 0.68500000000000016 0.29165000000000002 12.500000000000002 1.0000000180025095e-35 0.45000000000000007 0.87500000000000011 0.87500000000000011 0.67500000000000016 1.0000000180025095e-35 1.5000000000000002
decision_type=2 2 2 2 2 2 2 2 2 2 2 2 2 2
left_child=1 2 3 4 5 7 8 11 9 -7 -8 12 13 -1
right_child=-2 -3 -4 -5 -6 6 10 -9 -10 -11 -12 -13 -14 -15
leaf_value=-0.080713152554762982 0.080546907814293842 -0.087879602800069651 0.086158163404295079 -0.083781860773507938 0.083467677518923797 0.083121550544923567 0.092513981033662665 0.080630393754213089 -0.03703773996763151 -0.080894372324111966 -0.073541505172553173 -0.058536135090583453 0.087276453231351345 -0.00089961980370307896
leaf_weight=2.8623282872140399 2.8411889984272412 2.0858338749967507 1.9359367410652328 2.0729377595707765 4.0970153827220193 2.6837197858840249 0.47299995087087232 2.1906265430152407 4.8069135565310717 0.78923779260367144 7.292218800634144 3.2399454079568377 5.3070660820230833 88.655568927526474
leaf_count=367 554 180 155 123 272 22 6 317 186 80 439 50 264 667
internal_value=6.61196e-05 -0.00171345 -0.000291623 -0.00163621 -0.000244982 -0.00314414 -0.0318682 0.00136301 -0.00227143 0.0458485 -0.0634266 -0.000372317 0.00157395 -0.00339588
internal_weight=131.334 128.492 126.407 124.471 122.398 118.301 16.0451 102.256 8.27987 3.47296 7.76522 100.065 96.825 91.5179
internal_count=3682 3128 2948 2793 2670 2398 733 1665 288 102 445 1348 1298 1034
is_linear=0
shrinkage=0.08


Tree=59
num_leaves=15
num_cat=0
split_feature=16 15 17 10 7 1 9 0 19 9 14 10 10 1
split_gain=2.70809 2.26469 2.11088 5.06088 2.24712 3.12739 1.97001 2.9461 2.27777 1.6867 1.49854 2.01366 2.15293 1.79638
threshold=1.0000000180025095e-35 1.0000000180025095e-35 1.0000000180025095e-35 0.68500000000000016 0.87500000000000011 17.500000000000004 1.0000000180025095e-35 1.5000000000000002 0.55000000000000016 0.7250000000000002 1.0000000180025095e-35 0.67500000000000016 0.65500000000000014 12.500000000000002
decision_type=2 2 2 2 2 2 2 2 2 2 2 2 2 2
left_child=1 2 3 4 -1 6 -6 -8 10 -7 11 12 -9 -12
right_child=-2 -3 -4 -5 5 9 7 8 -10 -11 13 -13 -14 -15
leaf_value=0.095279651520054784 0.080505217330095843 -0.087541734310175701 -0.083515228025710389 0.083191559758630115 0.081492718193890146 -0.0935383538859203 -0.080688828828515677 0.00085243167052037865 -0.081269979476039686 0.082419077039412883 0.080418665912879383 -0.053241171401572036 0.1625603789434073 -0.018236620072808012
leaf_weight=1.494732986204325 2.6240511490032068 1.9326009019277979 1.9194246055558313 4.6176804159767917 1.8208765191957343 3.362507213838398 2.9931541890837243 95.512402607128024 2.1746272142045191 0.3889956222847103 3.190766447223722 4.4604840595275155 0.52984567172825237 1.8755907942540941
leaf_count=26 554 180 123 381 224 114 405 907 218 28 170 153 21 178
internal_value=6.57541e-05 -0.00160583 -0.000270152 0.00103503 -0.00218534 -0.0034379 -0.00104299 -0.00240015 -0.000225265 -0.0752932 0.00144418 -0.000695819 0.00174454 0.043896
internal_weight=128.898 126.274 124.341 122.422 117.804 116.309 112.558 110.737 107.744 3.7515 105.569 100.503 96.0422 5.06636
internal_count=3682 3128 2948 2825 2444 2418 2276 2052 1647 142 1429 1081 928 348
is_linear=0
shrinkage=0.08


Tree=60
num_leaves=15
num_cat=0
split_feature=16 15 9 9 0 17 10 19 11 6 1 10 10 13
split_gain=2.49553 2.08505 1.96018 1.89559 2.70555 1.91784 3.85106 2.51672 1.95837 1.88703 2.90825 1.86871 4.00827 1.80483
threshold=1.0000000180025095e-35 1.0000000180025095e-35 0.7250000000000002 1.0000000180025095e-35 1.5000000000000002 1.0000000180025095e-35 0.68500000000000016 0.29165000000000002 1.0000000180025095e-35 1.0000000180025095e-35 11.500000000000002 0.67500000000000016 1.0000000180025095e-35 1.0000000180025095e-35
decision_type=2 2 2 2 2 2 2 2 2 2 2 2 2 2
left_child=1 2 3 -1 -5 6 7 8 11 10 13 12 -6 -9
right_child=-2 -3 -4 4 5 -7 -8 9 -10 -11 -12 -13 -14 -15
leaf_value=0.081387825821443854 0.08046667941854041 -0.087204540657153926 0.085653002408475093 -0.080635755003807416 -0.0018312295607355298 -0.083265841668890131 0.082980828030773182 0.078348327968063597 0.044484542272177192 -0.053740603934441689 -0.085528197410324427 -0.063520987442305346 0.089160871483039611 -0.087822316368517242
leaf_weight=1.7429732149466861 2.4234175509773186 1.790637072874232 1.6767989574000228 2.7806732570752493 84.521113026887178 1.7769440282136191 3.5109786540269843 2.6339087877422567 6.6187486178241661 9.6045912210829538 1.4364084932021794 2.9227336947806171 3.2162469811737529 0.49730174988508213
leaf_count=229 554 180 155 407 663 123 272 58 253 497 115 53 113 10
internal_value=6.242e-05 -0.00149978 -0.000251471 -0.00143934 -0.00264723 -0.000789571 0.000485247 -0.00211356 0.00247498 -0.0336096 0.00872111 -0.000591982 0.00150433 0.051957
internal_weight=127.153 124.73 122.939 121.263 119.52 116.739 114.962 111.451 97.2788 14.1722 4.56762 90.6601 87.7374 3.13121
internal_count=3682 3128 2948 2793 2564 2157 2034 1762 1082 680 183 829 776 68
is_linear=0
shrinkage=0.08


Tree=61
num_leaves=15
num_cat=0
split_feature=16 15 9 13 9 19 14 20 19 1 1 5 0 19
split_gain=2.29999 1.91944 1.79912 1.75112 1.54883 1.99894 1.63181 1.42739 1.16144 1.08833 1.16811 1.14184 3.39953 1.18921
threshold=1.0000000180025095e-35 1.0000000180025095e-35 0.7250000000000002 1.0000000180025095e-35 1.0000000180025095e-35 0.87500000000000011 1.0000000180025095e-35 1.0000000180025095e-35 0.29165000000000002 7.5000000000000009 10.500000000000002 1.0000000180025095e-35 2.5000000000000004 0.41665000000000002
decision_type=2 2 2 2 2 2 2 2 2 2 2 2 2 2
left_child=1 2 3 4 -1 6 9 -8 -5 -6 -11 13 -13 -12
right_child=-2 -3 -4 8 5 -7 7 -9 -10 10 11 12 -14 -15
leaf_value=0.081282704857260538 0.080431065185586154 -0.086869280797557138 0.085280366129426369 -0.013656948279458942 -0.09524376106289438 -0.077211048989936235 0.037144429916176017 0.23596238122331817 -0.064832270187474242 0.021960742966778159 -0.003457057842544384 0.04916896426044054 -0.094539974194438284 -0.054012933711929653
leaf_weight=1.6109635536558915 2.2380467874463639 1.659089806722476 1.5543704261071969 20.663439461961392 0.74286375194787879 1.9872378418222059 5.3653316190466276 0.24150846153497685 3.2902059354819349 15.397219100967048 59.140241541434079 6.6263805069029322 1.2526425616815684 3.1356782792136064
leaf_count=229 554 180 155 579 104 229 423 3 197 164 397 277 19 172
internal_value=6.13819e-05 -0.00140495 -0.000233188 -0.00134592 0.00350509 0.00217057 0.00388707 0.0457083 -0.0206862 0.00116983 0.002007 -0.00237233 0.0263215 -0.00600262
internal_weight=124.905 122.667 121.008 119.454 95.5001 93.8891 91.9019 5.60684 23.9536 86.295 85.5522 70.1549 7.87902 62.2759
internal_count=3682 3128 2948 2793 2017 1788 1559 426 776 1133 1029 865 296 569
is_linear=0
shrinkage=0.08


Tree=62
num_leaves=15
num_cat=0
split_feature=16 15 17 10 7 1 9 0 19 9 11 4 19 1
split_gain=2.12005 1.76688 1.78028 4.17517 2.0027 2.73617 1.52993 2.44734 1.8892 1.27042 1.20921 1.74658 1.87495 1.54555
threshold=1.0000000180025095e-35 1.0000000180025095e-35 1.0000000180025095e-35 0.68500000000000016 0.87500000000000011 17.500000000000004 1.0000000180025095e-35 1.5000000000000002 0.55000000000000016 0.7250000000000002 1.0000000180025095e-35 1.0000000180025095e-35 0.41665000000000002 11.500000000000002
decision_type=2 2 2 2 2 2 2 2 2 2 2 2 2 2
left_child=1 2 3 4 -1 6 -6 -8 10 -7 -9 13 -13 -12
right_child=-2 -3 -4 -5 5 9 7 8 -10 -11 11 12 -14 -15
leaf_value=0.094103426797054829 0.080398151649512292 -0.086537256671728166 -0.082978192540536927 0.082788556405401906 0.081178857325103049 -0.089000477348391463 -0.08056680723586164 -0.0012773569534050672 -0.08105451523874295 0.081901660717662569 0.091734456198828904 0.040720155116048533 -0.080129271900897789 0.005796171068217542
leaf_weight=1.3759420951828349 2.0667890913318834 1.5371731459163118 1.64086951361969 3.8574685188941649 1.4376439373008896 3.0975081580691035 2.4728833017870775 95.169742285273969 1.8113974849693466 0.30586525727994729 3.3117557857185584 1.734745598398149 1.5609759846702218 2.248781222384423
leaf_count=26 554 180 123 381 224 114 405 1122 218 28 115 63 41 88
internal_value=5.39932e-05 -0.001312 -0.000220521 0.000926541 -0.00183071 -0.00299729 -0.000806558 -0.00189478 -5.66151e-05 -0.0736413 0.0013538 0.0296283 -0.0165186 0.0569795
internal_weight=123.63 121.563 120.026 118.385 114.527 113.151 109.748 108.31 105.837 3.40337 104.026 8.85626 3.29572 5.56054
internal_count=3682 3128 2948 2825 2444 2418 2276 2052 1647 142 1429 307 104 203
is_linear=0
shrinkage=0.08


Tree=63
num_leaves=15
num_cat=0
split_feature=16 15 17 10 7 1 19 10 10 0 1 6 13 19
split_gain=1.95419 1.62652 1.63823 3.84134 1.81987 2.41436 1.4084 2.18713 3.56249 2.03555 1.61855 1.63698 1.69603 2.01215
threshold=1.0000000180025095e-35 1.0000000180025095e-35 1.0000000180025095e-35 0.68500000000000016 0.87500000000000011 17.500000000000004 0.29165000000000002 1.0000000180025095e-35 0.67500000000000016 1.5000000000000002 12.500000000000002 0.45000000000000007 1.0000000180025095e-35 0.87500000000000011
decision_type=2 2 2 2 2 2 2 2 2 2 2 2 2 2
left_child=1 2 3 4 -1 6 7 9 -9 -6 11 12 13 -8
right_child=-2 -3 -4 -5 5 -7 10 8 -10 -11 -12 -13 -14 -15
leaf_value=0.092953784762989128 0.080367735112921293 -0.086209778606606641 -0.08276405286253305 0.08258562136175647 -0.080503886106161979 -0.070436199073155209 0.10061874630951156 0.085421309816541599 -0.028422642233451683 0.00083895537036130375 -0.060596570441091853 -0.035325950734485384 -0.086156453580737827 -0.080718031042230548
leaf_weight=1.2852222647052247 1.9085795953869809 1.4241632546763856 1.5184738170355547 3.5692877487745127 2.0145315215922883 3.277735248906537 2.1609249785542479 4.8070179887581608 2.7745898594148457 86.910220814868808 5.1192007279023528 4.1078913207165897 0.55448292987421144 0.47830514237284649
leaf_count=26 554 180 123 381 365 142 14 399 50 821 354 185 25 63
internal_value=5.355e-05 -0.00122381 -0.000203099 0.000867867 -0.00170217 -0.00278639 -0.000750731 0.00251275 0.0437586 -0.00100381 -0.0261071 -0.00192639 0.0410336 0.0677553
internal_weight=121.911 120.002 118.578 117.059 113.49 112.205 108.927 96.5064 7.58161 88.9248 12.4208 7.3016 3.19371 2.63923
internal_count=3682 3128 2948 2825 2444 2418 2276 1635 449 1186 641 287 102 77
is_linear=0
shrinkage=0.08


Tree=64
num_leaves=15
num_cat=0
split_feature=16 9 15 17 10 19 1 14 20 7 6 10 13 19
split_gain=1.80146 1.55778 1.46321 1.47252 3.00055 1.55443 1.72168 1.66833 1.44861 1.51781 1.39687 1.67579 1.48493 1.71585
threshold=1.0000000180025095e-35 0.7250000000000002 1.0000000180025095e-35 1.0000000180025095e-35 0.68500000000000016 0.29165000000000002 12.500000000000002 1.0000000180025095e-35 1.0000000180025095e-35 0.87500000000000011 0.45000000000000007 0.67500000000000016 1.0000000180025095e-35 0.87500000000000011
decision_type=2 2 2 2 2 2 2 2 2 2 2 2 2 2
left_child=1 2 3 4 5 7 10 -1 9 -8 12 -12 13 -7
right_child=-2 -3 -4 -5 -6 6 8 -9 -10 -11 11 -13 -14 -15
leaf_value=-0.00012061673064657694 0.080339629006212387 0.085105927926111657 -0.085888108710629421 -0.082564332588448558 0.082442965767122345 0.092321966382800158 0.089470143872607641 0.080495768309031296 0.072151213961546501 -0.082751495295793606 -0.047485776897639102 0.14799541917766912 -0.085684202030627737 -0.080662530478913669
leaf_weight=96.899004650069401 1.7624323959462334 1.3253045203164209 1.3193941651843477 1.4049813589081157 2.7466829253826281 2.1664604619145384 0.34994670748710621 1.6712515775579948 0.48803458642214526 5.1075648278929293 3.7266955263912678 0.30352575331926335 0.51455870084464539 0.44182277610525478
leaf_count=1348 554 155 180 123 272 14 5 317 22 418 179 7 25 63
internal_value=5.3658e-05 -0.00114077 -0.00211656 -0.00116226 -0.000162667 -0.00219449 -0.0280868 0.00124623 -0.0598997 -0.0717083 -0.00164416 -0.0327636 0.0385174 0.0630197
internal_weight=120.228 118.465 117.14 115.821 114.416 111.669 13.0986 98.5703 5.94555 5.45751 7.15306 4.03022 3.12284 2.60828
internal_count=3682 3128 2973 2793 2670 2398 733 1665 445 423 288 186 102 77
is_linear=0
shrinkage=0.08


Tree=65
num_leaves=15
num_cat=0
split_feature=6 0 17 19 1 6 10 10 6 10 13 19 7 5
split_gain=1.66512 1.93608 1.70026 1.61651 2.05695 1.85564 1.49395 1.23201 3.94517 3.83527 1.06546 1.18387 1.0494 1.00314
threshold=0.58335000000000015 1.5000000000000002 1.0000000180025095e-35 0.29165000000000002 11.500000000000002 0.45000000000000007 0.68500000000000016 1.0000000180025095e-35 0.45000000000000007 0.67500000000000016 1.0000000180025095e-35 0.87500000000000011 0.87500000000000011 2.5000000000000004
decision_type=2 2 2 2 2 2 2 2 2 2 2 2 2 2
left_child=1 -1 6 7 5 10 13 8 -3 -9 11 -5 -6 -2
right_child=2 3 -4 4 12 -7 -8 9 -10 -11 -12 -13 -14 -15
leaf_value=-0.080389125943984119 0.021131565582699494 0.00016381106961816023 -0.080859064620659893 0.078992179786250741 0.053580294793430544 -0.081780522292646193 0.081264728435367903 0.086729171579931472 -0.19156736877402886 -0.055260543439146048 -0.082455378814170199 -0.080673599278771144 -0.081812252946693975 -0.13371335534182865
leaf_weight=2.0703997460659584 12.830282503273342 84.891325308475643 0.94780344516038795 2.2613213879521927 0.39983349433168758 1.1079335347749291 2.9102177571039638 3.5480246015358707 0.69244962185621162 1.8534930497407911 0.39852411346510042 0.34218210633844126 4.3787358617410064 0.27346870210021812
leaf_count=482 618 975 115 24 14 95 513 228 6 76 13 45 475 3
internal_value=4.43191e-05 -0.00381726 0.0232533 -0.00222991 -0.0347928 0.00670415 0.0294153 0.000951226 -0.00138747 0.0380064 0.0393605 0.0580071 -0.0704837 0.0179
internal_weight=118.906 101.944 16.9618 99.8738 8.88853 4.10996 16.014 90.9853 85.5838 5.40152 3.00203 2.6035 4.77857 13.1038
internal_count=3682 2433 1249 1951 666 177 1134 1285 981 304 82 69 489 621
is_linear=0
shrinkage=0.08


Tree=66
num_leaves=15
num_cat=0
split_feature=16 9 9 0 19 18 19 12 20 1 10 1 10 10
split_gain=1.5992 1.39267 1.39456 2.12481 1.34857 1.48389 1.4276 1.81468 1.22059 1.12183 1.04258 1.04279 0.996937 1.95314
threshold=1.0000000180025095e-35 0.7250000000000002 1.0000000180025095e-35 1.5000000000000002 0.87500000000000011 1.0000000180025095e-35 0.29165000000000002 2.5000000000000004 1.0000000180025095e-35 17.500000000000004 0.69500000000000006 9.5000000000000018 0.52500000000000013 1.0000000180025095e-35
decision_type=2 2 2 2 2 2 2 2 2 2 2 2 2 2
left_child=1 2 -1 -4 5 6 7 9 12 -5 11 -8 13 -7
right_child=-2 -3 3 4 -6 8 10 -9 -10 -11 -12 -13 -14 -15
leaf_value=0.081190837480748693 0.080304882179531592 0.08483672207718837 -0.080433341905607456 0.00045739688647207689 -0.076970104945168469 0.06737127965142517 0.026968328531155494 0.08411631445369068 0.21793445533241698 -0.05154525928346889 0.051481028708945886 -0.057143915310169283 0.12393193545746076 -0.047870537577765541
leaf_weight=1.2769072968512762 1.5671692930627603 1.1957746983971436 2.2169845765456548 92.61597463209182 1.4886426890734572 2.2093548621051005 1.1144142523407916 1.6291884914971877 0.24323130259290326 2.7332961666397741 0.80963341845199455 6.1442784874234349 0.67122959136031557 1.6398170443717393
leaf_count=229 554 155 512 936 221 212 20 149 3 57 35 388 79 132
internal_value=3.19399e-05 -0.00105266 -0.00194735 -0.00288255 -0.0013378 -0.000312493 -0.00229287 0.000397151 0.0433584 -0.00103332 -0.034626 -0.0442303 0.0339649 0.0182762
internal_weight=117.556 115.989 114.793 113.516 111.299 109.81 105.047 96.9785 4.76363 95.3493 8.06833 7.25869 4.5204 3.84917
internal_count=3682 3128 2973 2744 2232 2011 1585 1142 426 993 443 408 423 344
is_linear=0
shrinkage=0.08


Tree=67
num_leaves=15
num_cat=0
split_feature=16 7 17 1 9 15 9 0 19 20 11 4 19 1
split_gain=1.47448 1.29656 1.49801 1.25072 1.27441 1.22138 1.18 1.83401 1.28511 1.349 1.24872 1.09744 1.05311 0.99119
threshold=1.0000000180025095e-35 0.87500000000000011 1.0000000180025095e-35 17.500000000000004 0.7250000000000002 1.0000000180025095e-35 1.0000000180025095e-35 1.5000000000000002 0.55000000000000016 1.0000000180025095e-35 1.0000000180025095e-35 1.5000000000000002 0.29165000000000002 12.500000000000002
decision_type=2 2 2 2 2 2 2 2 2 2 2 2 2 2
left_child=1 2 -1 5 -5 6 -3 -8 9 10 12 -11 -9 -14
right_child=-2 3 -4 4 -6 -7 7 8 -10 11 -12 -13 13 -15
leaf_value=0.08896673710408963 0.080281563530250719 0.081102010893219112 -0.085644675019112701 -0.066508199001933652 0.081025308732536203 -0.084798880597371354 -0.08042664920414612 0.00028267765929330528 -0.076240045856791783 0.11824456304511576 0.031158980290135543 -0.058664126461709203 -0.0018198762972543633 -0.067816002668724146
leaf_weight=1.8553380724042647 1.447082753991707 1.1415628041140724 0.37861681357026089 3.1317538011353458 0.42565106716938306 1.0929637951776374 1.8137710473965842 88.679348830599338 1.3709178476128716 1.0686477785930026 7.9351757823023936 0.28407788416370738 2.9118701163679352 2.913991809822619
leaf_count=72 554 224 11 167 90 174 405 1019 219 22 407 6 75 237
internal_value=3.10899e-05 -0.000978696 0.0593731 -0.00217426 -0.0488555 -0.000653696 0.000196916 -0.000666424 0.000709205 0.00172556 0.000677517 0.081093 -0.00188187 -0.03483
internal_weight=116.451 115.004 2.23395 112.77 3.5574 109.212 108.119 106.978 105.164 103.793 102.44 1.35273 94.5052 5.82586
internal_count=3682 3128 83 3045 257 2788 2614 2390 1985 1766 1738 28 1331 312
is_linear=0
shrinkage=0.08


Tree=68
num_leaves=15
num_cat=0
split_feature=16 17 10 7 1 9 0 19 20 19 6 12 10 21
split_gain=1.35974 1.22797 2.84832 1.46187 1.75106 1.12694 1.83295 1.27669 1.02946 1.08464 2.50922 1.40764 2.30393 1.35062
threshold=1.0000000180025095e-35 1.0000000180025095e-35 0.68500000000000016 0.87500000000000011 17.500000000000004 1.0000000180025095e-35 1.5000000000000002 0.55000000000000016 1.0000000180025095e-35 0.29165000000000002 0.29165000000000002 1.5000000000000002 0.67500000000000016 1.0000000180025095e-35
decision_type=2 2 2 2 2 2 2 2 2 2 2 2 2 2
left_child=1 2 3 -1 5 -5 -7 8 9 11 -11 -8 13 -13
right_child=-2 -3 -4 4 -6 6 7 -9 -10 10 -12 12 -14 -15
leaf_value=0.091061983903428553 0.080260020846303612 -0.082092770356174918 0.081941236867311584 0.081018434199750994 -0.063816375066669054 -0.080368990916644595 -0.0014789207685158854 -0.080811625527974065 0.078801173269572033 0.028282713795848149 -0.063741286789089385 0.062996241145845344 -0.036281927064017852 -0.05591637501552843
leaf_weight=1.0690456356387574 1.3361697578802694 1.1802139161154617 2.6471031970577306 1.0548382841516275 2.9430251382291308 1.8799430789658789 82.937272414565086 1.2563889019656915 1.0587815202306945 3.0633845250122231 4.9777145604602993 6.8486944313626719 2.4989514034241438 0.67121782992035139
leaf_count=26 554 123 381 224 148 510 672 222 15 70 329 354 49 5
internal_value=2.60965e-05 -0.000913595 -6.5026e-05 -0.00203383 -0.0029453 -0.00125919 -0.00208424 -0.000659719 0.000327013 -0.000495653 -0.0286833 0.0019427 0.0302672 0.0523823
internal_weight=115.423 114.087 112.906 110.259 109.19 106.247 105.192 103.312 102.056 100.997 8.0411 92.9561 10.0189 7.51991
internal_count=3682 3128 3005 2624 2598 2450 2226 1716 1494 1479 399 1080 408 359
is_linear=0
shrinkage=0.08


Tree=69
num_leaves=15
num_cat=0
split_feature=9 9 0 17 10 19 1 10 6 12 10 10 6 7
split_gain=1.29221 1.15512 1.71619 1.14567 2.45714 1.25558 1.3135 1.41527 2.20738 1.23273 1.27011 2.91416 1.22796 1.20939
threshold=0.7250000000000002 1.0000000180025095e-35 1.5000000000000002 1.0000000180025095e-35 0.68500000000000016 0.29165000000000002 13.500000000000002 0.66500000000000015 0.45000000000000007 2.5000000000000004 0.67500000000000016 1.0000000180025095e-35 1.3666500000000001 0.87500000000000011
decision_type=2 2 2 2 2 2 2 2 2 2 2 2 2 2
left_child=1 -1 -3 4 5 9 7 8 -7 10 11 -4 -12 -8
right_child=-2 2 3 -5 -6 6 13 -9 -10 -11 12 -13 -14 -15
leaf_value=0.080876610710222077 0.084542413029833827 -0.080340786656003693 -0.00022677153742998418 -0.081938888589919087 0.08160849894567912 0.029905307741237227 0.086794713284243402 0.091966156382235945 -0.064155466584722001 0.083786234358591866 -0.072129981848077382 0.086848736031201898 0.097829354161387702 -0.080879839806415166
leaf_weight=1.0966021895874281 1.1462195145431895 1.7452750477241341 89.315666820621118 1.0914378878660489 2.33538345969282 3.0003069983795267 0.30052215605974231 0.81172266975045193 3.4133466156199574 1.1531872986815859 2.4321147389709945 2.5294689033180466 0.30633331602439273 3.2807846770156175
leaf_count=271 213 512 1055 123 407 93 7 22 219 121 56 177 3 403
internal_value=2.84894e-05 -0.000830208 -0.00163224 -0.000383106 0.000434437 -0.00134486 -0.0271938 -0.00755791 -0.0201538 0.00157294 0.000570574 0.00217134 -0.0531177 -0.0668096
internal_weight=113.958 112.812 111.716 109.97 108.879 106.543 10.8067 7.22538 6.41365 95.7368 94.5836 91.8451 2.73845 3.58131
internal_count=3682 3469 3198 2686 2563 2156 744 334 312 1412 1291 1232 59 410
is_linear=0
shrinkage=0.08


Tree=70
num_leaves=15
num_cat=0
split_feature=6 0 17 10 19 1 6 18 13 5 19 10 10 6
split_gain=1.23604 1.30684 1.27193 1.13486 1.05472 1.76178 1.34562 0.992148 0.934133 0.87818 0.78753 0.766506 2.98039 3.59794
threshold=0.58335000000000015 1.5000000000000002 1.0000000180025095e-35 0.68500000000000016 0.29165000000000002 11.500000000000002 0.45000000000000007 1.0000000180025095e-35 1.0000000180025095e-35 2.5000000000000004 0.87500000000000011 0.67500000000000016 1.0000000180025095e-35 0.45000000000000007
decision_type=2 2 2 2 2 2 2 2 2 2 2 2 2 2
left_child=1 -1 3 9 7 6 8 11 10 -2 -6 12 13 -3
right_child=2 4 -4 -5 5 -7 -8 -9 -10 -11 -12 -13 -14 -15
leaf_value=-0.080260535319784193 0.020682163514710163 -0.00075321777992743918 -0.080670501750865001 0.080993644020905864 0.067069038654485713 -0.070945452429432204 -0.08143862947419335 0.080358756774958434 -0.083003704219789254 -0.12849204878673884 -0.080506875228796293 -0.057113046899499455 0.086247580791226616 -0.19358561203303257
leaf_weight=1.3891059064771969 11.571113684098229 83.652676436817273 0.73817451251670796 2.1194650530815133 2.2173852641135459 3.6233831559075043 0.84020792553201307 0.97942813113331695 0.38027699897065748 0.25820243405178267 0.25839704275131214 1.5099906334653486 2.5120379334548479 0.62387933023273845
leaf_count=482 618 813 115 513 24 489 95 233 13 3 45 70 163 6
internal_value=2.6318e-05 -0.00321766 0.0216691 0.0270849 -0.00210975 -0.0313044 0.00755502 0.000283831 0.0337356 0.0174261 0.0516666 -0.000604378 0.000378788 -0.00218071
internal_weight=112.674 97.9868 14.687 13.9488 96.5977 7.31965 3.69627 89.278 2.85606 11.8293 2.47578 88.2986 86.7886 84.2766
internal_count=3682 2433 1249 1134 1951 666 177 1285 82 621 69 1052 982 819
is_linear=0
shrinkage=0.08


Tree=71
num_leaves=15
num_cat=0
split_feature=9 16 15 13 6 0 7 1 1 19 20 4 1 19
split_gain=1.16303 1.06873 1.02799 1.08426 0.951169 1.46836 1.79504 0.900357 0.850616 0.837111 1.17265 1.02919 0.907252 0.817286
threshold=0.7250000000000002 1.0000000180025095e-35 1.0000000180025095e-35 1.0000000180025095e-35 0.58335000000000015 2.5000000000000004 0.87500000000000011 9.5000000000000018 7.5000000000000009 0.41665000000000002 1.0000000180025095e-35 1.5000000000000002 14.500000000000002 0.29165000000000002
decision_type=2 2 2 2 2 2 2 2 2 2 2 2 2 2
left_child=1 2 3 4 7 9 -7 8 -1 -6 -11 12 -12 -5
right_child=-2 -3 -4 13 5 6 -8 -9 -10 10 11 -13 -14 -15
leaf_value=-0.09354532659171412 0.084281794548048683 0.080236286311563362 -0.083455120690693774 -0.012029110839896393 0.060988767310225275 0.077935213585948321 -0.11752943092371899 -0.0039098524282110171 0.021229368298895546 -0.034541590784654463 0.14088182812330277 -0.072136929659696883 -0.056701492910436746 -0.065491482741396934
leaf_weight=0.42542255623265823 1.0385932388016943 1.0325662713730697 0.971681795315816 18.691883287858222 4.8749621976166946 0.45830150507390499 0.87433081679046132 63.714791299775243 14.452513949014246 1.7695426773279905 0.80443854304030538 0.26913772569969296 0.18246995098888874 2.0286413508001706
leaf_count=110 213 496 180 579 539 24 8 1077 177 48 22 7 5 197
internal_value=1.98544e-05 -0.000771763 -0.00153553 -0.000802204 0.00308143 0.0273712 -0.0503078 0.000227833 0.0179475 0.0404737 0.00741901 0.0665339 0.104351 -0.0172633
internal_weight=111.589 110.551 109.518 108.546 87.8259 9.23318 1.33263 78.5927 14.8779 7.90055 3.02559 1.25605 0.986908 20.7205
internal_count=3682 3469 2973 2793 2017 653 32 1364 287 621 82 34 27 776
is_linear=0
shrinkage=0.08


Tree=72
num_leaves=15
num_cat=0
split_feature=7 17 16 1 5 11 6 0 4 10 12 19 10 13
split_gain=1.08097 1.09721 1.00804 0.982725 1.94145 1.4434 0.949159 1.18759 1.09836 2.74419 1.92546 1.3802 1.07946 1.05295
threshold=0.87500000000000011 1.0000000180025095e-35 1.0000000180025095e-35 13.500000000000002 1.0000000180025095e-35 1.0000000180025095e-35 0.70835000000000015 1.5000000000000002 1.0000000180025095e-35 1.0000000180025095e-35 1.5000000000000002 0.41665000000000002 0.67500000000000016 1.0000000180025095e-35
decision_type=2 2 2 2 2 2 2 2 2 2 2 2 2 2
left_child=1 -1 3 6 -5 -6 7 -2 10 -10 -9 12 -11 -8
right_child=2 -3 -4 4 5 -7 13 8 9 11 -12 -13 -14 -15
leaf_value=0.087051620239297078 -0.080235947432515498 -0.084070260520680853 0.080194112215992722 -0.068291231004651537 -0.018278456844425636 0.070619402293266131 0.048240252469694961 -0.0017051700722551435 -0.3022545755544358 0.086707435726866594 0.048584197137823304 -0.081345089474350735 -0.08340591830915442 -0.026114301062655582
leaf_weight=1.5607129886047904 1.2046578008448694 0.28334053233265866 0.96969805785920371 4.0645973586942983 5.1659657360287383 1.5107603467768056 4.9908669490832827 81.510283635230735 0.25111090438440387 0.83860978716984391 5.1824053814634672 1.3036931834649295 0.33373722806572914 1.612802466843277
leaf_count=108 470 11 518 432 275 178 442 784 8 45 229 102 11 69
internal_value=1.98876e-05 0.0607586 -0.00100826 -0.00173756 -0.0247002 0.0018367 0.000799257 -0.00133444 -0.000271487 -0.0502614 0.00130108 -0.0247052 0.0382805 0.0300808
internal_weight=110.783 1.84405 108.939 107.969 10.7413 6.67673 97.2282 90.6245 89.4198 2.72715 86.6927 2.47604 1.17235 6.60367
internal_count=3682 119 3563 3045 885 453 2160 1649 1179 166 1013 158 56 511
is_linear=0
shrinkage=0.08


Tree=73
num_leaves=15
num_cat=0
split_feature=9 15 17 10 7 0 10 14 10 6 19 10 1 6
split_gain=1.02666 0.954988 0.959978 1.99079 1.01704 2.60455 0.99265 1.9744 1.42716 1.1016 0.969493 3.28861 1.79608 1.22588
threshold=0.7250000000000002 1.0000000180025095e-35 1.0000000180025095e-35 0.68500000000000016 0.87500000000000011 2.5000000000000004 0.67500000000000016 1.0000000180025095e-35 0.52500000000000013 1.3666500000000001 0.41665000000000002 1.0000000180025095e-35 11.500000000000002 0.70835000000000015
decision_type=2 2 2 2 2 2 2 2 2 2 2 2 2 2
left_child=1 2 3 4 -1 6 8 9 10 -8 11 13 -12 -6
right_child=-2 -3 -4 -5 5 -7 7 -9 -10 -11 12 -13 -14 -15
leaf_value=0.089543955263817504 0.084086464395054197 -0.083467629474683599 -0.081526552913054648 0.081527824543748462 -0.001579731921749756 -0.10835860029823541 -0.065424563997878882 0.16236449512684531 0.13717936017580551 0.094161411633606779 0.0013665329056487172 0.083865324350623355 -0.081503157121691455 0.046473761629336731
leaf_weight=0.79169596673454989 0.92193829035386343 0.8847607186762606 0.91682058619335194 1.9146145416889329 84.114554036175832 1.4389375343453128 3.5988966289442028 0.29246953618712712 0.4947000079555427 0.29990009882021684 4.9329580069752401 3.1260502273216835 2.5335065901745111 3.5406745683867475
leaf_count=29 213 180 123 407 1293 29 215 12 43 4 248 495 303 88
internal_value=2.01698e-05 -0.000691656 -1.35094e-05 0.000684413 -0.000787416 -0.00147261 2.15826e-05 -0.0381103 0.00164015 -0.053149 0.000957676 0.00323676 -0.0267527 0.000361302
internal_weight=109.802 108.881 107.996 107.079 105.164 104.373 102.934 4.19127 98.7424 3.8988 98.2477 90.7813 7.46646 87.6552
internal_count=3682 3469 3289 3166 2759 2730 2701 231 2470 219 2427 1876 551 1381
is_linear=0
shrinkage=0.08


Tree=74
num_leaves=15
num_cat=0
split_feature=9 15 17 10 7 0 10 14 10 6 1 19 10 1
split_gain=0.944003 0.879658 0.884491 1.8347 0.929066 2.35029 0.865509 1.7092 1.28322 0.971924 0.884192 0.845245 3.03593 1.69506
threshold=0.7250000000000002 1.0000000180025095e-35 1.0000000180025095e-35 0.68500000000000016 0.87500000000000011 2.5000000000000004 0.67500000000000016 1.0000000180025095e-35 0.52500000000000013 1.3666500000000001 12.500000000000002 0.41665000000000002 1.0000000180025095e-35 11.500000000000002
decision_type=2 2 2 2 2 2 2 2 2 2 2 2 2 2
left_child=1 2 3 4 -1 6 8 9 11 10 -8 12 -6 -13
right_child=-2 -3 -4 -5 5 -7 7 -9 -10 -11 -12 13 -14 -15
leaf_value=0.088786548187630598 0.08381755384132962 -0.08324203741222283 -0.081412599923699286 0.081413395235847702 0.00033525011427665649 -0.10594350105858222 0.0054192960710181225 0.15173168701937673 0.13363634244632969 0.09291577472269405 -0.085860166656664433 0.0012565110821063958 0.083620096044939279 -0.081389619553711712
leaf_weight=0.73680798604618658 0.8536763385636722 0.81886106915771861 0.8474686723202457 1.7697954272152845 87.487607969203964 1.3573442440247152 0.92133840871974815 0.28809900651685882 0.46828761021606524 0.28040207701269526 2.5839716361369938 4.9355889158323398 2.8938288941280907 2.3418515578377992
leaf_count=29 213 180 123 407 1381 29 18 12 43 4 197 248 495 303
internal_value=2.29212e-05 -0.000641078 -8.42281e-06 0.000642004 -0.000728614 -0.00136551 2.34072e-05 -0.0361086 0.00152345 -0.0504036 -0.0618682 0.000889952 0.00300186 -0.0253387
internal_weight=108.585 107.731 106.912 106.065 104.295 103.558 102.201 4.07381 98.1272 3.78571 3.50531 97.6589 90.3814 7.27744
internal_count=3682 3469 3289 3166 2759 2730 2701 231 2470 219 215 2427 1876 551
is_linear=0
shrinkage=0.08


Tree=75
num_leaves=15
num_cat=0
split_feature=16 15 13 11 6 1 1 19 10 21 1 0 19 1
split_gain=0.889662 0.809464 0.870833 0.960261 0.697075 0.916814 0.902641 0.672421 0.614278 0.605501 0.701434 0.832672 0.598534 0.578862
threshold=1.0000000180025095e-35 1.0000000180025095e-35 1.0000000180025095e-35 1.0000000180025095e-35 0.58335000000000015 13.500000000000002 14.500000000000002 0.29165000000000002 0.67500000000000016 1.0000000180025095e-35 11.500000000000002 1.5000000000000002 0.55000000000000016 22.500000000000004
decision_type=2 2 2 2 2 2 2 2 2 2 2 2 2 2
left_child=1 2 3 4 8 -6 -7 9 12 -4 11 -11 -1 -5
right_child=-2 -3 7 13 5 6 -8 -9 -10 10 -12 -13 -14 -15
leaf_value=0.00062017952334090013 0.080174168570822046 -0.083028441477580359 -0.0067585409354881812 0.043407066638945863 0.052749207216834897 -0.070265505471562753 0.022062051699800547 -0.063367590299948845 -0.057795791445473664 -0.080278624478340874 -0.16937032705276051 0.087264009156446762 -0.080286827976286487 -0.071523985997561837
leaf_weight=72.075966809759848 0.87903402256779273 0.75777003215625782 17.057463688193828 4.8888967712409785 3.7001691677141926 0.9672122873598713 2.2639959617517889 1.6909832064993668 1.1978564995806653 0.62830332340672501 0.30886242282576859 0.2720484584569931 0.58997978852130373 0.29753472085576493
leaf_count=776 554 180 390 575 293 31 152 198 116 193 17 2 188 17
internal_value=2.14893e-05 -0.000638856 -4.95342e-05 0.00344493 0.00130291 0.0255602 -0.00557478 -0.0151044 -0.000973395 -0.0106366 -0.0653411 -0.0296543 -3.671e-05 0.0368137
internal_weight=107.576 106.697 105.939 85.9816 80.7952 6.93138 3.23121 19.9577 73.8638 18.2667 1.20921 0.900352 72.6659 5.18643
internal_count=3682 3128 2948 2148 1556 476 183 800 1080 602 212 195 964 592
is_linear=0
shrinkage=0.08


Tree=76
num_leaves=15
num_cat=0
split_feature=9 17 10 7 0 9 0 19 18 10 5 1 10 10
split_gain=0.851861 0.797949 1.70351 0.850156 2.08628 0.745891 1.30214 0.969072 0.853694 1.20463 1.12699 1.9692 1.10865 1.28041
threshold=0.7250000000000002 1.0000000180025095e-35 0.68500000000000016 0.87500000000000011 2.5000000000000004 1.0000000180025095e-35 1.5000000000000002 0.87500000000000011 1.0000000180025095e-35 0.67500000000000016 1.0000000180025095e-35 10.500000000000002 1.0000000180025095e-35 0.52500000000000013
decision_type=2 2 2 2 2 2 2 2 2 2 2 2 2 2
left_child=1 2 3 -1 5 -5 -7 8 9 10 -8 -12 -10 -14
right_child=-2 -3 -4 4 -6 6 7 -9 12 -11 11 -13 13 -15
leaf_value=0.088119677790614567 0.08351809559149731 -0.081237339840971576 0.081398758579384486 0.080690138605124959 -0.10257502120649853 -0.080316736326996208 -0.0011965479186105115 -0.080694100860872406 0.07944052085090253 -0.046787324368959944 -0.072498180517357291 0.05788143997860052 -0.049970658618484827 0.13734955272395966
leaf_weight=0.67656087968498368 0.77626262453850259 0.77947846753522654 1.6203333677258331 0.71788731694687058 1.2995446865679685 1.3122569578699756 86.641272271168418 0.9458919505123039 1.951619952451437 3.5024962481111279 0.88708937587216397 4.5141506247455254 1.1724196851719169 0.29163084947504092
leaf_count=29 213 123 407 265 37 512 1079 216 211 218 29 194 132 17
internal_value=1.73592e-05 -0.000592338 3.31419e-06 -0.0012659 -0.00185169 -0.000567616 -0.00114393 -0.000104008 0.000666293 -0.000738602 0.00101369 0.0364681 0.0399648 -0.0126575
internal_weight=107.089 106.313 105.533 103.913 103.236 101.937 101.219 99.9066 98.9607 95.545 92.0425 5.40124 3.41567 1.46405
internal_count=3682 3469 3346 2939 2910 2873 2608 2096 1880 1520 1302 223 360 149
is_linear=0
shrinkage=0.08


Tree=77
num_leaves=15
num_cat=0
split_feature=16 7 1 17 15 9 9 0 19 14 10 10 1 19
split_gain=0.792304 0.743645 0.774295 0.754517 0.698301 0.642676 0.624833 1.12086 0.850185 0.814296 0.835234 1.19672 1.19358 0.791344
threshold=1.0000000180025095e-35 0.87500000000000011 17.500000000000004 1.0000000180025095e-35 1.0000000180025095e-35 0.7250000000000002 1.0000000180025095e-35 1.5000000000000002 0.55000000000000016 1.0000000180025095e-35 1.0000000180025095e-35 0.52500000000000013 15.500000000000002 0.41665000000000002
decision_type=2 2 2 2 2 2 2 2 2 2 2 2 2 2
left_child=1 3 4 -1 6 -4 -3 -8 9 -9 12 13 -11 -12
right_child=-2 2 5 -5 -6 -7 7 8 -10 10 11 -13 -14 -15
leaf_value=0.085385484594368552 0.08015734892031777 0.080680060107143445 -0.057487796153846984 -0.082763342644756807 -0.082701383876727555 0.080627337710148059 -0.080311361343116228 4.1926932942670551e-05 -0.076847785141420641 0.10282845532152807 0.080298162598950271 0.11827094612522719 -0.074299157696255516 -0.083554675304409701
leaf_weight=1.1048827059566964 0.78373578609898586 0.61518220452126016 2.3307488800492133 0.20201658597215999 0.65289189788745616 0.23760083143133659 1.1051981486380089 94.855458780773915 0.89658502128440787 1.5857359177898609 0.2423391039483247 0.37556018843315531 0.28764272388070811 0.851344283670187
leaf_count=72 554 224 167 11 174 90 405 1369 219 175 70 65 35 52
internal_value=1.88078e-05 -0.00057741 -0.00133076 0.0593935 -0.000232734 -0.0447106 0.000301344 -0.000192145 0.000701421 0.00140947 0.0402171 -0.00493897 0.0756319 -0.0472481
internal_weight=106.127 105.343 104.036 1.3069 101.468 2.56835 100.815 100.2 99.0947 98.1981 3.34262 1.46924 1.87338 1.09368
internal_count=3682 3128 3045 83 2788 257 2614 2390 1985 1766 397 187 210 122
is_linear=0
shrinkage=0.08


Tree=78
num_leaves=15
num_cat=0
split_feature=9 17 10 7 0 19 1 11 21 1 13 6 10 20
split_gain=0.744166 0.716341 1.52843 0.713117 1.81692 0.674748 1.16699 0.918854 0.925936 1.26363 0.787488 0.780259 1.45183 0.752371
threshold=0.7250000000000002 1.0000000180025095e-35 0.68500000000000016 0.87500000000000011 2.5000000000000004 0.41665000000000002 13.500000000000002 1.0000000180025095e-35 1.0000000180025095e-35 11.500000000000002 1.0000000180025095e-35 0.45000000000000007 0.66500000000000015 1.0000000180025095e-35
decision_type=2 2 2 2 2 2 2 2 2 2 2 2 2 2
left_child=1 2 3 -1 5 7 10 -5 -9 -10 11 -7 13 -13
right_child=-2 -3 -4 4 -6 6 -8 8 9 -11 -12 12 -14 -15
leaf_value=0.086900205222150154 0.083328046927635582 -0.081054427001701818 0.081252922768290825 -0.00049871046276884568 -0.099881425574008809 0.038270162583297886 -0.079738334609652142 0.049093370022831116 0.018719959198323033 -0.18753993419341919 -0.079797130974699981 -0.078188054048388717 0.081943203098346115 0.014815265726714204
leaf_weight=0.585504335234872 0.68179565545869891 0.70217227330431242 1.4615974915795948 87.165058338723611 1.1908047441393126 2.4274952213745546 1.7801929062698034 4.4082184004364526 0.6942496181000023 0.26177001371979713 0.82326501607894886 1.7752862781053416 0.68524071387946595 0.81100639118812967
leaf_count=29 213 123 407 1528 37 100 375 476 96 9 78 137 12 62
internal_value=1.95695e-05 -0.000522555 2.08048e-05 -0.0011363 -0.00164154 -0.000481347 -0.0223286 0.00147897 0.0336149 -0.0377566 -0.00665926 0.00390603 -0.0215923 -0.0490242
internal_weight=105.454 104.772 104.07 102.608 102.023 100.832 8.30249 92.5293 5.36424 0.95602 6.52229 5.69903 3.27153 2.58629
internal_count=3682 3469 3346 2939 2910 2873 764 2109 581 105 389 311 211 199
is_linear=0
shrinkage=0.08


Tree=79
num_leaves=15
num_cat=0
split_feature=16 15 13 11 19 6 1 1 19 6 1 1 10 10
split_gain=0.706202 0.664413 0.686842 0.797048 0.577999 1.0695 0.826823 0.799408 0.559608 0.557456 0.683352 0.737398 0.550273 0.535635
threshold=1.0000000180025095e-35 1.0000000180025095e-35 1.0000000180025095e-35 1.0000000180025095e-35 0.29165000000000002 0.45000000000000007 22.500000000000004 12.500000000000002 0.29165000000000002 0.58335000000000015 13.500000000000002 14.500000000000002 0.67500000000000016 0.65500000000000014
decision_type=2 2 2 2 2 2 2 2 2 2 2 2 2 2
left_child=1 2 3 9 6 7 -5 -6 -4 12 -11 -12 -1 -7
right_child=-2 -3 8 4 5 13 -8 -9 -10 10 11 -13 -14 -15
leaf_value=8.7985204682095307e-05 0.08014473947867147 -0.082514955309806098 -0.0098095153955197953 0.074067428513248906 0.099810331078071871 -0.077058109859175938 -0.090890548000360061 -0.083677554149219444 -0.061883503338304065 0.048629712846857298 -0.063382235526710046 0.023087286070717306 -0.05849367411507591 0.081629839888942776
leaf_weight=72.194884291151538 0.69919741322519158 0.62872606434393574 17.771760823903609 2.370483275444712 0.77862486243248019 0.88604477909393586 0.21184611995704461 0.18881130218505859 1.426791670732199 3.3683875447604796 0.92301636794582043 1.9963272273307664 1.0410032907966513 0.16084459208650514
leaf_count=964 554 180 602 490 12 46 13 12 198 293 31 152 116 19
internal_value=1.40492e-05 -0.000524945 -2.60116e-05 0.0030901 0.03548 0.00336009 0.0605348 0.0639996 -0.0136795 0.00121789 0.0240772 -0.004252 -0.000744717 -0.0526772
internal_weight=104.647 103.948 103.319 84.1203 4.59665 2.01433 2.58233 0.967436 19.1986 79.5236 6.28773 2.91934 73.2359 1.04689
internal_count=3682 3128 2948 2148 592 89 503 24 800 1556 476 183 1080 65
is_linear=0
shrinkage=0.08


Tree=80
num_leaves=15
num_cat=0
split_feature=9 17 10 7 0 19 1 18 12 13 6 10 20 10
split_gain=0.66668 0.65741 1.38926 0.644705 1.59937 0.607837 1.04045 0.855642 0.703417 0.660179 0.639045 1.19589 0.684966 0.613332
threshold=0.7250000000000002 1.0000000180025095e-35 0.68500000000000016 0.87500000000000011 2.5000000000000004 0.41665000000000002 13.500000000000002 1.0000000180025095e-35 2.5000000000000004 1.0000000180025095e-35 0.45000000000000007 0.66500000000000015 1.0000000180025095e-35 0.67500000000000016
decision_type=2 2 2 2 2 2 2 2 2 2 2 2 2 2
left_child=1 2 3 -1 5 7 9 8 13 10 -7 12 -12 -5
right_child=-2 -3 -4 4 -6 6 -8 -9 -10 -11 11 -13 -14 -15
leaf_value=0.086384605843993822 0.083067972465307269 -0.080930494583411949 0.081231427640390624 0.0010859148641093816 -0.097856807712639923 0.033310530791559219 -0.079485157587900812 0.080281501310895606 0.083857684561002371 -0.079037798344301996 -0.077442982092496171 0.071351895316421124 0.01252839927047396 -0.040905839973432875
leaf_weight=0.53701586916576971 0.6149120758054768 0.64598754444159467 1.3308965690084722 88.18641833687434 1.0906289319391351 2.4028875863878048 1.5951731526292858 0.8711684123845761 0.64515085599850763 0.72266113129444409 1.6404970036819584 0.69213815731927741 0.80842464533634473 2.2837640561629078
leaf_count=29 213 123 407 1652 37 100 375 314 91 78 137 12 62 52
internal_value=1.49679e-05 -0.00047869 2.68296e-05 -0.0010382 -0.00150331 -0.000450852 -0.0218017 0.00137393 0.000619484 -0.00711827 0.00225654 -0.0214995 -0.0477421 2.59053e-05
internal_weight=104.068 103.453 102.807 101.476 100.939 99.8483 7.86178 91.9865 91.1153 6.26661 5.54395 3.14106 2.44892 90.4702
internal_count=3682 3469 3346 2939 2910 2873 764 2109 1795 389 311 211 199 1704
is_linear=0
shrinkage=0.08


Tree=81
num_leaves=15
num_cat=0
split_feature=16 15 17 10 7 1 9 0 19 14 10 1 10 19
split_gain=0.635624 0.608733 0.613033 1.3549 0.62837 0.868041 0.545604 1.02881 0.786108 0.696338 0.742618 0.911605 0.823871 0.642988
threshold=1.0000000180025095e-35 1.0000000180025095e-35 1.0000000180025095e-35 0.68500000000000016 0.87500000000000011 17.500000000000004 1.0000000180025095e-35 1.5000000000000002 0.55000000000000016 1.0000000180025095e-35 1.0000000180025095e-35 15.500000000000002 0.52500000000000013 0.29165000000000002
decision_type=2 2 2 2 2 2 2 2 2 2 2 2 2 2
left_child=1 2 3 4 -1 6 -6 -8 9 13 11 -11 -12 -9
right_child=-2 -3 -4 -5 5 -7 7 8 -10 10 12 -13 -14 -15
leaf_value=0.085607440731923334 0.080135613460748281 -0.082360808784735173 -0.080859894379193109 0.081204922022360418 0.08066382352689086 -0.053516560887666736 -0.080296247923661343 0.0013629407100044521 -0.080534275675848935 0.10096807359813059 -0.045846924458665519 -0.072605862398533061 0.11822070606115918 -0.030050454772924153
leaf_weight=0.53823693993035604 0.62978074088459735 0.57782923284685139 0.59682121628429641 1.3127369378344145 0.53369150834623624 1.9792281230911601 1.0218169747386117 88.393272861838341 0.76194351550657202 1.360522745875641 0.86768741672858574 0.22578766848891962 0.25299552641808987 4.3766424502246073
leaf_count=26 554 180 123 381 224 142 405 803 218 175 122 35 16 278
internal_value=1.03724e-05 -0.0004805 -1.76536e-05 0.000457117 -0.000599594 -0.00106465 -3.08795e-06 -0.000445726 0.000402088 0.00104799 0.0410435 0.0762624 -0.00880846 -0.000119061
internal_weight=103.429 102.799 102.221 101.625 100.312 99.7736 97.7944 97.2607 96.2389 95.4769 2.70699 1.58631 1.12068 92.7699
internal_count=3682 3128 2948 2825 2444 2418 2276 2052 1647 1429 348 210 138 1081
is_linear=0
shrinkage=0.08


Tree=82
num_leaves=15
num_cat=0
split_feature=9 9 0 19 18 10 10 19 1 19 12 1 20 10
split_gain=0.601106 0.561972 1.02263 0.672185 0.768406 0.602444 0.88782 0.674589 0.67413 0.570009 0.901111 0.536257 0.674667 0.684458
threshold=0.7250000000000002 1.0000000180025095e-35 1.5000000000000002 0.87500000000000011 1.0000000180025095e-35 1.0000000180025095e-35 0.52500000000000013 0.41665000000000002 15.500000000000002 0.29165000000000002 2.5000000000000004 9.5000000000000018 1.0000000180025095e-35 0.66500000000000015
decision_type=2 2 2 2 2 2 2 2 2 2 2 2 2 2
left_child=1 -1 -3 4 9 8 7 -7 -6 10 -4 -11 -13 -14
right_child=-2 2 3 -5 5 6 -8 -9 -10 11 -12 12 13 -15
leaf_value=0.080569936327658298 0.082985303447499423 -0.080257445950765394 -2.1714020906945506e-05 -0.076702427418592373 0.09960184025864742 0.08027442847150866 0.10191719459239597 -0.082519182015380721 -0.04079419683366476 0.024977366086392831 0.082593679347646637 -0.054820870696417723 -0.082118424559141798 0.084370508655614657
leaf_weight=0.54512909695040335 0.5557677315082391 1.0280717419809651 91.156156801152974 0.72713803831720625 1.2724496669834473 0.21499964222311951 0.38864379422739148 0.67238834197632968 0.26435806904919434 1.0258783728349943 0.85286611370975052 3.3559432197362185 0.23374992725439359 0.48790162103250623
leaf_count=271 213 512 1327 221 175 71 81 61 38 24 238 418 10 22
internal_value=1.14302e-05 -0.000439672 -0.00087398 -6.31515e-05 0.000494538 0.041715 0.00108424 -0.0430769 0.0754512 -0.000699402 0.000744079 -0.0267235 -0.0397309 0.0304431
internal_weight=102.781 102.226 101.681 100.652 99.9253 2.81284 1.27603 0.887388 1.53681 97.1125 92.009 5.10347 4.07759 0.721652
internal_count=3682 3469 3198 2686 2465 426 213 132 213 2039 1565 474 450 32
is_linear=0
shrinkage=0.08


Tree=83
num_leaves=15
num_cat=0
split_feature=16 17 10 7 1 15 4 6 10 0 12 4 10 19
split_gain=0.575596 0.557352 1.21604 0.581082 0.755289 0.532565 0.521491 0.741693 0.918198 0.697295 0.598796 1.33225 3.24271 2.17689
threshold=1.0000000180025095e-35 1.0000000180025095e-35 0.68500000000000016 0.87500000000000011 17.500000000000004 1.0000000180025095e-35 1.5000000000000002 0.58335000000000015 0.67500000000000016 1.5000000000000002 1.5000000000000002 1.0000000180025095e-35 1.0000000180025095e-35 0.41665000000000002
decision_type=2 2 2 2 2 2 2 2 2 2 2 2 2 2
left_child=1 2 3 -1 5 6 7 8 9 -5 -11 -12 -13 -14
right_child=-2 -3 -4 4 -6 -7 -8 -9 -10 10 11 12 13 -15
leaf_value=0.085221843756653468 0.080125977339314855 -0.080783017289832865 0.081092711636997661 -0.080161548526791568 -0.050781692211526508 -0.08229991960806915 -0.060751865892638611 0.026422527716498188 -0.081555471146389724 -0.0017748313602029514 0.047935273884359447 -0.34136849901415245 0.084482277053364085 -0.080756875265931269
leaf_weight=0.49831363861448963 0.57074479496804897 0.54959527356549998 1.1697468248894427 0.69768636219669034 1.9422111174208101 0.50549246743321319 0.8951104530133297 6.6250366428866974 0.90356431435793538 81.07211763097439 4.5296621435554689 0.19257681234739754 1.0228076360654086 1.0182360019534826
leaf_count=26 554 123 381 378 148 174 15 409 133 852 263 4 67 155
internal_value=1.1365e-05 -0.000438586 -1.70268e-06 -0.000951225 -0.00138321 -0.000398805 2.81931e-05 0.000594547 -0.00131867 -0.000499773 0.000132989 0.0230022 -0.0275607 0.00204776
internal_weight=102.193 101.622 101.073 99.9028 99.4045 97.4623 96.9568 96.0617 89.4367 88.5331 87.8354 6.76328 2.23362 2.04104
internal_count=3682 3128 3005 2624 2598 2450 2276 2261 1852 1719 1341 489 226 222
is_linear=0
shrinkage=0.08


Tree=84
num_leaves=15
num_cat=0
split_feature=9 17 10 9 0 19 18 10 10 6 19 10 6 1
split_gain=0.534469 0.514492 1.05568 0.506891 0.880455 0.680996 0.595443 0.711485 0.940538 0.849491 0.708764 1.83533 0.916108 0.649036
threshold=0.7250000000000002 1.0000000180025095e-35 0.68500000000000016 1.0000000180025095e-35 1.5000000000000002 0.55000000000000016 1.0000000180025095e-35 0.67500000000000016 0.52500000000000013 1.3666500000000001 1.0000000180025095e-35 1.0000000180025095e-35 0.29165000000000002 12.500000000000002
decision_type=2 2 2 2 2 2 2 2 2 2 2 2 2 2
left_child=1 2 3 -1 -5 6 7 8 10 13 11 -6 -12 -9
right_child=-2 -3 -4 4 5 -7 -8 9 -10 -11 12 -13 -14 -15
leaf_value=0.080514231289723209 0.082719691392622807 -0.080723475589476359 0.080959437506201867 -0.080239229973966195 -0.0004778351344759579 -0.080461817579663308 0.038863911140858923 0.0070711661158974828 0.11040362526452795 0.093933571138318572 0.002072660638244397 0.084542863631880669 -0.081497200108496634 -0.075814243308879675
leaf_weight=0.48800974048208345 0.49762743536848475 0.50769943394698103 1.0206604943959963 0.89427658461499859 86.128938362118788 0.67691015906166185 2.4664434655569485 0.86094899545423675 0.49420572776580129 0.28366842737887044 1.8333214800804847 1.6562152475817118 1.5486842974205499 2.0309379983809777
leaf_count=271 213 123 407 512 883 228 364 18 44 5 44 170 204 196
internal_value=1.49174e-05 -0.00039301 1.32704e-05 -0.000818215 -0.00121964 -0.000498423 5.78581e-05 -0.000951379 0.000338357 -0.0381792 -0.000258293 0.00112622 -0.0361956 -0.0511383
internal_weight=101.389 100.891 100.383 99.3626 98.8746 97.9803 97.3034 94.8369 91.6614 3.17556 91.1672 87.7852 3.38201 2.89189
internal_count=3682 3469 3346 2939 2668 2156 1928 1564 1345 219 1301 1053 248 214
is_linear=0
shrinkage=0.08


Tree=85
num_leaves=15
num_cat=0
split_feature=16 15 13 11 6 1 1 1 21 19 21 10 6 0
split_gain=0.511655 0.49927 0.501082 0.712948 0.42876 0.52125 0.591498 0.483693 0.749679 0.536806 0.517743 0.464121 1.58383 0.509925
threshold=1.0000000180025095e-35 1.0000000180025095e-35 1.0000000180025095e-35 1.0000000180025095e-35 0.58335000000000015 13.500000000000002 14.500000000000002 9.5000000000000018 1.0000000180025095e-35 0.41665000000000002 1.0000000180025095e-35 0.67500000000000016 1.3666500000000001 2.5000000000000004
decision_type=2 2 2 2 2 2 2 2 2 2 2 2 2 2
left_child=1 2 3 4 7 -6 11 10 9 -9 -1 13 -13 -7
right_child=-2 -3 -4 -5 5 6 -8 8 -10 -11 -12 12 -14 -15
leaf_value=0.015193422451803816 0.080114301018524084 -0.082113727911376097 -0.011987519522729185 0.037165827376620109 0.045658685917997432 0.072799286658536619 0.023485714108779927 -0.0030891092487987672 0.10605476340854367 -0.046095820727574788 -0.091863652575944019 -0.23644015614653505 0.093008623233843277 -0.095658849688293565
leaf_weight=13.482030431739982 0.50780057546216895 0.47617964062373985 18.239334202371538 3.6645001104043322 2.931047609599772 0.25696193869225714 1.739095064171124 56.16245896613691 0.39514331100508471 1.921018816763534 0.29544562334194857 0.26311934529803693 0.14478255063295364 0.20816258899867535
leaf_count=95 554 180 800 592 293 8 152 460 30 380 115 16 4 3
internal_value=1.40253e-05 -0.000391996 -1.6954e-06 0.00268187 0.00105761 0.0224997 -0.00348683 -0.000587336 -0.00376439 -0.00451149 0.0128977 -0.0572169 -0.119504 -0.00259274
internal_weight=100.687 100.179 99.7031 81.4638 77.7993 5.54317 2.61212 72.2561 58.4786 58.0835 13.7775 0.873026 0.407902 0.465125
internal_count=3682 3128 2948 2148 1556 476 183 1080 870 840 210 31 20 11
is_linear=0
shrinkage=0.08


Tree=86
num_leaves=15
num_cat=0
split_feature=7 15 1 17 6 11 9 0 19 5 4 10 19 10
split_gain=0.493976 0.458536 0.449371 0.439377 0.422572 0.745492 0.419249 0.770096 0.583051 0.575395 0.974684 1.46851 1.02676 1.44554
threshold=0.87500000000000011 1.0000000180025095e-35 17.500000000000004 1.0000000180025095e-35 0.58335000000000015 1.0000000180025095e-35 1.0000000180025095e-35 1.5000000000000002 0.55000000000000016 1.0000000180025095e-35 1.0000000180025095e-35 1.0000000180025095e-35 0.41665000000000002 0.67500000000000016
decision_type=2 2 2 2 2 2 2 2 2 2 2 2 2 2
left_child=3 2 6 -1 -4 -6 -2 -8 9 10 -9 -12 13 -13
right_child=1 -3 4 -5 5 -7 7 8 -10 -11 11 12 -14 -15
leaf_value=0.083526436831207113 0.080460309187868465 -0.08196461598545747 -0.085795805035418879 -0.081568718093484024 -0.049900516827564932 0.079197515425330489 -0.080242946368812781 0.0010948217145148511 -0.076526830142269478 0.021475131136610363 -0.18687949113785712 0.083863775170317789 -0.080592944481183953 -0.081819304004577112
leaf_weight=0.73813751840498198 0.41934010479599138 0.44033651979407196 0.73345907952170764 0.11993168643675745 0.93391396809602134 0.41281743795843795 0.75390150106977571 83.877759863273241 0.61796819174196471 8.3615990999387559 0.40627411822788362 0.89693304692627862 1.1191434746142477 0.53987366426736116
leaf_count=108 265 180 99 11 94 109 405 1009 219 793 9 96 254 31
internal_value=1.21857e-05 -0.000508959 -0.000146924 0.0604512 -0.0369372 -0.0103277 0.000642111 0.000295526 0.000929197 0.00143198 -0.000497928 -0.0455979 -0.0231409 0.0216091
internal_weight=100.371 99.5133 99.073 0.858069 2.08019 1.34673 96.9928 96.5735 95.8196 95.2016 86.84 2.96222 2.55595 1.43681
internal_count=3682 3563 3383 119 302 203 3081 2816 2411 2192 1399 390 381 127
is_linear=0
shrinkage=0.08


Tree=87
num_leaves=15
num_cat=0
split_feature=17 10 7 1 4 6 4 10 12 19 10 21 1 1
split_gain=0.476482 1.07811 0.482288 0.585445 0.439319 0.545059 0.761905 1.52508 1.15713 0.95605 1.33075 0.888621 1.14066 0.798068
threshold=1.0000000180025095e-35 0.68500000000000016 0.87500000000000011 17.500000000000004 1.5000000000000002 0.58335000000000015 1.0000000180025095e-35 1.0000000180025095e-35 1.5000000000000002 0.41665000000000002 0.67500000000000016 1.0000000180025095e-35 9.5000000000000018 13.500000000000002
decision_type=2 2 2 2 2 2 2 2 2 2 2 2 2 2
left_child=1 2 -1 4 5 6 8 -8 13 10 -9 -10 -13 -4
right_child=-2 -3 3 -5 -6 -7 7 9 11 -11 -12 12 -14 -15
leaf_value=0.084373817504593496 -0.080628488175504068 0.080835214056630578 -0.0013491338888663739 -0.045890131011340894 -0.058384310667312062 0.023017689913240536 -0.22893776713439956 0.083598198320927727 0.054616019189197174 -0.080539207608330984 -0.081677054264081325 0.03478869974220946 -0.16883048100252368 -0.093356816302574169
leaf_weight=0.42684541927883302 0.46682120545301486 1.0547523242712475 80.977387635299237 1.8126656296662975 0.81777645664987986 6.4178068432374848 0.25621350796427522 0.83049742685398087 3.8674900493351734 1.051215436658822 0.4991989373229444 0.4783254476787987 0.27864982056780718 0.60788249599863675
leaf_count=35 123 556 1250 165 19 522 9 96 390 280 31 82 21 103
internal_value=5.8917e-06 0.000384671 -0.000478365 -0.00084834 1.406e-06 0.000502604 -0.00112376 -0.0434814 0.000171945 -0.0235242 0.02155 0.0391013 -0.0401655 -0.00203467
internal_weight=99.8435 99.3767 98.322 97.8951 96.0824 95.2647 88.8469 2.63713 86.2097 2.38091 1.3297 4.62447 0.756975 81.5853
internal_count=3682 3559 3003 2968 2803 2784 2262 416 1846 407 127 493 103 1353
is_linear=0
shrinkage=0.08


Tree=88
num_leaves=15
num_cat=0
split_feature=9 17 10 15 7 0 11 10 14 6 10 4 13 1
split_gain=0.451479 0.435615 0.861037 0.420842 0.406818 1.19547 0.412501 0.522755 0.713066 0.767017 0.682453 0.564951 0.548818 0.706469
threshold=0.7250000000000002 1.0000000180025095e-35 0.68500000000000016 1.0000000180025095e-35 0.87500000000000011 2.5000000000000004 1.0000000180025095e-35 0.67500000000000016 1.0000000180025095e-35 1.3666500000000001 0.52500000000000013 1.5000000000000002 1.0000000180025095e-35 12.500000000000002
decision_type=2 2 2 2 2 2 2 2 2 2 2 2 2 2
left_child=1 2 3 4 -1 6 7 10 9 12 11 -6 13 -9
right_child=-2 -3 -4 -5 5 -7 -8 8 -10 -11 -12 -13 -14 -15
leaf_value=0.084314916946220092 0.082392931170734443 -0.080580508440253773 0.080809043802298655 -0.081917165213066329 -7.78626173680442e-05 -0.094310988874702628 0.020592352290587326 0.045473534241479839 0.10706660892400835 0.09275169392961978 0.11528410883021849 -0.10481551190149074 -0.021092513046603759 -0.12155943036985482
leaf_weight=0.36189428286161174 0.423900113964918 0.43117646977770974 0.83683221146929909 0.40649188274983217 86.318627847533207 0.86462736217072134 5.9436887952033421 0.19156127946916979 0.21227795642334957 0.23612812161445607 0.32715832162648339 0.33086175250355054 1.2716418758500367 1.052193402778357
leaf_count=29 213 123 407 180 1797 29 649 8 9 2 28 6 95 107
internal_value=8.06737e-06 -0.000345457 6.28752e-06 -0.000687112 -0.000347094 -0.000663777 0.000180679 -0.00116822 -0.0342081 -0.0451073 -4.23594e-05 -0.000477792 -0.0580486 -0.0958333
internal_weight=99.2091 98.7852 98.354 97.5172 97.1107 96.7488 95.8841 89.9405 2.9638 2.75152 86.9766 86.6495 2.5154 1.24375
internal_count=3682 3469 3346 2939 2759 2730 2701 2052 221 212 1831 1803 210 115
is_linear=0
shrinkage=0.08


Tree=89
num_leaves=15
num_cat=0
split_feature=16 17 10 13 19 15 11 10 1 6 4 4 19 20
split_gain=0.433546 0.401759 0.844136 0.409001 0.667115 0.411288 0.453765 0.438475 0.973933 1.15329 0.654844 0.794999 0.990383 1.78647
threshold=1.0000000180025095e-35 1.0000000180025095e-35 0.68500000000000016 1.0000000180025095e-35 0.29165000000000002 1.0000000180025095e-35 1.0000000180025095e-35 0.67500000000000016 12.500000000000002 1.3666500000000001 1.0000000180025095e-35 1.5000000000000002 0.29165000000000002 1.0000000180025095e-35
decision_type=2 2 2 2 2 2 2 2 2 2 2 2 2 2
left_child=1 2 3 5 -5 6 7 10 -9 -10 -1 12 -12 -14
right_child=-2 -3 -4 4 -6 -7 -8 8 9 -11 11 -13 13 -15
leaf_value=-0.00016897339965247604 0.080099894841499278 -0.080536169501755184 0.080778429356007056 -0.0083432261219720857 -0.081966839504509045 -0.081780665188710008 0.031685431620565987 0.073907911072327706 -0.10941069875929565 0.09154495893208138 0.073413434461174418 -0.066608735654859072 -0.063691289801580175 0.11452184821825556
leaf_weight=70.017844251531642 0.43063043904839915 0.39823629654711012 0.82060235372045909 16.418527211993936 0.82736691692843933 0.37584025543765065 3.1858568725874639 0.36952931433915992 1.0330441888654602 0.22206571570131917 2.5325724918511687 0.48094293003668998 1.117133248131722 0.53115997556596983
leaf_count=820 554 123 381 482 184 180 432 7 116 3 240 15 135 10
internal_value=4.73008e-06 -0.000346039 -1.99513e-05 -0.000702703 -0.0118753 0.00170986 0.00210461 0.000869551 -0.0402464 -0.0738558 0.00176402 0.0307965 0.0420015 -0.00626238
internal_weight=98.7614 98.3307 97.9325 97.1119 17.2459 79.866 79.4901 76.3043 1.62464 1.25511 74.6797 4.66181 4.18087 1.64829
internal_count=3682 3128 3005 2624 666 1958 1778 1346 126 119 1220 400 385 145
is_linear=0
shrinkage=0.08


Tree=90
num_leaves=15
num_cat=0
split_feature=9 16 17 10 1 7 6 19 18 10 1 10 19 9
split_gain=0.405263 0.378322 0.368012 0.678532 0.368492 0.467102 0.389854 0.358359 0.429604 0.58874 0.75817 0.513089 0.598491 0.423778
threshold=0.7250000000000002 1.0000000180025095e-35 1.0000000180025095e-35 0.68500000000000016 17.500000000000004 0.87500000000000011 1.3666500000000001 0.55000000000000016 1.0000000180025095e-35 1.0000000180025095e-35 15.500000000000002 0.52500000000000013 0.41665000000000002 1.0000000180025095e-35
decision_type=2 2 2 2 2 2 2 2 2 2 2 2 2 2
left_child=1 2 3 4 7 -6 -7 8 -1 10 -10 12 -11 -9
right_child=-2 -3 -4 -5 5 6 -8 13 9 11 -12 -13 -14 -15
leaf_value=-0.00059950301475606251 0.082472019909305791 0.080096009716067867 -0.080495199258547534 0.080748206048192481 0.083720770644830744 -0.061936736695364314 0.089816768503369573 0.081015729285664459 0.096520168141575685 0.080154467826863293 -0.072421877908660309 0.10177285179933997 -0.081896735882557317 -0.080397122698380577
leaf_weight=91.52720695536118 0.37990612132125434 0.37303474088548583 0.36779796535847609 0.65629297058330749 0.18416709301527578 1.4803301407955576 0.11689957801718254 0.12401736062020063 1.0887171863578253 0.19429089943878342 0.20146923325955857 0.20128035714151338 0.58513204427435994 0.64811334040132251
leaf_count=1761 213 496 123 272 10 118 2 12 175 128 35 17 53 267
internal_value=5.4039e-06 -0.000315107 -0.000623153 -0.000320324 -0.000872517 -0.0369197 -0.0508301 -0.000193505 0.000253303 0.0346253 0.070139 -0.0120957 -0.0415014 -0.0544715
internal_weight=98.1287 97.7487 97.3757 97.0079 96.3516 1.7814 1.59723 94.5702 93.7981 2.27089 1.29019 0.980703 0.779423 0.772131
internal_count=3682 3469 2973 2850 2578 130 120 2448 2169 408 210 198 181 279
is_linear=0
shrinkage=0.08


Tree=91
num_leaves=15
num_cat=0
split_feature=9 15 9 1 19 14 10 10 1 19 1 19 12 1
split_gain=0.37315 0.359128 0.355388 0.719523 0.503158 0.480494 0.521934 0.629785 0.560227 0.512088 0.4263 0.665684 0.61033 0.510077
threshold=0.7250000000000002 1.0000000180025095e-35 1.0000000180025095e-35 7.5000000000000009 0.87500000000000011 1.0000000180025095e-35 1.0000000180025095e-35 0.52500000000000013 15.500000000000002 0.41665000000000002 9.5000000000000018 0.41665000000000002 2.5000000000000004 10.500000000000002
decision_type=2 2 2 2 2 2 2 2 2 2 2 2 2 2
left_child=1 2 -1 -4 5 10 8 9 -7 -8 -5 12 13 -12
right_child=-2 -3 3 4 -6 6 7 -9 -10 -11 11 -13 -14 -15
leaf_value=0.080374393054492635 0.082296854005914605 -0.081656866652589588 -0.088144237894811739 0.010585480977853603 -0.076831166360161282 0.094547037561075881 0.080191573528058752 0.093244229150957217 -0.042288099952185604 -0.082734385496830251 -0.06640277755551556 -0.040965367990504355 0.082399326177693855 -0.0013523403922584831
leaf_weight=0.35082226456142862 0.35141378099797194 0.34591999958502029 0.59296784270554681 18.720517120033037 0.5389191756839854 1.0718583774869324 0.15848368624574483 0.28843031969154254 0.23314318252960209 0.55876299389638007 0.78002051386283611 2.8313168868189669 0.55175397338461962 70.326399647252401
leaf_count=271 213 180 229 288 234 235 99 130 42 61 54 375 216 1055
internal_value=8.16512e-06 -0.000288882 1.28071e-06 -0.000290452 0.000251862 0.000686758 0.0367236 -0.00658799 0.070101 -0.0467341 -0.000206597 -0.00291884 -0.00141556 -0.00206593
internal_weight=97.7007 97.3493 97.0034 96.6526 96.0596 95.5207 2.31068 1.00568 1.305 0.717247 93.21 74.4895 71.6582 71.1064
internal_count=3682 3469 3289 3018 2789 2555 567 290 277 160 1988 1700 1325 1109
is_linear=0
shrinkage=0.08


Tree=92
num_leaves=15
num_cat=0
split_feature=16 17 10 7 0 9 13 19 11 6 19 6 12 1
split_gain=0.357236 0.340246 0.701463 0.37225 0.496868 0.745847 0.357481 0.561652 0.486561 0.563895 0.951231 0.513131 1.02123 0.585214
threshold=1.0000000180025095e-35 1.0000000180025095e-35 0.68500000000000016 0.87500000000000011 2.5000000000000004 0.7250000000000002 1.0000000180025095e-35 0.41665000000000002 1.0000000180025095e-35 0.45000000000000007 0.41665000000000002 0.70835000000000015 1.5000000000000002 13.500000000000002
decision_type=2 2 2 2 2 2 2 2 2 2 2 2 2 2
left_child=1 2 3 -1 6 -6 8 -8 11 -10 -11 -5 -13 -14
right_child=-2 -3 -4 4 5 -7 7 -9 9 10 -12 12 13 -15
leaf_value=0.083539879359380703 0.080086819443418611 -0.080452257286504625 0.080671009658579276 -0.00072027976480441445 -0.09229161306032653 0.083293262815193767 -0.007840036007274646 -0.081870088580773659 0.067761519660358177 0.059598116280762989 -0.078035906998310867 0.068145179130888286 0.024204831047156986 -0.072768273772210457
leaf_weight=0.33549045427935098 0.3552280105650415 0.33765490335645054 0.68485635175602411 71.276699876470957 0.78430115978699078 0.192913367820438 16.22518637182657 0.68352051387773727 1.5173742554325138 0.69391655817162223 0.5986166715156287 2.0146290969569227 0.93663134687813021 0.69294383533997461
leaf_count=26 554 123 381 1182 37 40 473 173 218 167 53 196 26 33
internal_value=7.53915e-06 -0.000285799 -5.69344e-06 -0.000581521 -0.000876678 -0.0576291 -0.000290672 -0.0108326 0.00200251 0.0346852 -0.00414494 0.000776749 0.030057 -0.017031
internal_weight=97.33 96.9747 96.6371 95.9522 95.6167 0.977215 94.6395 16.9087 77.7308 2.80991 1.29253 74.9209 3.6442 1.62958
internal_count=3682 3128 3005 2624 2598 77 2521 646 1875 438 220 1437 255 59
is_linear=0
shrinkage=0.08


Tree=93
num_leaves=15
num_cat=0
split_feature=15 16 17 10 7 0 9 5 10 10 1 4 13 1
split_gain=0.336858 0.327402 0.316192 0.642345 0.33978 0.449366 0.680954 0.331103 0.380074 0.576238 0.552068 0.427615 0.606532 1.00159
threshold=1.0000000180025095e-35 1.0000000180025095e-35 1.0000000180025095e-35 0.68500000000000016 0.87500000000000011 2.5000000000000004 0.7250000000000002 1.5000000000000002 0.67500000000000016 0.52500000000000013 12.500000000000002 1.5000000000000002 1.0000000180025095e-35 15.500000000000002
decision_type=2 2 2 2 2 2 2 2 2 2 2 2 2 2
left_child=1 2 3 4 -1 7 -7 8 9 -6 -10 12 -12 -14
right_child=-2 -3 -4 -5 5 6 -8 -9 10 -11 11 -13 13 -15
leaf_value=0.083263592475511156 -0.081669731170187651 0.080080157498171406 -0.080417663518744201 0.080619838127422169 0.00023273676970281992 -0.091443097327700951 0.083049819570174904 0.084185539793296599 0.018859829880475396 0.10724941295954693 -0.10934301034228366 0.092251296788208439 0.083061900123167512 -0.10957584475749105
leaf_weight=0.31068263037013721 0.32207394781289522 0.3279429602844165 0.31182340788654883 0.63258710235822846 90.673632798483595 0.72107882244745169 0.17858232895378023 0.29807038058061053 0.95991949341259841 0.32316458591958408 0.93335199198918395 0.11516675353050221 0.35570261813700199 0.33581899502314627
leaf_count=26 180 554 123 381 2099 29 40 10 17 24 114 1 41 43
internal_value=9.49362e-06 0.000282166 9.99429e-06 0.000271678 -0.000262192 -0.000535653 -0.0568063 2.93512e-06 -0.000264869 0.000612794 -0.0298448 -0.0567134 -0.0672716 -0.0104875
internal_weight=96.7996 96.4775 96.1496 95.8378 95.2052 94.8945 0.899661 93.9948 93.6968 90.9968 2.69996 1.74004 1.62487 0.691522
internal_count=3682 3502 2948 2825 2444 2418 69 2349 2339 2123 216 199 198 84
is_linear=0
shrinkage=0.08


Tree=94
num_leaves=15
num_cat=0
split_feature=15 9 0 19 14 10 10 1 19 11 5 6 1 10
split_gain=0.31039 0.305293 0.674528 0.451417 0.396925 0.444877 0.55479 0.535426 0.455858 0.391114 0.551113 1.23657 1.72683 0.79197
threshold=1.0000000180025095e-35 1.0000000180025095e-35 1.5000000000000002 0.87500000000000011 1.0000000180025095e-35 1.0000000180025095e-35 0.52500000000000013 15.500000000000002 0.41665000000000002 1.0000000180025095e-35 1.0000000180025095e-35 0.45000000000000007 11.500000000000002 1.0000000180025095e-35
decision_type=2 2 2 2 2 2 2 2 2 2 2 2 2 2
left_child=1 -1 -3 4 9 7 8 -6 -7 -4 11 12 -11 -13
right_child=-2 2 3 -5 5 6 -8 -9 -10 10 -12 13 -14 -15
leaf_value=0.080335339295373259 -0.081549399697477695 -0.080226069240605144 -0.0010637754886323207 -0.076713838377323984 0.093246304077443776 0.080171936720116202 0.091806592267184212 -0.043260023372295286 -0.082417151105623462 0.083048351983676078 0.067183932888366021 -0.19812056141787679 -0.035450365815407885 -0.011512570015520496
leaf_weight=0.30375432598520902 0.29773266296251577 0.66597192810149763 87.621613689727383 0.48129454872105171 0.96947024684050054 0.14136629455606442 0.25931330685853027 0.22694541871896945 0.5032407003454864 1.639821962744463 1.2810133166203739 0.27856250177137543 1.5134391611791214 0.30484319006791338
leaf_count=271 180 407 1488 217 236 99 152 45 61 66 318 4 76 62
internal_value=7.3204e-06 0.000259758 6.09099e-06 0.000567232 0.000959834 0.0353498 -0.00700879 0.0673527 -0.0467604 0.000180138 0.0219021 0.00637843 0.0261737 -0.100613
internal_weight=96.4884 96.1907 95.8869 95.2209 94.7396 2.10034 0.90392 1.19642 0.644607 92.6393 5.01768 3.73667 3.15326 0.583406
internal_count=3682 3502 3231 2824 2607 593 312 281 160 2014 526 208 142 66
is_linear=0
shrinkage=0.08


Tree=95
num_leaves=15
num_cat=0
split_feature=7 0 9 5 19 9 18 10 1 10 19 19 1 12
split_gain=0.296576 0.325944 0.762675 0.296203 0.287357 0.316037 0.309977 0.401356 0.572817 0.417273 0.480094 0.333155 0.530103 0.473004
threshold=0.87500000000000011 2.5000000000000004 0.7250000000000002 1.5000000000000002 0.87500000000000011 1.0000000180025095e-35 1.0000000180025095e-35 1.0000000180025095e-35 15.500000000000002 0.65500000000000014 0.41665000000000002 0.41665000000000002 9.5000000000000018 2.5000000000000004
decision_type=2 2 2 2 2 2 2 2 2 2 2 2 2 2
left_child=-1 3 -3 4 6 -6 11 8 -8 10 -9 13 -13 -2
right_child=1 2 -4 -5 5 -7 7 9 -10 -11 -12 12 -14 -15
leaf_value=0.060511433626612939 8.6593999762315783e-05 -0.090255993503555967 0.082151416821697312 0.071116860963186451 0.080777449325164202 -0.080324171857054524 0.092872650553094988 0.080145744907907004 -0.060031255256326105 0.093598918375767642 -0.082232141333773351 0.027504739613142769 -0.043533905806864816 0.082061633979867141
leaf_weight=0.51577790177543548 87.909574393037474 0.67656677181366731 0.21684448324958794 0.37479512696154316 0.092153589241206646 0.50500591838499431 0.86210869875503593 0.15544332819990803 0.19166583567857742 0.19109775521792471 0.46555248263757676 0.91318608890287523 2.5483760438510217 0.45280705895856854
leaf_count=119 1916 37 187 65 11 259 174 128 36 66 61 24 387 212
internal_value=1.10618e-05 -0.000315501 -0.0484101 0.000138413 -0.00014373 -0.055463 0.000208863 0.0324898 0.0650617 -0.00977561 -0.0415868 -0.000447087 -0.0247934 0.00050667
internal_weight=96.071 95.5552 0.893411 94.6618 94.287 0.59716 93.6898 1.86587 1.05377 0.812094 0.620996 91.8239 3.46156 88.3624
internal_count=3682 3563 224 3339 3274 270 3004 465 210 255 189 2539 411 2128
is_linear=0
shrinkage=0.08


Tree=96
num_leaves=15
num_cat=0
split_feature=17 10 7 0 9 19 1 5 1 10 10 13 12 1
split_gain=0.296933 0.609607 0.300925 0.372129 0.577556 0.280871 0.577358 0.48732 0.6381 0.791255 0.76682 0.510874 1.14108 3.39384
threshold=1.0000000180025095e-35 0.68500000000000016 0.87500000000000011 2.5000000000000004 0.7250000000000002 0.41665000000000002 13.500000000000002 1.0000000180025095e-35 10.500000000000002 1.0000000180025095e-35 0.67500000000000016 1.0000000180025095e-35 1.5000000000000002 15.500000000000002
decision_type=2 2 2 2 2 2 2 2 2 2 2 2 2 2
left_child=1 2 -1 5 -5 7 -7 -4 9 -9 11 -10 13 -13
right_child=-2 -3 3 4 -6 6 -8 8 10 -11 -12 12 -14 -15
leaf_value=0.08279031396894608 -0.08040479779647644 0.08051974991144123 -0.00049105792569662584 -0.089419621556772924 0.082556660260446987 -0.0064066910063964094 -0.078929598491855102 -0.10069398585859909 0.084354901847251501 0.083281539303451613 -0.010375614853557704 -0.30332962273065128 0.08724068075910435 0.099660289867896934
leaf_weight=0.27846001629950379 0.29297383164521207 0.60180990946537249 83.16723005802487 0.63015329060726699 0.15589865247602575 4.3396947405417441 0.83824908389942709 0.50349888572236423 1.8778085864905734 0.21286992932436988 1.5784462174924554 0.22860266070347279 0.68210846104193479 0.32232826756080613
leaf_count=35 123 556 1776 37 58 389 375 20 157 55 29 8 58 6
internal_value=1.05988e-05 0.00025751 -0.000251928 -0.000496531 -0.0553114 -3.69369e-05 -0.0181473 0.00102179 0.0242973 -0.0460254 0.0350402 0.0580843 0.0180765 -0.0675559
internal_weight=95.7101 95.4172 94.8153 94.5369 0.786052 93.7508 5.17794 88.5729 5.40566 0.716369 4.68929 3.11085 1.23304 0.550931
internal_count=3682 3559 3003 2968 95 2873 764 2109 333 75 258 229 72 14
is_linear=0
shrinkage=0.08


Tree=97
num_leaves=15
num_cat=0
split_feature=16 13 11 19 21 1 0 6 1 1 21 19 18 6
split_gain=0.284376 0.289346 0.375918 0.362136 0.288828 0.571545 0.644696 0.249892 0.350972 0.412233 0.630934 0.361393 0.397175 0.360441
threshold=1.0000000180025095e-35 1.0000000180025095e-35 1.0000000180025095e-35 0.29165000000000002 1.0000000180025095e-35 9.5000000000000018 1.5000000000000002 0.58335000000000015 7.5000000000000009 9.5000000000000018 1.0000000180025095e-35 0.41665000000000002 1.0000000180025095e-35 1.0000000180025095e-35
decision_type=2 2 2 2 2 2 2 2 2 2 2 2 2 2
left_child=1 2 7 4 -3 6 -6 8 -1 -10 11 13 -13 -11
right_child=-2 3 -4 -5 5 -7 -8 -9 9 10 -12 12 -14 -15
leaf_value=-0.093603748626735594 0.080076303539238558 -0.0047390164811221807 0.030970460070763099 -0.064781803407598051 -0.08012825885814126 -0.12590080785232063 0.11231133542800205 0.020002725406062641 0.012466305889207217 -0.00366741848186608 0.095636645787088276 -0.085789540519774499 7.0093422483778537e-06 0.039673160977030053
leaf_weight=0.25722594006219779 0.28310871684516214 15.4463383165421 2.73574556884705 0.73048619838664208 0.24416429596021849 0.37710295256692916 0.20492628216743469 4.0930502830015021 13.719518358353524 54.099462535348721 0.4122439134225705 0.71058627947058883 0.67178575159050524 1.2566008273279283
leaf_count=136 554 390 631 198 164 47 1 486 161 342 49 178 225 120
internal_value=1.67198e-05 -0.000221968 0.00184041 -0.00967764 -0.00720398 -0.0532883 0.00768461 0.000780957 -0.000325165 1.33926e-05 -0.00297604 -0.00369253 -0.0440953 -0.00268357
internal_weight=95.2423 94.9592 77.9562 17.003 16.2725 0.826194 0.449091 75.2205 71.1274 70.8702 57.1507 56.7384 1.38237 55.3561
internal_count=3682 3128 2328 800 602 212 165 1697 1211 1075 914 865 403 462
is_linear=0
shrinkage=0.08


Tree=98
num_leaves=15
num_cat=0
split_feature=15 17 10 19 14 10 1 10 19 10 10 6 4 5
split_gain=0.278844 0.276494 0.553501 0.271869 0.326363 0.395934 0.430489 0.344109 0.463431 0.338022 0.60638 0.502989 0.431468 0.419316
threshold=1.0000000180025095e-35 1.0000000180025095e-35 0.68500000000000016 0.55000000000000016 1.0000000180025095e-35 1.0000000180025095e-35 15.500000000000002 0.52500000000000013 0.41665000000000002 0.67500000000000016 0.52500000000000013 1.3666500000000001 1.5000000000000002 1.0000000180025095e-35
decision_type=2 2 2 2 2 2 2 2 2 2 2 2 2 2
left_child=1 2 3 4 9 6 -6 8 -7 10 12 -11 13 -1
right_child=-2 -3 -4 -5 5 7 -8 -9 -10 11 -12 -13 -14 -15
leaf_value=-0.00053379101738176425 -0.08132157637614762 -0.080381206928810775 0.080500812430178939 -0.055682904195604642 0.091377566547973021 0.080112061773306917 -0.040284516072624739 0.093480989317721835 -0.080956393662503942 -0.040013280108910358 0.10087770877591078 0.089560762128128787 -0.05956979282341994 0.027921832615799974
leaf_weight=84.435384328302462 0.26901645176985667 0.27145470766117696 0.54990787658607487 0.55773396001313713 0.83658041726448462 0.15536657680058841 0.19621198542881757 0.16133267630357295 0.43279679169063456 2.3064499178144611 0.38347110015456465 0.2091194640379398 0.76984445715788652 3.4496515995997461
leaf_count=1465 180 123 556 274 236 198 45 34 63 220 60 4 17 207
internal_value=1.11629e-05 0.000242169 0.000473901 5.20765e-06 0.000337974 0.034243 0.0663641 -0.0100193 -0.0384093 -0.000322059 0.000495 -0.0292418 6.08006e-05 0.000583145
internal_weight=94.9843 94.7153 94.4439 93.8939 93.3362 1.78229 1.03279 0.749496 0.588163 91.5539 89.0384 2.51557 88.6549 87.885
internal_count=3682 3502 3379 2823 2549 576 281 295 261 1973 1749 224 1689 1672
is_linear=0
shrinkage=0.08


Tree=99
num_leaves=15
num_cat=0
split_feature=9 0 19 17 10 1 1 1 10 19 5 1 4 10
split_gain=0.265989 0.611622 0.36174 0.25755 0.496529 0.276675 0.271623 0.395861 0.50325 0.454449 0.412933 0.56422 0.627089 0.824812
threshold=1.0000000180025095e-35 1.5000000000000002 0.87500000000000011 1.0000000180025095e-35 0.68500000000000016 7.5000000000000009 9.5000000000000018 10.500000000000002 1.0000000180025095e-35 0.41665000000000002 1.0000000180025095e-35 13.500000000000002 1.0000000180025095e-35 1.0000000180025095e-35
decision_type=2 2 2 2 2 2 2 2 2 2 2 2 2 2
left_child=-1 -2 3 4 5 -3 -7 8 -8 -10 11 12 -9 -14
right_child=1 2 -4 -5 -6 6 7 10 9 -11 -12 -13 13 -15
leaf_value=0.080302281703346579 -0.080190743088194613 -0.097041361930007813 -0.076515969553912988 -0.080352044370670797 0.080457445658069754 0.0091854651528845768 -0.098489805856937812 -0.0004178687308731019 0.082659595092832758 -0.083319202565146799 0.018827868404968699 -0.045870000431435971 -0.17602740967662836 -0.019849275089026081
leaf_weight=0.26334125048015167 0.60798861371585999 0.18604804202914138 0.39063647038710669 0.25067153605050307 0.49871657128096458 18.8406511771027 0.59683685685740673 63.32679013867164 0.25728040459216572 0.17904610751429573 6.2210238418483632 1.8849824127682939 0.29352426365949102 0.82385891716694459
leaf_count=271 512 4 221 123 555 275 10 733 35 12 393 386 5 147
internal_value=1.30883e-05 -0.000210989 0.000307697 0.000629144 0.000847165 0.000418454 0.000614639 -0.00157988 -0.0507506 0.0145504 -0.000879655 -0.00272803 -0.00146613 -0.0608756
internal_weight=94.6214 94.3581 93.7501 93.3594 93.1088 92.61 92.424 73.5833 1.03316 0.436327 72.5502 66.3292 64.4442 1.11738
internal_count=3682 3411 2899 2678 2555 2000 1996 1721 57 47 1664 1271 885 152
is_linear=0
shrinkage=0.08


Tree=100
num_leaves=15
num_cat=0
split_feature=15 16 13 11 19 19 6 1 1 21 1 0 12 5
split_gain=0.254184 0.246537 0.242174 0.398127 0.337903 0.287423 0.675943 0.491617 0.378082 0.253438 0.516336 0.559567 0.254466 0.571452
threshold=1.0000000180025095e-35 1.0000000180025095e-35 1.0000000180025095e-35 1.0000000180025095e-35 0.29165000000000002 0.29165000000000002 0.45000000000000007 12.500000000000002 22.500000000000004 1.0000000180025095e-35 9.5000000000000018 1.5000000000000002 1.5000000000000002 1.0000000180025095e-35
decision_type=2 2 2 2 2 2 2 2 2 2 2 2 2 2
left_child=1 2 3 -1 9 8 7 -7 -5 12 11 -11 13 -4
right_child=-2 -3 4 5 -6 6 -8 -9 -10 10 -12 -13 -14 -15
leaf_value=0.00084451656066369398 -0.081255884338117285 0.080069200963121395 -0.0052598039861833428 0.070667708208935989 -0.064636351944304546 0.093865793973751444 -0.062797848031106801 -0.0822278720291649 -0.082070110163314405 -0.080110012740437817 -0.12093761200644025 0.10862999538747881 0.014569889004406339 -0.077821788425986499
leaf_weight=74.584966085181804 0.24569627146411122 0.24682229837344394 11.033753332332708 1.2521702638041454 0.66388744025607493 0.51581794791854896 0.53060722780355718 0.12631235318258405 0.11309030919801433 0.20855315541848618 0.36050426820293069 0.19409382343292236 3.5641008986567622 0.74127650086302388
leaf_count=1556 180 554 201 490 198 12 65 12 13 164 47 1 170 19
internal_value=8.23165e-06 0.000220332 1.042e-05 0.00190482 -0.00870365 0.0330642 0.00401648 0.0592267 0.0580158 -0.00639758 -0.0513939 0.0108711 -0.00415892 -0.00982782
internal_weight=94.3817 94.136 93.8891 77.123 16.7662 2.538 1.17274 0.64213 1.36526 16.1023 0.763151 0.402647 15.3391 11.775
internal_count=3682 3502 2948 2148 800 592 89 24 503 602 212 165 390 220
is_linear=0
shrinkage=0.08


Tree=101
num_leaves=15
num_cat=0
split_feature=7 0 9 9 0 19 5 1 4 10 18 19 1 10
split_gain=0.242295 0.290115 0.586855 0.235484 0.547304 0.33029 0.275592 0.710751 0.495854 0.787477 0.649717 0.589588 0.474361 0.460678
threshold=0.87500000000000011 2.5000000000000004 0.7250000000000002 1.0000000180025095e-35 1.5000000000000002 0.87500000000000011 1.0000000180025095e-35 13.500000000000002 1.0000000180025095e-35 1.0000000180025095e-35 1.0000000180025095e-35 0.41665000000000002 10.500000000000002 0.67500000000000016
decision_type=2 2 2 2 2 2 2 2 2 2 2 2 2 2
left_child=-1 3 -3 -2 -5 6 7 8 10 -10 -6 13 -8 -11
right_child=1 2 -4 4 5 -7 12 -9 9 11 -12 -13 -14 -15
leaf_value=0.060150868387104497 0.080290142994184535 -0.088622298711167585 0.081805248956025797 -0.080181251069857323 0.00064703881907547255 -0.075885989519965821 -0.047333862474444661 -0.056131228029653091 -0.14560269716605154 0.084988654025272045 0.088044722278826482 -0.08048494124962563 0.023413541933979209 -0.081351776530869169
leaf_weight=0.42676403443328936 0.23396281115128559 0.57296778634190459 0.16699880338273942 0.54260014042665616 81.714761826588074 0.36179897841066022 0.67428051776369002 1.4463603422773292 0.37755391863174637 0.42701032642798942 0.54803402069955964 0.43194892426254228 6.0385539022827288 0.14198907464742661
leaf_count=119 265 37 187 512 830 217 58 353 10 63 168 102 750 11
internal_value=8.33589e-06 -0.00026565 -0.0501595 0.000131598 -7.07011e-05 0.000400945 0.000701603 -0.000529573 0.000431914 -0.0471514 0.00122928 -0.0100159 0.0163072 0.0434798
internal_weight=94.1056 93.6788 0.739967 92.9389 92.7049 92.1623 91.8005 85.0877 83.6413 1.3785 82.2628 1.00095 6.71283 0.568999
internal_count=3682 3563 224 3339 3074 2562 2345 1537 1184 186 998 176 808 74
is_linear=0
shrinkage=0.08


Tree=102
num_leaves=15
num_cat=0
split_feature=17 10 7 1 11 6 4 5 12 19 15 9 1 19
split_gain=0.24038 0.460106 0.260033 0.323293 0.288282 0.353372 0.222471 0.246633 0.243264 0.262192 0.219983 0.215542 0.484925 0.340905
threshold=1.0000000180025095e-35 0.68500000000000016 0.87500000000000011 17.500000000000004 1.0000000180025095e-35 0.45000000000000007 1.5000000000000002 1.5000000000000002 1.5000000000000002 0.41665000000000002 1.0000000180025095e-35 1.0000000180025095e-35 7.5000000000000009 0.55000000000000016
decision_type=2 2 2 2 2 2 2 2 2 2 2 2 2 2
left_child=1 2 -1 6 -5 -6 7 10 -8 -10 11 -4 -13 -14
right_child=-2 -3 3 4 5 -7 8 -9 9 -11 -12 12 13 -15
leaf_value=0.082481425097137059 -0.080340970890692948 0.080441027855203656 0.080267964589316634 -0.06515651935863867 -0.087123534395291316 0.074986413450768133 -0.092640110646517809 0.083270759203970104 0.087240062084721404 -0.080160297045684517 -0.08114945574389193 -0.086187571152669562 0.00096079352190706795 -0.080242830626643627
leaf_weight=0.24290360976010461 0.23771031605428916 0.45522454717138217 0.21603215235518192 0.89556747494498157 0.13251192348252516 0.24548715703713242 0.34099111403338511 0.22966665556304988 0.13361980197078083 0.10850741248577833 0.2119167299970276 0.41335572570096601 89.549113411063445 0.33210117730777611
leaf_count=35 123 556 265 121 7 37 8 20 8 3 171 229 1866 233
internal_value=4.9931e-06 0.000209246 -0.000183261 -0.000399615 -0.0404288 0.0181569 0.000157327 0.000473121 -0.0490989 0.0122209 0.000263516 0.000454132 0.000263176 0.000660755
internal_weight=93.7447 93.507 93.0518 92.8089 1.27357 0.377999 91.5353 90.9522 0.583118 0.242127 90.7225 90.5106 90.2946 89.8812
internal_count=3682 3559 3003 2968 165 44 2803 2784 19 11 2764 2593 2328 2099
is_linear=0
shrinkage=0.08


Tree=103
num_leaves=15
num_cat=0
split_feature=17 10 7 0 9 10 10 6 1 13 1 5 13 19
split_gain=0.221771 0.424574 0.239344 0.28556 0.443783 0.264929 0.468824 0.380057 0.502968 0.665864 0.907908 0.452424 0.284552 0.243872
threshold=1.0000000180025095e-35 0.68500000000000016 0.87500000000000011 2.5000000000000004 0.7250000000000002 0.67500000000000016 0.52500000000000013 1.3666500000000001 12.500000000000002 1.0000000180025095e-35 15.500000000000002 1.0000000180025095e-35 1.0000000180025095e-35 0.41665000000000002
decision_type=2 2 2 2 2 2 2 2 2 2 2 2 2 2
left_child=1 2 -1 5 -5 6 13 8 12 -10 11 -11 -7 -4
right_child=-2 -3 3 4 -6 7 -8 -9 9 10 -12 -13 -14 -15
leaf_value=0.082288628777516179 -0.080314880942700478 0.080407365159235578 0.0012638390287464153 -0.087322611497801989 0.082081673660182985 0.067709024170215862 0.10230498957379767 0.087684704546968764 -0.11199005110821825 -0.080315991214035112 -0.10490441485207046 0.13924486887760668 -0.024657191352332606 -0.019440942404477846
leaf_weight=0.22473232094489404 0.2195026726112691 0.4203940196603061 85.444163929103524 0.50506635145575174 0.1230893411411671 0.36106465396005649 0.28976730944123019 0.17569211004592933 0.80197223983122945 0.078397627919912338 0.29285681562032551 0.25684684468433261 0.52215550869004801 3.8028783624613416
leaf_count=35 123 556 2001 37 58 11 43 6 115 39 48 3 9 598
internal_value=2.97151e-06 0.000191934 -0.000171143 -0.000371149 -0.0541272 -4.21766e-06 0.000711448 -0.025749 -0.0343642 -0.0636798 -0.00199642 0.0879001 0.0131026 0.000381594
internal_weight=93.5186 93.2991 92.8787 92.654 0.628156 92.0258 89.5368 2.48899 2.31329 1.43007 0.628101 0.335244 0.88322 89.247
internal_count=3682 3559 3003 2968 95 2873 2642 231 225 205 90 42 20 2599
is_linear=0
shrinkage=0.08


Tree=104
num_leaves=15
num_cat=0
split_feature=16 15 17 10 7 0 9 10 10 6 1 13 1 5
split_gain=0.217321 0.208734 0.20457 0.364043 0.215996 0.26423 0.396164 0.245387 0.414907 0.345055 0.446896 0.593281 0.820212 0.388306
threshold=1.0000000180025095e-35 1.0000000180025095e-35 1.0000000180025095e-35 0.68500000000000016 0.87500000000000011 2.5000000000000004 0.7250000000000002 0.67500000000000016 0.52500000000000013 1.3666500000000001 12.500000000000002 1.0000000180025095e-35 15.500000000000002 1.0000000180025095e-35
decision_type=2 2 2 2 2 2 2 2 2 2 2 2 2 2
left_child=1 2 3 4 -1 7 -7 8 -6 10 -9 -12 13 -13
right_child=-2 -3 -4 -5 5 6 -8 9 -10 -11 11 12 -14 -15
leaf_value=0.082152008317415551 0.080061981665233678 -0.08102867554960265 -0.08029077767856993 0.080404074401728226 0.00039331109786955846 -0.086810746490062901 0.08199022278130487 0.011479257404706044 0.10124908774538897 0.087064225658684741 -0.10910584841786677 -0.080291673934599767 -0.10484512073050634 0.12979936121139274
leaf_weight=0.20365595941257097 0.21648887250921589 0.20395184496010088 0.20268486512941208 0.36049819602339894 88.903761732246494 0.46392930811270972 0.11009992659091949 0.86235646533896204 0.26182184790377405 0.16290042712353159 0.75948881337535545 0.07239116111304611 0.27321354590822011 0.25336420629173517
leaf_count=26 554 180 123 381 2105 29 40 16 26 4 114 39 43 2
internal_value=1.33521e-06 -0.000184845 -7.34191e-06 0.000168218 -0.000145069 -0.000327002 -0.0544344 1.226e-05 0.00068946 -0.0253192 -0.0335627 -0.0621555 -0.00262284 0.0831118
internal_weight=93.3106 93.0941 92.8902 92.6875 92.327 92.1233 0.574029 91.5493 89.1656 2.38371 2.22081 1.35846 0.598969 0.325755
internal_count=3682 3128 2948 2825 2444 2418 69 2349 2131 218 214 198 84 41
is_linear=0
shrinkage=0.08


Tree=105
num_leaves=15
num_cat=0
split_feature=9 0 19 11 18 1 10 19 10 10 19 10 6 13
split_gain=0.205736 0.477273 0.278244 0.253584 0.320453 0.279667 0.267987 0.332066 0.257205 0.487057 0.716707 0.70909 0.342256 0.286975
threshold=1.0000000180025095e-35 1.5000000000000002 0.87500000000000011 1.0000000180025095e-35 1.0000000180025095e-35 11.500000000000002 0.52500000000000013 0.41665000000000002 0.67500000000000016 1.0000000180025095e-35 0.41665000000000002 0.66500000000000015 1.1250000000000002 1.0000000180025095e-35
decision_type=2 2 2 2 2 2 2 2 2 2 2 2 2 2
left_child=-1 -2 3 4 8 -6 7 -7 9 -3 -11 -12 13 -10
right_child=1 2 -4 -5 5 6 -8 -9 12 10 11 -13 -14 -15
leaf_value=0.080251911600764225 -0.0801579975286658 -0.0011696806320333399 -0.075842470731562736 0.018406804599918225 0.083353401256972298 0.080369037048539746 0.08946677478482562 -0.081304745126464031 -0.067128527466594881 0.081783776446953546 -0.08141109582501864 0.10569514038452683 0.069474156390242181 -0.0095878905569877632
leaf_weight=0.20399834493582503 0.47504930225841135 82.084331816397025 0.3066565872868513 4.7917107286193632 0.54199469537706935 0.11553752847248688 0.16030216930084862 0.27442772197537124 1.021476461392012 1.0726023183960922 0.43866198712203175 0.18400557339191437 0.21645118722517498 1.213982629837119
leaf_count=271 512 804 221 768 79 62 64 70 276 142 137 1 55 220
internal_value=5.44345e-09 -0.000176224 0.000234881 0.000488146 -0.000495103 0.042565 0.0023899 -0.0334046 -0.00104053 -0.000293084 0.0421514 -0.026119 -0.0265801 -0.0358807
internal_weight=93.1012 92.8972 92.4221 92.1155 87.3238 1.09226 0.550267 0.389965 86.2315 83.7796 1.69527 0.622668 2.45191 2.23546
internal_count=3682 3411 2899 2678 1910 275 196 132 1635 1084 280 138 551 496
is_linear=0
shrinkage=0.08


Tree=106
num_leaves=15
num_cat=0
split_feature=16 13 11 19 6 19 1 21 1 0 0 6 12 4
split_gain=0.197943 0.206382 0.335553 0.299069 0.264555 0.620609 0.468179 0.212911 0.513418 0.450239 0.211069 0.210532 0.426859 0.582814
threshold=1.0000000180025095e-35 1.0000000180025095e-35 1.0000000180025095e-35 0.29165000000000002 0.45000000000000007 0.41665000000000002 13.500000000000002 1.0000000180025095e-35 9.5000000000000018 1.5000000000000002 1.5000000000000002 0.58335000000000015 1.5000000000000002 1.5000000000000002
decision_type=2 2 2 2 2 2 2 2 2 2 2 2 2 2
left_child=1 2 11 7 6 -6 10 -3 9 -9 -4 -1 13 -13
right_child=-2 3 4 -5 5 -7 -8 8 -10 -11 -12 12 -14 -15
leaf_value=-0.00029466113806340873 0.080057653617028962 -0.0043172009101220717 -0.080138213996001753 -0.06565803091912692 0.060663776495460946 -0.066864939256115974 -0.077536339728214054 -0.080082128819578394 -0.11972140560770682 0.1051322780491887 0.080272467583997975 0.06211134021840823 -0.012362470653239617 -0.065350907315398235
leaf_weight=70.501901429001009 0.19724561292969056 15.081602077698333 0.0551275762554716 0.56238995649619106 0.51637992358155305 0.46336969659023453 0.15016665805887885 0.15606431727064851 0.33910523599479347 0.18190713226795197 1.1003348385565914 1.6776365543191776 1.4791806480061496 0.26598729137913335
leaf_count=1211 554 390 55 198 332 66 27 164 47 1 151 214 261 11
internal_value=1.60146e-06 -0.000169051 0.00157938 -0.00833325 0.0317706 0.000349446 0.0553491 -0.00628746 -0.0501742 0.0196062 0.0726192 0.000646026 0.020022 0.044668
internal_weight=92.7284 92.5312 76.2101 16.3211 2.28538 0.97975 1.30563 15.7587 0.677077 0.337971 1.15546 73.9247 3.4228 1.94362
internal_count=3682 3128 2328 800 631 398 233 602 212 165 206 1697 486 225
is_linear=0
shrinkage=0.08


Tree=107
num_leaves=15
num_cat=0
split_feature=15 17 10 7 0 9 5 10 10 1 1 1 6 5
split_gain=0.194294 0.187422 0.363967 0.201845 0.235275 0.359254 0.1905 0.223743 0.352959 0.340814 0.523871 0.585789 0.414055 0.28038
threshold=1.0000000180025095e-35 1.0000000180025095e-35 0.68500000000000016 0.87500000000000011 2.5000000000000004 0.7250000000000002 1.5000000000000002 0.67500000000000016 0.52500000000000013 15.500000000000002 14.500000000000002 12.500000000000002 1.3666500000000001 1.0000000180025095e-35
decision_type=2 2 2 2 2 2 2 2 2 2 2 2 2 2
left_child=1 2 3 -1 6 -6 7 8 -5 10 11 -9 -13 -12
right_child=-2 -3 -4 4 5 -7 -8 9 -10 -11 13 12 -14 -15
leaf_value=0.081986153543409712 -0.081076073302775831 -0.080256464107640299 0.080356173892060442 0.00034711553475812651 -0.086137991482716392 0.081665301224674317 0.080752251851660115 0.012520329683540488 0.097187579995929557 -0.090062938474473886 -0.080505837782041456 -0.11432351628099766 0.087049682930925174 0.12037237515621992
leaf_weight=0.19185243808897112 0.18876721764536242 0.18506947162677434 0.36230905666889057 88.337056379634305 0.42182991839945216 0.10125460226845462 0.18728137759899155 0.86828653566772052 0.24153258636942965 0.41961487503431261 0.053938110489980207 0.53577676611894276 0.074426129460334778 0.25331942143384367
leaf_count=35 180 123 556 2419 29 58 16 21 38 119 30 54 1 3
internal_value=3.63676e-06 0.000169576 0.000331278 1.505e-05 -0.000156833 -0.0536559 0.000150786 -1.54892e-05 0.000611176 -0.0251856 -0.00994069 -0.0296937 -0.0897621 0.0851088
internal_weight=92.4223 92.2335 92.0485 91.6862 91.4943 0.523085 90.9712 90.784 88.5786 2.20536 1.78575 1.47849 0.610203 0.307258
internal_count=3682 3502 3379 2823 2788 87 2701 2685 2457 228 109 76 55 33
is_linear=0
shrinkage=0.08


Tree=108
num_leaves=15
num_cat=0
split_feature=9 1 19 5 1 4 4 10 18 19 10 11 1 1
split_gain=0.180229 0.430797 0.269717 0.20632 0.351915 0.562807 0.439267 0.691587 0.557665 0.520851 0.35512 0.320886 1.08927 0.584899
threshold=1.0000000180025095e-35 7.5000000000000009 0.87500000000000011 1.0000000180025095e-35 13.500000000000002 1.0000000180025095e-35 1.0000000180025095e-35 1.0000000180025095e-35 1.0000000180025095e-35 0.41665000000000002 0.67500000000000016 1.0000000180025095e-35 11.500000000000002 12.500000000000002
decision_type=2 2 2 2 2 2 2 2 2 2 2 2 2 2
left_child=-1 -2 3 4 6 -6 8 -8 11 10 -9 -3 -13 -14
right_child=1 2 -4 -5 5 -7 7 9 -10 -11 -12 12 13 -15
leaf_value=0.080228421419978921 -0.085924616508859353 -0.00061162787363544286 -0.075676353871857338 0.014357815446022076 -0.089843364025146824 0.0050668178313550607 -0.14136207130841369 0.084337991038017479 0.087104267235203287 -0.079754932030656173 -0.080859809568466154 0.074251379771991907 -0.13576898515618605 0.0001332603478775109
leaf_weight=0.17886810463096381 0.37325422618596249 79.01513292058371 0.298886008131375 6.3469268298795205 0.72600544977467396 0.89012323793576797 0.35641742812003829 0.36755525460466743 0.47664856206392769 0.36919373345153872 0.10767937953642104 1.4649038399802512 0.25338840170297761 1.0127473728498444
leaf_count=271 286 820 239 1047 67 391 11 63 168 103 13 133 5 65
internal_value=2.47601e-06 -0.000153401 0.000195776 0.00044392 -0.00059454 -0.0375692 0.000121753 -0.0479137 0.0008233 -0.00847092 0.0469072 0.00032021 0.0272804 -0.0270645
internal_weight=92.2377 92.0589 91.6856 91.3867 85.0398 1.61613 83.4237 1.20085 82.2228 0.844428 0.475235 81.7462 2.73104 1.26614
internal_count=3682 3411 3125 2886 1839 458 1381 190 1191 179 76 1023 203 70
is_linear=0
shrinkage=0.08


Tree=109
num_leaves=15
num_cat=0
split_feature=15 16 13 11 19 19 6 1 1 21 5 21 10 1
split_gain=0.177946 0.175417 0.192819 0.338551 0.273649 0.257034 0.549504 0.369933 0.233352 0.447741 0.382252 0.37918 0.33739 0.582112
threshold=1.0000000180025095e-35 1.0000000180025095e-35 1.0000000180025095e-35 1.0000000180025095e-35 0.29165000000000002 0.29165000000000002 0.45000000000000007 12.500000000000002 9.5000000000000018 1.0000000180025095e-35 1.0000000180025095e-35 1.0000000180025095e-35 0.67500000000000016 12.500000000000002
decision_type=2 2 2 2 2 2 2 2 2 2 2 2 2 2
left_child=1 2 3 8 -4 -5 7 -7 11 10 -10 -1 -12 -14
right_child=-2 -3 4 5 -6 6 -8 -9 9 -11 12 -13 13 -15
leaf_value=0.011867253305534096 -0.081024322811693694 0.080051360013374484 -0.0060405812104084647 0.061083104002069108 -0.06495960682521297 0.089523663748859367 -0.063524145653985745 -0.082168399248181728 -0.0035569345210579402 0.076586642014079429 0.040845666852374916 -0.085500640244639547 0.083889197630089285 -0.059018519152328981
leaf_weight=13.821470346665588 0.17314381285541358 0.17553069774294172 15.570257096071145 1.0627843039546854 0.5213956981024247 0.43769460800103832 0.4282486984229763 0.098366217920556664 55.673266115132719 0.46755407443561026 2.3233679389522872 0.26080314221326339 0.25771104094746977 0.62441214091086295
leaf_count=239 180 554 602 503 198 12 65 12 736 40 214 125 46 156
internal_value=9.5874e-07 0.000153909 7.15406e-07 0.00169621 -0.00794965 0.0339478 0.00404154 0.0580185 0.000805859 -0.001391 -0.00201022 0.010064 0.0248532 -0.0172682
internal_weight=91.896 91.7229 91.5473 75.4557 16.0917 2.02709 0.96431 0.536061 73.4286 59.3463 58.8788 14.0823 3.20549 0.882123
internal_count=3682 3502 2948 2148 800 592 89 24 1556 1192 1152 364 416 202
is_linear=0
shrinkage=0.08


Tree=110
num_leaves=15
num_cat=0
split_feature=17 10 7 0 9 5 10 1 1 1 6 10 13 5
split_gain=0.173726 0.338276 0.184529 0.231894 0.322639 0.170677 0.199715 0.312497 0.461599 0.472174 0.376101 0.306365 0.240933 0.240887
threshold=1.0000000180025095e-35 0.68500000000000016 0.87500000000000011 2.5000000000000004 0.7250000000000002 1.5000000000000002 0.67500000000000016 15.500000000000002 14.500000000000002 12.500000000000002 1.3666500000000001 0.52500000000000013 1.0000000180025095e-35 1.0000000180025095e-35
decision_type=2 2 2 2 2 2 2 2 2 2 2 2 2 2
left_child=1 2 -1 5 -5 6 11 8 9 12 -11 -4 -8 -10
right_child=-2 -3 3 4 -6 -7 7 -9 13 10 -12 -13 -14 -15
leaf_value=0.081835201069072314 -0.080238475032573447 0.080349082070450231 0.00018996900264693401 -0.085897587899571984 0.081450852000800184 0.079226905681405169 0.064273506006929465 -0.088626116992341408 -0.080472199513534529 -0.10893334967342529 0.086757103755748105 0.094915602003377342 -0.024065920332731298 0.11337173300246287
leaf_weight=0.17539230959664465 0.17236663767835025 0.33538138028961739 87.971281936741434 0.40088115870457741 0.090348745106894057 0.17367441332316857 0.31933302627294258 0.39517969950975373 0.049209184435312525 0.50363413618470076 0.071819186210632324 0.21906060865876398 0.5182870784192346 0.24681168363895267
leaf_count=35 123 556 2590 37 58 17 12 119 30 54 1 38 9 3
internal_value=8.35513e-07 0.000152038 -0.000143091 -0.000301165 -0.0551183 -3.51619e-06 -0.00015591 -0.0245129 -0.00968854 -0.0287176 -0.0845103 0.000425263 0.00961247 0.081148
internal_weight=91.6427 91.4703 91.1349 90.9595 0.49123 90.4683 90.2946 2.10427 1.70909 1.41307 0.575453 88.1903 0.83762 0.296021
internal_count=3682 3559 3003 2968 95 2873 2856 228 109 76 55 2628 21 33
is_linear=0
shrinkage=0.08


Tree=111
num_leaves=15
num_cat=0
split_feature=9 0 19 1 1 1 10 19 5 1 4 4 10 14
split_gain=0.164301 0.399351 0.239369 0.200719 0.181443 0.362846 0.3904 0.327823 0.289103 0.268872 0.525529 0.424631 0.526342 0.469136
threshold=1.0000000180025095e-35 1.5000000000000002 0.87500000000000011 7.5000000000000009 9.5000000000000018 10.500000000000002 1.0000000180025095e-35 0.41665000000000002 1.0000000180025095e-35 13.500000000000002 1.0000000180025095e-35 1.0000000180025095e-35 1.0000000180025095e-35 1.0000000180025095e-35
decision_type=2 2 2 2 2 2 2 2 2 2 2 2 2 2
left_child=-1 -2 3 -3 -5 6 -6 -8 9 11 -11 13 -13 -7
right_child=1 2 -4 4 5 8 7 -9 -10 10 -12 12 -14 -15
leaf_value=0.080218324841040939 -0.080143833279176846 -0.093067133246126088 -0.07491875196176824 0.0076056410267636813 -0.095508303921974083 -0.001093389497365249 0.08174614679215092 -0.075205633303738126 0.016756576583544819 -0.089281178040116593 0.0061828270532749662 -0.14745300198352021 -0.014700115966492747 0.087323347570811533
leaf_weight=0.16311938544094928 0.39759846233937324 0.14670779416337509 0.27062629521242243 18.685683824616717 0.5306868560728607 62.510432705836138 0.19628522759012412 0.15045344768441282 5.6455510034429599 0.65628654076863202 0.84327043756638886 0.27813531999708985 0.61113614427449647 0.3864437771262591
leaf_count=271 512 4 221 279 11 561 48 16 986 55 391 5 150 172
internal_value=8.21867e-07 -0.000142483 0.0002074 0.000431703 0.000583282 -0.00124404 -0.0523741 0.0136432 -0.000611557 -0.00211346 -0.0355973 -0.00132628 -0.0562209 -0.00055015
internal_weight=91.4724 91.3093 90.9117 90.6411 90.4944 71.8087 0.877426 0.346739 70.9313 65.2857 1.49956 63.7861 0.889271 62.8969
internal_count=3682 3411 2899 2678 2674 2395 75 64 2320 1334 446 888 155 733
is_linear=0
shrinkage=0.08


Tree=112
num_leaves=15
num_cat=0
split_feature=15 11 21 1 0 19 5 6 10 1 6 13 13 1
split_gain=0.162542 0.166085 0.211851 0.640912 0.315913 0.200295 0.349837 0.544762 0.634947 0.487866 0.294525 0.297287 0.244418 0.195633
threshold=1.0000000180025095e-35 1.0000000180025095e-35 1.0000000180025095e-35 10.500000000000002 1.5000000000000002 0.29165000000000002 1.0000000180025095e-35 0.45000000000000007 1.0000000180025095e-35 12.500000000000002 0.45000000000000007 1.0000000180025095e-35 1.0000000180025095e-35 22.500000000000004
decision_type=2 2 2 2 2 2 2 2 2 2 2 2 2 2
left_child=1 -1 5 4 -4 6 7 9 -9 -3 11 -7 13 -11
right_child=-2 2 3 -5 -6 10 -8 8 -10 12 -12 -13 -14 -15
leaf_value=-0.00063798291378234248 -0.080969371221820838 0.084198255834750366 -0.076049951405787658 -0.12024640307274127 0.093871776943141291 0.057478669352225696 0.083104628133032446 -0.14466960760319247 0.080533291361887388 0.080795705584075575 -0.05843109804814671 -0.082291648976872814 -0.028372409133644961 -0.08015761968198104
leaf_weight=86.642101916193496 0.15841028711292793 0.7577315004600681 0.098622739809797966 0.27140355719893705 0.24148416356183589 0.46896578924497567 0.6799957020630244 0.24719268083572377 0.11855324058706174 0.2906717575897344 0.43193505136150634 0.12291980881127529 0.67894663789047627 0.057969393092207611
leaf_count=2539 180 149 69 31 5 23 361 1 136 63 79 8 32 6
internal_value=-3.24422e-06 0.000137532 0.0151815 -0.0285637 0.0445986 0.0221209 0.0330871 0.0172756 -0.0716721 0.0354977 -0.00820279 0.0284519 -0.0004136 0.0540336
internal_weight=91.2669 91.1085 4.46639 0.61151 0.340107 3.85488 2.83106 2.15107 0.365746 1.78532 1.02382 0.591886 1.02759 0.348641
internal_count=3682 3502 963 105 74 858 748 387 137 250 110 31 101 69
is_linear=0
shrinkage=0.08


Tree=113
num_leaves=15
num_cat=0
split_feature=17 10 7 0 9 19 1 12 10 10 21 1 13 5
split_gain=0.162294 0.307556 0.168555 0.207734 0.291042 0.166693 0.368724 0.294558 0.546341 0.597056 0.360387 0.422214 0.319295 0.327572
threshold=1.0000000180025095e-35 0.68500000000000016 0.87500000000000011 2.5000000000000004 0.7250000000000002 0.41665000000000002 13.500000000000002 1.5000000000000002 0.67500000000000016 1.0000000180025095e-35 1.0000000180025095e-35 9.5000000000000018 1.0000000180025095e-35 1.0000000180025095e-35
decision_type=2 2 2 2 2 2 2 2 2 2 2 2 2 2
left_child=1 2 -1 5 -5 7 -7 -4 9 10 12 -12 -9 -14
right_child=-2 -3 3 4 -6 6 -8 8 -10 -11 11 -13 13 -15
leaf_value=0.081686321964055883 -0.080221884265050947 0.080328587869639825 -0.0005230988527273597 -0.085421278723714467 0.08132881920083268 -0.0065246183568544239 -0.079086214877673797 0.080847888712103605 -0.01952700977472193 0.083021406175670442 0.023154248875748473 -0.12182271648721706 -0.0045865830823188115 0.084624521854442511
leaf_weight=0.16087856286321667 0.16110892969299939 0.30510538919042929 80.401492391996726 0.36397671309532498 0.082099216466303915 3.3264217983742124 0.51798854355001811 0.55978419919847477 1.7142638984078074 1.1530504763504721 0.2705421370192197 0.24497597759182099 1.4552389498567206 0.32164187246235099
leaf_count=35 123 556 1299 37 58 389 375 158 68 385 81 21 87 10
internal_value=6.56137e-07 0.000142876 -0.000127241 -0.00027282 -0.0547313 -2.79823e-06 -0.0163014 0.000724767 0.0182666 0.0344424 0.0148034 -0.0457393 0.0281605 0.011562
internal_weight=91.0386 90.8775 90.5724 90.4115 0.446076 89.9654 3.84441 86.121 5.7195 4.00523 2.85218 0.515518 2.33667 1.77688
internal_count=3682 3559 3003 2968 95 2873 764 2109 810 742 357 102 255 97
is_linear=0
shrinkage=0.08


Tree=114
num_leaves=15
num_cat=0
split_feature=16 13 19 11 6 19 1 1 1 4 12 1 1 1
split_gain=0.151971 0.150023 0.234127 0.216907 0.21042 0.432347 0.277368 0.1632 0.516971 0.34327 2.10385 0.730812 0.668472 0.327503
threshold=1.0000000180025095e-35 1.0000000180025095e-35 0.41665000000000002 1.0000000180025095e-35 0.45000000000000007 0.41665000000000002 13.500000000000002 18.500000000000004 15.500000000000002 1.0000000180025095e-35 1.5000000000000002 11.500000000000002 14.500000000000002 14.500000000000002
decision_type=2 2 2 2 2 2 2 2 2 2 2 2 2 2
left_child=1 3 7 -1 6 -6 -5 8 9 -3 12 -12 -11 -13
right_child=-2 2 -4 4 5 -7 -8 -9 -10 10 11 13 -14 -15
leaf_value=0.00069514332819616291 0.080048638075557815 -0.0028469963457561343 -0.064857625186214365 0.067191282476498068 0.056637199472238636 -0.063696069834536864 -0.074565728691896607 -0.069733784872315047 0.072783481223392496 -0.095860918910026488 -0.11384877347087378 0.0030320963167301514 -0.31872088078136807 0.096997479361954062
leaf_weight=73.069910689220706 0.15154913861624564 12.808427178184493 0.43857489219226486 0.90032250840158556 0.38891423538734671 0.37567937333369628 0.097948299546260387 0.24960500909946937 0.53414315100235477 0.15864059765590433 0.27203984500374634 0.75503271492198087 0.18847977940458804 0.34625334170414135
leaf_count=1697 554 423 191 206 332 66 27 37 50 12 10 53 2 22
internal_value=4.38081e-06 -0.000129535 -0.00722585 0.00136414 0.0290935 -0.00248797 0.0532824 -0.0055752 -0.00451204 -0.00735376 -0.0409058 0.00357062 -0.21687 0.0325756
internal_weight=90.7355 90.584 15.7512 74.8328 1.76286 0.764594 0.998271 15.3126 15.063 14.5289 1.72045 1.37333 0.34712 1.10129
internal_count=3682 3128 800 2328 631 398 233 609 572 522 99 85 14 75
is_linear=0
shrinkage=0.08


Tree=115
num_leaves=15
num_cat=0
split_feature=15 17 10 7 0 10 10 6 1 13 1 5 11 13
split_gain=0.152327 0.15085 0.285989 0.155288 0.18558 0.148016 0.270942 0.244542 0.284398 0.408031 0.56798 0.229376 0.213903 0.199326
threshold=1.0000000180025095e-35 1.0000000180025095e-35 0.68500000000000016 0.87500000000000011 2.5000000000000004 0.67500000000000016 0.52500000000000013 1.3666500000000001 12.500000000000002 1.0000000180025095e-35 15.500000000000002 1.0000000180025095e-35 1.0000000180025095e-35 1.0000000180025095e-35
decision_type=2 2 2 2 2 2 2 2 2 2 2 2 2 2
left_child=1 2 3 -1 5 6 -5 8 13 12 11 -11 -10 -7
right_child=-2 -3 -4 4 -6 7 -8 -9 9 10 -12 -13 -14 -15
leaf_value=0.081563723795047477 -0.081008947495654446 -0.08020364873916154 0.08032432995194759 0.00041630191440374922 -0.054081570155582792 0.0606280086757034 0.093781440202189106 0.085454162928402827 -0.11010171069987353 -0.080233927486998716 -0.095543528433225597 0.1118293835364956 0.081622027042771633 -0.022031006840963648
leaf_weight=0.14922205098991881 0.14828011131976282 0.14930815636762318 0.2847340360385705 87.216315660953114 0.40595342182495997 0.29190220753662233 0.19937875121104198 0.12910932548402332 0.57934917965030741 0.048470584617462009 0.2202105679170927 0.22236477048136294 0.03980166747351177 0.51809692953247577
leaf_count=35 180 123 556 2427 87 11 43 6 112 39 48 3 3 9
internal_value=9.07948e-06 0.000141891 0.000274733 2.15355e-05 -0.000113857 0.000131025 0.00062925 -0.0211214 -0.0282873 -0.0545853 -0.000125782 0.0774564 -0.0977769 0.00775711
internal_weight=90.6025 90.4542 90.3049 90.0202 89.871 89.465 87.4157 2.04931 1.9202 1.1102 0.491046 0.270835 0.619151 0.809999
internal_count=3682 3502 3379 2823 2788 2701 2470 231 225 205 90 42 115 20
is_linear=0
shrinkage=0.08


Tree=116
num_leaves=15
num_cat=0
split_feature=9 0 19 11 18 1 10 19 19 1 20 1 1 21
split_gain=0.146957 0.360433 0.220831 0.150453 0.218325 0.23822 0.219504 0.26654 0.183927 0.494418 0.41866 0.166041 0.161157 0.422706
threshold=1.0000000180025095e-35 1.5000000000000002 0.87500000000000011 1.0000000180025095e-35 1.0000000180025095e-35 11.500000000000002 0.52500000000000013 0.41665000000000002 0.41665000000000002 9.5000000000000018 1.0000000180025095e-35 7.5000000000000009 9.5000000000000018 1.0000000180025095e-35
decision_type=2 2 2 2 2 2 2 2 2 2 2 2 2 2
left_child=-1 -2 3 4 8 -6 7 -7 11 -10 -11 -3 -5 -14
right_child=1 2 -4 12 5 6 -8 -9 9 10 -12 -13 13 -15
leaf_value=0.080222224236977502 -0.080133456548905121 -0.093306371852604097 -0.074937499099169844 0.054563667549120454 0.079198580275346112 0.080267980218305335 0.086767665715985182 -0.081374498111395049 0.035107723295792523 -0.075414638116515137 0.040456913373839547 -1.2383929224878722e-05 0.017650928349652796 -0.085006479180367148
leaf_weight=0.14593648281879623 0.35889514732843864 0.12227197736501594 0.24966020454667059 0.58318328510358641 0.45973150149074982 0.089962271158583462 0.12718877885345137 0.23803571215830743 0.59149975291802448 1.0424438619593273 0.24681759117083846 82.894024236986297 3.0308393274717678 0.28046159850055108
leaf_count=271 512 1 221 73 79 62 64 70 16 330 25 1263 676 19
internal_value=7.88721e-06 -0.000121728 0.000197492 0.000406599 -0.00029136 0.0385794 -0.00244531 -0.0370397 -0.000710262 -0.0254492 -0.0532321 -0.000149794 0.0157856 0.00895602
internal_weight=90.461 90.315 89.9561 89.7065 85.812 0.914918 0.455187 0.327998 84.8971 1.88076 1.28926 83.0163 3.89448 3.3113
internal_count=3682 3411 2899 2678 1910 275 196 132 1635 371 355 1264 768 695
is_linear=0
shrinkage=0.08


Tree=117
num_leaves=15
num_cat=0
split_feature=15 17 10 19 10 14 10 10 19 1 1 10 12 19
split_gain=0.141823 0.138705 0.262764 0.131397 0.150079 0.146947 0.334963 0.235834 0.273592 0.227545 0.17102 0.172959 0.340896 0.274506
threshold=1.0000000180025095e-35 1.0000000180025095e-35 0.68500000000000016 0.55000000000000016 1.0000000180025095e-35 1.0000000180025095e-35 1.0000000180025095e-35 0.52500000000000013 0.41665000000000002 15.500000000000002 7.5000000000000009 0.67500000000000016 1.5000000000000002 0.29165000000000002
decision_type=2 2 2 2 2 2 2 2 2 2 2 2 2 2
left_child=1 2 3 5 -5 10 9 8 -8 -7 -1 12 -12 -14
right_child=-2 -3 -4 4 -6 6 7 -9 -10 -11 11 -13 13 -15
leaf_value=-0.059901620878277204 -0.081017001688767576 -0.080186442609287034 0.080306516569362926 -0.080181242546652098 0.057969325974187302 0.088248566570402628 0.080072126670383367 0.08695537654834172 -0.081125528282553247 -0.038166967958590724 -0.00065716244717068924 -0.024007026048104049 0.032445748584998761 -0.0122371860853732
leaf_weight=0.30574652393988699 0.13805728756051294 0.13740794420300417 0.26163999494383361 0.24661285230104013 0.063229247170966119 0.53678805427625664 0.085217560663295444 0.10522680202120682 0.32202869415050372 0.10975988505379064 81.324324208544567 1.8743596935819358 3.567224225276731 1.16805604500405
leaf_count=328 180 123 556 257 17 236 198 34 63 45 861 224 391 169
internal_value=4.67541e-06 0.000128812 0.000251474 1.79891e-05 -0.051989 0.000198237 0.0284985 -0.0198082 -0.0473944 0.0667879 -0.000173485 3.41898e-05 0.000557802 0.0214238
internal_weight=90.2457 90.1076 89.9702 89.7086 0.309842 89.3987 1.15902 0.512473 0.407246 0.646548 88.2397 87.934 86.0596 4.73528
internal_count=3682 3502 3379 2823 274 2549 576 295 261 281 1973 1645 1421 560
is_linear=0
shrinkage=0.08


Tree=118
num_leaves=15
num_cat=0
split_feature=9 0 19 7 1 1 1 10 19 5 1 4 10 19
split_gain=0.133932 0.3229 0.187024 0.122499 0.156492 0.148815 0.339165 0.314315 0.27087 0.245406 0.447098 0.319334 0.355838 0.293525
threshold=1.0000000180025095e-35 1.5000000000000002 0.87500000000000011 0.87500000000000011 7.5000000000000009 9.5000000000000018 10.500000000000002 1.0000000180025095e-35 0.41665000000000002 1.0000000180025095e-35 13.500000000000002 1.0000000180025095e-35 1.0000000180025095e-35 0.41665000000000002
decision_type=2 2 2 2 2 2 2 2 2 2 2 2 2 2
left_child=-1 -2 3 -3 -5 -6 7 -7 -9 10 11 -8 -13 -14
right_child=1 2 -4 4 5 6 9 8 -10 -11 -12 12 13 -15
leaf_value=0.08018924469016632 -0.08011949727769839 0.059499488936771608 -0.074130323772270718 -0.090267950727875343 0.0066907710417704862 -0.093818677195936409 -0.00059137695723787275 0.081511884334395615 -0.074302368533978702 0.016059812537938131 -0.052844604774266779 -0.12756839011003351 0.038441758304791844 -0.080314206704915458
leaf_weight=0.13312210579169814 0.32169378332764509 0.22355531830544251 0.21627032310789118 0.12218901608139177 18.614739599714085 0.48055635805940156 62.55034148436971 0.15955597848369507 0.12924441015638877 5.1363970806414718 1.0928225335737796 0.2634721125359637 0.30074303687433712 0.23910653685743455
leaf_count=271 512 113 221 4 279 11 733 48 16 956 366 5 57 90
internal_value=5.56255e-06 -0.000113237 0.00017424 0.000354168 0.000205752 0.00033001 -0.001353 -0.0541785 0.0117816 -0.000768929 -0.00211018 -0.00123504 -0.0513534 -0.0141568
internal_weight=89.9838 89.8507 89.529 89.3127 89.0892 88.967 70.3522 0.769357 0.2888 69.5829 64.4465 63.3537 0.803322 0.53985
internal_count=3682 3411 2899 2678 2565 2561 2282 75 64 2207 1251 885 152 147
is_linear=0
shrinkage=0.08


Tree=119
num_leaves=15
num_cat=0
split_feature=16 13 19 11 6 19 1 5 1 10 0 1 6 1
split_gain=0.132028 0.133633 0.203523 0.186231 0.188777 0.375987 0.236792 0.163558 0.256207 0.384127 0.502657 0.432459 0.518129 0.214205
threshold=1.0000000180025095e-35 1.0000000180025095e-35 0.41665000000000002 1.0000000180025095e-35 0.45000000000000007 0.41665000000000002 13.500000000000002 1.0000000180025095e-35 10.500000000000002 0.67500000000000016 2.5000000000000004 12.500000000000002 1.1250000000000002 9.5000000000000018
decision_type=2 2 2 2 2 2 2 2 2 2 2 2 2 2
left_child=1 3 -3 7 6 -6 -5 13 -9 10 -10 -11 -13 -1
right_child=-2 2 -4 4 5 -7 -8 8 9 11 -12 12 -14 -15
leaf_value=0.0087529857010770484 0.080044413967020278 -0.0054139075740606748 -0.064302489592138579 0.065781878855779366 0.055550689789005125 -0.063294333703822078 -0.074431845959382376 -0.048413391042927641 0.0632351720246591 0.079918278776407337 -0.050167598084373967 -0.096654218071539455 0.083785042076309296 -0.0023190663155625434
leaf_weight=13.998700264732177 0.13169190974076528 15.085006550885733 0.38519613238168027 0.81454053021297912 0.34402084327302873 0.33751758254220476 0.085141738411039114 0.32387117766484097 1.6427244793303546 0.20349424062442256 0.29508782218181284 0.44801156386529328 0.13181481542414986 55.595113615650916
leaf_count=408 554 609 191 206 332 66 27 94 156 41 30 141 18 809
internal_value=1.07535e-06 -0.000116452 -0.00688019 0.00129336 0.0284542 -0.00330481 0.0525127 0.000702116 0.0188503 0.0268561 0.0459663 -0.0204197 -0.0556341 -9.19382e-05
internal_weight=89.8219 89.6902 15.4702 74.22 1.58122 0.681538 0.899682 72.6388 3.045 2.72113 1.93781 0.783321 0.579826 69.5938
internal_count=3682 3128 800 2328 631 398 233 1697 480 386 186 200 159 1217
is_linear=0
shrinkage=0.08


Tree=120
num_leaves=15
num_cat=0
split_feature=15 17 10 13 19 11 10 4 19 20 0 1 1 6
split_gain=0.132697 0.131173 0.241862 0.109737 0.27821 0.18681 0.2004 0.413792 0.556983 0.535275 0.490009 0.352447 0.352437 0.464371
threshold=1.0000000180025095e-35 1.0000000180025095e-35 0.68500000000000016 1.0000000180025095e-35 0.29165000000000002 1.0000000180025095e-35 0.67500000000000016 1.0000000180025095e-35 0.29165000000000002 1.0000000180025095e-35 2.5000000000000004 13.500000000000002 12.500000000000002 1.3666500000000001
decision_type=2 2 2 2 2 2 2 2 2 2 2 2 2 2
left_child=1 2 3 5 -5 6 7 11 10 -10 -9 -1 -8 -14
right_child=-2 -3 -4 4 -6 -7 12 8 9 -11 -12 -13 13 -15
leaf_value=0.00053966083220626491 -0.08103548733883438 -0.080183789196190514 0.080292412463685028 -0.0045351785866843469 -0.078513682013653593 0.029740065134729345 0.05068916237015867 0.081920832644359662 -0.06296563416596665 0.064361192318051555 -0.033580347039921146 -0.063977010487759445 -0.097413962764559589 0.084836039256361129
leaf_weight=68.373843434557784 0.12913111971647495 0.12999318276706517 0.24087439951108436 14.984556283248818 0.33256413300114296 1.4491063406385354 0.21679782186401908 1.3216077913675683 0.5831085885001811 0.33140321099199355 0.28593772272870399 0.54624342954775684 0.53932077288482105 0.10727428883546963
leaf_count=757 180 123 556 745 190 464 9 241 140 13 30 115 116 3
internal_value=2.94985e-06 0.000119948 0.000236828 2.03363e-05 -0.00614139 0.00129998 0.000730004 0.001193 0.0330203 -0.0168246 0.0613764 2.83178e-05 -0.0375812 -0.0671775
internal_weight=89.5718 89.4426 89.3126 89.0718 15.3171 73.7546 72.3055 71.4421 2.52206 0.914512 1.60755 68.9201 0.863393 0.646595
internal_count=3682 3502 3379 2823 935 1888 1424 1296 424 153 271 872 128 119
is_linear=0
shrinkage=0.08


Tree=121
num_leaves=15
num_cat=0
split_feature=9 15 7 0 5 19 10 1 10 5 1 4 14 10
split_gain=0.124276 0.122031 0.100891 0.33001 0.119746 0.103566 0.128799 0.121924 0.183907 0.11985 0.336403 0.260788 0.392279 0.385914
threshold=0.7250000000000002 1.0000000180025095e-35 0.87500000000000011 2.5000000000000004 1.5000000000000002 0.87500000000000011 1.0000000180025095e-35 7.5000000000000009 1.0000000180025095e-35 1.0000000180025095e-35 13.500000000000002 1.0000000180025095e-35 1.0000000180025095e-35 1.0000000180025095e-35
decision_type=2 2 2 2 2 2 2 2 2 2 2 2 2 2
left_child=1 2 -1 4 5 7 -7 8 -4 10 11 12 -9 -13
right_child=-2 -3 3 -5 -6 6 -8 9 -10 -11 -12 13 -14 -15
leaf_value=0.05737311566100714 0.081225527333372391 -0.080958169762496049 -0.084434802102655818 -0.08448025965008997 0.067727489153898562 -0.080156915389548333 0.058428377663579126 0.00030673581574906859 0.080036422238131913 0.012789219063975774 -0.04797122346672672 -0.11388903629415063 0.085332134758012615 -0.0052846291613706364
leaf_weight=0.19574797911627584 0.1204023834943645 0.1193122767690501 0.2250012238509943 0.29581759242864691 0.16753854003036295 0.20208203737274644 0.054493808580446057 80.941260006657103 0.053942496742820367 4.6889544144178208 0.93891122667991922 0.31514751788927142 0.34877450944622879 0.62404617759602843
leaf_count=93 213 180 206 29 64 248 16 898 197 739 340 10 222 227
internal_value=3.80078e-06 -0.000105868 2.4585e-06 -0.000123928 0.000157848 2.97767e-05 -0.050723 0.000177525 -0.0526291 0.000345184 -0.0003564 0.000187276 0.000671537 -0.041727
internal_weight=89.2914 89.171 89.0517 88.856 88.5602 88.3926 0.256576 88.136 0.278944 87.8571 83.1681 82.2292 81.29 0.939194
internal_count=3682 3469 3289 3196 3167 3103 264 2839 403 2436 1697 1357 1120 237
is_linear=0
shrinkage=0.08


Tree=122
num_leaves=15
num_cat=0
split_feature=17 10 19 0 10 10 11 1 6 5 21 10 19 1
split_gain=0.124254 0.216074 0.100236 0.122706 0.205938 0.121244 0.093974 0.181033 1.25488 0.568223 0.300381 0.191169 0.187652 0.164413
threshold=1.0000000180025095e-35 0.68500000000000016 0.55000000000000016 1.5000000000000002 1.0000000180025095e-35 1.0000000180025095e-35 1.0000000180025095e-35 11.500000000000002 0.45000000000000007 1.0000000180025095e-35 1.0000000180025095e-35 1.0000000180025095e-35 0.41665000000000002 17.500000000000004
decision_type=2 2 2 2 2 2 2 2 2 2 2 2 2 2
left_child=1 2 3 4 -1 -4 13 8 -8 10 -9 -10 -13 -5
right_child=-2 -3 5 6 -6 -7 7 9 11 -11 -12 12 -14 -15
leaf_value=-0.080110753068659474 -0.080178012485227962 0.080261369185685633 -0.08014702256191647 2.3234203102077472e-05 0.080031401339584834 0.05640602754048759 0.077367865360376695 -0.014231452934525241 -0.10823516933453227 0.069317051729622936 -0.1155252850143121 0.081699415519909321 -0.082365724862515963 -0.039774672172995004
leaf_weight=0.26324328823102305 0.12352507516334199 0.2147570256202006 0.19448281155200575 83.999635596253938 0.063860867376206443 0.052941796340746805 1.1792101013124914 1.1358764311080447 0.33413347759051237 0.49290330005533167 0.22437466056726396 0.083627754858753178 0.095645842899102718 0.66964439103685336
leaf_count=467 123 556 268 1357 254 17 163 167 7 129 6 28 7 133
internal_value=1.94788e-06 0.000113226 -8.06298e-05 6.14611e-05 -0.048846 -0.0509286 0.000242812 0.0130022 0.0319165 -0.00427353 -0.03094 -0.0724778 -0.00583243 -0.000291525
internal_weight=89.1279 89.0043 88.7896 88.5422 0.327104 0.247425 88.2151 3.54577 1.69262 1.85315 1.36025 0.513407 0.179274 84.6693
internal_count=3682 3559 3003 2718 721 285 1997 507 205 302 173 42 35 1490
is_linear=0
shrinkage=0.08


end of trees

feature_importances:
Column_10=269
Column_19=223
Column_1=190
Column_0=126
Column_9=115
Column_6=104
Column_17=91
Column_16=87
Column_13=71
Column_7=69
Column_18=57
Column_11=56
Column_15=50
Column_12=44
Column_14=39
Column_5=38
Column_4=33
Column_20=30
Column_21=24
Column_2=6

parameters:
[boosting: gbdt]
[objective: binary]
[metric: binary_logloss]
[tree_learner: serial]
[device_type: cpu]
[data_sample_strategy: bagging]
[data: ]
[valid: ]
[num_iterations: 150]
[learning_rate: 0.08]
[num_leaves: 15]
[num_threads: 0]
[seed: 0]
[deterministic: 0]
[force_col_wise: 0]
[force_row_wise: 0]
[histogram_pool_size: -1]
[max_depth: -1]
[min_data_in_leaf: 5]
[min_sum_hessian_in_leaf: 0.001]
[bagging_fraction: 1]
[pos_bagging_fraction: 1]
[neg_bagging_fraction: 1]
[bagging_freq: 0]
[bagging_seed: 3]
[bagging_by_query: 0]
[feature_fraction: 1]
[feature_fraction_bynode: 1]
[feature_fraction_seed: 2]
[extra_trees: 0]
[extra_seed: 6]
[early_stopping_round: 0]
[early_stopping_min_delta: 0]
[first_metric_only: 0]
[max_delta_step: 0]
[lambda_l1: 0]
[lambda_l2: 0]
[linear_lambda: 0]
[min_gain_to_split: 0]
[drop_rate: 0.1]
[max_drop: 50]
[skip_drop: 0.5]
[xgboost_dart_mode: 0]
[uniform_drop: 0]
[drop_seed: 4]
[top_rate: 0.2]
[other_rate: 0.1]
[min_data_per_group: 100]
[max_cat_threshold: 32]
[cat_l2: 10]
[cat_smooth: 10]
[max_cat_to_onehot: 4]
[top_k: 20]
[monotone_constraints: ]
[monotone_constraints_method: basic]
[monotone_penalty: 0]
[feature_contri: ]
[forcedsplits_filename: ]
[refit_decay_rate: 0.9]
[cegb_tradeoff: 1]
[cegb_penalty_split: 0]
[cegb_penalty_feature_lazy: ]
[cegb_penalty_feature_coupled: ]
[path_smooth: 0]
[interaction_constraints: ]
[verbosity: -1]
[saved_feature_importance_type: 0]
[use_quantized_grad: 0]
[num_grad_quant_bins: 4]
[quant_train_renew_leaf: 0]
[stochastic_rounding: 1]
[linear_tree: 0]
[max_bin: 255]
[max_bin_by_feature: ]
[min_data_in_bin: 3]
[bin_construct_sample_cnt: 200000]
[data_random_seed: 1]
[is_enable_sparse: 1]
[enable_bundle: 1]
[use_missing: 1]
[zero_as_missing: 0]
[feature_pre_filter: 0]
[pre_partition: 0]
[two_round: 0]
[header: 0]
[label_column: ]
[weight_column: ]
[group_column: ]
[ignore_column: ]
[categorical_feature: ]
[forcedbins_filename: ]
[precise_float_parser: 0]
[parser_config_file: ]
[objective_seed: 5]
[num_class: 1]
[is_unbalance: 0]
[scale_pos_weight: 1]
[sigmoid: 1]
[boost_from_average: 1]
[reg_sqrt: 0]
[alpha: 0.9]
[fair_c: 1]
[poisson_max_delta_step: 0.7]
[tweedie_variance_power: 1.5]
[lambdarank_truncation_level: 30]
[lambdarank_norm: 1]
[label_gain: ]
[lambdarank_position_bias_regularization: 0]
[eval_at: ]
[multi_error_top_k: 1]
[auc_mu_weights: ]
[num_machines: 1]
[local_listen_port: 12400]
[time_out: 120]
[machine_list_filename: ]
[machines: ]
[gpu_platform_id: -1]
[gpu_device_id: -1]
[gpu_device_id_list: ]
[gpu_use_dp: 0]
[num_gpu: 1]

end of parameters

pandas_categorical:null
