tree
version=v4
num_class=1
num_tree_per_iteration=1
label_index=0
max_feature_idx=15
objective=binary sigmoid:1
feature_names=Column_0 Column_1 Column_2 Column_3 Column_4 Column_5 Column_6 Column_7 Column_8 Column_9 Column_10 Column_11 Column_12 Column_13 Column_14 Column_15
feature_infos=[1:5] [3:34] [0:1] [0:1] [0:3] [0:3] [0:2] [0.5:1] [0:1] [0:0.90000000000000002] [0:0.84999999999999998] [0:0.5] [1:3] [0:1] [0:1] [0:1]
tree_sizes=1677 1688 1682 1686 1692 1693 1697 1705 1695 1696 1694 1702 1701 1704 1702 1706 1700 1713 1722 1711 1718 1716 1712 1713 1713 1708 1710 1715 1715 1716 1721 1716 1716 1734 1715 1714 1719 1717 1723 1719 1726 1724 1732 1733 1727 1738 1735 1726 1728 1746 1741 1741 1745 1743 1747 1742 1748 1749 1749 1743 1753 1757 1765 1742 1752 1745 1748 1743 1753 1749 1753 1757 1754 1759 1759 1765 1768 1761 1767 1766 1768 1755 1757 1756 1760 1773 1778 1759 1780 1767 1776 1775 1761 1772 1771 1784 1779 1766 1780 1779 1773 1789 1779 1782 1799 1785 1793 1770 1792 1774 1760 1791 1773 1797 1786 1754 1773 1795 1799 1776 1784 1785 1774 1785 1780 1804 1771 1796 1801 1789 1784 1791 1777 1780 1804 1796 1786 1800 1798 1810 1822 1824 1817 1822 1823 1824 1808 1807 1808

Tree=0
num_leaves=15
num_cat=0
split_feature=6 7 10 0 15 5 6 13 4 12 1 10 10 11
split_gain=1419.41 199.048 65.9448 61.6953 18.0034 11.0588 15.234 3.7567 4.96967 2.13243 1.70703 1.33691 16.745 9.12564
threshold=0.58335000000000015 0.87500000000000011 1.0000000180025095e-35 1.5000000000000002 1.0000000180025095e-35 1.5000000000000002 1.4166500000000002 1.0000000180025095e-35 1.5000000000000002 1.5000000000000002 15.500000000000002 0.68500000000000016 0.67500000000000016 1.0000000180025095e-35
decision_type=2 2 2 2 2 2 2 2 2 2 2 2 2 2
left_child=1 9 3 -2 5 7 -7 -5 10 -1 -9 12 -4 -14
right_child=2 -3 11 4 -6 6 -8 8 -10 -11 -12 -13 13 -15
leaf_value=0.080263785396329945 -0.13311520055856538 -0.13311520055856538 0.18695327837377759 0.17032634440326624 -0.13311520055856538 -0.083873896107435675 0.18695327837377754 0.10160168399181947 -0.026425707581117685 0.18091425046939377 0.18695327837377754 0.18695327837377759 0.044700621070514056 0.18695327837377759
leaf_weight=1.4996790289878834 7.7483416497707358 215.70383366942406 85.981597661972046 19.245880872011188 1.7496255338191975 3.2493045628070822 2.2495185434818268 3.7491975724697104 1.4996790289878843 13.247164756059645 2.4994650483131409 106.72715756297112 8.9980741739273054 4.2490905821323386
leaf_count=6 31 863 344 77 7 13 9 15 6 53 10 427 36 17
internal_value=0.0292602 -0.113675 0.162109 0.0707379 0.116865 0.130326 0.026919 0.15139 0.104355 0.170679 0.135742 0.180738 0.174054 0.0903288
internal_weight=478.398 230.451 247.947 41.991 34.2427 32.493 5.49882 26.9942 7.74834 14.7468 6.24866 205.956 99.2288 13.2472
internal_count=1914 922 992 168 137 130 22 108 31 59 25 824 397 53
is_linear=0
shrinkage=1


Tree=1
num_leaves=15
num_cat=0
split_feature=6 7 10 0 15 5 6 13 4 12 1 10 10 11
split_gain=1209.04 169.239 56.5379 52.4972 15.3249 9.43241 12.9703 3.23388 4.23019 1.84356 1.47728 1.16166 14.4739 7.82921
threshold=0.58335000000000015 0.87500000000000011 1.0000000180025095e-35 1.5000000000000002 1.0000000180025095e-35 1.5000000000000002 1.4166500000000002 1.0000000180025095e-35 1.5000000000000002 1.5000000000000002 15.500000000000002 0.68500000000000016 0.67500000000000016 1.0000000180025095e-35
decision_type=2 2 2 2 2 2 2 2 2 2 2 2 2 2
left_child=1 9 3 -2 5 7 -7 -5 10 -1 -9 12 -4 -14
right_child=2 -3 11 4 -6 6 -8 8 -10 -11 -12 -13 13 -15
leaf_value=0.046991279241001993 -0.15002914486658867 -0.15002914486658867 0.14635860165801359 0.13072692423715868 -0.15002914486658867 -0.10424637528217807 0.14635860165801354 0.066717402993216657 -0.051228343316966782 0.1406732779659092 0.14635860165801354 0.14635860165801359 0.014209414974238393 0.14635860165801359
leaf_weight=1.4975867271423329 7.7157691568136206 214.79705749452114 85.252895832061768 19.111056879162792 1.742270454764365 3.2442908287048331 2.2304536700248718 3.740338906645774 1.4997381269931791 13.142170697450636 2.4782818555831909 105.82263523340225 8.9955056905746442 4.2130791544914237
leaf_count=6 31 863 344 77 7 13 9 15 6 53 10 427 36 17
internal_value=1.32891e-05 -0.132092 0.1232 0.0383845 0.0810838 0.0935485 -0.00214795 0.113076 0.0693715 0.13109 0.0984565 0.14054 0.134285 0.0563604
internal_weight=475.483 229.437 246.046 41.7622 34.0464 32.3042 5.47474 26.8294 7.71836 14.6398 6.21862 204.284 98.4615 13.2086
internal_count=1914 922 992 168 137 130 22 108 31 59 25 824 397 53
is_linear=0
shrinkage=0.08


Tree=2
num_leaves=15
num_cat=0
split_feature=6 7 10 0 15 5 6 1 4 13 5 1 10 10
split_gain=1041.65 145.671 49.1442 45.1314 13.1674 8.106 11.144 2.99459 2.10097 4.3356 1.67831 1.06431 1.04307 12.8432
threshold=0.58335000000000015 0.87500000000000011 1.0000000180025095e-35 1.5000000000000002 1.0000000180025095e-35 1.5000000000000002 1.4166500000000002 10.500000000000002 1.5000000000000002 1.0000000180025095e-35 1.0000000180025095e-35 17.500000000000004 0.68500000000000016 0.67500000000000016
decision_type=2 2 2 2 2 2 2 2 2 2 2 2 2 2
left_child=1 10 3 -2 5 7 11 -5 -9 -10 -1 -7 13 -4
right_child=2 -3 12 4 -6 6 -8 8 9 -11 -12 -13 -14 -15
leaf_value=0.13267241735645827 -0.14027288120360479 -0.14027288120360479 0.13732374102130085 0.0034955105602098532 -0.14027288120360479 -0.054041344971544704 0.13732374102130079 0.1215849281899743 0.13920306865748003 -0.047195208947528003 0.04838109587353577 -0.14628120104002157 0.13732374102130085 0.052208793963792112
leaf_weight=12.690977394580838 7.5967213213443747 211.48291936516762 83.65495777130127 1.7223925441503585 1.7153886854648579 1.7346080839633935 2.1886471509933472 21.542396217584614 1.7109394222497931 1.4977409541606903 1.7162119448184974 1.4868069291114805 103.83914816379547 13.126307666301726
leaf_count=52 31 863 344 7 7 7 9 88 7 6 7 6 427 53
internal_value=2.13266e-05 -0.123505 0.115412 0.0358246 0.0756403 0.0872568 -0.00197396 0.105492 0.11259 0.0521965 0.122631 -0.0966136 0.131755 0.12578
internal_weight=467.706 225.89 241.816 41.1956 33.5989 31.8835 5.41006 26.4735 24.7511 3.20868 14.4072 3.22142 200.62 96.7813
internal_count=1914 922 992 168 137 130 22 108 101 13 59 13 824 397
is_linear=0
shrinkage=0.08


Tree=3
num_leaves=15
num_cat=0
split_feature=6 7 10 0 15 5 6 13 4 12 14 1 1 11
split_gain=905.432 126.603 43.1661 39.1108 11.3958 7.00352 9.64758 2.648 3.06429 1.65787 1.34353 1.48178 1.10761 1.84773
threshold=0.58335000000000015 0.87500000000000011 1.0000000180025095e-35 1.5000000000000002 1.0000000180025095e-35 1.5000000000000002 1.4166500000000002 1.0000000180025095e-35 1.5000000000000002 1.5000000000000002 1.0000000180025095e-35 15.500000000000002 13.500000000000002 1.0000000180025095e-35
decision_type=2 2 2 2 2 2 2 2 2 2 2 2 2 2
left_child=1 9 3 -2 5 7 -7 12 10 -1 11 -9 13 -5
right_child=2 -3 -4 4 -6 6 -8 8 -10 -11 -12 -13 -14 -15
leaf_value=0.035360597127154697 -0.13238443206440914 -0.13238443206440914 0.12450699606353012 0.03270236000784818 -0.13238443206440914 -0.089998491501219358 0.12996841028932074 0.023548912985175269 -0.043527526047589589 0.12487714554237321 0.13487643405292279 0.13076107251415961 0.12657743101564609 0.13464677161562613
leaf_weight=1.4794615507125843 7.4127622395753852 206.36173589527607 195.52676954865456 2.3949464410543539 1.6738495379686344 3.1834279745817176 2.1298666745424271 2.7030515968799587 1.4941698610782621 12.609811738133429 2.1667803376913071 1.1875005811452863 13.866824090480803 2.1678358912467957
leaf_count=6 31 863 824 10 7 13 9 11 6 53 9 5 58 9
internal_value=2.48259e-05 -0.116543 0.108955 0.0336536 0.0709865 0.0818643 -0.00182341 0.0989789 0.05908 0.115477 0.0843903 0.0562729 0.115327 0.0811374
internal_weight=456.359 220.451 235.908 40.381 32.9683 31.2944 5.31329 25.9811 7.5515 14.0893 6.05733 3.89055 18.4296 4.56278
internal_count=1914 922 992 168 137 130 22 108 31 59 25 16 77 19
is_linear=0
shrinkage=0.08


Tree=4
num_leaves=15
num_cat=0
split_feature=6 7 10 0 15 5 6 1 4 13 5 10 10 11
split_gain=792.491 110.901 38.1488 34.1231 9.92403 6.08604 8.39872 2.61913 1.59308 3.38364 1.52705 1.05491 12.522 7.1555
threshold=0.58335000000000015 0.87500000000000011 1.0000000180025095e-35 1.5000000000000002 1.0000000180025095e-35 1.5000000000000002 1.4166500000000002 10.500000000000002 1.5000000000000002 1.0000000180025095e-35 1.0000000180025095e-35 0.68500000000000016 0.67500000000000016 1.0000000180025095e-35
decision_type=2 2 2 2 2 2 2 2 2 2 2 2 2 2
left_child=1 10 3 -2 5 7 -7 -5 -9 -10 -1 12 -4 -14
right_child=2 -3 11 4 -6 6 -8 8 9 -11 -12 -13 13 -15
leaf_value=0.11937558325601279 -0.12588897292928586 -0.12588897292928586 0.12411870927996083 -0.002529660640862904 -0.12588897292928586 -0.084074007567769352 0.12387841947506396 0.10833032564054937 0.12668364922041003 -0.040178355498910343 0.037757904409127067 0.12411870927996083 -0.00099929738698763281 0.12803831430094098
leaf_weight=12.026000916957852 7.1809955537319174 199.90965041518211 78.812795162200928 1.7008772939443648 1.6215151250362385 3.1370381265878668 2.0586957335472107 20.554481282830242 1.6277845650911322 1.4894185066223145 1.6709715574979789 97.82867306470871 8.8762278556823713 3.9851694107055655
leaf_count=52 31 863 344 7 7 13 9 88 7 6 7 427 36 17
internal_value=2.2749e-05 -0.1108 0.103454 0.0317974 0.0669745 0.0772051 -0.00167741 0.0933584 0.100248 0.046956 0.109419 0.118341 0.112175 0.0389837
internal_weight=442.48 213.607 228.874 39.3708 32.1898 30.5683 5.19573 25.3726 23.6717 3.1172 13.697 189.503 91.6742 12.8614
internal_count=1914 922 992 168 137 130 22 108 101 13 59 824 397 53
is_linear=0
shrinkage=0.08


Tree=5
num_leaves=15
num_cat=0
split_feature=6 7 10 0 15 5 6 1 12 4 13 10 10 11
split_gain=698.071 97.7745 34.0702 29.9239 8.68157 5.30437 7.34711 2.34779 1.56117 1.42199 2.98343 1.00604 11.6291 6.36144
threshold=0.58335000000000015 0.87500000000000011 1.0000000180025095e-35 1.5000000000000002 1.0000000180025095e-35 1.5000000000000002 1.4166500000000002 10.500000000000002 1.5000000000000002 1.5000000000000002 1.0000000180025095e-35 0.68500000000000016 0.67500000000000016 1.0000000180025095e-35
decision_type=2 2 2 2 2 2 2 2 2 2 2 2 2 2
left_child=1 8 3 -2 5 7 -7 -5 -1 -9 -11 12 -4 -14
right_child=2 -3 11 4 -6 6 -8 9 -10 10 -12 -13 13 -15
leaf_value=0.025779700405937803 -0.12046089625158228 -0.12046089625158228 0.11896895572034305 -0.0023263247680180696 -0.12046089625158228 -0.078750002283442533 0.11876602203401371 0.10284222122913127 0.11372203182087269 0.12113330705078452 -0.037109747925887934 0.11896895572034305 -0.00091924059605088789 0.12226505078917285
leaf_weight=1.450560301542281 6.9150446802377692 192.50592125952244 75.770452976226807 1.7015513926744557 1.5614617019891728 3.083413988351821 1.978788301348686 19.94432066380978 11.812921375036238 1.5685901045799246 1.4838067889213562 94.052277386188507 8.8772658705711347 3.8451709896326056
leaf_count=6 31 863 344 7 7 13 9 88 53 7 6 427 36 17
internal_value=2.38243e-05 -0.105986 0.0988251 0.0301596 0.0634125 0.07306 -0.00154203 0.0883505 0.104104 0.0950598 0.0442095 0.113208 0.107085 0.0363114
internal_weight=426.552 205.769 220.782 38.237 31.3219 29.7605 5.0622 24.6983 13.2635 22.9967 3.0524 182.545 88.4929 12.7224
internal_count=1914 922 992 168 137 130 22 108 59 101 13 824 397 53
is_linear=0
shrinkage=0.08


Tree=6
num_leaves=15
num_cat=0
split_feature=6 7 10 0 15 2 0 1 4 12 10 10 11 14
split_gain=617.996 86.6723 30.6244 26.3584 7.62527 5.12032 22.4533 2.67745 1.77697 1.4548 0.971947 10.9064 5.69524 8.23846
threshold=0.58335000000000015 0.87500000000000011 1.0000000180025095e-35 1.5000000000000002 1.0000000180025095e-35 1.0000000180025095e-35 2.5000000000000004 10.500000000000002 1.5000000000000002 1.5000000000000002 0.68500000000000016 0.67500000000000016 1.0000000180025095e-35 1.0000000180025095e-35
decision_type=2 2 2 2 2 2 2 2 2 2 2 2 2 2
left_child=1 9 3 -2 5 6 7 -5 -8 -1 11 -4 13 -13
right_child=2 -3 10 4 -6 -7 8 -9 -10 -11 -12 12 -14 -15
leaf_value=0.023834460663847565 -0.11586906730941113 -0.11586906730941113 0.11459801291376272 -0.002139414810699077 -0.11586906730941113 0.12454794942883242 -0.15604873069485153 0.10384851649987566 -0.057216434757051397 0.10909636303230617 0.11459801291376272 -0.042037922865514277 0.11740093137770055 0.14332748204311291
leaf_weight=1.4437243342399586 6.6257752776145926 184.4530343413353 72.50123918056488 1.7021669298410547 1.496142804622649 7.8383826017379752 2.3085835278034201 14.69030576944351 2.3489291965961456 11.347755819559096 89.994270727038383 6.905279874801634 3.6904407590627661 1.9729371070861814
leaf_count=6 31 863 344 7 7 36 10 67 10 53 427 28 17 8
internal_value=2.41273e-05 -0.101904 0.0948246 0.0287069 0.0602338 0.0693542 0.0488017 0.0928429 -0.106205 0.0994732 0.108802 0.102671 0.0338742 -0.000845611
internal_weight=409.319 197.245 212.074 37.0103 30.3845 28.8884 21.05 16.3925 4.65751 12.7915 175.064 85.0699 12.5687 8.87822
internal_count=1914 922 992 168 137 130 94 74 20 59 824 397 53 36
is_linear=0
shrinkage=0.08


Tree=7
num_leaves=15
num_cat=0
split_feature=6 7 10 0 15 2 0 1 4 5 10 10 11 14
split_gain=549.468 77.1849 27.6627 23.313 6.72319 4.63489 19.5791 2.43792 1.57926 1.48528 0.946314 10.2889 5.12343 7.09238
threshold=0.58335000000000015 0.87500000000000011 1.0000000180025095e-35 1.5000000000000002 1.0000000180025095e-35 1.0000000180025095e-35 2.5000000000000004 10.500000000000002 1.5000000000000002 1.0000000180025095e-35 0.68500000000000016 0.67500000000000016 1.0000000180025095e-35 1.0000000180025095e-35
decision_type=2 2 2 2 2 2 2 2 2 2 2 2 2 2
left_child=1 9 3 -2 5 6 7 -5 -8 -1 11 -4 13 -13
right_child=2 -3 10 4 -6 -7 8 -9 -10 -11 -12 12 -14 -15
leaf_value=0.10600929399814693 -0.11194469369395174 -0.11194469369395174 0.11085189873051476 -0.0019675769351904472 -0.11194469369395174 0.1197912120373274 -0.14668168475128585 0.099354196980715945 -0.052907958949473234 0.022842981489781825 0.11085189873051476 -0.038495314830796622 0.11325798513654409 0.13487137400283702
leaf_weight=10.722719967365261 6.3218380212783805 175.9918133020401 69.094592213630676 1.7027292102575398 1.4275118112564076 7.5110435932874671 2.26138912141323 14.148764073848723 2.3374667018651962 1.5763882249593741 85.765671148896217 6.9361016750335676 3.526120349764823 1.9305731058120725
leaf_count=52 31 863 344 7 7 36 10 67 10 7 427 28 17 8
internal_value=2.53727e-05 -0.0984043 0.0913392 0.0274223 0.0574015 0.0660472 0.046308 0.0884705 -0.0990192 0.0953498 0.104986 0.0988128 0.0316904 -0.00074756
internal_weight=391.255 188.291 202.964 35.7107 29.3889 27.9614 20.4503 15.8515 4.59886 12.2991 167.253 81.4874 12.3928 8.86667
internal_count=1914 922 992 168 137 130 94 74 20 59 824 397 53 36
is_linear=0
shrinkage=0.08


Tree=8
num_leaves=15
num_cat=0
split_feature=6 7 10 0 15 2 0 1 11 4 12 1 10 10
split_gain=490.333 69.0067 25.0873 20.6938 5.94843 4.22315 17.1271 2.36572 1.57021 1.42901 1.42133 1.38399 0.925713 9.74382
threshold=0.58335000000000015 0.87500000000000011 1.0000000180025095e-35 1.5000000000000002 1.0000000180025095e-35 1.0000000180025095e-35 2.5000000000000004 12.500000000000002 1.0000000180025095e-35 1.5000000000000002 1.5000000000000002 11.500000000000002 0.68500000000000016 0.67500000000000016
decision_type=2 2 2 2 2 2 2 2 2 2 2 2 2 2
left_child=1 10 3 -2 5 6 7 8 11 -8 -1 -5 13 -4
right_child=2 -3 12 4 -6 -7 9 -9 -10 -11 -12 -13 -14 -15
leaf_value=0.01619275760810579 -0.10856154261730011 -0.10856154261730011 0.10761464715150446 -0.073923257276900411 -0.10856154261730011 0.11570791524944746 -0.1389343065010854 0.10437543508907854 0.086831399426340966 -0.048966982878957656 0.10178134766158303 0.048699882365838554 0.10761464715150446 0.029729750427608535
leaf_weight=1.4102270305156697 6.0100954324007025 167.31330187618732 65.621353387832642 1.1206887215375998 1.357118323445319 7.1680549681186667 2.199009805917739 10.931017577648161 2.0018908381462097 2.3241028040647507 10.395831778645514 1.2418081760406494 81.454412490129471 12.18988925218582
leaf_count=6 31 863 344 5 7 36 10 54 9 10 53 6 427 53
internal_value=2.60937e-05 -0.0953713 0.0882792 0.0262757 0.0548671 0.0630857 0.044053 0.0844952 0.0347031 -0.0927066 0.0915578 -0.00946839 0.101653 0.0954132
internal_weight=372.739 179.119 193.619 34.3538 28.3437 26.9866 19.8185 15.2954 4.36439 4.52311 11.8061 2.3625 159.266 77.8112
internal_count=1914 922 992 168 137 130 94 74 20 20 59 11 824 397
is_linear=0
shrinkage=0.08


Tree=9
num_leaves=15
num_cat=0
split_feature=6 7 10 0 0 2 0 1 4 5 11 1 10 10
split_gain=438.775 61.9079 22.7629 18.4287 5.29644 3.2681 13.4244 2.22891 1.8531 1.44308 1.37296 1.16908 0.93902 9.45467
threshold=0.58335000000000015 0.87500000000000011 1.0000000180025095e-35 1.5000000000000002 3.5000000000000004 1.0000000180025095e-35 2.5000000000000004 12.500000000000002 1.5000000000000002 1.0000000180025095e-35 1.0000000180025095e-35 11.500000000000002 0.68500000000000016 0.67500000000000016
decision_type=2 2 2 2 2 2 2 2 2 2 2 2 2 2
left_child=1 9 3 -2 5 6 7 10 -8 -1 11 -5 13 -4
right_child=2 -3 12 4 -6 -7 8 -9 -10 -11 -12 -13 -14 -15
leaf_value=0.099436750220271167 -0.10562324152206122 -0.10562324152206122 0.10479723312414026 -0.06709982597548135 -0.078403027413240095 0.11068272817160248 -0.13014363556055775 0.10088881963866625 -0.022248596011522643 0.015700065853812742 0.082068038852351463 0.045780338414174872 0.10479723312414026 0.027534233501777014
leaf_weight=9.7809202075004542 5.6959577053785315 158.56811289489269 62.137237191200256 1.1352228820324042 1.8419278562068928 6.567834958434104 2.2991727143526068 10.424873843789099 1.8293633908033369 1.5221384614706046 1.9507657289505003 1.2163981199264526 77.129651978611946 12.112254604697226
leaf_count=52 31 863 344 5 9 35 11 54 8 7 9 6 427 53
internal_value=2.43797e-05 -0.0927291 0.0854973 0.0252521 0.0525928 0.0620834 0.0451553 0.0808951 -0.0823351 0.0881603 0.0324493 -0.0087115 0.0986152 0.0921934
internal_weight=354.212 169.871 184.341 32.9615 27.2656 25.4236 18.8558 14.7273 4.12854 11.3031 4.30239 2.35162 151.379 74.2495
internal_count=1914 922 992 168 137 128 93 74 19 59 20 11 824 397
is_linear=0
shrinkage=0.08


Tree=10
num_leaves=15
num_cat=0
split_feature=6 7 10 0 15 2 0 1 10 1 1 4 10 10
split_gain=393.641 55.7055 20.7257 16.4489 4.74784 3.63805 13.3326 2.17373 1.43768 1.79834 3.6182 1.19779 0.958765 9.21283
threshold=0.58335000000000015 0.87500000000000011 1.0000000180025095e-35 1.5000000000000002 1.0000000180025095e-35 1.0000000180025095e-35 2.5000000000000004 10.500000000000002 0.68500000000000016 20.500000000000004 22.500000000000004 1.5000000000000002 0.68500000000000016 0.67500000000000016
decision_type=2 2 2 2 2 2 2 2 2 2 2 2 2 2
left_child=1 8 3 -2 5 6 7 -5 9 -1 -11 -8 13 -4
right_child=2 -3 12 4 -6 -7 11 -9 -10 10 -12 -13 -14 -15
leaf_value=0.11165415147982417 -0.10305485747322476 -0.10305485747322482 0.10233007093425153 -0.008159317335309859 -0.10335664339580498 0.10964669100388888 -0.12701564459999573 0.08905612768635679 0.10443520098845541 -0.11005195198438271 0.10748750566134707 -0.042894852813265202 0.10233007093425153 0.025497441700074615
leaf_weight=1.3689138591289505 5.3836547881364849 149.87400265038013 58.685671091079712 1.6687649190425968 1.2239993661642063 6.4716667979955664 2.0510008335113517 12.485957637429236 7.4796137511730194 1.0409246683120725 0.92340210080146778 2.2960866242647171 72.84529522061348 12.036664783954619
leaf_count=7 31 863 344 7 7 36 10 67 42 5 5 10 427 53
internal_value=2.2403e-05 -0.0904029 0.0829814 0.024306 0.0504791 0.0580189 0.0399602 0.077595 0.0849617 0.0412641 -0.00778974 -0.0825839 0.0958884 0.0892535
internal_weight=335.836 160.687 175.149 31.5811 26.1975 24.9735 18.5018 14.1547 10.8129 3.33324 1.96433 4.34709 143.568 70.7223
internal_count=1914 922 992 168 137 130 94 74 59 17 10 20 824 397
is_linear=0
shrinkage=0.08


Tree=11
num_leaves=15
num_cat=0
split_feature=6 7 10 0 2 0 1 10 1 11 11 10 10 11
split_gain=353.949 50.287 18.9146 14.7139 4.3078 14.9388 2.09456 1.37707 1.62431 3.28679 1.31185 0.984053 9.00591 4.8407
threshold=0.58335000000000015 0.87500000000000011 1.0000000180025095e-35 1.5000000000000002 1.0000000180025095e-35 2.5000000000000004 12.500000000000002 0.68500000000000016 20.500000000000004 1.0000000180025095e-35 1.0000000180025095e-35 0.68500000000000016 0.67500000000000016 1.0000000180025095e-35
decision_type=2 2 2 2 2 2 2 2 2 2 2 2 2 2
left_child=1 7 3 -2 5 6 10 8 -1 -10 -5 12 -4 -14
right_child=2 -3 11 4 -6 -7 -8 -9 9 -11 -12 -13 13 -15
leaf_value=0.10839911390629457 -0.10079727245544338 -0.10079727245544345 0.10015807163176402 -0.013760766143541358 0.10689166227373877 -0.082860125892862638 0.095180901851015992 0.1020226449527798 -0.1025002535441155 0.1057983185905567 0.076704781835243777 0.10015807163176402 -0.0073201333370201674 0.10733792941683674
leaf_weight=1.3000375926494583 5.0764539539814022 141.32192781567574 55.30003559589386 2.2779521197080674 6.1217143386602393 5.3996063470840445 9.4620589911937696 7.0610817968845367 1.0575926601886747 0.8951866179704665 1.8664363026618955 68.642776742577553 8.7365893721580488 3.226993814110755
leaf_count=7 31 863 344 11 36 27 54 42 5 5 9 427 36 17
internal_value=2.11927e-05 -0.0883515 0.0806931 0.0234299 0.0485269 0.0297281 0.0744078 0.0821822 0.0391134 -0.00701271 0.0269806 0.0934194 0.0865426 0.0236071
internal_weight=317.746 151.636 166.111 30.2042 25.1278 19.0061 13.6064 10.3139 3.25282 1.95278 4.14439 135.906 67.2636 11.9636
internal_count=1914 922 992 168 137 101 74 59 17 10 20 824 397 53
is_linear=0
shrinkage=0.08


Tree=12
num_leaves=15
num_cat=0
split_feature=6 7 10 0 2 0 1 10 1 1 10 10 11 14
split_gain=318.98 45.5004 17.3458 13.1834 3.96365 13.153 2.03082 1.31905 1.4719 3.01909 0.994741 8.71658 4.38092 6.25339
threshold=0.58335000000000015 0.87500000000000011 1.0000000180025095e-35 1.5000000000000002 1.0000000180025095e-35 2.5000000000000004 10.500000000000002 0.68500000000000016 20.500000000000004 22.500000000000004 0.68500000000000016 0.67500000000000016 1.0000000180025095e-35 1.0000000180025095e-35
decision_type=2 2 2 2 2 2 2 2 2 2 2 2 2 2
left_child=1 7 3 -2 5 6 -5 8 -1 -10 11 -4 13 -13
right_child=2 -3 10 4 -6 -7 -8 -9 9 -11 -12 12 -14 -15
leaf_value=0.10555530104577379 -0.09880315028246045 -0.09880315028246052 0.098236883064758182 -0.011590157634327891 0.10445175516083213 -0.078514343563155384 0.083389027088993914 0.099895592020654012 -0.095774882573482767 0.10527553778035782 0.098236883064758182 -0.04160606529689042 0.10455553669519024 0.12446397630564876
leaf_weight=1.2310793995857223 4.7768404185771969 132.98107358813286 52.005586504936218 1.6487181633710921 5.7776144146919242 5.2489027380943289 11.423286423087118 6.6512672305107117 1.0744972079992292 0.86111034452915181 64.553446039557457 6.909327030181883 3.0548807829618445 1.8369650840759275
leaf_count=7 31 863 344 7 36 27 67 42 5 5 427 28 17 8
internal_value=2.33634e-05 -0.086533 0.0786326 0.0226099 0.0466765 0.0284568 0.0714097 0.0796625 0.0371653 -0.00633186 0.0912352 0.0841515 0.0220801 -0.00672673
internal_weight=300.035 142.799 157.236 28.8754 24.0985 18.3209 13.072 9.81795 3.16669 1.93561 128.36 63.8068 11.8012 8.74629
internal_count=1914 922 992 168 137 101 74 59 17 10 824 397 53 36
is_linear=0
shrinkage=0.08


Tree=13
num_leaves=15
num_cat=0
split_feature=6 7 10 0 2 0 1 13 10 1 1 11 10 10
split_gain=288.013 41.2544 15.9641 11.8294 3.65952 11.5853 1.99442 1.2743 1.26471 1.33781 2.60126 1.09767 0.998458 8.39831
threshold=0.58335000000000015 0.87500000000000011 1.0000000180025095e-35 1.5000000000000002 1.0000000180025095e-35 2.5000000000000004 12.500000000000002 1.0000000180025095e-35 0.68500000000000016 20.500000000000004 22.500000000000004 1.0000000180025095e-35 0.68500000000000016 0.67500000000000016
decision_type=2 2 2 2 2 2 2 2 2 2 2 2 2 2
left_child=1 8 3 -2 5 6 7 11 9 -1 -11 -5 13 -4
right_child=2 -3 12 4 -6 -7 -8 -9 -10 10 -12 -13 -14 -15
leaf_value=0.10305631664712588 -0.097034167417141937 -0.09703416741714202 0.096530547104547421 0.0094321915983759403 0.10227916569927523 -0.074444622940474603 0.090411902457499985 -0.042524497363336994 0.098011716810144658 -0.08578149468761774 0.10284873776065424 0.11255133616676279 0.096530547104547421 0.020778526730614678
leaf_weight=1.1628479510545715 4.486661002039912 124.90285305678844 48.820920944213867 1.5457718372345033 5.4420372247695914 5.0992508828639975 8.5390111804008466 1.3153043538331983 6.2530492544174194 1.1024284809827802 0.81288719177246083 1.1537629812955856 60.600387334823608 11.590316280722616
leaf_count=7 31 863 344 8 36 27 54 6 42 5 5 6 427 53
internal_value=2.61659e-05 -0.0849121 0.0767564 0.0218321 0.0449241 0.0272429 0.0685473 0.0220445 0.0773476 0.0353702 -0.00572414 0.0535046 0.0892751 0.081997
internal_weight=282.827 134.234 148.593 27.5818 23.0951 17.6531 12.5539 4.01484 9.33121 3.07816 1.91532 2.69953 121.012 60.4112
internal_count=1914 922 992 168 137 101 74 20 59 17 10 14 824 397
is_linear=0
shrinkage=0.08


Tree=14
num_leaves=15
num_cat=0
split_feature=6 7 10 0 2 0 1 11 6 10 11 1 10 10
split_gain=260.317 37.4725 14.6536 10.635 3.38305 10.2221 1.89959 1.34825 1.92529 1.21227 1.26435 1.14875 1.03676 8.26496
threshold=0.58335000000000015 0.87500000000000011 1.0000000180025095e-35 1.5000000000000002 1.0000000180025095e-35 2.5000000000000004 13.500000000000002 1.0000000180025095e-35 1.4166500000000002 0.68500000000000016 1.0000000180025095e-35 12.500000000000002 0.68500000000000016 0.67500000000000016
decision_type=2 2 2 2 2 2 2 2 2 2 2 2 2 2
left_child=1 9 3 -2 5 6 7 8 11 10 -1 -5 13 -4
right_child=2 -3 12 4 -6 -7 -8 -9 -10 -11 -12 -13 -14 -15
leaf_value=-0.0056870908224148356 -0.095458941059467478 -0.095458941059467547 0.095009426562540966 -0.07875826951511343 0.10033547725644079 -0.070611567558604885 0.097598144737482767 0.078709713519468039 0.10435222761742775 0.096336503700641951 0.10247747416058145 0.028548378998358326 0.095009426562540966 0.019221442531277166
leaf_weight=1.8981289118528348 4.2072474658489254 117.12434074282646 45.759294748306274 1.4871514588594494 5.1169508248567572 4.9521436691284171 6.0413658767938614 2.5117918252944946 0.87689630687236775 5.8685411214828491 1.0881163328886032 1.1188444197177887 56.8000548183918 11.529502049088476
leaf_count=10 31 863 344 7 36 27 41 14 5 42 7 7 427 53
internal_value=2.62198e-05 -0.0834622 0.0749387 0.0211218 0.0433104 0.0261341 0.0659394 0.0340342 0.0018151 0.0752212 0.0337255 -0.0326878 0.0873505 0.0797569
internal_weight=266.38 125.979 140.401 26.3124 22.1051 16.9882 12.036 5.99468 3.48289 8.85479 2.98625 2.606 114.089 57.2888
internal_count=1914 922 992 168 137 101 74 33 19 59 17 14 824 397
is_linear=0
shrinkage=0.08


Tree=15
num_leaves=15
num_cat=0
split_feature=6 7 10 0 2 0 1 11 6 10 1 10 10 11
split_gain=235.568 34.0886 13.4591 9.57642 3.13204 9.03017 1.83368 1.20075 1.70896 1.18794 1.27185 1.07841 8.13862 4.06928
threshold=0.58335000000000015 0.87500000000000011 1.0000000180025095e-35 1.5000000000000002 1.0000000180025095e-35 2.5000000000000004 13.500000000000002 1.0000000180025095e-35 1.4166500000000002 0.68500000000000016 20.500000000000004 0.68500000000000016 0.67500000000000016 1.0000000180025095e-35
decision_type=2 2 2 2 2 2 2 2 2 2 2 2 2 2
left_child=1 9 3 -2 5 6 7 8 -5 10 -1 12 -4 -14
right_child=2 -3 11 4 -6 -7 -8 -9 -10 -11 -12 -13 13 -15
leaf_value=0.10070212063721551 -0.094051492524800079 -0.094051492524800176 0.093649050639918185 -0.029947578430674592 0.09858943233178534 -0.066984163366774152 0.095964026174510469 0.075343408686654553 0.10196017821179996 0.094841552799849224 -0.0085881742872877427 0.093649050639918185 -0.0094201552183126105 0.10125053251880382
leaf_weight=1.0801676660776123 3.9395135194063213 109.67097313702106 42.829596400260925 2.6133273243904172 4.8037623465061179 4.8087161779403678 5.6679463982582092 2.4180041551589966 0.82768379151821125 5.4992322325706482 1.8463302254676817 53.163481578230858 8.6526133418083173 2.8191231936216345
leaf_count=7 31 863 344 14 36 27 41 14 5 42 10 427 36 17
internal_value=2.61243e-05 -0.0821381 0.0732346 0.0204635 0.0418043 0.0251058 0.063523 0.03214 0.00178086 0.0729283 0.0317508 0.0855498 0.0776202 0.0177766
internal_weight=250.64 118.097 132.544 25.079 21.1394 16.3357 11.527 5.85902 3.44101 8.42573 2.9265 107.465 54.3013 11.4717
internal_count=1914 922 992 168 137 101 74 33 19 59 17 824 397 53
is_linear=0
shrinkage=0.08


Tree=16
num_leaves=15
num_cat=0
split_feature=6 7 10 1 0 4 7 0 2 11 1 10 4 10
split_gain=213.472 31.0599 12.4252 8.64971 3.00315 2.83856 1.627 1.99807 10.1894 1.55381 3.29427 1.16425 1.2707 1.10138
threshold=0.58335000000000015 0.87500000000000011 1.0000000180025095e-35 10.500000000000002 3.5000000000000004 1.0000000180025095e-35 0.87500000000000011 2.5000000000000004 1.0000000180025095e-35 1.0000000180025095e-35 9.5000000000000018 0.68500000000000016 1.5000000000000002 0.68500000000000016
decision_type=2 2 2 2 2 2 2 2 2 2 2 2 2 2
left_child=1 11 3 9 5 -5 -7 -8 -9 -2 -11 12 -1 -4
right_child=2 -3 13 4 -6 6 7 8 -10 10 -12 -13 -14 -15
leaf_value=-0.010442597176376963 -0.10202493516339128 -0.092790161915465297 0.075722931359359022 -0.10922526358674187 -0.066007172251973042 0.18008501315812661 0.079806608000301621 -0.11166814822637414 0.095733112282030186 -0.12729827676735195 0.090329875882685151 0.093503237113327545 0.10018696169590335 0.092428849959436662
leaf_weight=1.8223260045051557 3.4696022421121624 102.55883772671223 51.356795370578766 0.65119399130345001 1.4307811707258213 0.70368167757988942 9.2434570863842875 2.3479488492012015 4.278665192425251 0.82780729234218575 0.96301017701625824 5.146111011505127 1.0458103716373444 49.697408996522427
leaf_count=10 27 863 397 4 9 3 66 13 35 6 5 42 7 427
internal_value=2.85338e-05 -0.0809377 0.071667 0.0198145 0.045362 0.0546129 0.0610502 0.0557721 0.0222465 -0.0707882 -0.010269 0.0707396 0.0298963 0.0839387
internal_weight=235.543 110.573 124.97 23.9161 18.6557 17.2249 16.5738 15.8701 6.62661 5.26042 1.79082 8.01425 2.86814 101.054
internal_count=1914 922 992 168 130 121 117 114 48 38 11 59 17 824
is_linear=0
shrinkage=0.08


Tree=17
num_leaves=15
num_cat=0
split_feature=6 7 10 1 0 4 11 1 7 0 2 10 10 11
split_gain=193.342 28.3421 11.2896 7.76918 2.68185 2.54978 1.44065 2.92825 1.29881 1.76688 9.21111 1.21576 8.71381 3.8742
threshold=0.58335000000000015 0.87500000000000011 1.0000000180025095e-35 10.500000000000002 3.5000000000000004 1.0000000180025095e-35 1.0000000180025095e-35 9.5000000000000018 0.87500000000000011 2.5000000000000004 1.0000000180025095e-35 0.68500000000000016 0.67500000000000016 1.0000000180025095e-35
decision_type=2 2 2 2 2 2 2 2 2 2 2 2 2 2
left_child=1 -1 3 6 5 -5 -2 -8 -7 -10 -11 12 -4 -14
right_child=2 -3 11 4 -6 8 7 -9 9 10 -12 -13 13 -15
leaf_value=0.068627768528329136 -0.10040897042598962 -0.091656763687338133 0.091522452444624203 -0.10657718337574831 -0.062675596738092157 0.16563028836740279 -0.12439399039494714 0.085143875357521687 0.077578377978725049 -0.10857260638732497 0.094412220610597744 0.091331561224645808 -0.014868690194244128 0.097803732593785192
leaf_weight=7.6221700608730307 3.2522846236825016 95.796518363058567 37.85629278421402 0.61544794589281693 1.3880874067544926 0.70381116867065863 0.7812773212790487 0.94086241722106934 8.7678693532943637 2.2266674935817727 4.0027025863528252 46.405107550323009 8.5509982109069806 2.5312741994857779
leaf_count=59 27 863 344 4 9 3 6 5 66 13 35 427 36 17
internal_value=1.24717e-05 -0.0798435 0.0699871 0.0192553 0.0440748 0.0531564 -0.0690806 -0.00991646 0.0594176 0.0544331 0.021856 0.0820545 0.0732577 0.0108665
internal_weight=221.441 103.419 118.023 22.679 17.7046 16.3165 4.97442 1.72214 15.7011 14.9972 6.22937 95.3437 48.9386 11.0823
internal_count=1914 922 992 168 130 121 38 11 117 114 48 824 397 53
is_linear=0
shrinkage=0.08


Tree=18
num_leaves=15
num_cat=0
split_feature=6 7 10 1 15 2 0 11 1 10 10 14 2 11
split_gain=175.562 25.886 10.3677 6.98446 2.45127 1.70607 5.82977 1.33805 2.60483 1.24056 8.43009 3.77147 5.66014 3.99169
threshold=0.58335000000000015 0.87500000000000011 1.0000000180025095e-35 10.500000000000002 1.0000000180025095e-35 1.0000000180025095e-35 2.5000000000000004 1.0000000180025095e-35 9.5000000000000018 0.68500000000000016 0.67500000000000016 1.0000000180025095e-35 1.0000000180025095e-35 1.0000000180025095e-35
decision_type=2 2 2 2 2 2 2 2 2 2 2 2 2 2
left_child=1 -1 3 7 5 6 -5 -2 -9 10 -4 12 13 -12
right_child=2 -3 9 4 -6 -7 -8 8 -10 -11 11 -13 -14 -15
leaf_value=0.066113111069218147 -0.098925939317241113 -0.090635840212645452 0.090514711431620085 0.070197953344149383 -0.09248040743027991 0.095205089801744372 -0.052942898822596784 -0.12159968893706412 0.080292095998123356 0.090342482023059875 -0.06823839785466683 0.11434220976861648 0.11377241308499927 0.096144909740154341
leaf_weight=7.2928369268774977 3.0454061999917057 89.38667057454586 35.318915367126465 8.5414421856403333 0.81481130421161729 3.9737306237220773 3.4561246782541266 0.73710854351520516 0.91882604360580444 43.287118077278137 6.1304066330194438 1.8488894850015647 1.8534458130598066 1.1177970170974729
leaf_count=59 27 863 344 67 7 36 20 6 5 427 25 9 11 8
internal_value=9.31129e-06 -0.0788118 0.0686342 0.0187297 0.0428676 0.0497727 0.0347249 -0.0674547 -0.00957628 0.0806079 0.0715007 0.0101747 -0.0109857 -0.0428877
internal_weight=207.724 96.6795 111.044 21.4874 16.7861 15.9713 11.9976 4.70134 1.65593 89.5566 46.2695 10.9505 9.10165 7.2482
internal_count=1914 922 992 168 130 123 87 38 11 824 397 53 44 33
is_linear=0
shrinkage=0.08


Tree=19
num_leaves=15
num_cat=0
split_feature=6 7 10 0 2 0 7 1 10 5 10 10 14 2
split_gain=159.533 23.6757 9.60725 6.27345 2.44633 5.67259 6.08396 1.81761 1.32319 1.63306 1.24836 8.09143 3.35797 4.98148
threshold=0.58335000000000015 0.87500000000000011 1.0000000180025095e-35 1.5000000000000002 1.0000000180025095e-35 2.5000000000000004 0.87500000000000011 13.500000000000002 0.68500000000000016 1.0000000180025095e-35 0.68500000000000016 0.67500000000000016 1.0000000180025095e-35 1.0000000180025095e-35
decision_type=2 2 2 2 2 2 2 2 2 2 2 2 2 2
left_child=1 8 3 -2 5 7 -7 -5 9 -1 11 -4 13 -13
right_child=2 -3 10 4 -6 6 -8 -9 -10 -11 -12 12 -14 -15
leaf_value=0.056892435886667307 -0.089701902504713688 -0.089714251585832183 0.089604777806047059 0.021916512964017424 0.093984939093179509 0.15768892437381163 -0.1011615286099783 0.0915560132617219 0.090755581944869143 -0.085551081626781239 0.089449080989380661 -0.039504819551150518 0.11066959805568694 0.11069814934924622
leaf_weight=1.9314135164022439 2.9530108198523548 83.327281817793846 32.921024084091187 5.1290934160351771 3.7138917893171302 0.69913573563098896 3.4427168145775786 4.5058901160955429 4.3481327742338181 0.7024485021829604 40.341840334236622 7.2287905514240229 1.7610214948654181 1.7564996778964994
leaf_count=14 31 863 344 33 36 3 24 41 42 3 427 33 9 11
internal_value=1.04248e-05 -0.0778573 0.0673344 0.0181517 0.0363609 0.0208269 -0.0574681 0.0544841 0.0636501 0.0189029 0.079303 0.0699297 0.00965547 -0.0101422
internal_weight=194.762 90.3093 104.453 20.4437 17.4907 13.7768 4.14185 9.63498 6.98199 2.63386 84.0092 43.6673 10.7463 8.98529
internal_count=1914 922 992 168 137 101 27 74 59 17 824 397 53 44
is_linear=0
shrinkage=0.08


Tree=20
num_leaves=15
num_cat=0
split_feature=6 7 10 1 15 2 0 10 10 11 14 1 13 10
split_gain=145.066 21.6848 8.87413 5.76164 1.97766 1.50034 4.66717 1.27312 7.82582 3.04737 4.35962 1.51404 1.61168 1.27283
threshold=0.58335000000000015 0.87500000000000011 1.0000000180025095e-35 10.500000000000002 1.0000000180025095e-35 1.0000000180025095e-35 2.5000000000000004 0.68500000000000016 0.67500000000000016 1.0000000180025095e-35 1.0000000180025095e-35 15.500000000000002 1.0000000180025095e-35 0.68500000000000016
decision_type=2 2 2 2 2 2 2 2 2 2 2 2 2 2
left_child=1 13 3 -2 5 6 -5 8 -4 10 11 12 -10 -1
right_child=2 -3 7 4 -6 -7 -8 -9 9 -11 -12 -13 -14 -15
leaf_value=0.017878691007099375 -0.064937466304739802 -0.088880696404611367 0.088781569466305346 0.065990191140017126 -0.090284849396821409 0.092871024715262346 -0.048517082261316284 0.088640565825456138 -0.013722426301174189 0.094076935812141813 0.10861037387280867 0.010895690194437051 -0.1104234550428141 0.089825033263654139
leaf_weight=2.5723983347415915 4.2320883721113232 77.612700253725052 30.660209715366364 7.79671967029571 0.70442936569452363 3.4677956029772767 3.2184502333402634 37.566019751131535 1.9855011701583842 2.152127966284751 1.5522471666336057 2.4418203085660934 2.4818764626979828 4.0537143647670746
leaf_count=17 38 863 344 67 7 36 20 427 8 17 8 10 10 42
internal_value=1.16846e-05 -0.077021 0.0660527 0.0176109 0.0406137 0.0469804 0.0325331 0.0779846 0.0682859 0.00907873 -0.0125402 -0.0397583 -0.0674452 0.0618939
internal_weight=182.498 84.2388 98.2593 19.4195 15.1874 14.483 11.0152 78.8398 41.2738 10.6136 8.46145 6.9092 4.46738 6.62611
internal_count=1914 922 992 168 130 123 87 824 397 53 36 28 18 59
is_linear=0
shrinkage=0.08


Tree=21
num_leaves=15
num_cat=0
split_feature=6 7 10 1 4 0 10 10 2 14 11 10 5 7
split_gain=131.916 19.8885 8.30487 5.33939 2.33112 1.80605 1.28135 7.51671 2.8876 3.91782 3.00708 1.24572 1.41362 1.20381
threshold=0.58335000000000015 0.87500000000000011 1.0000000180025095e-35 9.5000000000000018 1.0000000180025095e-35 3.5000000000000004 0.68500000000000016 0.67500000000000016 1.0000000180025095e-35 1.0000000180025095e-35 1.0000000180025095e-35 0.68500000000000016 1.0000000180025095e-35 0.87500000000000011
decision_type=2 2 2 2 2 2 2 2 2 2 2 2 2 2
left_child=1 11 3 -2 -5 13 7 -4 9 10 -9 12 -1 -6
right_child=2 -3 6 4 5 -7 -8 8 -10 -11 -12 -13 -14 -15
leaf_value=0.053576230157426331 -0.096733934683379194 -0.088125427932667297 0.088035537248655024 -0.10131493505661951 0.1507037796698229 -0.056224273741463604 0.087907631238867329 -0.055049718722208082 0.1076460675037795 0.10468387767802252 0.093886088778807719 0.088983185012119353 -0.079383614347471543 0.042490403580027182
leaf_weight=1.8404170572757714 2.3138820007443455 72.234515637159348 28.532996833324432 0.78548137843609112 0.69123694300651628 1.156385764479636 34.955135561525822 6.2211114615201915 1.5953874886035926 1.582733556628227 1.0082249641418455 3.7760065943002701 0.70889016985893238 13.651902385056015
leaf_count=14 26 863 344 7 3 9 427 25 11 9 8 42 3 123
internal_value=1.63834e-05 -0.0762141 0.0647625 0.0169805 0.0331378 0.0399515 0.0767888 0.0668079 0.00861034 -0.00931965 -0.0342787 0.059812 0.0166039 0.0477055
internal_weight=171.054 78.5598 92.4945 18.5989 16.285 15.4995 73.8956 38.9405 10.4075 8.81207 7.22934 6.32531 2.54931 14.3431
internal_count=1914 922 992 168 142 135 824 397 53 42 33 59 17 126
is_linear=0
shrinkage=0.08


Tree=22
num_leaves=15
num_cat=0
split_feature=6 7 10 1 2 0 7 1 11 1 10 10 2 14
split_gain=119.869 18.2553 7.95112 4.78659 2.23714 4.3591 5.02605 1.94018 2.26241 1.50954 1.28394 7.20312 2.5985 3.46839
threshold=0.58335000000000015 0.87500000000000011 1.0000000180025095e-35 9.5000000000000018 1.0000000180025095e-35 2.5000000000000004 0.87500000000000011 13.500000000000002 1.0000000180025095e-35 10.500000000000002 0.68500000000000016 0.67500000000000016 1.0000000180025095e-35 1.0000000180025095e-35
decision_type=2 2 2 2 2 2 2 2 2 2 2 2 2 2
left_child=1 -1 3 -2 5 7 -7 8 9 -5 11 -4 13 -13
right_child=2 -3 10 4 -6 6 -8 -9 -10 -11 -12 12 -14 -15
leaf_value=0.058139840376569829 -0.095795909356808165 -0.087440019317625739 0.087358371834501763 -0.11467585302089445 0.091714381781376655 0.1420766923320024 -0.098758856173370532 0.089462941986786448 0.084941847952837685 0.0075346761270984747 0.087242163750852267 -0.031710769773954303 0.10523827056338041 0.10224947540275421
leaf_weight=6.0055019408464423 2.1560487821698215 67.182228021323681 26.535118043422699 0.88793394714593743 3.1404867321252814 0.67519307136535678 3.1045959889888755 3.8637050986289978 1.8557974174618719 2.3824871629476547 32.503750756382942 7.1805078089237178 1.5050377994775779 1.4943953379988668
leaf_count=59 26 863 344 7 36 3 24 41 14 17 427 33 11 9
internal_value=1.3866e-05 -0.0754943 0.0633268 0.0160648 0.0312234 0.0163467 -0.0557378 0.0466545 0.0143891 -0.025646 0.0756623 0.0654106 0.00820135 -0.00863391
internal_weight=160.473 73.1877 87.2851 18.0662 15.9102 12.7697 3.77979 8.98992 5.12622 3.27042 69.2188 36.7151 10.1799 8.6749
internal_count=1914 922 992 168 142 106 27 79 38 24 824 397 53 42
is_linear=0
shrinkage=0.08


Tree=23
num_leaves=15
num_cat=0
split_feature=6 7 10 1 2 0 7 1 11 1 10 10 11 14
split_gain=109.162 16.7785 7.30986 4.34728 2.07114 3.90579 4.49809 1.83764 2.00898 1.36589 1.30502 6.95654 2.42772 3.04304
threshold=0.58335000000000015 0.87500000000000011 1.0000000180025095e-35 9.5000000000000018 1.0000000180025095e-35 2.5000000000000004 0.87500000000000011 13.500000000000002 1.0000000180025095e-35 10.500000000000002 0.68500000000000016 0.67500000000000016 1.0000000180025095e-35 1.0000000180025095e-35
decision_type=2 2 2 2 2 2 2 2 2 2 2 2 2 2
left_child=1 -1 3 -2 5 7 -7 8 9 -5 11 -4 13 -13
right_child=2 -3 10 4 -6 6 -8 -9 -10 -11 -12 12 -14 -15
leaf_value=0.055772103266647256 -0.094909445837525364 -0.086817100538183686 0.086742838317372881 -0.11172285069586156 0.090803536247555647 0.13489334390782015 -0.097122047803373343 0.088653869005066541 0.082028170846171214 0.0069634734569984525 0.08663712250729054 -0.032015568060029781 0.091380559742795242 0.10086817852368941
leaf_weight=5.7695039585232726 2.008119739592078 62.443845734000206 24.661734402179718 0.84044072031974648 2.9269292950630179 0.6550722569227222 2.912221446633338 3.5978701636195183 1.7714853808283804 2.3721334412693977 30.205744326114655 6.9022586345672572 1.8181287869811065 1.3126720190048216
leaf_count=59 26 863 344 7 36 3 24 41 14 17 427 28 17 8
internal_value=1.28412e-05 -0.0747569 0.0622231 0.015664 0.0303922 0.0158383 -0.0545164 0.0450829 0.0136302 -0.024086 0.0744791 0.0638942 0.00773131 -0.0107819
internal_weight=150.198 68.2133 81.9848 17.0843 15.0762 12.1492 3.56729 8.58193 4.98406 3.21257 64.9005 34.6948 10.0331 8.21493
internal_count=1914 922 992 168 142 106 27 79 38 24 824 397 53 36
is_linear=0
shrinkage=0.08


Tree=24
num_leaves=15
num_cat=0
split_feature=6 7 10 1 2 0 7 1 11 10 11 10 10 2
split_gain=99.4668 15.4411 6.73061 3.95002 1.91893 3.50122 4.03977 1.74155 1.78289 1.35724 1.49968 1.3153 6.68883 2.31994
threshold=0.58335000000000015 0.87500000000000011 1.0000000180025095e-35 9.5000000000000018 1.0000000180025095e-35 2.5000000000000004 0.87500000000000011 13.500000000000002 1.0000000180025095e-35 0.68500000000000016 1.0000000180025095e-35 0.68500000000000016 0.67500000000000016 1.0000000180025095e-35
decision_type=2 2 2 2 2 2 2 2 2 2 2 2 2 2
left_child=1 9 3 -2 5 7 -7 8 -5 10 -1 12 -4 -14
right_child=2 -3 11 4 -6 6 -8 -9 -10 -11 -12 -13 13 -15
leaf_value=-0.038484961205228936 -0.094068608215331764 -0.086250221279034381 0.086182586276978501 -0.022615156779533897 0.089966666589500741 0.12882116899788104 -0.095645028045274694 0.087920328642291934 0.079157306146132159 0.087337204260449913 0.096589846871306173 0.086086299292460894 -0.0082980568224546754 0.10385723465262289
leaf_weight=1.5533808022737496 1.8696264810860181 58.006354756653309 22.907612264156342 3.1568143963813764 2.7260054126381865 0.63201484084129367 2.7281330749392501 3.3478319272398949 1.6921773850917814 3.2000284790992737 0.79542353004217137 28.054556228220463 8.4715119376778567 1.371456682682038
leaf_count=10 26 863 344 24 36 3 24 41 14 42 7 427 42 11
internal_value=1.22214e-05 -0.0740542 0.0611797 0.0152768 0.02959 0.0153486 -0.0534249 0.0435411 0.0129009 0.05344 0.00725818 0.0733736 0.0624837 0.00732895
internal_weight=140.513 63.5552 76.9577 16.1526 14.283 11.557 3.36015 8.19682 4.84899 5.54883 2.3488 60.8051 32.7506 9.84297
internal_count=1914 922 992 168 142 106 27 79 38 59 17 824 397 53
is_linear=0
shrinkage=0.08


Tree=25
num_leaves=15
num_cat=0
split_feature=6 7 10 0 2 0 7 1 10 10 11 14 10 1
split_gain=90.5637 14.2334 6.20284 3.64884 1.72397 3.25903 3.63885 1.52469 1.35427 6.50486 2.14712 2.7237 1.30086 1.3579
threshold=0.58335000000000015 0.87500000000000011 1.0000000180025095e-35 1.5000000000000002 1.0000000180025095e-35 2.5000000000000004 0.87500000000000011 13.500000000000002 0.68500000000000016 0.67500000000000016 1.0000000180025095e-35 1.0000000180025095e-35 0.68500000000000016 20.500000000000004
decision_type=2 2 2 2 2 2 2 2 2 2 2 2 2 2
left_child=1 12 3 -2 5 7 -7 -5 9 -4 11 -11 13 -1
right_child=2 -3 8 4 -6 6 -8 -9 -10 10 -12 -13 -14 -15
leaf_value=0.093052077152943447 -0.086615764563353168 -0.085733731545283604 0.085672079364135331 0.014628915746298026 0.089196982835820324 0.1236252298203242 -0.094309207232267003 0.087254241777849115 0.08558427804582934 -0.029702789053847517 0.09017835622470749 0.099023125426409245 0.086724867068257702 -0.036511192102617829
leaf_weight=0.7781126201152796 1.9764949046075333 53.856056291610003 21.267268091440201 4.5600188821554166 2.5372501276433459 0.60691899061203036 2.5525949895381927 3.1130681186914444 26.043344866484404 6.8875523805618286 1.6449752226471908 1.241619825363159 2.9740054607391357 1.54695588350296
leaf_count=7 31 863 344 33 36 3 24 41 427 28 17 8 42 10
internal_value=1.47377e-05 -0.0734245 0.0599932 0.0148409 0.0298394 0.0159365 -0.0524456 0.0440939 0.0721317 0.0608452 0.00682522 -0.0100417 0.0516777 0.00684874
internal_weight=131.586 59.1551 72.4311 15.3463 13.3699 10.8326 3.15951 7.67309 57.0848 31.0414 9.77415 8.12917 5.29907 2.32507
internal_count=1914 922 992 168 137 101 27 74 824 397 53 36 59 17
is_linear=0
shrinkage=0.08


Tree=26
num_leaves=15
num_cat=0
split_feature=6 7 10 1 2 0 7 1 11 10 10 1 14 11
split_gain=82.535 13.1318 5.7463 3.34452 1.6502 2.81107 3.28596 1.56999 1.59636 1.36427 6.25215 2.10555 2.39659 2.8233
threshold=0.58335000000000015 0.87500000000000011 1.0000000180025095e-35 9.5000000000000018 1.0000000180025095e-35 2.5000000000000004 0.87500000000000011 13.500000000000002 1.0000000180025095e-35 0.68500000000000016 0.67500000000000016 20.500000000000004 1.0000000180025095e-35 1.0000000180025095e-35
decision_type=2 2 2 2 2 2 2 2 2 2 2 2 2 2
left_child=1 -1 3 -2 5 7 -7 8 -5 10 -4 12 13 -12
right_child=2 -3 9 4 -6 6 -8 -9 -10 -11 11 -13 -14 -15
leaf_value=0.049979865877301501 -0.093556310647102167 -0.085262640648829643 0.085206369169244761 -0.021296591214221099 0.08848848094856536 0.11913442646785755 -0.093098690021499855 0.086648556431082921 0.077006455289178058 0.085126229329171008 -0.044826087900946304 0.1202413054825086 0.096619170776181387 0.089522133334418691
leaf_weight=5.0601434335112563 1.6311953738331784 49.97890754416585 19.735096603631973 3.1367463134229165 2.3601668737828723 0.58049578964710269 2.3857272900640965 2.8929927796125412 1.594763711094856 24.165130253881216 6.2103706151247025 0.93918409198522645 1.2492708563804624 1.1934737190604208
leaf_count=59 26 863 344 24 36 3 24 41 14 427 25 6 9 13
internal_value=1.84268e-05 -0.0728288 0.0589162 0.0143989 0.0279962 0.0145153 -0.0515642 0.0402228 0.0118366 0.0710516 0.0594544 0.00647268 -0.00587543 -0.0231696
internal_weight=123.114 55.0391 68.0746 14.5821 12.9509 10.5907 2.96622 7.6245 4.73151 53.4925 29.3274 9.5923 8.65312 7.40384
internal_count=1914 922 992 168 142 106 27 79 38 824 397 53 47 38
is_linear=0
shrinkage=0.08


Tree=27
num_leaves=15
num_cat=0
split_feature=6 7 10 1 13 10 10 10 2 14 13 4 1 0
split_gain=75.2219 12.129 5.32902 3.11716 1.37153 2.31484 1.36571 5.98899 1.93508 2.25343 1.5081 1.338 1.20799 1.02402
threshold=0.58335000000000015 0.87500000000000011 1.0000000180025095e-35 10.500000000000002 1.0000000180025095e-35 0.69500000000000006 0.68500000000000016 0.67500000000000016 1.0000000180025095e-35 1.0000000180025095e-35 1.0000000180025095e-35 1.0000000180025095e-35 16.500000000000004 3.5000000000000004
decision_type=2 2 2 2 2 2 2 2 2 2 2 2 2 2
left_child=1 4 3 -2 -1 -6 7 -4 9 10 12 -5 -9 -13
right_child=2 -3 6 11 5 -7 -8 8 -10 -11 -12 13 -14 -15
leaf_value=0.072385222431640778 -0.057375649551793598 -0.084832524205865095 0.084781128941294817 -0.10684871792953182 -0.13337328600545681 0.085596615257420905 0.084707909660295316 0.035535344930461621 0.10164849291035026 0.09509681935184934 -0.066691352448636665 0.047064627911776631 -0.063229331122942406 -0.046666750328927281
leaf_weight=3.6482136212289324 3.0546063035726538 46.360743552446365 18.30544638633728 0.41422021389007468 0.6249963231384752 0.61108652502298355 22.412905361503363 2.8431148976087575 1.1867984831333167 1.1709256023168562 3.0829003751277924 9.5844935476779902 1.098922476172447 0.80892037227749902
leaf_count=45 38 863 344 4 4 10 427 15 11 9 13 117 5 9
internal_value=2.07232e-05 -0.0721996 0.0578811 0.013982 0.0477092 -0.0251204 0.0700273 0.0581437 0.00617434 -0.00765076 -0.0247769 0.0341501 0.0080027 0.0397695
internal_weight=115.208 51.245 63.9633 13.8622 4.8843 1.23608 50.101 27.6881 9.38266 8.19586 7.02494 10.8076 3.94204 10.3934
internal_count=1914 922 992 168 59 14 824 397 53 42 33 130 20 126
is_linear=0
shrinkage=0.08


Tree=28
num_leaves=15
num_cat=0
split_feature=6 7 10 0 2 0 7 10 10 2 14 1 10 13
split_gain=68.3893 11.2196 5.08937 2.8574 1.49238 2.63033 2.89811 1.37611 5.75688 1.75042 2.01299 1.34816 1.29524 2.50942
threshold=0.58335000000000015 0.87500000000000011 1.0000000180025095e-35 1.5000000000000002 1.0000000180025095e-35 2.5000000000000004 0.87500000000000011 0.68500000000000016 0.67500000000000016 1.0000000180025095e-35 1.0000000180025095e-35 13.500000000000002 0.68500000000000016 1.0000000180025095e-35
decision_type=2 2 2 2 2 2 2 2 2 2 2 2 2 2
left_child=1 12 3 -2 5 11 -7 8 -4 10 -10 -5 13 -1
right_child=2 -3 7 4 -6 6 -8 -9 9 -11 -12 -13 -14 -15
leaf_value=0.052989287679415742 -0.085659444814015814 -0.084439482874218985 0.084392482564342244 0.012924520604651086 0.087765659459986781 0.11377819893699107 -0.092395030100057104 0.084325541022943512 -0.022860844566790273 0.099848444495409014 0.093734090823078681 0.085816986455340527 0.085474988458580245 -0.14026342211659068
leaf_weight=1.602418772876262 1.6428151838481415 42.987460438162088 16.972709596157074 4.3813677728176099 2.1188306137919417 0.54219879209995303 2.2350269891321659 20.779718834906816 7.0041756108403206 1.1144945994019515 1.0959704890847204 2.5802133083343506 2.4895612187683582 0.58776921033859242
leaf_count=14 31 863 344 33 36 3 24 427 33 11 9 41 42 3
internal_value=2.23801e-05 -0.0716336 0.0565096 0.01322 0.0269193 0.0136812 -0.0521438 0.068953 0.0567548 0.00584819 -0.00708525 0.0399411 0.045999 0.00112708
internal_weight=108.135 47.6672 60.4675 13.5005 11.8576 9.73881 2.77723 46.9671 26.1874 9.21464 8.10015 6.96158 4.67975 2.19019
internal_count=1914 922 992 168 137 101 27 824 397 53 42 74 59 17
is_linear=0
shrinkage=0.08


Tree=29
num_leaves=15
num_cat=0
split_feature=6 7 10 1 2 0 7 10 10 11 1 11 10 13
split_gain=62.3239 10.3823 4.7033 2.65176 1.41989 2.28579 2.62875 1.39286 5.5456 1.66363 1.36067 1.49035 1.22696 2.08405
threshold=0.58335000000000015 0.87500000000000011 1.0000000180025095e-35 9.5000000000000018 1.0000000180025095e-35 2.5000000000000004 0.87500000000000011 0.68500000000000016 0.67500000000000016 1.0000000180025095e-35 13.500000000000002 1.0000000180025095e-35 0.68500000000000016 1.0000000180025095e-35
decision_type=2 2 2 2 2 2 2 2 2 2 2 2 2 2
left_child=1 12 3 -2 5 10 -7 8 -4 -10 11 -5 13 -1
right_child=2 -3 7 4 -6 6 -8 -9 9 -11 -12 -13 -14 -15
leaf_value=0.050445799206712529 -0.092748148702403721 -0.084080003466245612 0.084037001420280394 -0.021546928674588933 0.087175797847344957 0.11051528888986654 -0.091364601577762092 0.083975736551279836 -0.0086546352492738801 0.088238967313273978 0.085338909431823734 0.076148553275178624 0.085027246978940249 -0.12407293711562012
leaf_weight=1.5507333129644387 1.3615261502563942 39.845185797661543 15.731365531682968 3.0237265154719317 1.9686235673725612 0.5146780610084537 2.085508543998003 19.258751347661018 7.7518466264009476 1.3284405171871183 2.3946370184421539 1.4926894828677175 2.3097638040781021 0.61027142405509938
leaf_count=14 26 863 344 24 36 3 24 427 36 17 41 14 42 3
internal_value=2.64751e-05 -0.0711094 0.0554184 0.0128137 0.0253334 0.0125334 -0.0514047 0.0678327 0.0553025 0.00552084 0.0365892 0.0107417 0.0444896 0.00116141
internal_weight=101.228 44.316 56.9118 12.8414 11.4799 9.51124 2.60019 44.0704 24.8117 9.08029 6.91105 4.51642 4.47077 2.161
internal_count=1914 922 992 168 142 106 27 824 397 53 79 38 59 17
is_linear=0
shrinkage=0.08


Tree=30
num_leaves=15
num_cat=0
split_feature=6 7 10 0 10 10 2 14 2 0 7 13 1 5
split_gain=56.7773 9.61378 4.33066 2.42336 1.41975 5.36105 1.55785 1.81411 1.28832 2.11449 2.38824 1.24577 1.22438 1.19446
threshold=0.58335000000000015 0.87500000000000011 1.0000000180025095e-35 1.5000000000000002 0.68500000000000016 0.67500000000000016 1.0000000180025095e-35 1.0000000180025095e-35 1.0000000180025095e-35 2.5000000000000004 0.87500000000000011 1.0000000180025095e-35 13.500000000000002 1.0000000180025095e-35
decision_type=2 2 2 2 2 2 2 2 2 2 2 2 2 2
left_child=1 13 3 -2 5 -4 7 11 9 12 -11 -7 -5 -1
right_child=2 -3 4 8 -6 6 -8 -9 -10 10 -12 -13 -14 -15
leaf_value=0.065368911007110217 -0.085214485162085712 -0.083750983320344294 0.08371160762279678 0.011768758683527591 0.083655509054982466 0.0086719762597020685 0.098625673477053963 0.092619622144957253 0.086631040786135219 0.10762932595660012 -0.090426176271834427 -0.059541382164657437 0.084902444152672507 -0.03703344205415432
leaf_weight=3.3393651507794848 1.4354913383722294 36.920365504920483 14.576033174991608 4.3029465228319133 17.843355368822813 3.8935153409838676 1.0128792673349378 1.0257448218762872 1.828231435269118 0.48732082545757305 1.9443305246531963 3.0602487176656723 2.2214298695325851 0.93260389566421498
leaf_count=52 31 863 344 33 427 20 11 9 36 3 24 13 41 7
internal_value=3.0595e-05 -0.0706045 0.0542827 0.0124335 0.0666316 0.0537429 0.00516582 -0.00669751 0.0254314 0.0129384 -0.0507344 -0.0213477 0.0366694 0.0430137
internal_weight=94.8239 41.1923 53.6315 12.2198 41.4118 23.5684 8.99239 7.97951 10.7843 8.95603 2.43165 6.95376 6.52438 4.27197
internal_count=1914 922 992 168 824 397 53 42 137 101 27 33 74 59
is_linear=0
shrinkage=0.08


Tree=31
num_leaves=15
num_cat=0
split_feature=6 7 10 1 10 10 11 4 10 13 2 0 7 1
split_gain=51.7299 8.91451 4.00476 2.26159 1.42854 5.1477 1.47237 1.23445 1.18403 1.77159 1.00595 1.99745 2.14847 0.88629
threshold=0.58335000000000015 0.87500000000000011 1.0000000180025095e-35 9.5000000000000018 0.68500000000000016 0.67500000000000016 1.0000000180025095e-35 1.0000000180025095e-35 0.68500000000000016 1.0000000180025095e-35 1.0000000180025095e-35 2.5000000000000004 0.87500000000000011 13.500000000000002
decision_type=2 2 2 2 2 2 2 2 2 2 2 2 2 2
left_child=1 8 3 -2 5 -4 -7 -5 9 -1 11 13 -13 -9
right_child=2 -3 4 7 -6 6 -8 10 -10 -11 -12 12 -14 -15
leaf_value=0.046704138837848748 -0.092501307856704004 -0.083449632307909097 0.083413551694377044 -0.10009260456091915 0.083362147390969407 -0.0080175421133022329 0.08747924676711738 0.020085425420738968 0.084424742159709756 -0.11535187016642999 0.086127791007831855 0.10506488251897325 -0.090014672687081576 0.084503612911989226
leaf_weight=1.4530063644051545 1.1891686059534539 34.199866589158773 13.501499384641647 0.48954661935567756 16.527101293206215 7.6465517282485962 1.1947303451597688 4.0629950538277591 2.04342070966959 0.61424012482166279 1.6971307508647449 0.46038103848695766 1.6790949553251266 2.0599227957427502
leaf_count=14 26 863 344 7 427 36 17 34 42 3 36 3 21 41
internal_value=3.13216e-05 -0.0700706 0.0532038 0.0120358 0.0655302 0.0523397 0.00488702 0.0239327 0.0412398 -0.0014475 0.030029 0.0185061 -0.0480367 0.0417575
internal_weight=88.8187 38.3105 50.5081 11.6382 38.8699 22.3428 8.84128 10.4491 4.11067 2.06725 9.95952 8.26239 2.13948 6.12292
internal_count=1914 922 992 168 824 397 53 142 59 17 135 99 24 75
is_linear=0
shrinkage=0.08


Tree=32
num_leaves=15
num_cat=0
split_feature=6 7 10 1 10 10 2 14 2 0 7 1 11 10
split_gain=47.1172 8.26925 3.67787 2.05514 1.4528 4.96856 1.38984 1.63861 1.14223 1.645 1.97887 1.16609 1.32174 1.11743
threshold=0.58335000000000015 0.87500000000000011 1.0000000180025095e-35 9.5000000000000018 0.68500000000000016 0.67500000000000016 1.0000000180025095e-35 1.0000000180025095e-35 1.0000000180025095e-35 2.5000000000000004 0.87500000000000011 13.500000000000002 1.0000000180025095e-35 0.68500000000000016
decision_type=2 2 2 2 2 2 2 2 2 2 2 2 2 2
left_child=1 13 3 -2 5 -4 7 -7 9 11 -11 12 -5 -1
right_child=2 -3 4 8 -6 6 -8 -9 -10 10 -12 -13 -14 -15
leaf_value=-0.0012792424019786536 -0.091819197891854179 -0.083173437517764251 0.083140367449419536 -0.020993234068962936 0.083093238039852177 -0.02001026239486893 0.097504518344266627 0.091606765932885928 0.085662765416885431 0.10277703771735656 -0.088786479510388872 0.084138861487856487 0.073489363705280211 0.08406750800740681
leaf_weight=2.0385282337665553 1.1055670604109753 31.671028673648834 12.502743244171143 2.9680839963257277 15.303804483264683 6.8799856081604958 0.9215804487466811 0.95912321656942356 1.5748082138597972 0.43405596911907207 1.6844207085669041 1.9094565734267233 1.3920154795050619 1.8940047472715376
leaf_count=17 26 863 344 24 427 33 11 9 36 3 24 41 14 42
internal_value=3.2426e-05 -0.0695878 0.0520675 0.0116634 0.0642973 0.0507695 0.00457157 -0.0063538 0.0231468 0.0114097 -0.0495369 0.0320036 0.0091715 0.0398259
internal_weight=83.2392 35.6036 47.6356 11.0684 36.5672 21.2634 8.76069 7.83911 9.96284 8.38803 2.11848 6.26956 4.3601 3.93253
internal_count=1914 922 992 168 824 397 53 42 142 106 27 79 38 59
is_linear=0
shrinkage=0.08


Tree=33
num_leaves=15
num_cat=0
split_feature=6 7 10 1 10 10 11 5 4 11 13 6 10 2
split_gain=42.9038 7.68824 3.39023 1.95279 1.46364 4.77152 1.3261 1.07613 0.947589 0.905801 0.794081 0.777055 1.43188 0.690105
threshold=0.58335000000000015 0.87500000000000011 1.0000000180025095e-35 10.500000000000002 0.68500000000000016 0.67500000000000016 1.0000000180025095e-35 1.0000000180025095e-35 1.0000000180025095e-35 1.0000000180025095e-35 1.0000000180025095e-35 0.29165000000000002 0.68500000000000016 1.0000000180025095e-35
decision_type=2 2 2 2 2 2 2 2 2 2 2 2 2 2
left_child=1 7 3 9 5 -4 10 11 -5 -2 -7 12 -1 -10
right_child=2 -3 4 8 -6 6 -8 -9 13 -11 -12 -13 -14 -15
leaf_value=-0.13358243058223793 -0.096249015515701961 -0.082920174837001731 0.082889835511209251 -0.10413659912829638 0.082846590036386961 0.015876957217359686 0.086947761682425226 -0.038594467164331139 0.024243205690763717 0.001911452982334048 -0.036271290717989645 0.087445587277061046 0.083463082427673585 0.085232992053090859
leaf_weight=0.32838430255651463 1.3249303698539725 29.321712199598551 11.574952721595764 0.32317443192004969 14.167541176080702 4.1562903821468353 1.0867068134248254 0.89489395916461933 6.3438146971166134 1.1021021790802479 3.39557945728302 2.0942515507340431 0.47723440825939178 1.4607636481523512
leaf_count=2 27 863 344 4 427 21 17 7 90 11 15 38 12 36
internal_value=3.74076e-05 -0.0690533 0.0509553 0.0112962 0.0631304 0.0493115 0.00431945 0.0380946 0.0301 -0.0516749 -0.00757068 0.0617607 -0.00500847 0.0356585
internal_weight=78.0523 33.1165 44.9359 10.5548 34.3811 20.2135 8.63858 3.79476 8.12775 2.42703 7.55187 2.89987 0.805619 7.80458
internal_count=1914 922 992 168 824 397 53 59 130 38 36 52 14 126
is_linear=0
shrinkage=0.08


Tree=34
num_leaves=15
num_cat=0
split_feature=6 7 10 9 2 6 11 14 0 1 5 10 13 14
split_gain=38.9684 7.15457 3.23576 4.52885 2.85531 1.72068 1.90544 2.90843 1.62949 1.44048 1.41085 1.0301 1.39353 0.88816
threshold=0.58335000000000015 0.87500000000000011 0.68500000000000016 1.0000000180025095e-35 1.0000000180025095e-35 1.4166500000000002 1.0000000180025095e-35 1.0000000180025095e-35 1.5000000000000002 9.5000000000000018 1.5000000000000002 0.68500000000000016 1.0000000180025095e-35 1.0000000180025095e-35
decision_type=2 2 2 2 2 2 2 2 2 2 2 2 2 2
left_child=1 11 3 -2 5 6 7 -5 -7 -8 -11 12 13 -1
right_child=2 -3 -4 4 -6 8 9 -9 -10 10 -12 -13 -14 -15
leaf_value=0.091885136501650935 0.082659960570104302 -0.082687806422595087 0.082620275552426833 -0.039397475624118439 0.087734522440462065 -0.089764634884349284 -0.10566070910818898 0.06880911259584449 0.1043001289894724 0.077342598492896 -0.085511375270886952 0.083551993065627259 -0.10071470839449954 -0.042291605907962104
leaf_weight=0.87267226353287985 8.8760401681065577 27.140327360481024 13.112658822908996 10.057562056928877 2.9135874956846228 0.3319274522364134 0.37703059054911081 1.8882251977920539 1.6705969348549841 3.038995392620564 0.3834126479923724 1.6472139880061147 0.62676545977592457 0.49471818655729294
leaf_count=10 285 863 427 86 70 6 6 32 23 50 7 42 3 4
internal_value=3.85718e-05 -0.0685605 0.0495484 0.0348666 0.0143348 0.00228497 -0.00659852 -0.0222937 0.072133 0.0427485 0.0590981 0.0367353 -0.00193632 0.0433404
internal_weight=73.4317 30.7817 42.65 29.5374 20.6613 17.7478 15.7452 11.9458 2.00252 3.79944 3.42241 3.64137 1.99416 1.36739
internal_count=1914 922 992 565 280 210 181 118 29 63 57 59 17 14
is_linear=0
shrinkage=0.08


Tree=35
num_leaves=15
num_cat=0
split_feature=6 7 10 9 2 4 5 6 11 14 0 1 5 1
split_gain=35.4661 6.65282 3.1474 4.30236 2.6407 1.76131 1.64391 1.56463 1.67394 2.5137 1.48758 1.29827 1.27132 0.804876
threshold=0.58335000000000015 0.87500000000000011 0.68500000000000016 1.0000000180025095e-35 1.0000000180025095e-35 1.0000000180025095e-35 1.0000000180025095e-35 1.4166500000000002 1.0000000180025095e-35 1.0000000180025095e-35 1.5000000000000002 9.5000000000000018 1.5000000000000002 14.500000000000002
decision_type=2 2 2 2 2 2 2 2 2 2 2 2 2 2
left_child=1 5 3 -2 7 -1 -7 8 9 13 -9 -10 -13 -5
right_child=2 -3 -4 4 -6 6 -8 10 11 -11 -12 12 -14 -15
leaf_value=-0.15216870732211921 0.082448923719862274 -0.08247449410788564 0.082412482182328939 -0.058381555458075968 0.087189820344310276 0.086564377753875474 -0.045082355569344923 -0.089005726993339224 -0.10361427362213033 0.066061811520025909 0.10316121703426427 0.07524149409181273 -0.085064380785521698 -0.01307436998620882
leaf_weight=0.29287928342819514 8.2137378584593552 25.115845354273915 12.133789610117672 5.1480687260627782 2.705701205879449 2.3694404363632207 0.81618282198905934 0.30891389399766822 0.35463609360158388 1.8125936295837171 1.5584929361939428 2.8805266320705418 0.35571864247322071 4.8959669135510921
leaf_count=2 285 863 427 50 70 51 6 6 6 32 23 50 7 36
internal_value=5.24943e-05 -0.0681138 0.0483374 0.0336935 0.0136909 0.0355747 0.0528354 0.00220567 -0.00615568 -0.0206484 0.0713722 0.0416975 0.0576211 -0.0362966
internal_weight=68.9625 28.5943 40.3681 28.2344 20.0206 3.4785 3.18562 17.3149 15.4475 11.8566 1.86741 3.59088 3.23625 10.044
internal_count=1914 922 992 565 280 59 57 210 181 118 29 63 57 86
is_linear=0
shrinkage=0.08


Tree=36
num_leaves=15
num_cat=0
split_feature=6 7 10 9 2 4 5 6 11 14 0 1 5 13
split_gain=32.2605 6.19665 3.06135 4.08656 2.44319 1.482 1.51394 1.42347 1.47033 2.17146 1.35836 1.16953 1.14432 0.742803
threshold=0.58335000000000015 0.87500000000000011 0.68500000000000016 1.0000000180025095e-35 1.0000000180025095e-35 1.0000000180025095e-35 1.0000000180025095e-35 1.4166500000000002 1.0000000180025095e-35 1.0000000180025095e-35 1.5000000000000002 9.5000000000000018 1.5000000000000002 1.0000000180025095e-35
decision_type=2 2 2 2 2 2 2 2 2 2 2 2 2 2
left_child=1 5 3 -2 7 -1 -7 8 9 13 -9 -10 -13 -5
right_child=2 -3 -4 4 -6 6 -8 10 11 -11 -12 12 -14 -15
leaf_value=-0.13275348690358951 0.082255118463141111 -0.082278595719677966 0.0822216365299661 -0.014073914603396874 0.086680501720920969 0.086072274750250991 -0.041039217189789111 -0.088306027773739845 -0.10171897949803366 0.06325938536307682 0.1020529722033784 0.073072265208016574 -0.084655385758685947 -0.057917569290468346
leaf_weight=0.30814408510923685 7.5993753690272596 23.237806420773268 11.225842505693434 5.5955211352556979 2.5117575973272315 2.1992665268480782 0.82449821010231961 0.28733102977275748 0.33322078920900766 1.7443419732153422 1.453662723302841 2.7348134126514201 0.32989160530269135 4.4318786635994911
leaf_count=2 285 863 427 48 70 51 6 6 6 32 23 50 7 38
internal_value=6.6324e-05 -0.0676493 0.0471067 0.0325187 0.0130584 0.0343803 0.0514124 0.00212328 -0.00573984 -0.0191211 0.0706364 0.040618 0.0560941 -0.0334518
internal_weight=64.8174 26.5697 38.2476 27.0218 19.4224 3.33191 3.02376 16.9107 15.1697 11.7717 1.74099 3.39793 3.06471 10.0274
internal_count=1914 922 992 565 280 59 57 210 181 118 29 63 57 86
is_linear=0
shrinkage=0.08


Tree=37
num_leaves=15
num_cat=0
split_feature=6 7 10 9 2 15 6 6 11 14 0 1 5 1
split_gain=29.3425 5.77466 2.9724 3.87732 2.2608 1.61922 2.17536 1.29595 1.29269 1.87779 1.24063 1.05298 1.02877 0.765391
threshold=0.58335000000000015 0.87500000000000011 0.68500000000000016 1.0000000180025095e-35 1.0000000180025095e-35 1.0000000180025095e-35 1.0000000180025095e-35 1.4166500000000002 1.0000000180025095e-35 1.0000000180025095e-35 1.5000000000000002 9.5000000000000018 1.5000000000000002 20.500000000000004
decision_type=2 2 2 2 2 2 2 2 2 2 2 2 2 2
left_child=1 5 3 -2 7 6 -1 8 9 13 -9 -10 -13 -5
right_child=2 -3 -4 4 -6 -7 -8 10 11 -11 -12 12 -14 -15
leaf_value=-0.17708155780478083 0.082077046016588662 -0.082098626602522651 0.082046283271822229 -0.036454909568539667 0.08620460923823553 -0.16227682115675635 0.070664990341917269 -0.087660915209514342 -0.099968356807622311 0.060413497060240857 0.10097122464431477 0.070832929121266444 -0.084280882190064049 0.058045019460112396
leaf_weight=0.24767379462719308 7.0297091826796558 21.496313411742449 10.384007235988973 9.3962429799139517 2.3309254031628361 0.24995078146457661 2.6949224323034286 0.26711250469088454 0.31276802346110288 1.6829883903265006 1.3556959368288515 2.6011394765228038 0.30582646839320649 0.58253746479749757
leaf_count=1 285 863 427 81 70 1 57 6 6 32 23 50 7 5
internal_value=7.72448e-05 -0.0671882 0.0458912 0.031376 0.0124533 0.0332077 0.0498125 0.00203731 -0.00536548 -0.0177546 0.0699226 0.0395076 0.0545142 -0.0309382
internal_weight=60.9378 24.6889 36.249 25.8649 18.8352 3.19255 2.9426 16.5043 14.8815 11.6618 1.62281 3.21973 2.90697 9.97878
internal_count=1914 922 992 565 280 59 58 210 181 118 29 63 57 86
is_linear=0
shrinkage=0.08


Tree=38
num_leaves=15
num_cat=0
split_feature=6 7 10 9 2 6 15 6 11 14 0 1 0 7
split_gain=26.6725 5.3766 2.89275 3.68282 2.09336 1.59111 1.69433 1.17999 1.13376 1.61805 1.13331 0.947466 0.959891 1.13309
threshold=0.58335000000000015 0.87500000000000011 0.68500000000000016 1.0000000180025095e-35 1.0000000180025095e-35 1.0000000180025095e-35 1.0000000180025095e-35 1.4166500000000002 1.0000000180025095e-35 1.0000000180025095e-35 1.5000000000000002 9.5000000000000018 2.5000000000000004 0.87500000000000011
decision_type=2 2 2 2 2 2 2 2 2 2 2 2 2 2
left_child=1 5 3 -2 7 -1 -7 8 9 -5 -9 -10 -13 -14
right_child=2 -3 -4 4 -6 6 -8 10 11 -11 -12 12 13 -15
leaf_value=-0.16132632637346173 0.081913376079712635 -0.081933214489196451 0.081885096994752743 -0.028478052875426228 0.085760259090799026 0.068710823224165052 -0.14995222636193972 -0.087066134693185901 -0.098354648385118829 0.057538774891015491 0.099913794185386373 0.086118237447849147 0.092892417452286866 -0.088016391641501407
leaf_weight=0.24998310208320917 6.5016789268702295 19.882033398374915 9.6037495136260969 9.9747730977833307 2.1624118387699118 2.5556204523891215 0.24887754023075093 0.24819186516106029 0.29326474852859918 1.6280397810041911 1.2641753964126108 1.8455005381256344 0.37488769181072712 0.54181432537734497
leaf_count=1 285 863 427 86 70 57 1 6 6 32 23 41 6 10
internal_value=8.56549e-05 -0.0667516 0.0446002 0.0301819 0.0118357 0.0320677 0.0493062 0.00195018 -0.00499129 -0.0164087 0.0692289 0.038365 0.0528806 -0.0140333
internal_weight=57.375 22.9365 34.4385 24.8347 18.3331 3.05448 2.8045 16.1706 14.6583 11.6028 1.51237 3.05547 2.7622 0.916702
internal_count=1914 922 992 565 280 59 58 210 181 118 29 63 57 16
is_linear=0
shrinkage=0.08


Tree=39
num_leaves=15
num_cat=0
split_feature=6 7 10 9 2 6 15 0 0 14 6 11 1 7
split_gain=24.262 5.00597 2.80148 3.48742 1.9368 1.37894 1.48899 1.09605 1.27827 1.35743 1.4602 1.54862 0.934517 0.9297
threshold=0.58335000000000015 0.87500000000000011 0.68500000000000016 1.0000000180025095e-35 1.0000000180025095e-35 1.0000000180025095e-35 1.0000000180025095e-35 2.5000000000000004 1.5000000000000002 1.0000000180025095e-35 1.4166500000000002 1.0000000180025095e-35 15.500000000000002 0.87500000000000011
decision_type=2 2 2 2 2 2 2 2 2 2 2 2 2 2
left_child=1 5 3 -2 7 -1 -7 8 -5 10 11 12 -10 -9
right_child=2 -3 -4 4 -6 6 -8 13 9 -11 -12 -13 -14 -15
leaf_value=-0.14920987352511642 0.081762895561964463 -0.081781135160848367 0.081736879328520529 -0.083394903969550779 0.085345649320496125 0.066717866720449659 -0.14021131748763302 0.019337285305483756 -0.030544760581496952 0.08607042946274511 0.10253113076444031 0.066353078888452766 0.03356403911145088 -0.087725435705938271
leaf_weight=0.24869263172149958 6.0124041885137549 18.386173559352756 8.8808014933019859 0.86821852810681299 2.0054617300629607 2.4267558399587874 0.24502025544643391 0.80586490035057079 6.4919653721153683 1.5899487845599658 0.93763077817857343 1.7615816742181785 1.8756806626915929 1.4587267842143765
leaf_count=1 285 863 427 31 70 57 1 10 40 36 17 37 15 24
internal_value=9.59868e-05 -0.0663266 0.043391 0.0290871 0.0112895 0.0309697 0.047741 0.00188358 0.0105083 0.0169498 0.00701939 -0.00182183 -0.0161742 -0.0496267
internal_weight=53.9949 21.3066 32.6883 23.8075 17.7951 2.92047 2.67178 15.7896 13.525 12.6568 11.0669 10.1292 8.36765 2.26459
internal_count=1914 922 992 565 280 59 58 210 176 145 109 92 55 34
is_linear=0
shrinkage=0.08


Tree=40
num_leaves=15
num_cat=0
split_feature=6 7 10 9 2 6 15 1 0 11 14 6 7 1
split_gain=22.0798 4.66152 2.70177 3.29516 1.79202 1.2042 1.31393 0.987143 1.17441 1.34521 1.43811 1.30907 0.866674 0.813021
threshold=0.58335000000000015 0.87500000000000011 0.68500000000000016 1.0000000180025095e-35 1.0000000180025095e-35 1.0000000180025095e-35 1.0000000180025095e-35 9.5000000000000018 2.5000000000000004 1.0000000180025095e-35 1.0000000180025095e-35 1.4166500000000002 0.87500000000000011 15.500000000000002
decision_type=2 2 2 2 2 2 2 2 2 2 2 2 2 2
left_child=1 5 3 -2 7 -1 -7 -5 9 10 11 13 -10 -9
right_child=2 -3 -4 4 -6 6 -8 8 12 -11 -12 -13 -14 -15
leaf_value=-0.13961657320324111 0.081624485074353881 -0.08164126820353465 0.081600564899788883 -0.088148918994291989 0.084959058364302592 0.064688792626988956 -0.13233414772151389 -0.028790324105532509 0.017972306241953642 0.075947056601725585 0.082338750016742068 0.099425635568492779 -0.087107068738032395 0.030989088195072446
leaf_weight=0.24467131495476069 5.5591776128858355 17.000474750995636 8.2111522275954467 0.7430338300764604 1.8593567293137319 2.3076005242764954 0.23907342553138722 6.5866265594959188 0.7980409897863866 1.9984149523079402 1.3210094179958112 0.68479363061487752 1.3557445388287297 1.8692859038710592
leaf_count=1 285 863 427 26 70 57 1 43 10 53 30 9 24 15
internal_value=9.81353e-05 -0.0659092 0.0422584 0.0280745 0.0107831 0.0299061 0.0461929 0.00180221 0.00637571 0.0158045 0.00431599 -0.00695981 -0.0481721 -0.0155753
internal_weight=50.7785 19.7918 30.9866 22.7755 17.2163 2.79135 2.54667 15.3569 14.6139 12.4601 10.4617 9.14071 2.15379 8.45591
internal_count=1914 922 992 565 280 59 58 210 184 150 97 67 34 58
is_linear=0
shrinkage=0.08


Tree=41
num_leaves=15
num_cat=0
split_feature=6 7 10 9 2 6 5 0 6 0 14 11 1 1
split_gain=20.0861 4.34181 2.60603 3.11339 1.65856 1.0576 1.16541 0.91383 1.42974 0.920546 1.28152 1.23803 0.888476 0.706078
threshold=0.58335000000000015 0.87500000000000011 0.68500000000000016 1.0000000180025095e-35 1.0000000180025095e-35 1.0000000180025095e-35 1.0000000180025095e-35 1.5000000000000002 1.4166500000000002 2.5000000000000004 1.0000000180025095e-35 1.0000000180025095e-35 9.5000000000000018 14.500000000000002
decision_type=2 2 2 2 2 2 2 2 2 2 2 2 2 2
left_child=1 5 3 -2 7 -1 -7 -5 9 10 11 13 -13 -9
right_child=2 -3 -4 4 -6 6 -8 8 -10 -11 -12 12 -14 -15
leaf_value=-0.13184803572144416 0.081497156896293929 -0.081512594814594733 0.081475144240737943 -0.083279952862087253 0.084598827837800497 0.084381474386534788 -0.032641359817491299 -0.035947816878409124 0.096695257833230366 -0.050997727071355352 0.085374577856451458 -0.10429109432262015 0.085180430241441327 0.01056813118710717
leaf_weight=0.23860248923301819 5.1394601259380641 15.717184180393815 7.5910436902195206 0.76791480183601457 1.7234148476272828 1.6045063566416504 0.82454456761479367 4.3550364673137612 1.0383422356098879 1.9861370362341393 1.2234007436782128 0.1786663085222252 1.3959524445235727 4.0128477290272713
leaf_count=1 285 863 427 31 70 51 7 27 23 33 31 1 36 28
internal_value=9.91431e-05 -0.0654959 0.041101 0.0270558 0.010283 0.0288707 0.0446579 0.00172068 0.00632051 -0.000814503 0.00811185 -0.00139514 0.0636818 -0.0136409
internal_weight=47.7971 18.3848 29.4122 21.8212 16.6817 2.66765 2.42905 14.9583 14.1904 13.152 11.1659 9.9425 1.57462 8.36788
internal_count=1914 922 992 565 280 59 58 210 179 156 123 92 37 55
is_linear=0
shrinkage=0.08


Tree=42
num_leaves=15
num_cat=0
split_feature=6 7 10 9 2 6 12 0 6 5 11 14 6 13
split_gain=18.2643 4.04974 2.51373 2.94036 1.53459 0.93422 1.15199 0.837643 1.30893 0.836532 1.01844 1.3532 0.521492 0.552545
threshold=0.58335000000000015 0.87500000000000011 0.68500000000000016 1.0000000180025095e-35 1.0000000180025095e-35 1.0000000180025095e-35 1.5000000000000002 1.5000000000000002 1.4166500000000002 1.5000000000000002 1.0000000180025095e-35 1.0000000180025095e-35 0.77500000000000013 1.0000000180025095e-35
decision_type=2 2 2 2 2 2 2 2 2 2 2 2 2 2
left_child=1 5 3 -2 7 -1 -7 -5 9 10 11 12 -9 -14
right_child=2 -3 -4 4 -6 6 -8 8 -10 -11 -12 -13 13 -15
leaf_value=-0.12544346987484184 0.08137998416446772 -0.0813941883225653 0.0813597176031816 -0.083034989978295656 0.084263367290064228 -0.033891789387659965 0.084516055614781607 -0.080272666639652809 0.095745172313761076 -0.088546733340366959 0.054372895062178996 0.078331821775563762 0.0064442141766003951 -0.035456466801445534
leaf_weight=0.23102837800979736 4.7508735023438993 14.529039330780506 7.0169540736824265 0.71088114473968822 1.5969891026616103 0.80704382434487376 1.5092885848134754 0.75495119392871046 0.96763778850436288 0.65870022121816951 2.123723752796649 1.0746306236833341 4.8858934938907623 3.4269990436732769
leaf_count=1 285 863 427 31 70 6 52 7 23 15 51 27 34 22
internal_value=0.000112241 -0.0650812 0.039917 0.0260372 0.00980752 0.0279607 0.043261 0.00166524 0.00599935 -0.000719576 0.00399678 -0.00655143 -0.0166109 -0.0108294
internal_weight=45.0446 17.0764 27.9682 20.9513 16.2004 2.54736 2.31633 14.6034 13.8925 12.9249 12.2662 10.1425 9.06784 8.31289
internal_count=1914 922 992 565 280 59 58 210 179 156 141 90 63 56
is_linear=0
shrinkage=0.08


Tree=43
num_leaves=15
num_cat=0
split_feature=6 7 10 9 2 15 13 1 11 6 14 1 0 1
split_gain=16.5981 3.77888 2.42453 2.77744 1.42106 0.880779 1.10824 0.7929 0.861179 0.981292 0.95861 0.590214 0.583653 0.553561
threshold=0.58335000000000015 0.87500000000000011 0.68500000000000016 1.0000000180025095e-35 1.0000000180025095e-35 1.0000000180025095e-35 1.0000000180025095e-35 9.5000000000000018 1.0000000180025095e-35 1.4166500000000002 1.0000000180025095e-35 11.500000000000002 2.5000000000000004 18.500000000000004
decision_type=2 2 2 2 2 2 2 2 2 2 2 2 2 2
left_child=1 5 3 -2 7 6 -1 -5 9 10 11 -9 -13 -12
right_child=2 -3 -4 4 -6 -7 -8 8 -10 -11 13 12 -14 -15
leaf_value=0.085102190388899254 0.081272126754258239 -0.081285209362542368 0.081253474278246265 -0.087681589702113427 0.083951168955578623 -0.1228961339405837 -0.033010513382513457 -0.091110526717173221 0.049146744151406331 0.085583797391859964 0.084962286573426471 -0.0054781000394370548 -0.071261217942663074 -0.064052361134357569
leaf_weight=1.410506412386894 4.391192933544521 13.429245457053183 6.4855910288169971 0.60966693144291539 1.4794667493551976 0.22721223533153523 0.79496389999985684 0.66259943135082267 2.3933135056868187 0.73639727383852083 0.93884467147290773 7.76112252473831 0.97120596095919598 0.19221056997776031
leaf_count=44 285 863 427 26 70 1 14 7 69 14 25 51 13 5
internal_value=0.000114964 -0.064666 0.0387133 0.0250116 0.00932072 0.0270777 0.0425284 0.00158077 0.00556594 -0.0036952 -0.00994116 -0.0183179 -0.0127945 0.0596389
internal_weight=42.4835 15.8619 26.6216 20.136 15.7448 2.43268 2.20547 14.2654 13.6557 11.2624 10.526 9.39493 8.73233 1.13106
internal_count=1914 922 992 565 280 59 58 210 184 115 101 71 64 30
is_linear=0
shrinkage=0.08


Tree=44
num_leaves=15
num_cat=0
split_feature=6 7 10 9 2 6 5 12 0 1 13 10 1 7
split_gain=15.0652 3.52889 2.34371 2.62638 1.31675 0.797566 1.04506 0.732989 0.838203 1.12919 1.14101 0.917439 1.64818 0.495661
threshold=0.58335000000000015 0.87500000000000011 0.68500000000000016 1.0000000180025095e-35 1.0000000180025095e-35 1.0000000180025095e-35 1.0000000180025095e-35 2.5000000000000004 2.5000000000000004 18.500000000000004 1.0000000180025095e-35 0.67500000000000016 11.500000000000002 0.87500000000000011
decision_type=2 2 2 2 2 2 2 2 2 2 2 2 2 2
left_child=1 5 3 -2 7 -1 -7 8 9 10 -5 12 -12 -10
right_child=2 -3 -4 4 -6 6 -8 -9 13 -11 11 -13 -14 -15
leaf_value=-0.11878428381943967 0.081172824649231382 -0.081184875847129703 0.081155649944948727 0.021014170389951202 0.08366077964340296 0.084051101039550727 -0.033006086482150414 0.082820162529304367 0.0038008583219548025 0.1382654429017616 -0.058791034080299148 -0.062802274306269071 0.091218571995492173 -0.085941166231549307
leaf_weight=0.2199012935161585 4.0583395957946822 12.411455492489038 5.9938789391890159 6.7910377029329467 1.3702681409195072 1.3374091647565367 0.76866248995065678 0.6750095374882229 0.60583918914198864 0.39383761212229806 1.0078576477244494 2.5228127725422382 0.87634695414453734 1.1258889250457293
leaf_count=1 285 863 427 99 70 51 7 28 5 6 22 12 14 24
internal_value=0.000115926 -0.064238 0.0374239 0.0239314 0.00881615 0.0261909 0.0413282 0.00148992 -0.00263049 0.00512513 0.000442556 -0.0312575 0.0109787 -0.0545452
internal_weight=40.1585 14.7374 25.4211 19.4272 15.3689 2.32597 2.10607 13.9986 13.3236 11.5919 11.1981 4.40702 1.8842 1.73173
internal_count=1914 922 992 565 280 59 58 210 182 153 147 48 36 29
is_linear=0
shrinkage=0.08


Tree=45
num_leaves=15
num_cat=0
split_feature=6 7 10 9 2 15 13 0 6 5 11 14 6 1
split_gain=13.6832 3.29538 2.25571 2.47738 1.21947 0.752942 0.992173 0.712512 1.12685 0.677431 0.813307 1.06968 0.383021 0.412227
threshold=0.58335000000000015 0.87500000000000011 0.68500000000000016 1.0000000180025095e-35 1.0000000180025095e-35 1.0000000180025095e-35 1.0000000180025095e-35 1.5000000000000002 1.4166500000000002 1.5000000000000002 1.0000000180025095e-35 1.0000000180025095e-35 0.77500000000000013 15.500000000000002
decision_type=2 2 2 2 2 2 2 2 2 2 2 2 2 2
left_child=1 5 3 -2 7 6 -1 -5 9 10 11 12 -9 -14
right_child=2 -3 -4 4 -6 -7 -8 8 -10 -11 -12 -13 13 -15
leaf_value=0.084754208072522208 0.081081390418559177 -0.081092477017109851 0.081065568933082727 -0.082788380371941875 0.083390824833733557 -0.11670378286649814 -0.031112069889649586 -0.071753473677497626 0.095012731000861855 -0.086915161616542433 0.051111027555573021 0.076679830230156495 -0.01955760186025687 0.022945960754262855
leaf_weight=1.2420401107519863 3.7503729527816221 11.469741918146608 5.5389465931802979 0.61438274383544822 1.2688456987962133 0.21559113264083851 0.76389760524034489 0.6892051547765633 0.83972064033150751 0.55783260799944479 1.9071806017309434 0.90823635552078563 6.2651355303823948 1.9042566940188406
leaf_count=44 285 863 427 31 70 1 14 7 23 15 51 27 40 16
internal_value=0.00011635 -0.0638194 0.0362225 0.0229436 0.0083638 0.0253615 0.0406302 0.00140792 0.00536527 -0.000789058 0.0033264 -0.00600455 -0.0144819 -0.00965017
internal_weight=37.9354 13.6913 24.2441 18.7052 14.9548 2.22153 2.00594 13.686 13.0716 12.2318 11.674 9.76683 8.8586 8.16939
internal_count=1914 922 992 565 280 59 58 210 179 156 141 90 63 56
is_linear=0
shrinkage=0.08


Tree=46
num_leaves=15
num_cat=0
split_feature=6 7 10 9 2 6 5 1 11 6 14 1 0 7
split_gain=12.4183 3.07997 2.1718 2.33673 1.12944 0.684234 0.935025 0.677252 0.686802 0.813092 0.755293 0.493815 0.492725 0.831438
threshold=0.58335000000000015 0.87500000000000011 0.68500000000000016 1.0000000180025095e-35 1.0000000180025095e-35 1.0000000180025095e-35 1.0000000180025095e-35 9.5000000000000018 1.0000000180025095e-35 1.4166500000000002 1.0000000180025095e-35 11.500000000000002 2.5000000000000004 0.87500000000000011
decision_type=2 2 2 2 2 2 2 2 2 2 2 2 2 2
left_child=1 5 3 -2 7 -1 -7 -5 9 10 11 -9 -10 -14
right_child=2 -3 -4 4 -6 6 -8 8 12 -11 -12 -13 13 -15
leaf_value=-0.11338540105838735 0.080997167260315125 -0.081007389634188645 0.080982599063628966 -0.0874281605703503 0.083139990568854363 0.083708102862712186 -0.031084621080306716 -0.085256220545782274 0.073064238383404242 0.083149936922134224 0.05899671950259875 -0.010920465270122397 0.090537038545672091 -0.086517450306857827
leaf_weight=0.20774582028388899 3.4654843853786632 10.598576669581233 5.1181184351444236 0.52847560029476781 1.174682708457113 1.1782653229311106 0.73891510441899311 0.61300232261418841 1.4417509259656065 0.65470146946609098 0.95130708906799633 8.5376879908144456 0.30150748230516911 0.38841979578137387
leaf_count=1 285 863 427 26 70 51 7 7 53 14 30 64 6 10
internal_value=0.00011903 -0.0633832 0.0349827 0.0219445 0.00791945 0.0245214 0.039465 0.00133369 0.00497328 -0.00324778 -0.00884714 -0.0159002 0.0464577 -0.00914226
internal_weight=35.8986 12.7235 23.1751 18.057 14.5915 2.12493 1.91718 13.4169 12.8884 10.7567 10.102 9.15069 2.13168 0.689927
internal_count=1914 922 992 565 280 59 58 210 184 115 101 71 69 16
is_linear=0
shrinkage=0.08


Tree=47
num_leaves=15
num_cat=0
split_feature=4 10 9 2 6 7 10 13 1 10 1 1 12 1
split_gain=11.2749 3.20737 2.84576 1.72729 1.97831 1.87122 0.605258 0.570717 0.732775 1.12683 0.997826 0.556106 0.405081 0.975793
threshold=1.0000000180025095e-35 0.68500000000000016 1.0000000180025095e-35 1.0000000180025095e-35 0.77500000000000013 0.70835000000000015 0.67500000000000016 1.0000000180025095e-35 18.500000000000004 0.67500000000000016 10.500000000000002 13.500000000000002 1.5000000000000002 13.500000000000002
decision_type=2 2 2 2 2 2 2 2 2 2 2 2 2 2
left_child=-1 2 -2 4 5 6 -4 12 9 10 -9 -11 -6 -14
right_child=1 -3 3 -5 7 -7 -8 8 -10 11 -12 -13 13 -15
leaf_value=-0.080868768452578468 0.080919584211564935 0.081004328379512602 0.090795744185137334 0.084320261888033807 -0.004118764873561399 -0.086786785953763684 -0.03466215888024838 -0.048205824831001554 0.088693584869731557 -0.027840418994578731 0.078644432410286069 -0.1057209812534565 0.10648689138313212 0.017046636296360357
leaf_weight=8.311671960167585 3.2019881671294632 5.4177700886502853 0.58877780847252015 1.386519959196449 2.4128683116286975 3.1330946274101681 0.42286196909844875 0.66837979946285464 0.40468777902424324 1.4953306019306185 0.97700305376201868 0.96576245687901963 0.99524707626551379 3.6210537971928716
leaf_count=696 285 468 10 76 43 200 6 13 6 7 21 6 27 50
internal_value=0.000122349 0.0263246 0.0117124 -0.00126828 -0.00883408 -0.0562424 0.0383548 0.00819273 -0.0140147 -0.0241365 0.0271159 -0.0584017 0.022445 0.0363294
internal_weight=34.003 25.6913 20.2736 17.0716 15.6851 4.14473 1.01164 11.5403 4.51116 4.10648 1.64538 2.46109 7.02917 4.6163
internal_count=1914 1218 750 465 389 216 16 173 53 47 34 13 120 77
is_linear=0
shrinkage=0.08


Tree=48
num_leaves=15
num_cat=0
split_feature=4 10 9 2 6 7 10 13 1 10 1 1 12 1
split_gain=10.2973 3.0225 2.64005 1.57999 1.80086 1.73082 0.553618 0.489428 0.621704 0.972142 0.889412 0.493678 0.351815 0.918511
threshold=1.0000000180025095e-35 0.68500000000000016 1.0000000180025095e-35 1.0000000180025095e-35 0.77500000000000013 0.70835000000000015 0.67500000000000016 1.0000000180025095e-35 18.500000000000004 0.67500000000000016 10.500000000000002 13.500000000000002 1.5000000000000002 13.500000000000002
decision_type=2 2 2 2 2 2 2 2 2 2 2 2 2 2
left_child=-1 2 -2 4 5 6 -4 12 9 10 -9 -11 -6 -14
right_child=1 -3 3 -5 7 -7 -8 8 -10 11 -12 -13 13 -15
leaf_value=-0.080592288121355632 0.080848105817811766 0.08092649565866461 0.089905878040821799 0.08400846952726225 -0.0037812575525925009 -0.08641537159951565 -0.031577000290649873 -0.045082368160264188 0.080923990265787907 -0.025824148864852802 0.076591368801326512 -0.099891253177487024 0.10472697437083013 0.015713840719865077
leaf_weight=7.6979186516255131 2.9583148285746637 5.0058474140241733 0.54867046605796277 1.284477015957237 2.4177636373788101 2.9041409809142298 0.42686720006167889 0.65796192735433556 0.40791729558259238 1.4836179912090304 0.92508935555815697 0.94137016870081414 0.93355619441717852 3.6142197111621499
leaf_count=696 285 468 10 76 43 200 6 13 6 7 21 6 27 50
internal_value=0.00012278 0.0254734 0.0112409 -0.0012047 -0.00837678 -0.0554461 0.0367485 0.00766801 -0.0131673 -0.0227434 0.0260202 -0.0545767 0.020877 0.0339862
internal_weight=32.2077 24.5098 19.504 16.5457 15.2612 3.87968 0.975538 11.3815 4.41596 4.00804 1.58305 2.42499 6.96554 4.54778
internal_count=1914 1218 750 465 389 216 16 173 53 47 34 13 120 77
is_linear=0
shrinkage=0.08


Tree=49
num_leaves=15
num_cat=0
split_feature=4 10 9 2 6 7 10 1 11 6 14 0 13 10
split_gain=9.40099 2.84815 2.44927 1.44578 1.63867 1.60192 0.507349 0.465847 0.518311 0.649815 0.579824 0.458771 0.334087 0.690079
threshold=1.0000000180025095e-35 0.68500000000000016 1.0000000180025095e-35 1.0000000180025095e-35 0.77500000000000013 0.70835000000000015 0.67500000000000016 9.5000000000000018 1.0000000180025095e-35 1.4166500000000002 1.0000000180025095e-35 2.5000000000000004 1.0000000180025095e-35 0.67500000000000016
decision_type=2 2 2 2 2 2 2 2 2 2 2 2 2 2
left_child=-1 2 -2 4 5 6 -4 -6 9 10 12 -10 -9 -14
right_child=1 -3 3 -5 7 -7 -8 8 11 -11 -12 -13 13 -15
leaf_value=-0.080297031104037422 0.080782235834430713 0.080854726731565491 0.089093487374389671 0.083717867146961583 -0.088825283838235486 -0.086055351192971599 -0.028790167484552726 0.0045052269952557478 0.07117542169954956 0.08193119647702575 0.062326831845915642 -0.082529836785158059 0.031009899393749041 -0.051669928852140536
leaf_weight=7.1311691747978356 2.7330053178593614 4.6249147932976475 0.51091668475420293 1.1896707620471723 0.31447712797671457 2.6916236039250965 0.43057006224989891 4.8825197778642107 1.2408258896321065 0.62845761980861503 0.80937983002513725 0.13811216503381718 0.89472765848040614 2.3247139155864716
leaf_count=696 285 468 10 76 14 200 6 34 53 14 29 5 13 11
internal_value=0.000122746 0.0246162 0.010773 -0.00114372 -0.00793473 -0.0546379 0.0351818 0.00717028 0.0099351 0.00330833 -0.00223641 0.0557806 -0.00868623 -0.0286921
internal_weight=30.5451 23.4139 18.789 16.056 14.8663 3.63311 0.941487 11.2332 10.9187 9.5398 8.91134 1.37894 8.10196 3.21944
internal_count=1914 1218 750 465 389 216 16 173 159 101 87 58 58 24
is_linear=0
shrinkage=0.08


Tree=50
num_leaves=15
num_cat=0
split_feature=4 10 9 2 6 7 10 14 13 11 0 1 1 1
split_gain=8.58592 2.67814 2.27115 1.3242 1.49009 1.48356 0.465746 0.387032 0.438507 0.360213 0.359939 0.335696 0.380498 0.270994
threshold=1.0000000180025095e-35 0.68500000000000016 1.0000000180025095e-35 1.0000000180025095e-35 0.77500000000000013 0.70835000000000015 0.67500000000000016 1.0000000180025095e-35 1.0000000180025095e-35 1.0000000180025095e-35 3.5000000000000004 14.500000000000002 16.500000000000004 12.500000000000002
decision_type=2 2 2 2 2 2 2 2 2 2 2 2 2 2
left_child=-1 2 -2 4 5 6 -4 8 9 11 -9 13 -13 -6
right_child=1 -3 3 -5 7 -7 -8 10 -10 -11 -12 12 -14 -15
leaf_value=-0.07997925850252903 0.080721524951917603 0.080788560985787627 0.088351233850964675 0.083447192244630181 0.0086999847357038425 -0.085707432967062847 -0.02626876212408074 0.070894067397046664 -0.018807684671261839 0.062754056616692366 -0.083137317179963394 0.044050978844082593 -0.016947385507179131 -0.048121179855681338
leaf_weight=6.6080190353095558 2.5247022416442713 4.2726892875507465 0.47543631121516705 1.1016223244369037 1.2109032999724116 2.4943614415824324 0.43399657681584358 0.89305162616074152 3.9351761396974325 0.88151717511937011 0.10893751680850983 2.0632451046258216 0.95853501837700594 0.96548523288220156
leaf_count=696 285 468 10 76 13 200 6 39 42 43 3 15 9 9
internal_value=0.000121162 0.0238359 0.0103522 -0.00109345 -0.00755168 -0.0538166 0.0336527 0.00674243 0.00199954 0.0154674 0.0541476 0.00744836 0.0247018 -0.0165069
internal_weight=28.9277 22.3197 18.047 15.5223 14.4206 3.40379 0.909433 11.0169 10.0149 6.07969 1.00199 5.19817 3.02178 2.17639
internal_count=1914 1218 750 465 389 216 16 173 131 89 42 46 24 22
is_linear=0
shrinkage=0.08


Tree=51
num_leaves=15
num_cat=0
split_feature=4 10 9 2 6 7 10 6 0 14 1 13 10 1
split_gain=7.82963 2.52525 2.10736 1.21214 1.35497 1.37485 0.428213 0.35917 0.713557 0.403643 0.411297 0.66575 1.11362 0.47296
threshold=1.0000000180025095e-35 0.68500000000000016 1.0000000180025095e-35 1.0000000180025095e-35 0.77500000000000013 0.70835000000000015 0.67500000000000016 1.4166500000000002 1.5000000000000002 1.0000000180025095e-35 18.500000000000004 1.0000000180025095e-35 0.67500000000000016 10.500000000000002
decision_type=2 2 2 2 2 2 2 2 2 2 2 2 2 2
left_child=-1 2 -2 4 5 6 -4 9 -9 10 11 -6 13 -13
right_child=1 -3 3 -5 7 -7 -8 8 -10 -11 -12 12 -14 -15
leaf_value=-0.079634889731571692 0.080665574750770505 0.080727550799823064 0.087672565956032122 0.083195229138444265 0.0099306785560194961 -0.085372191072544651 -0.023984269713532621 -0.085572030215944894 0.094003335076725883 0.055577547444180385 0.071109154771948249 -0.032881712598063696 -0.071752481094951762 0.071036528351101164
leaf_weight=6.1253059320151833 2.3321448219940146 3.9470491549000135 0.44214197807014466 1.019880558364094 5.6234545623883552 2.3112628962844504 0.43716918304562569 0.17941935732960779 0.67214894155040383 0.82787320762872774 0.45883117336779911 0.48670735675841592 2.0161562561988831 0.66093745548278093
leaf_count=696 285 468 10 76 69 200 6 6 23 36 8 8 10 13
internal_value=0.000122662 0.0229354 0.00987688 -0.00103021 -0.00711545 -0.0529808 0.0321599 0.00627857 0.0561681 0.00206132 -0.00273039 -0.00658597 -0.0359432 0.0269656
internal_weight=27.5405 21.4152 17.4681 15.136 14.1161 3.19057 0.879311 10.9255 0.851568 10.074 9.24609 8.78726 3.1638 1.14764
internal_count=1914 1218 750 465 389 216 16 173 29 144 108 100 31 21
is_linear=0
shrinkage=0.08


Tree=52
num_leaves=15
num_cat=0
split_feature=4 10 9 2 6 7 10 6 0 0 14 11 1 1
split_gain=7.14391 2.37425 1.95427 1.11099 1.23067 1.27498 0.394244 0.331585 0.652816 0.374205 0.549588 0.529192 0.637681 0.376175
threshold=1.0000000180025095e-35 0.68500000000000016 1.0000000180025095e-35 1.0000000180025095e-35 0.77500000000000013 0.70835000000000015 0.67500000000000016 1.4166500000000002 1.5000000000000002 2.5000000000000004 1.0000000180025095e-35 1.0000000180025095e-35 9.5000000000000018 15.500000000000002
decision_type=2 2 2 2 2 2 2 2 2 2 2 2 2 2
left_child=-1 2 -2 4 5 6 -4 9 -9 10 11 13 -13 -6
right_child=1 -3 3 -5 7 -7 -8 8 -10 -11 -12 12 -14 -15
leaf_value=-0.079259472893050062 0.080613994323816163 0.080671289431261103 0.087051592875785372 0.082960823851635959 -0.016662132819476042 -0.085050081146798462 -0.021911812126366156 -0.085135703031024121 0.09312052302340712 -0.070409332183227188 0.07378953076564948 -0.09330522803086902 0.083458960040003735 0.024997374992376847
leaf_weight=5.680094848386946 2.1541626588441511 3.646023711655288 0.41094138473272801 0.94402069086209017 6.0297787906601972 2.1413190355524314 0.44010763801634312 0.16643927432596761 0.62611592188477516 0.43766080215573389 0.69402958545833904 0.15530027542263258 0.8217519698664546 1.8017083592712877
leaf_count=696 285 468 10 76 45 200 6 6 23 12 33 3 36 15
internal_value=0.000118663 0.0221455 0.00946155 -0.000987159 -0.00676113 -0.0521292 0.0307028 0.00588778 0.0556861 0.00191725 0.00524841 -0.000151984 0.0553627 -0.00707797
internal_weight=26.1495 20.4694 16.8233 14.6692 13.7252 2.99237 0.851049 10.7328 0.792555 9.94023 9.50257 8.80854 0.977052 7.83149
internal_count=1914 1218 750 465 389 216 16 173 29 144 132 99 39 60
is_linear=0
shrinkage=0.08


Tree=53
num_leaves=15
num_cat=0
split_feature=4 10 9 2 6 7 10 9 1 6 12 0 14 11
split_gain=6.51771 2.23003 1.81119 1.01818 1.11817 1.1832 0.363411 0.33071 0.324459 0.639472 0.508764 0.367701 0.562963 0.500302
threshold=1.0000000180025095e-35 0.68500000000000016 1.0000000180025095e-35 1.0000000180025095e-35 0.77500000000000013 0.70835000000000015 0.67500000000000016 0.7250000000000002 10.500000000000002 1.4166500000000002 1.5000000000000002 2.5000000000000004 1.0000000180025095e-35 1.0000000180025095e-35
decision_type=2 2 2 2 2 2 2 2 2 2 2 2 2 2
left_child=7 2 -2 4 5 6 -4 -1 10 11 -6 12 13 -10
right_child=1 -3 3 -5 8 -7 -8 -9 9 -11 -12 -13 -14 -15
leaf_value=-0.081267120238068757 0.080566437943529814 0.080619397875399873 0.08648305017706015 0.082742867918810831 -0.095180283071303898 -0.08474143183339404 -0.020029584388234337 0.087190804135951969 -0.0022925737825739453 0.092575650416780939 0.01455783836697102 -0.068475960350028564 0.082524749590138766 0.08152137148170098
leaf_weight=5.1939925490878549 1.9896689616143781 3.3677824805490664 0.38173901755363204 0.87364338105544526 0.49969649408012695 1.9835955761372936 0.44282951019704342 0.075670368969440349 7.3672499321401066 0.56843263329938132 0.58919663587585092 0.41496099904179651 0.6124952808022498 0.48586614988744248
leaf_count=695 285 468 10 76 14 200 6 1 51 21 14 12 31 30
internal_value=0.000126143 0.021384 0.00907677 -0.000926308 -0.00640336 -0.0512607 0.0292811 -0.0788481 0.00555034 0.0103157 -0.0358013 0.00505031 0.00865437 0.00289293
internal_weight=24.8468 19.5772 16.2094 14.2197 13.3461 2.80816 0.824569 5.26966 10.5379 9.449 1.08889 8.88057 8.46561 7.85312
internal_count=1914 1218 750 465 389 216 16 696 173 145 28 124 112 81
is_linear=0
shrinkage=0.08


Tree=54
num_leaves=15
num_cat=0
split_feature=4 10 9 2 6 7 10 9 1 6 12 14 1 13
split_gain=5.96466 2.09502 1.67892 0.933494 1.01499 1.09882 0.335347 0.304799 0.283972 0.590623 0.469005 0.328523 0.352208 0.549121
threshold=1.0000000180025095e-35 0.68500000000000016 1.0000000180025095e-35 1.0000000180025095e-35 0.77500000000000013 0.70835000000000015 0.67500000000000016 0.7250000000000002 10.500000000000002 1.4166500000000002 1.5000000000000002 1.0000000180025095e-35 18.500000000000004 1.0000000180025095e-35
decision_type=2 2 2 2 2 2 2 2 2 2 2 2 2 2
left_child=7 2 -2 4 5 6 -4 -1 10 11 -6 12 13 -10
right_child=1 -3 3 -5 8 -7 -8 -9 9 -11 -12 -13 -14 -15
leaf_value=-0.081183660611464967 0.08052259332307321 0.080571543316253755 0.085962192410781457 0.082540308779504731 -0.093978783766663784 -0.084446453565417232 -0.018318374846348694 0.086590384147339855 0.011460259029893612 0.091742655338043697 0.013432754222583254 0.059003274994878244 0.069873910056110461 -0.033912961522326757
leaf_weight=4.7993891644291606 1.8376555060967845 3.1106266607530406 0.3544378113001595 0.80837339581921774 0.46693478897214002 1.8372274348512221 0.44535066373646259 0.07031717151403416 5.1161531116813368 0.5293007963337012 0.58753476338461041 0.66000801278278309 0.44056474417448033 2.5618520881980658
leaf_count=695 285 468 10 76 14 200 6 1 59 21 14 34 8 23
internal_value=0.000126665 0.0206086 0.00868676 -0.000873788 -0.00606094 -0.0503741 0.0278951 -0.0787611 0.00521588 0.00967337 -0.0341307 0.00472503 0.000312423 -0.00367902
internal_weight=23.6257 18.756 15.6454 13.8077 12.9994 2.63702 0.799788 4.86971 10.3623 9.30788 1.05447 8.77858 8.11857 7.67801
internal_count=1914 1218 750 465 389 216 16 696 173 145 28 124 90 82
is_linear=0
shrinkage=0.08


Tree=55
num_leaves=15
num_cat=0
split_feature=4 10 9 2 6 7 10 9 0 1 5 13 10 1
split_gain=5.45503 1.97038 1.55715 0.856151 0.920199 1.0212 0.309735 0.280953 0.274312 0.733766 0.514442 0.529106 0.969974 0.772743
threshold=1.0000000180025095e-35 0.68500000000000016 1.0000000180025095e-35 1.0000000180025095e-35 0.77500000000000013 0.70835000000000015 0.67500000000000016 0.7250000000000002 2.5000000000000004 18.500000000000004 1.5000000000000002 1.0000000180025095e-35 0.67500000000000016 10.500000000000002
decision_type=2 2 2 2 2 2 2 2 2 2 2 2 2 2
left_child=7 2 -2 4 5 6 -4 -1 9 10 11 -6 13 -13
right_child=1 -3 3 -5 8 -7 -8 -9 -10 -11 -12 12 -14 -15
leaf_value=-0.081104987102960269 0.08048216350510623 0.080527401358036127 0.085484749420131206 0.082352152625719793 0.01382383955742518 -0.0841652281509635 -0.016761198212630116 0.086043737048348154 -0.057286943216066089 0.12487962774171722 0.093138997103310681 -0.039534489974588513 -0.061294399417466554 0.088864012292335898
leaf_weight=4.4345186590217081 1.6971874586306555 2.872980627231299 0.32894036639481883 0.74785853736102659 5.9028184222988731 1.7014125986024666 0.44768557138741016 0.065306514501571544 0.43519230745732862 0.33005067519843656 0.39306773152202445 0.55571451410651207 1.9687103657051921 0.65187040157616138
leaf_count=695 285 468 10 76 96 200 6 1 13 6 17 12 12 17
internal_value=0.000119404 0.0197817 0.00827012 -0.000832934 -0.00572546 -0.0494682 0.0265451 -0.0786791 0.00486278 0.00762206 0.00353631 -0.000342916 -0.0266704 0.0297767
internal_weight=22.5333 18.0335 15.1605 13.4633 12.7155 2.47804 0.776626 4.49983 10.2374 9.80223 9.47218 9.07911 3.1763 1.20758
internal_count=1914 1218 750 465 389 216 16 696 173 160 154 137 41 29
is_linear=0
shrinkage=0.08


Tree=56
num_leaves=15
num_cat=0
split_feature=4 10 9 12 6 7 2 0 1 5 13 10 1 11
split_gain=4.99371 1.84884 1.44307 0.802052 0.760574 0.606735 0.428992 0.572022 0.679233 0.459059 0.436358 0.827006 0.690716 0.26347
threshold=1.0000000180025095e-35 0.68500000000000016 1.0000000180025095e-35 2.5000000000000004 0.58335000000000015 0.70835000000000015 1.0000000180025095e-35 2.5000000000000004 18.500000000000004 1.5000000000000002 1.0000000180025095e-35 0.67500000000000016 11.500000000000002 1.0000000180025095e-35
decision_type=2 2 2 2 2 2 2 2 2 2 2 2 2 2
left_child=-1 2 -2 4 5 -4 7 8 9 10 13 12 -12 -6
right_child=1 -3 3 -5 6 -7 -8 -9 -10 -11 11 -13 -14 -15
leaf_value=-0.078602127479371758 0.080444875966447255 0.080486685448137307 0.083770743494346864 0.082816942761742646 0.0057365114206352668 -0.076546027520663071 0.081702922125472685 -0.056497699060433205 0.12055244769166677 0.093367768647126634 -0.036844381831135961 -0.059187443026412233 0.088575923862924191 0.071441667721125687
leaf_weight=4.1577914645895389 1.5673982002772433 2.6533824838697901 0.17018287628889073 0.69531905138865191 5.2777905128896183 1.3463304685428674 0.41491008782759387 1.0756351957097638 0.31515871826559383 0.33230473054573018 0.54888160340487957 1.8995323963463306 0.57586216786876321 0.42179786041378964
leaf_count=696 285 468 5 54 60 194 49 26 6 12 12 11 13 23
internal_value=0.000118319 0.0190436 0.00790839 -0.000787967 -0.00548422 -0.0585553 0.00192546 -0.00124297 0.00509913 0.0010813 -0.00243402 -0.0269963 0.0273701 0.010599
internal_weight=21.4523 17.2945 14.6411 13.0737 12.3784 1.51651 10.8619 10.447 9.37133 9.05617 8.72386 3.02428 1.12474 5.69959
internal_count=1914 1218 750 465 411 199 212 163 137 131 119 36 25 83
is_linear=0
shrinkage=0.08


Tree=57
num_leaves=15
num_cat=0
split_feature=4 10 9 12 6 7 2 0 5 14 9 2 1 1
split_gain=4.55481 1.7333 1.33663 0.735399 0.692634 0.551506 0.395344 0.497377 0.384259 0.343556 0.277887 0.266342 0.209308 0.872821
threshold=1.0000000180025095e-35 0.68500000000000016 1.0000000180025095e-35 2.5000000000000004 0.58335000000000015 0.70835000000000015 1.0000000180025095e-35 2.5000000000000004 1.5000000000000002 1.0000000180025095e-35 0.7250000000000002 1.0000000180025095e-35 15.500000000000002 16.500000000000004
decision_type=2 2 2 2 2 2 2 2 2 2 2 2 2 2
left_child=10 2 -2 4 5 -4 7 8 9 12 -1 -7 -6 -14
right_child=1 -3 3 -5 6 11 -8 -9 -10 -11 -12 -13 13 -15
leaf_value=-0.080963180842182861 0.080410494698739204 0.080449118745731157 0.083472855104683871 0.08260358787190844 -0.0089494088080024868 -0.083815201361091829 0.081573387945907849 -0.053323893824105045 0.092363883361642682 0.06326151979873075 0.085998924147828032 0.081716641096842887 0.12551450054189522 -0.0078797584015140414
leaf_weight=3.7942896313034029 1.4474845491349739 2.4504781169816843 0.15763644874095906 0.64345097402110774 6.5315980045124835 1.1982235740870173 0.38359381258487779 1.0495998607948411 0.30995433218777257 0.54548913380131203 0.064889900386333355 0.065616142936050781 0.40356385707855214 1.4133997242897747
leaf_count=695 285 468 5 54 73 190 49 26 12 31 1 4 8 13
internal_value=0.000130896 0.0183309 0.00757311 -0.000727155 -0.00517368 -0.0576225 0.00183519 -0.00114787 0.00480215 0.00175065 -0.0781558 -0.0752211 -0.00226842 0.0217483
internal_weight=20.4593 16.6001 14.1496 12.7021 12.0587 1.42148 10.6372 10.2536 9.20401 8.89405 3.85918 1.26384 8.34856 1.81696
internal_count=1914 1218 750 465 411 199 212 163 137 125 696 194 94 21
is_linear=0
shrinkage=0.08


Tree=58
num_leaves=15
num_cat=0
split_feature=4 10 9 12 6 7 2 0 14 9 2 1 7 1
split_gain=4.16706 1.62794 1.23873 0.674245 0.640255 0.507554 0.3644 0.43115 0.319191 0.256197 0.245147 0.22368 0.219256 0.173457
threshold=1.0000000180025095e-35 0.68500000000000016 1.0000000180025095e-35 2.5000000000000004 0.58335000000000015 0.70835000000000015 1.0000000180025095e-35 2.5000000000000004 1.0000000180025095e-35 0.7250000000000002 1.0000000180025095e-35 10.500000000000002 0.87500000000000011 10.500000000000002
decision_type=2 2 2 2 2 2 2 2 2 2 2 2 2 2
left_child=9 2 -2 4 5 -4 7 8 13 -1 -7 -10 -9 -6
right_child=1 -3 3 -5 6 10 -8 12 11 -11 -12 -13 -14 -15
leaf_value=-0.080897515307932544 0.080378773271972723 0.080414472006828053 0.083199085715498486 0.082406162895233989 -0.032705688847624044 -0.083571991938299089 0.081453610441286628 -0.0083750293037766644 -0.067687993820029907 0.085504587564498316 0.081583086922229917 0.081999468641453299 -0.082879836725613568 0.0045140383887966326
leaf_weight=3.505298711359504 1.3367025135085029 2.2630116250365964 0.14597615972161282 0.59534542029723603 0.89469286426901451 1.1091887503862317 0.35460131661966521 0.4502825140953064 0.073394018691033902 0.060233138501644023 0.060666468925773986 0.49341687699779868 0.57637205347418674 7.6812927313148975
leaf_count=695 285 468 5 54 21 190 49 5 4 1 4 32 21 80
internal_value=0.00013806 0.0175321 0.0071992 -0.000667105 -0.00484428 -0.0574562 0.00173383 -0.00104594 0.00447392 -0.0780865 -0.0750074 0.0626171 -0.0502026 0.000631077
internal_weight=19.6005 16.0349 13.7719 12.4352 11.8399 1.31583 10.5241 10.1695 9.1428 3.56553 1.16986 0.566811 1.02665 8.57599
internal_count=1914 1218 750 465 411 199 212 163 137 696 194 36 26 101
is_linear=0
shrinkage=0.08


Tree=59
num_leaves=15
num_cat=0
split_feature=4 10 9 12 6 7 2 0 1 14 13 1 1 9
split_gain=3.81208 1.52847 1.14831 0.618717 0.591326 0.467181 0.3361 0.381899 0.614228 0.320224 0.282512 0.617063 0.24659 0.236223
threshold=1.0000000180025095e-35 0.68500000000000016 1.0000000180025095e-35 2.5000000000000004 0.58335000000000015 0.70835000000000015 1.0000000180025095e-35 2.5000000000000004 18.500000000000004 1.0000000180025095e-35 1.0000000180025095e-35 14.500000000000002 12.500000000000002 0.7250000000000002
decision_type=2 2 2 2 2 2 2 2 2 2 2 2 2 2
left_child=13 2 -2 4 5 -4 7 8 9 10 -6 12 -12 -1
right_child=1 -3 3 -5 6 -7 -8 -9 -10 -11 11 -13 -14 -15
leaf_value=-0.08083584758328892 0.080349529435772227 0.080382495862576203 0.082947394346738507 0.082223509543195392 0.007463517638236038 -0.074804231610127808 0.081342861141514761 -0.048297533547921379 0.11704174590741731 0.061768877602518001 -0.033319023650262299 -0.097522048298172972 0.01864004934034048 0.085053475843145418
leaf_weight=3.2381672239862413 1.2343629123643047 2.0898202764801672 0.13514525722712267 0.55074441153556186 5.350890059955411 1.0827207779511745 0.32776587316766459 0.98475287761539299 0.29833322577178556 0.51121579948812801 1.0820899824611849 0.57769582979381073 1.2713911277242003 0.055885091423988231
leaf_count=695 285 468 5 54 65 194 49 26 6 34 16 4 12 1
internal_value=0.000132968 0.0167456 0.00682626 -0.00062928 -0.00455552 -0.0572987 0.00161839 -0.000974902 0.00415082 0.000320724 -0.0034722 -0.0234355 -0.00524984 -0.0780215
internal_weight=18.791 15.4969 13.4071 12.1727 11.622 1.21787 10.4041 10.0764 9.09162 8.79328 8.28207 2.93118 2.35348 3.29405
internal_count=1914 1218 750 465 411 199 212 163 137 131 97 32 28 696
is_linear=0
shrinkage=0.08


Tree=60
num_leaves=15
num_cat=0
split_feature=4 10 9 2 6 7 1 11 6 10 0 0 14 1
split_gain=3.4876 1.43456 1.06428 0.576247 0.57684 0.743352 0.319161 0.336788 0.329522 0.308637 0.294925 0.293063 0.250584 0.261626
threshold=1.0000000180025095e-35 0.68500000000000016 1.0000000180025095e-35 1.0000000180025095e-35 0.77500000000000013 0.70835000000000015 9.5000000000000018 1.0000000180025095e-35 1.4166500000000002 0.67500000000000016 2.5000000000000004 1.5000000000000002 1.0000000180025095e-35 20.500000000000004
decision_type=2 2 2 2 2 2 2 2 2 2 2 2 2 2
left_child=-1 2 -2 4 5 9 -6 8 12 -4 11 -9 -8 -14
right_child=1 -3 3 -5 6 -7 7 10 -10 -11 -12 -13 13 -15
leaf_value=-0.077960603744801682 0.080322537752784556 0.080353002255656988 0.085775933915305413 0.08163008929871382 -0.086291050418093679 -0.083028418819569086 -0.0060335143486165508 -0.086701095334785164 0.071829254301449749 -0.024670752921208395 -0.081680359440111497 0.083167483117215321 0.081854079893376036 -0.082090994347125579
leaf_weight=3.0430887383408871 1.1398279247805465 1.9298266069963563 0.28399712406098387 0.52174508315511126 0.24647461809218008 1.1894380063749848 7.5656055212020821 0.071315973997116866 0.40007429430261332 0.37673199363052845 0.093918245285749435 0.73397811292670667 0.38113034376874555 0.074468594044446945
leaf_count=696 285 468 10 76 14 200 58 1 14 6 5 52 26 3
internal_value=0.000131447 0.0159652 0.00646444 -0.000586937 -0.00434413 -0.0452345 0.0035637 0.00593986 0.000970603 0.0228019 0.0524778 0.0681241 -0.00256362 0.0550569
internal_weight=18.0516 15.0085 13.0787 11.9389 11.4171 1.85017 9.56697 9.32049 8.42128 0.660729 0.899212 0.805294 8.0212 0.455599
internal_count=1914 1218 750 465 389 216 173 159 101 16 58 53 87 29
is_linear=0
shrinkage=0.08


Tree=61
num_leaves=15
num_cat=0
split_feature=4 10 9 12 6 7 2 0 14 9 2 1 7 1
split_gain=3.17829 1.34361 0.985759 0.538882 0.489883 0.397659 0.286719 0.317048 0.235161 0.233697 0.22133 0.211706 0.210674 0.136862
threshold=1.0000000180025095e-35 0.68500000000000016 1.0000000180025095e-35 2.5000000000000004 0.58335000000000015 0.70835000000000015 1.0000000180025095e-35 2.5000000000000004 1.0000000180025095e-35 0.7250000000000002 1.0000000180025095e-35 10.500000000000002 0.87500000000000011 10.500000000000002
decision_type=2 2 2 2 2 2 2 2 2 2 2 2 2 2
left_child=9 2 -2 4 5 -4 7 8 13 -1 -7 -10 -9 -6
right_child=1 -3 3 -5 6 10 -8 12 11 -11 -12 -13 -14 -15
leaf_value=-0.080725606414215376 0.080297639398837856 0.080325787743194349 0.082534680060060012 0.082038361264135745 -0.02988854134391469 -0.082934513116715361 0.081145400446093238 -0.0058195737457717436 -0.068177892432175938 0.085017757207506456 0.081450181838555305 0.081602369521427506 -0.082403914801640041 0.0039869224822878056
leaf_weight=2.770722828106956 1.0525067767593981 1.7820336425211287 0.11806910112500191 0.4846884941216566 0.84857130935415082 0.88629245292395065 0.27984829060733396 0.44191170670092106 0.07122852839529592 0.055536743253469356 0.055715391412377357 0.39710119226947427 0.47913400409743268 7.5955610862001777
leaf_count=695 285 468 5 54 21 190 49 5 4 1 4 32 21 80
internal_value=0.000137117 0.0152713 0.00615061 -0.000543456 -0.00412574 -0.0558652 0.00129756 -0.000974801 0.00364305 -0.0774687 -0.0732119 0.0588222 -0.0456592 0.000582695
internal_weight=17.3189 14.4927 12.7106 11.6581 11.1734 1.06008 10.1134 9.83351 8.91246 2.82626 0.942008 0.46833 0.921046 8.44413
internal_count=1914 1218 750 465 411 199 212 163 137 696 194 36 26 101
is_linear=0
shrinkage=0.08


Tree=62
num_leaves=15
num_cat=0
split_feature=4 10 9 12 6 7 2 0 14 9 7 2 1 11
split_gain=2.90845 1.25964 0.91347 0.494855 0.452586 0.36619 0.264454 0.280214 0.217109 0.215512 0.204476 0.203825 0.194652 0.141937
threshold=1.0000000180025095e-35 0.68500000000000016 1.0000000180025095e-35 2.5000000000000004 0.58335000000000015 0.70835000000000015 1.0000000180025095e-35 2.5000000000000004 1.0000000180025095e-35 0.7250000000000002 0.87500000000000011 1.0000000180025095e-35 10.500000000000002 1.0000000180025095e-35
decision_type=2 2 2 2 2 2 2 2 2 2 2 2 2 2
left_child=9 2 -2 4 5 -4 7 8 13 -1 -9 -7 -10 -6
right_child=1 -3 3 -5 6 11 -8 10 12 -11 -12 -13 -14 -15
leaf_value=-0.080674705971233551 0.080274676526821825 0.080300676309951788 0.082336025563794449 0.081883062991841699 -0.0025142743595692437 -0.082737076224637995 0.081057960292187814 -0.0053454631641980258 -0.066300528020146091 0.084608786849957235 -0.082216034730240875 0.081337564458460535 0.081478414492465345 0.035839745853174003
leaf_weight=2.5592480858322246 0.9718528878875049 1.6455180135089911 0.10924380365759134 0.44823802867904383 7.7646858985535747 0.82002448569982966 0.25859990413300771 0.44258908554911613 0.067539475858212294 0.051504597067832836 0.44326613564044315 0.051500109024345875 0.36710564279928803 0.67087665526196349
leaf_count=695 285 468 5 54 72 190 49 5 4 1 21 4 32 29
internal_value=0.000131344 0.0145294 0.00581227 -0.000511444 -0.00387033 -0.0557347 0.00120892 -0.000907605 0.00337701 -0.077414 -0.0438101 -0.0730416 0.0585151 0.000536004
internal_weight=16.6718 14.061 12.4155 11.4437 10.9954 0.980768 10.0147 9.75606 8.87021 2.61075 0.885855 0.871525 0.434645 8.43556
internal_count=1914 1218 750 465 411 199 212 163 137 696 26 194 36 101
is_linear=0
shrinkage=0.08


Tree=63
num_leaves=15
num_cat=0
split_feature=4 10 9 12 6 7 1 5 1 1 10 13 1 12
split_gain=2.66202 1.18026 0.846328 0.454535 0.418153 0.337262 0.262144 0.417382 0.317904 0.266998 0.290599 0.514039 0.504701 0.55599
threshold=1.0000000180025095e-35 0.68500000000000016 1.0000000180025095e-35 2.5000000000000004 0.58335000000000015 0.70835000000000015 20.500000000000004 1.5000000000000002 19.500000000000004 9.5000000000000018 0.67500000000000016 1.0000000180025095e-35 13.500000000000002 1.5000000000000002
decision_type=2 2 2 2 2 2 2 2 2 2 2 2 2 2
left_child=-1 2 -2 4 5 -4 8 -8 9 -6 12 -12 13 -11
right_child=1 -3 3 -5 6 -7 7 -9 -10 10 11 -13 -14 -15
leaf_value=-0.077362939032855987 0.08025348883606491 0.08027750766841911 0.082153217033184539 0.081739490773032872 -0.085964279064505808 -0.072881051980426798 0.09195428223106232 -0.081977232444742643 -0.087726951096414735 -0.023254577448572903 0.010489377378932883 -0.04167286159707282 0.059101610697419503 0.065534616809273277
leaf_weight=2.4115699774120012 0.89736055349930843 1.5194251905195422 0.10106003563851118 0.41447315714322108 0.22271448560058793 0.80621520150452575 0.42278978833928782 0.11160855926573277 0.26876309257932085 1.8809686265885819 3.1099552130326629 1.9781984761357305 1.3336804639548061 0.59387136064469803
leaf_count=696 285 468 5 54 14 194 20 5 9 22 19 13 88 22
internal_value=0.000126858 0.013806 0.00548767 -0.000479078 -0.0036257 -0.055612 0.0011277 0.0556289 -0.00197465 0.000552611 0.00271843 -0.00979053 0.0194303 -0.00194841
internal_weight=16.0727 13.6611 12.1417 11.2443 10.8298 0.907275 9.92255 0.534398 9.38815 9.11939 8.89667 5.08815 3.80852 2.47484
internal_count=1914 1218 750 465 411 199 212 25 187 178 164 32 132 44
is_linear=0
shrinkage=0.08


Tree=64
num_leaves=15
num_cat=0
split_feature=4 10 9 2 6 7 10 1 11 6 6 9 1 1
split_gain=2.42436 1.10409 0.783673 0.429339 0.430671 0.538776 0.283869 0.258507 0.259178 0.311478 0.268772 0.213128 0.0615251 0.179949
threshold=1.0000000180025095e-35 0.68500000000000016 1.0000000180025095e-35 1.0000000180025095e-35 0.77500000000000013 0.70835000000000015 0.67500000000000016 9.5000000000000018 1.0000000180025095e-35 1.4166500000000002 1.1666500000000002 0.7250000000000002 16.500000000000004 14.500000000000002
decision_type=2 2 2 2 2 2 2 2 2 2 2 2 2 2
left_child=11 2 -2 4 5 6 -4 -6 9 12 -10 -1 13 -9
right_child=1 -3 3 -5 7 -7 -8 8 10 -11 -12 -13 -14 -15
leaf_value=-0.080584299233122686 0.080233942688558366 0.080256122550139253 0.085085847344962245 0.081245797342009068 -0.085518091382909778 -0.08233592657753068 -0.029973812915350603 -0.0095711639374620166 0.076177270433522321 0.071603968823560987 -0.038513287014903017 0.084575521897812728 -0.016970492402352894 0.018336413719499289
leaf_weight=2.1902792085893448 0.82856182591058036 1.4029648001305766 0.23285116115584326 0.39694622717797834 0.20662049995735365 0.8976488877087867 0.33417966589331627 3.9256349145434761 0.57634213613346297 0.38014886737801123 0.16914935410022736 0.051172990351915248 1.5244080326519904 2.3723327447660267
leaf_count=695 285 468 10 76 14 200 6 44 43 14 15 1 19 24
internal_value=0.00013142 0.0131501 0.0052017 -0.000441671 -0.00349512 -0.0437727 0.0172754 0.00294903 0.00499184 0.000887214 0.0501544 -0.0768137 -0.00254945 0.000941126
internal_weight=15.4892 13.2478 11.8448 11.0163 10.6193 1.46468 0.567031 9.15464 8.94802 8.20252 0.745491 2.24145 7.82238 6.29797
internal_count=1914 1218 750 465 389 216 16 173 159 101 58 696 87 68
is_linear=0
shrinkage=0.08


Tree=65
num_leaves=15
num_cat=0
split_feature=4 10 9 12 6 7 1 5 1 1 10 5 9 14
split_gain=2.21986 1.03323 0.725799 0.403122 0.344918 0.287684 0.237273 0.371054 0.281908 0.836133 0.560934 0.279602 0.19657 0.191629
threshold=1.0000000180025095e-35 0.68500000000000016 1.0000000180025095e-35 2.5000000000000004 0.58335000000000015 0.70835000000000015 20.500000000000004 1.5000000000000002 16.500000000000004 15.500000000000002 0.67500000000000016 1.5000000000000002 0.7250000000000002 1.0000000180025095e-35
decision_type=2 2 2 2 2 2 2 2 2 2 2 2 2 2
left_child=12 2 -2 4 5 -4 8 -8 9 11 -10 13 -1 -6
right_child=1 -3 3 -5 6 -7 7 -9 10 -11 -12 -13 -14 -15
leaf_value=-0.080542589414149074 0.080215901558493161 0.080236386438417878 0.081864439891407056 0.08160581746400411 -0.0079721941867846122 -0.071240151112515207 0.090010917994537781 -0.081786560927469706 0.035985896044333658 0.1204065922618678 -0.062174916613379171 0.072540053914528266 0.084204449649004615 0.054811125726153154
leaf_weight=2.022887133294716 0.76502399286254963 1.2954053408466286 0.088436867110431194 0.37044413480907756 6.4393485446926189 0.70223992411046943 0.39300522929988879 0.10117430798709393 0.54427496995776858 0.37921643629670132 1.1810456309467554 0.31183419236913312 0.047438323497772106 0.32693374436348666
leaf_count=695 285 468 5 54 79 194 20 5 47 13 7 14 1 27
internal_value=0.000129176 0.0124719 0.00490641 -0.000409494 -0.00331201 -0.0541155 0.000839052 0.0548385 -0.00206702 0.0046752 -0.0312088 -0.00152522 -0.0767677 -0.00493862
internal_weight=14.9687 12.8984 11.603 10.838 10.4675 0.790677 9.67683 0.49418 9.18265 7.45733 1.72532 7.07812 2.07033 6.76628
internal_count=1914 1218 750 465 411 199 212 25 187 133 54 120 696 106
is_linear=0
shrinkage=0.08


Tree=66
num_leaves=15
num_cat=0
split_feature=4 10 9 2 6 7 10 9 1 12 6 10 13 1
split_gain=2.0333 0.966253 0.671929 0.378997 0.380905 0.466021 0.248203 0.181312 0.167652 0.396047 0.373891 0.192532 0.373128 0.382587
threshold=1.0000000180025095e-35 0.68500000000000016 1.0000000180025095e-35 1.0000000180025095e-35 0.77500000000000013 0.70835000000000015 0.67500000000000016 0.7250000000000002 10.500000000000002 1.5000000000000002 1.4166500000000002 0.67500000000000016 1.0000000180025095e-35 16.500000000000004
decision_type=2 2 2 2 2 2 2 2 2 2 2 2 2 2
left_child=7 2 -2 4 5 6 -4 -1 9 -6 11 -10 13 -13
right_child=1 -3 3 -5 8 -7 -8 -9 10 -11 -12 12 -14 -15
leaf_value=-0.080503650688940373 0.080199265586741883 0.080218188393318221 0.084445847260724891 0.081127187277466747 -0.09183383650767564 -0.082065335364581174 -0.028704920899966849 0.083864917600914454 0.019814195105556449 0.017435391049689893 0.088012520846908748 0.026819280735863486 -0.033908510711477824 -0.037796609893520898
leaf_weight=1.8682268308475602 0.70634672418236277 1.1960702068172402 0.20299914409405662 0.35315848235040981 0.38047062465921122 0.79209825163707848 0.31910812761634588 0.04396117478609074 2.7276466554030758 0.48026082525029778 0.34296222520060826 2.3409405015408997 1.9585494296625254 0.78247671574354161
leaf_count=695 285 468 10 76 14 200 6 1 90 14 21 16 13 5
internal_value=0.000136088 0.0118162 0.00463144 -0.000366097 -0.00315283 -0.0433885 0.0152889 -0.0767248 0.00271381 -0.0308651 0.006259 0.00266876 -0.00653371 0.0106317
internal_weight=14.4953 12.5831 11.387 10.6807 10.3275 1.31421 0.522107 1.91219 9.01331 0.860731 8.15258 7.80961 5.08197 3.12342
internal_count=1914 1218 750 465 389 216 16 696 173 28 145 124 34 21
is_linear=0
shrinkage=0.08


Tree=67
num_leaves=15
num_cat=0
split_feature=4 10 9 12 6 7 1 1 5 10 1 13 1 12
split_gain=1.8633 0.902518 0.622145 0.36114 0.283383 0.245539 0.220518 0.199986 0.342836 0.270902 0.440663 0.500582 0.385958 0.458992
threshold=1.0000000180025095e-35 0.68500000000000016 1.0000000180025095e-35 2.5000000000000004 0.58335000000000015 0.70835000000000015 9.5000000000000018 20.500000000000004 1.5000000000000002 0.67500000000000016 16.500000000000004 1.0000000180025095e-35 13.500000000000002 1.5000000000000002
decision_type=2 2 2 2 2 2 2 2 2 2 2 2 2 2
left_child=-1 2 -2 4 5 -4 -6 9 -9 12 11 -11 13 -8
right_child=1 -3 3 -5 6 -7 7 8 -10 10 -12 -13 -14 -15
leaf_value=-0.076684933767752317 0.080183905501078942 0.080201382173384697 0.081625316762066899 0.081496537340471173 -0.085267890009627048 -0.069496675570092592 -0.021468579452802627 0.088531525181865564 -0.081679497103753995 0.024377266929325701 -0.055574581481717809 -0.033096715141719628 0.05231967178486345 0.062441481279511636
leaf_weight=1.7660637460649002 0.65216001472435436 1.1043339080642915 0.077512193471193314 0.3340072182472803 0.18774061743170101 0.6128286374732842 1.8492229292169184 0.3682135490234949 0.095344439148902893 2.3273391108959913 1.1609332244843242 1.6628051064908507 1.2507770902011541 0.53876559669151891
leaf_count=696 285 468 5 54 14 194 22 20 5 15 7 11 96 22
internal_value=0.000125504 0.0112245 0.00437295 -0.000351231 -0.00304953 -0.0525285 0.000568401 0.00230992 0.0535226 -0.000390931 -0.012195 0.000426245 0.0163191 -0.00253723
internal_weight=13.988 12.222 11.1176 10.4655 10.1315 0.690341 9.44114 9.2534 0.463558 8.78984 5.15108 3.99014 3.63877 2.38799
internal_count=1914 1218 750 465 411 199 212 198 25 173 33 26 140 44
is_linear=0
shrinkage=0.08


Tree=68
num_leaves=15
num_cat=0
split_feature=4 10 9 2 6 7 11 9 1 6 12 14 0 10
split_gain=1.69616 0.842638 0.575823 0.33491 0.343204 0.402218 0.234454 0.179261 0.151857 0.348265 0.3425 0.184779 0.166734 0.154069
threshold=1.0000000180025095e-35 0.68500000000000016 1.0000000180025095e-35 1.0000000180025095e-35 0.77500000000000013 0.70835000000000015 1.0000000180025095e-35 0.7250000000000002 10.500000000000002 1.4166500000000002 1.5000000000000002 1.0000000180025095e-35 3.5000000000000004 0.67500000000000016
decision_type=2 2 2 2 2 2 2 2 2 2 2 2 2 2
left_child=7 2 -2 4 5 6 -4 -1 10 11 -6 13 -13 -10
right_child=1 -3 3 -5 8 -7 -8 -9 9 -11 -12 12 -14 -15
leaf_value=-0.080435023849932549 0.080169741933280247 0.080185876770059311 -0.031282913028627353 0.081032232297858386 -0.090790936294308566 -0.081848556294886021 0.083430471475575238 0.083837263633137787 0.016073040992514213 0.087797885294299577 0.014731613217356507 0.081418548900018192 -0.08128188785191115 -0.0084849637763141691
leaf_weight=1.5993053284473706 0.60212166281416557 1.0196178276091821 0.2947833016514696 0.31397432135418135 0.34503787895664562 0.70356523431838269 0.18596049072220922 0.043675459921359905 2.4658298345748335 0.31904845626559097 0.45837884210050106 0.30009950068779279 0.046566308476030827 4.8522832179442048
leaf_count=695 285 468 6 76 14 200 10 1 64 21 14 31 3 26
internal_value=0.00012918 0.010643 0.00413037 -0.000321027 -0.0028826 -0.0433102 0.0130903 -0.0760682 0.00256608 0.00590223 -0.0305864 0.0024933 0.0595636 -0.000210172
internal_weight=13.5502 11.9073 10.8876 10.2855 9.97155 1.18431 0.480744 1.64298 8.78724 7.98383 0.803417 7.66478 0.346666 7.31811
internal_count=1914 1218 750 465 389 216 16 696 173 145 28 124 34 90
is_linear=0
shrinkage=0.08


Tree=69
num_leaves=15
num_cat=0
split_feature=4 10 9 12 2 6 7 9 1 14 1 1 1 6
split_gain=1.5552 0.78611 0.532905 0.310721 0.242863 0.468367 0.186355 0.165364 0.153616 0.19168 0.171175 0.740568 0.148846 0.111865
threshold=1.0000000180025095e-35 0.68500000000000016 1.0000000180025095e-35 2.5000000000000004 1.0000000180025095e-35 0.77500000000000013 0.70835000000000015 0.7250000000000002 20.500000000000004 1.0000000180025095e-35 16.500000000000004 15.500000000000002 10.500000000000002 1.4166500000000002
decision_type=2 2 2 2 2 2 2 2 2 2 2 2 2 2
left_child=7 2 -2 4 5 6 -4 -1 9 10 11 13 -11 -7
right_child=1 -3 3 -5 -6 8 -8 -9 -10 12 -12 -13 -14 -15
leaf_value=-0.080403381198707144 0.080156659150861939 0.080171561393987872 -0.0096227078609107085 0.081274542846362166 0.080856095936726297 -0.0067747336870939935 -0.081713755134328145 0.083528672693788344 0.057766705104507654 -0.065633935670403265 -0.030984741576392864 0.11743769888284609 0.081293571613927973 0.039736601030121041
leaf_weight=1.4769022711552668 0.55591537908184818 0.94138711725827384 0.35457559116183712 0.29025067877955812 0.21760724484920579 6.0566447572782618 0.650500558782376 0.040460426360368618 0.29908787878230292 0.052224607206880935 1.196671650977805 0.33700371906161297 0.28462002263404429 0.35007368004880834
leaf_count=695 285 468 7 54 54 69 200 1 7 4 16 8 32 14
internal_value=0.000125677 0.0100992 0.00390249 -0.00029909 -0.00271533 -0.00461336 -0.0562811 -0.0760321 0.00144168 -0.000593551 -0.00310098 0.00184698 0.0585138 -0.00423328
internal_weight=13.1039 11.5866 10.6452 10.0893 9.79901 9.5814 1.00508 1.51736 8.57633 8.27724 7.94039 6.74372 0.336845 6.40672
internal_count=1914 1218 750 465 411 357 207 696 150 143 107 91 36 83
is_linear=0
shrinkage=0.08


Tree=70
num_leaves=15
num_cat=0
split_feature=4 10 9 12 2 6 7 9 1 12 14 1 10 1
split_gain=1.42577 0.733513 0.493125 0.285716 0.222651 0.420315 0.184683 0.152553 0.136418 0.297557 0.139473 0.159994 0.142492 0.259056
threshold=1.0000000180025095e-35 0.68500000000000016 1.0000000180025095e-35 2.5000000000000004 1.0000000180025095e-35 0.77500000000000013 0.70835000000000015 0.7250000000000002 10.500000000000002 1.5000000000000002 1.0000000180025095e-35 20.500000000000004 0.67500000000000016 13.500000000000002
decision_type=2 2 2 2 2 2 2 2 2 2 2 2 2 2
left_child=7 2 -2 4 5 6 -4 -1 9 -7 12 -12 -10 -14
right_child=1 -3 3 -5 -6 8 -8 -9 10 -11 11 -13 13 -15
leaf_value=-0.080373924693502533 0.080144590170335789 0.08015835616264877 -0.0088361045059649132 0.081176884915179506 0.080790537682132957 -0.089884896037849576 -0.081588270875040683 0.083245898480818176 0.017723923731029316 0.011348035262028018 0.081193830510131806 -0.081252092371630183 0.023951423582885403 -0.017019641863756343
leaf_weight=1.3638320879545052 0.51324869622475944 0.86914721352513957 0.35522110806777085 0.26824440795462656 0.20103320095222521 0.31892213644459833 0.60137385362759943 0.037471394985914119 2.5413675915915519 0.44527135509997606 0.26304706255905319 0.04551742784678936 1.3689858019351957 3.5461132973432541
leaf_count=695 285 468 7 54 54 14 200 1 66 11 32 3 8 16
internal_value=0.000129054 0.00953837 0.00367506 -0.000267434 -0.00252276 -0.00428842 -0.0545725 -0.0759987 0.0013512 -0.0308997 0.00452516 0.0572309 0.00234408 -0.00560811
internal_weight=12.7388 11.3375 10.4683 9.9551 9.68685 9.48582 0.956595 1.4013 8.52922 0.764193 7.76503 0.308564 7.45647 4.9151
internal_count=1914 1218 750 465 411 357 207 696 150 25 125 35 90 24
is_linear=0
shrinkage=0.08


Tree=71
num_leaves=15
num_cat=0
split_feature=4 10 9 12 2 6 7 9 1 14 1 1 1 12
split_gain=1.30727 0.684114 0.456412 0.262919 0.204329 0.376283 0.182418 0.140742 0.139686 0.160911 0.138169 0.127281 0.100119 0.266845
threshold=1.0000000180025095e-35 0.68500000000000016 1.0000000180025095e-35 2.5000000000000004 1.0000000180025095e-35 0.77500000000000013 0.70835000000000015 0.7250000000000002 20.500000000000004 1.0000000180025095e-35 16.500000000000004 10.500000000000002 10.500000000000002 1.5000000000000002
decision_type=2 2 2 2 2 2 2 2 2 2 2 2 2 2
left_child=7 2 -2 4 5 6 -4 -1 9 10 12 -11 13 -7
right_child=1 -3 3 -5 -6 8 -8 -9 -10 11 -12 -13 -14 -15
leaf_value=-0.080346520514332151 0.080133455258879993 0.080146165613038459 -0.008114848378554966 0.081086683782570612 0.080729980399472781 -0.089983733210004802 -0.081471530047554336 0.082986637689669504 0.055100087993075669 -0.062733489971616999 -0.027998311473968824 0.081101802885672328 0.0049363741466589691 0.011985961276721347
leaf_weight=1.2593877633335058 0.47385144280269287 0.80244108801707703 0.35582399368285145 0.24788507970515716 0.18571059289388436 0.26655423687770774 0.55590126430616493 0.034694131463765987 0.29745873110368926 0.046984818764030822 1.1887607481330631 0.24308740347623825 5.9888736780267209 0.4279321520589292
leaf_count=695 285 468 7 54 54 12 200 1 7 4 16 32 70 9
internal_value=0.000118916 0.00900438 0.00345052 -0.000255383 -0.00236518 -0.00401186 -0.0528422 -0.0759676 0.00125076 -0.0007117 -0.00286789 0.0578039 0.00160203 -0.0271515
internal_weight=12.3753 11.0813 10.2788 9.80497 9.55709 9.37138 0.911725 1.29408 8.45965 8.16219 7.87212 0.290072 6.68336 0.694486
internal_count=1914 1218 750 465 411 357 207 696 150 143 107 36 91 21
is_linear=0
shrinkage=0.08


Tree=72
num_leaves=15
num_cat=0
split_feature=4 10 9 12 0 6 2 6 7 9 1 10 10 13
split_gain=1.1987 0.637915 0.422399 0.241965 0.188138 0.327046 0.192291 0.322613 0.17961 0.129851 0.108497 0.357969 0.156482 0.59512
threshold=1.0000000180025095e-35 0.68500000000000016 1.0000000180025095e-35 2.5000000000000004 1.5000000000000002 1.4166500000000002 1.0000000180025095e-35 0.77500000000000013 0.70835000000000015 0.7250000000000002 18.500000000000004 0.66500000000000015 0.67500000000000016 1.0000000180025095e-35
decision_type=2 2 2 2 2 2 2 2 2 2 2 2 2 2
left_child=9 2 -2 4 -4 6 7 8 -6 -1 12 -12 -9 -14
right_child=1 -3 3 -5 5 -7 -8 10 -10 -11 11 -13 13 -15
leaf_value=-0.080321033694819591 0.080123177592988107 0.0801349152729601 -0.083648509979638852 0.081003374223039812 -0.0074533656333808651 0.087207677921327637 0.08067404553654195 0.012729902120389897 -0.081362990595815074 0.082748789151462998 -0.051156808125327274 0.10883534448897349 0.010151183847514501 -0.049459378213925376
leaf_weight=1.1629153607645992 0.43747385207097522 0.74084626347757954 0.17813217383809465 0.2290525682037704 0.3563863523304337 0.26347921742126423 0.1715465262532242 2.9088402481283993 0.51381837762892957 0.032115034759044536 0.15276723960414518 0.21611587330698967 3.037371520884335 1.6563814431428907
leaf_count=695 285 468 16 54 7 15 54 77 200 1 11 2 18 11
internal_value=0.000109737 0.00847638 0.00323124 -0.000242386 -0.00221064 -0.000646865 -0.00321507 -0.00484269 -0.0510938 -0.0759387 0.000206302 0.0425771 -0.00184956 -0.0108848
internal_weight=12.0572 10.8622 10.1214 9.68389 9.45484 9.27671 9.01323 8.84168 0.870205 1.19503 7.97148 0.368883 7.60259 4.69375
internal_count=1914 1218 750 465 411 395 380 326 207 696 119 13 106 29
is_linear=0
shrinkage=0.08


Tree=73
num_leaves=15
num_cat=0
split_feature=4 10 9 12 1 2 6 7 9 14 1 11 6 1
split_gain=1.1001 0.593955 0.390776 0.222772 0.182579 0.166103 0.313156 0.175067 0.119808 0.094081 0.12848 0.0877885 0.34455 0.0778529
threshold=1.0000000180025095e-35 0.68500000000000016 1.0000000180025095e-35 2.5000000000000004 9.5000000000000018 1.0000000180025095e-35 0.77500000000000013 0.70835000000000015 0.7250000000000002 1.0000000180025095e-35 20.500000000000004 1.0000000180025095e-35 1.1666500000000002 15.500000000000002
decision_type=2 2 2 2 2 2 2 2 2 2 2 2 2 2
left_child=8 2 -2 4 -4 6 7 -6 -1 11 -11 13 -13 -8
right_child=1 -3 3 -5 5 -7 9 -9 -10 10 -12 12 -14 -15
leaf_value=-0.080297339960243491 0.080113692868410177 0.080124531405661642 -0.085388356231338614 0.08092643338197178 -0.0068465952994853077 0.080622382843940188 -0.0055898415249130444 -0.081282656281379623 0.082530492745925846 0.06993224539242697 -0.081158940149781589 0.070457995424464709 -0.080814224223746067 0.014119418101919945
leaf_weight=1.073810091940685 0.40388513531069747 0.68397231562994498 0.16537273791618723 0.21163504698779512 0.35691025014965561 0.15845476335380304 5.6819762815721333 0.46655720798299427 0.029721144586801418 0.24499973608180869 0.042227880097925663 0.38883166946470726 0.12811442138627172 1.6566447985824195
leaf_count=695 285 468 20 54 7 54 49 194 1 34 3 26 5 19
internal_value=0.000101033 0.00802228 0.00304369 -0.000232285 -0.00208114 -0.000571313 -0.0020062 -0.0490203 -0.0759119 0.00274826 0.047719 0.00110397 0.0329683 -0.00114061
internal_weight=11.6931 10.5896 9.90561 9.50172 9.29009 9.12472 8.96626 0.823467 1.10353 8.14279 0.287228 7.85557 0.516946 7.33862
internal_count=1914 1218 750 465 411 391 337 201 696 136 37 99 31 68
is_linear=0
shrinkage=0.08


Tree=74
num_leaves=15
num_cat=0
split_feature=4 10 9 12 1 2 6 7 9 1 10 1 1 11
split_gain=1.00944 0.553153 0.361509 0.20508 0.168032 0.152913 0.278371 0.171284 0.110546 0.0885971 0.309916 0.163413 0.608339 0.116623
threshold=1.0000000180025095e-35 0.68500000000000016 1.0000000180025095e-35 2.5000000000000004 9.5000000000000018 1.0000000180025095e-35 0.77500000000000013 0.70835000000000015 0.7250000000000002 18.500000000000004 0.66500000000000015 16.500000000000004 15.500000000000002 1.0000000180025095e-35
decision_type=2 2 2 2 2 2 2 2 2 2 2 2 2 2
left_child=8 2 -2 4 -4 6 7 -6 -1 11 -11 12 13 -8
right_child=1 -3 3 -5 5 -7 9 -9 -10 10 -12 -13 -14 -15
leaf_value=-0.080275334154406824 0.080104940120973397 0.080114945395439535 -0.084979252034577138 0.08085537857225418 -0.0062899035459759653 0.080574672666849742 -0.0027503300913996292 -0.081187402530365813 0.082330029223709383 -0.048304138741370906 0.10560208818567296 -0.027279014243144942 0.11394544205854708 0.040837920367635387
leaf_weight=0.99151239392813184 0.37287205515894584 0.63145851611625481 0.15336335869506079 0.19552849477622736 0.35739782080053117 0.14635528507642526 5.8808381101116538 0.43117142445408518 0.02750016376376152 0.14242779300548125 0.20320151187479496 1.1338140445295719 0.31578970421105612 0.42096936726011325
leaf_count=695 285 468 20 54 7 54 76 194 1 11 2 13 9 25
internal_value=9.58696e-05 0.00755145 0.00285367 -0.000216925 -0.00194271 -0.000532749 -0.00186867 -0.0472421 -0.0758871 0.00255024 0.04218 0.000783178 0.00559116 0.000161425
internal_weight=11.4042 10.3852 9.75373 9.38086 9.18533 9.03197 8.88561 0.788569 1.01901 8.09704 0.345629 7.75141 6.6176 6.30181
internal_count=1914 1218 750 465 411 391 337 201 696 136 13 123 110 101
is_linear=0
shrinkage=0.08


Tree=75
num_leaves=15
num_cat=0
split_feature=4 10 9 12 0 6 2 6 7 9 1 10 10 13
split_gain=0.926609 0.51485 0.334339 0.188789 0.162383 0.298904 0.149189 0.226646 0.168418 0.102004 0.0897643 0.278528 0.127732 0.50785
threshold=1.0000000180025095e-35 0.68500000000000016 1.0000000180025095e-35 2.5000000000000004 1.5000000000000002 1.4166500000000002 1.0000000180025095e-35 0.77500000000000013 0.70835000000000015 0.7250000000000002 18.500000000000004 0.66500000000000015 0.67500000000000016 1.0000000180025095e-35
decision_type=2 2 2 2 2 2 2 2 2 2 2 2 2 2
left_child=9 2 -2 4 -4 6 7 8 -6 -1 12 -12 -9 -14
right_child=1 -3 3 -5 5 -7 -8 10 -10 -11 11 -13 13 -15
leaf_value=-0.080254898610041675 0.080096860225517763 0.080106098304752224 -0.083354897239938372 0.080789759466327798 -0.0057790636695044988 0.086755647878634115 0.08053060704231596 0.011446424952434881 -0.081081577014279441 0.082145881796152592 -0.045698285021818608 0.10310602038446344 0.0091815713799521404 -0.046554565483817374
leaf_weight=0.91550491144880553 0.34423759847413293 0.58297142630908716 0.15362598933279414 0.18063620617613274 0.35785111784933743 0.24492267379537302 0.13517388538457531 2.8395763000007719 0.40545903844759756 0.02544044703245163 0.13866659952327598 0.19193214923143387 3.0226259343326092 1.6001458391547201
leaf_count=695 285 468 16 54 7 15 54 77 200 1 11 2 18 11
internal_value=9.70232e-05 0.00710589 0.00267972 -0.000194946 -0.00180428 -0.000402328 -0.00285842 -0.00417582 -0.0457786 -0.0758641 -0.000100874 0.0406914 -0.00190806 -0.0101112
internal_weight=11.1388 10.1978 9.61485 9.27062 9.08998 8.93635 8.69143 8.55626 0.76331 0.940945 7.79295 0.330599 7.46235 4.62277
internal_count=1914 1218 750 465 411 395 380 326 207 696 119 13 106 29
is_linear=0
shrinkage=0.08


Tree=76
num_leaves=15
num_cat=0
split_feature=4 10 9 12 1 2 6 10 7 9 14 1 6 11
split_gain=0.850951 0.478794 0.309208 0.173892 0.151385 0.129445 0.219799 0.17494 0.377528 0.0941251 0.0934102 0.108696 0.0890858 0.072077
threshold=1.0000000180025095e-35 0.68500000000000016 1.0000000180025095e-35 2.5000000000000004 9.5000000000000018 1.0000000180025095e-35 0.77500000000000013 0.67500000000000016 0.70835000000000015 0.7250000000000002 1.0000000180025095e-35 20.500000000000004 0.36665000000000009 1.0000000180025095e-35
decision_type=2 2 2 2 2 2 2 2 2 2 2 2 2 2
left_child=9 2 -2 4 -4 6 7 8 -6 -1 13 -12 -9 -8
right_child=1 -3 3 -5 5 -7 10 12 -10 -11 11 -13 -14 -15
leaf_value=-0.080235932632556115 0.080089408365926235 0.080097936727873742 -0.084806023281719448 0.080729162635932869 0.084232356175458725 0.080489911981811088 -0.0012869385337138579 0.081687010707877247 -0.081944245850159608 0.081976653100198596 0.069289524059907431 -0.080972721329050201 -0.090922483857851677 0.031111047742429974
leaf_weight=0.84530927450396021 0.31779971555806241 0.5382030898472302 0.13809957075864154 0.16686832334380675 0.166557302698493 0.12484175484860394 7.2242697135079652 0.020225614309310913 0.18432793463579944 0.023531004786491394 0.22873814846388985 0.035605978220701218 0.35532934055663645 0.46794899739325035
leaf_count=695 285 468 20 54 5 54 68 1 25 1 34 3 170 31
internal_value=8.9596e-05 0.00670754 0.00251916 -0.000186019 -0.00169533 -0.00039222 -0.00155512 -0.0436792 -0.00306396 -0.0758427 0.00229084 0.0490499 -0.0816266 0.000683963
internal_weight=10.8377 9.96882 9.43061 9.11281 8.94594 8.80784 8.683 0.72644 0.350885 0.86884 7.95656 0.264344 0.375555 7.69222
internal_count=1914 1218 750 465 411 391 337 201 30 696 136 37 171 99
is_linear=0
shrinkage=0.08


Tree=77
num_leaves=15
num_cat=0
split_feature=4 10 9 12 0 6 5 11 1 14 1 5 0 0
split_gain=0.781373 0.445332 0.28597 0.160169 0.149558 0.272085 0.137793 0.195176 0.259731 0.16939 0.194785 0.281513 0.204039 0.0996687
threshold=1.0000000180025095e-35 0.68500000000000016 1.0000000180025095e-35 2.5000000000000004 1.5000000000000002 1.4166500000000002 1.5000000000000002 1.0000000180025095e-35 9.5000000000000018 1.0000000180025095e-35 20.500000000000004 1.0000000180025095e-35 3.5000000000000004 3.5000000000000004
decision_type=2 2 2 2 2 2 2 2 2 2 2 2 2 2
left_child=-1 2 -2 4 -4 6 7 9 -9 10 11 13 -12 -6
right_child=1 -3 3 -5 5 -7 -8 8 -10 -11 12 -13 -14 -15
leaf_value=-0.075822889971569565 0.080082525710125113 0.080090393984319982 -0.083291400284539976 0.080673208261421298 -0.09019692349354895 0.08628514282467957 -0.074302796891530007 -0.086970439813973691 0.070559453933972768 0.056779989886896212 0.08634920691214884 -0.0056680358480764572 -0.074407769041843042 0.080727095551273803
leaf_weight=0.80224456812720646 0.29339032480492733 0.49686893238686103 0.14108405658043821 0.15414138796040866 0.33001681487075618 0.22644706722349006 0.16798649029806334 0.079075818764977046 0.43809695466188714 0.2803654666058718 0.25603535334812466 6.8485964159481227 0.062954969122074544 0.02338083554059267
leaf_count=696 285 468 16 54 164 15 13 4 51 37 25 76 7 3
internal_value=8.33216e-05 0.00629812 0.0023563 -0.000175185 -0.00158269 -0.000259624 -0.00256891 -0.0011203 0.0464731 -0.0042754 -0.0065514 -0.00926092 0.0546227 -0.0788886
internal_weight=10.6007 9.79844 9.30157 9.00818 8.85404 8.71296 8.48651 8.31852 0.517173 7.80135 7.52098 7.20199 0.31899 0.353398
internal_count=1914 1218 750 465 411 395 380 367 55 312 275 243 32 167
is_linear=0
shrinkage=0.08


Tree=78
num_leaves=15
num_cat=0
split_feature=4 10 9 2 0 6 5 11 1 6 6 9 1 10
split_gain=0.711758 0.413815 0.264374 0.151464 0.137717 0.261816 0.147602 0.23899 0.244872 0.225875 0.127689 0.0931169 0.0746988 0.0724287
threshold=1.0000000180025095e-35 0.68500000000000016 1.0000000180025095e-35 1.0000000180025095e-35 1.5000000000000002 1.4166500000000002 1.5000000000000002 1.0000000180025095e-35 9.5000000000000018 0.77500000000000013 0.36665000000000009 0.7250000000000002 15.500000000000002 0.67500000000000016
decision_type=2 2 2 2 2 2 2 2 2 2 2 2 2 2
left_child=11 2 -2 4 -4 6 7 9 -9 10 -6 -1 -11 -12
right_child=1 -3 3 -5 5 -7 -8 8 -10 12 13 -13 -14 -15
leaf_value=-0.080202869285526029 0.080076172533533399 0.080083444357537295 -0.083041313467191707 0.080477704875483905 0.078359493906677805 0.085514593329822461 -0.081334564472348117 -0.086393065437622332 0.070432730400495885 -0.0053139110845953422 -0.027651374137710273 0.081964525959791312 0.014429871562774732 -0.089379936723581632
leaf_weight=0.7237759605050077 0.27085400215582467 0.45870604412630278 0.13061330164782603 0.14662533893715668 0.04301335796480632 0.22180876263883043 0.14945446909405369 0.073464137502014526 0.48048082273453474 5.5494667638558894 0.20015777519438416 0.023393565788865089 1.5743189877830444 0.3101614034967497
leaf_count=695 285 468 16 76 3 23 11 4 56 63 24 1 19 170
internal_value=8.63611e-05 0.00593455 0.0022175 -0.000157425 -0.00151128 -0.000273372 -0.00254394 -0.00111331 0.0496345 -0.00477503 -0.0540115 -0.0751255 -0.00095064 -0.0651687
internal_weight=10.3563 9.60913 9.15042 8.87957 8.73294 8.60233 8.38052 8.23106 0.553945 7.67712 0.553333 0.74717 7.12379 0.510319
internal_count=1914 1218 750 465 389 373 350 339 60 279 197 696 82 194
is_linear=0
shrinkage=0.08


Tree=79
num_leaves=15
num_cat=0
split_feature=4 10 9 2 0 6 5 11 1 6 6 9 10 7
split_gain=0.653936 0.384511 0.244431 0.139559 0.126943 0.239968 0.136509 0.214173 0.221406 0.20293 0.114446 0.085929 0.0729698 0.189637
threshold=1.0000000180025095e-35 0.68500000000000016 1.0000000180025095e-35 1.0000000180025095e-35 1.5000000000000002 1.4166500000000002 1.5000000000000002 1.0000000180025095e-35 9.5000000000000018 0.77500000000000013 0.36665000000000009 0.7250000000000002 0.67500000000000016 0.70835000000000015
decision_type=2 2 2 2 2 2 2 2 2 2 2 2 2 2
left_child=11 2 -2 4 -4 6 7 9 -9 10 -6 -1 13 -12
right_child=1 -3 3 -5 5 -7 -8 8 -10 -11 12 -13 -14 -15
leaf_value=-0.080187673841095514 0.080070314211991872 0.080077023989275631 -0.082809968673133061 0.080441123033459946 0.077669815346949 0.085102203949009539 -0.081230685465555313 -0.085866626882873359 0.068703595932414152 -0.00087443598959430506 0.083219735958323091 0.081809928041420829 -0.088717758236055308 -0.081864387239495698
leaf_weight=0.6682509133242992 0.25004731753142095 0.42347161384532306 0.12089444533921678 0.13541130634257648 0.040044972207393559 0.20570722583215761 0.13813313748687583 0.068214787694159784 0.45425652957055718 7.1231303671374917 0.067510723136365414 0.021634135395288467 0.28836541704367846 0.13085177476750687
leaf_count=695 285 468 16 76 3 23 11 4 56 82 3 1 170 21
internal_value=8.2796e-05 0.00557427 0.00207751 -0.000145557 -0.00140898 -0.000253431 -0.00236621 -0.00103321 0.0485226 -0.00441776 -0.0523313 -0.0751076 -0.063027 -0.0256796
internal_weight=10.1359 9.44604 9.02257 8.77252 8.63711 8.51621 8.31051 8.17237 0.522471 7.6499 0.526773 0.689885 0.486728 0.198362
internal_count=1914 1218 750 465 389 373 350 339 60 279 197 696 194 24
is_linear=0
shrinkage=0.08


Tree=80
num_leaves=15
num_cat=0
split_feature=4 10 9 2 0 6 5 11 1 6 6 9 10 7
split_gain=0.600952 0.357139 0.225981 0.128615 0.117017 0.220062 0.126222 0.191612 0.199853 0.187678 0.104981 0.079298 0.066417 0.174653
threshold=1.0000000180025095e-35 0.68500000000000016 1.0000000180025095e-35 1.0000000180025095e-35 1.5000000000000002 1.4166500000000002 1.5000000000000002 1.0000000180025095e-35 9.5000000000000018 0.77500000000000013 0.36665000000000009 0.7250000000000002 0.67500000000000016 0.70835000000000015
decision_type=2 2 2 2 2 2 2 2 2 2 2 2 2 2
left_child=11 2 -2 4 -4 6 7 9 -9 10 -6 -1 13 -12
right_child=1 -3 3 -5 5 -7 -8 8 -10 -11 12 -13 -14 -15
leaf_value=-0.080173588565967915 0.080064897083750336 0.080071099485327826 -0.082596003315590374 0.080407331769613594 0.07690987217865615 0.084719549764759566 -0.081134978358610527 -0.085386136956963926 0.066843690730169991 -0.00080443334101598489 0.082966631694128698 0.081667754534542725 -0.088095662896929619 -0.08172039985685832
leaf_weight=0.61697733117034559 0.23083773994585044 0.39094133011531162 0.1118770083412518 0.12505079311085943 0.037316991947587641 0.19071457709651518 0.12765726854559112 0.063310103374533244 0.43053205893374979 7.1235375513788313 0.062502648681402206 0.020004179328680038 0.26799833599943668 0.12099560489878058
leaf_count=695 285 468 16 76 3 23 11 4 56 82 3 1 170 21
internal_value=7.74392e-05 0.0052352 0.00194513 -0.000136847 -0.00131674 -0.000237366 -0.00220516 -0.000962164 0.047328 -0.00409493 -0.0520477 -0.075091 -0.0627063 -0.0256252
internal_weight=9.92025 9.28327 8.89233 8.66149 8.53644 8.42457 8.23385 8.10619 0.493842 7.61235 0.488814 0.636982 0.451497 0.183498
internal_count=1914 1218 750 465 389 373 350 339 60 279 197 696 194 24
is_linear=0
shrinkage=0.08


Tree=81
num_leaves=15
num_cat=0
split_feature=4 10 9 2 6 7 10 1 10 1 1 9 1 12
split_gain=0.552362 0.331617 0.208909 0.118542 0.103388 0.185841 0.1859 0.0989317 0.161553 0.125426 0.549058 0.0731805 0.0681275 0.254543
threshold=1.0000000180025095e-35 0.68500000000000016 1.0000000180025095e-35 1.0000000180025095e-35 0.77500000000000013 0.70835000000000015 0.67500000000000016 18.500000000000004 0.67500000000000016 16.500000000000004 15.500000000000002 0.7250000000000002 10.500000000000002 1.5000000000000002
decision_type=2 2 2 2 2 2 2 2 2 2 2 2 2 2
left_child=11 2 -2 4 5 6 -4 9 -9 10 12 -1 13 -6
right_child=1 -3 3 -5 7 -7 -8 8 -10 -11 -12 -13 -14 -15
leaf_value=-0.080160535342303788 0.08005990398019236 0.08006563339788493 0.082887473828478053 0.080376119405583854 -0.08939231638683158 -0.080895494025044701 -0.042680401719844559 -0.024176190047820404 0.10011624203230451 -0.025102556534000939 0.1110240845407791 0.081536959366874037 0.0013583944638125467 0.019907644452296907
leaf_weight=0.56963082251604547 0.21310284122591383 0.36090797802899111 0.12818294367752248 0.11547943996265608 0.24299952585715789 0.27925878646784241 0.18344757379963994 0.11476833664346475 0.16055643558502197 1.129694230854511 0.29178333841264237 0.018494604155421257 5.6020894366083667 0.31074624188477173
leaf_count=695 285 468 10 76 14 200 6 12 1 19 9 1 104 14
internal_value=7.19823e-05 0.00491116 0.0018191 -0.000128946 -0.00122999 -0.0335014 0.00896942 0.00119835 0.0483053 -0.000513302 0.00379501 -0.0750757 -0.00128759 -0.0280563
internal_weight=9.72114 9.13302 8.77211 8.55901 8.44353 0.590889 0.311631 7.85264 0.275325 7.57731 6.44762 0.588125 6.15584 0.553746
internal_count=1914 1218 750 465 389 216 16 173 13 160 141 696 132 28
is_linear=0
shrinkage=0.08


Tree=82
num_leaves=15
num_cat=0
split_feature=4 10 9 12 0 6 5 10 1 13 1 13 1 1
split_gain=0.507844 0.307801 0.193088 0.117405 0.105672 0.192164 0.0983246 0.132282 0.422067 0.48116 0.260816 0.889635 0.559302 0.500765
threshold=1.0000000180025095e-35 0.68500000000000016 1.0000000180025095e-35 2.5000000000000004 1.5000000000000002 1.4166500000000002 1.5000000000000002 0.67500000000000016 13.500000000000002 1.0000000180025095e-35 13.500000000000002 1.0000000180025095e-35 14.500000000000002 12.500000000000002
decision_type=2 2 2 2 2 2 2 2 2 2 2 2 2 2
left_child=-1 2 -2 4 -4 6 7 8 9 -6 11 -9 -12 -13
right_child=1 -3 3 -5 5 -7 -8 10 -10 -11 12 13 -14 -15
leaf_value=-0.075061487215147035 0.080055296833006384 0.080060587516915513 -0.082504055414357083 0.080516534580546181 -0.035672483563017061 0.08458718063625946 -0.073351099943815654 0.14310392111221926 0.054321051988574641 0.049296303342345076 -0.10525799231934656 -0.098448653141064352 -0.0082979386529564419 0.025280899613551126
leaf_weight=0.54300853813765471 0.19672958267619378 0.33318020257866088 0.10111166257411142 0.11401533428579647 1.3634400173323213 0.16752432868816036 0.12166854937095184 0.29888841696083523 1.0156042658491058 0.62071127380477253 0.4306725085480142 0.31077695707790554 3.2847235296503641 0.64143182476982474
leaf_count=696 285 468 16 54 31 15 13 21 116 16 19 8 140 16
internal_value=7.15907e-05 0.00460445 0.00170384 -0.000115883 -0.00121602 -0.000220411 -0.00197702 -0.000886927 0.0123777 -0.0090913 -0.00889876 0.0226941 -0.0195371 -0.0151013
internal_weight=9.54349 9.00048 8.6673 8.47057 8.35655 8.25544 8.08792 7.96625 2.99976 1.98415 4.96649 1.2511 3.7154 0.952209
internal_count=1914 1218 750 465 411 395 380 367 163 47 204 45 159 24
is_linear=0
shrinkage=0.08


Tree=83
num_leaves=15
num_cat=0
split_feature=4 10 9 12 1 10 1 13 1 1 13 1 1 1
split_gain=0.462274 0.285593 0.178446 0.108188 0.100363 0.0856213 0.281148 0.699307 0.47921 0.248833 0.563384 0.300229 0.237658 0.233178
threshold=1.0000000180025095e-35 0.68500000000000016 1.0000000180025095e-35 2.5000000000000004 9.5000000000000018 0.67500000000000016 13.500000000000002 1.0000000180025095e-35 14.500000000000002 20.500000000000004 1.0000000180025095e-35 16.500000000000004 12.500000000000002 13.500000000000002
decision_type=2 2 2 2 2 2 2 2 2 2 2 2 2 2
left_child=-1 2 -2 4 -4 13 7 -7 -8 10 11 -10 -9 -6
right_child=1 -3 3 -5 5 6 8 12 9 -11 -12 -13 -14 -15
leaf_value=-0.074270216372925163 0.080051042642804729 0.080055925147229964 -0.083619437966002824 0.080476862671988794 -0.0059035068247603349 0.13367641082119647 -0.098136835541192777 -0.057321085681957734 0.021149002677182119 0.08556580651243248 -0.091667430697964319 -0.036190825473369319 0.022889466222791796 0.039542123179992804
leaf_weight=0.50639020535163481 0.18161355197662032 0.30758127255830991 0.093326268543024393 0.10529919981490898 2.0497637965599993 0.29454447608441081 0.42275879828957874 0.37111318227835 1.7382536935037944 0.17360910581191991 0.48906691529555235 0.88041262346087013 0.65133394184522331 1.1159741123556157
leaf_count=696 285 468 20 54 50 21 20 9 27 18 75 20 16 135
internal_value=7.40088e-05 0.00431611 0.00159685 -0.000102328 -0.00112706 -0.000186681 -0.00668291 0.0250645 -0.0179707 -0.00764231 -0.0128492 0.00187098 -0.00622421 0.0101168
internal_weight=9.38104 8.87465 8.56707 8.38546 8.28016 8.18683 5.02109 1.31699 3.7041 3.28134 3.10773 2.61867 1.02245 3.16574
internal_count=1914 1218 750 465 411 391 206 46 160 140 122 47 25 185
is_linear=0
shrinkage=0.08


Tree=84
num_leaves=15
num_cat=0
split_feature=4 10 9 2 6 7 10 14 9 4 1 1 12 10
split_gain=0.420063 0.265003 0.164968 0.100801 0.11524 0.161243 0.16167 0.0875481 0.0773493 0.061289 0.0603399 0.0497356 0.229847 0.0811737
threshold=1.0000000180025095e-35 0.68500000000000016 1.0000000180025095e-35 1.0000000180025095e-35 0.77500000000000013 0.70835000000000015 0.67500000000000016 1.0000000180025095e-35 0.7250000000000002 1.5000000000000002 10.500000000000002 10.500000000000002 1.5000000000000002 0.67500000000000016
decision_type=2 2 2 2 2 2 2 2 2 2 2 2 2 2
left_child=8 2 -2 4 5 6 -4 11 -1 10 -9 12 -6 -13
right_child=1 -3 3 -5 7 -7 -8 9 -10 -11 -12 13 -14 -15
leaf_value=-0.080128247692869081 0.080047114303342576 0.08005162272096826 0.082431787350543434 0.080339677445642924 -0.089095704457782365 -0.080951068684628091 -0.042369823775708401 -0.060463513836950061 0.081644777876474658 -0.068146707247116592 0.08099363592412108 0.013973321882023644 0.021229344395812772 -0.004388972945026476
leaf_weight=0.4531897536944588 0.16765833279350317 0.28394793783081773 0.10832456947536595 0.098503922985401782 0.20620370795950282 0.26747261564015012 0.17177037009969354 0.02165998751297582 0.019739683717489243 0.02465839113574475 0.17705018183914945 2.311895817052573 0.2919979288126342 4.6194707900285721
leaf_count=695 285 468 10 76 12 200 6 4 1 4 34 78 12 29
internal_value=6.17539e-05 0.00403072 0.00148119 -0.000106014 -0.00107232 -0.0365264 0.00589624 0.00146442 -0.073376 0.0508125 0.0655744 -1.92216e-05 -0.0244338 0.00173561
internal_weight=9.22354 8.75061 8.46667 8.29901 8.2005 0.547568 0.280095 7.65294 0.472929 0.223369 0.19871 7.42957 0.498202 6.93137
internal_count=1914 1218 750 465 389 216 16 173 696 42 38 131 24 107
is_linear=0
shrinkage=0.08


Tree=85
num_leaves=15
num_cat=0
split_feature=4 10 9 12 0 6 5 11 1 14 1 5 0 0
split_gain=0.386386 0.245749 0.152459 0.0987252 0.0933567 0.181236 0.0951973 0.101963 0.167309 0.128242 0.137391 0.182456 0.144929 0.0838946
threshold=1.0000000180025095e-35 0.68500000000000016 1.0000000180025095e-35 2.5000000000000004 1.5000000000000002 1.4166500000000002 1.5000000000000002 1.0000000180025095e-35 9.5000000000000018 1.0000000180025095e-35 20.500000000000004 1.0000000180025095e-35 3.5000000000000004 3.5000000000000004
decision_type=2 2 2 2 2 2 2 2 2 2 2 2 2 2
left_child=-1 2 -2 4 -4 6 7 9 -9 10 11 -6 -12 -11
right_child=1 -3 3 -5 5 -7 -8 8 -10 13 12 -13 -14 -15
leaf_value=-0.073362998894495129 0.080043490437754064 0.080047651584275389 -0.082453683792172383 0.080455811007508593 -0.076975161584093094 0.084601009135787497 -0.073401591104455238 -0.085021160154968245 0.0618188158880029 0.079256433930823475 0.083496675774115806 -0.0044288116921113964 -0.07449694291210604 -0.047694897679245403
leaf_weight=0.43664514692500134 0.15477487439056403 0.26212946727173481 0.089188148733227446 0.096223516331520709 0.22952104089199554 0.15829223982291285 0.11725667235441495 0.058603186858817824 0.32543762947898358 0.18545259675011028 0.19961351330857713 6.660190240771044 0.045657541952095926 0.040610239375382662
leaf_count=696 285 468 16 54 167 15 13 4 51 34 25 76 7 3
internal_value=5.62185e-05 0.00377399 0.00138265 -0.000100981 -0.00105679 -0.000151672 -0.00185799 -0.000774861 0.0394116 -0.00287147 -0.00475102 -0.00684559 0.0540859 0.0564507
internal_weight=9.0596 8.62295 8.36082 8.20605 8.10982 8.02063 7.86234 7.74509 0.384041 7.36105 7.13498 6.88971 0.245271 0.226063
internal_count=1914 1218 750 465 411 395 380 367 55 312 275 243 32 37
is_linear=0
shrinkage=0.08


Tree=86
num_leaves=15
num_cat=0
split_feature=4 10 9 12 1 6 9 10 7 5 6 11 6 1
split_gain=0.350794 0.22777 0.140851 0.0909875 0.0849257 0.0788474 0.0762102 0.0750039 0.156824 0.066284 0.0576156 0.0494359 0.190572 0.0906242
threshold=1.0000000180025095e-35 0.68500000000000016 1.0000000180025095e-35 2.5000000000000004 9.5000000000000018 0.77500000000000013 0.7250000000000002 0.67500000000000016 0.70835000000000015 1.0000000180025095e-35 0.36665000000000009 1.0000000180025095e-35 1.1666500000000002 10.500000000000002
decision_type=2 2 2 2 2 2 2 2 2 2 2 2 2 2
left_child=6 2 -2 4 -4 7 -1 8 -6 10 -9 13 -13 -7
right_child=1 -3 3 -5 5 11 -8 9 -10 -11 -12 12 -14 -15
leaf_value=-0.080110301224696062 0.080040144443834949 0.08004398477538846 -0.083208397384062549 0.080420793500531898 0.082109069440575819 -0.046977997152721176 0.081631212459869804 0.081155460436700688 -0.045332278891720541 0.080638653438992805 -0.086376926430885445 0.067084114916390339 -0.074060771123378014 0.0022553593739869115
leaf_weight=0.38888035755371575 0.14288094418588571 0.24198662041453722 0.079582127509638556 0.088862609671196746 0.093608004972338676 0.24793227249756444 0.019583385437726974 0.014034846797585487 0.18185105934389856 0.018853956367820501 0.20554980225278996 0.24802181986160565 0.081287347304169089 6.8560508780647069
leaf_count=695 285 468 20 54 6 6 1 1 69 3 170 32 7 97
internal_value=6.24248e-05 0.00354224 0.00130063 -8.56294e-05 -0.000976898 -0.000153443 -0.0723558 -0.0304595 -0.00202446 -0.0633094 -0.075669 0.00194175 0.0322436 0.000537093
internal_weight=8.90897 8.5005 8.25852 8.11563 8.02677 7.94719 0.408464 0.513898 0.275459 0.238439 0.219585 7.43329 0.329309 7.10398
internal_count=1914 1218 750 465 411 391 696 249 75 174 171 142 39 103
is_linear=0
shrinkage=0.08


Tree=87
num_leaves=15
num_cat=0
split_feature=4 10 9 2 6 7 10 1 10 1 1 9 6 1
split_gain=0.322735 0.211143 0.130159 0.0887733 0.0963632 0.134863 0.12717 0.0752113 0.125002 0.094656 0.483687 0.0703334 0.05154 0.169158
threshold=1.0000000180025095e-35 0.68500000000000016 1.0000000180025095e-35 1.0000000180025095e-35 0.77500000000000013 0.70835000000000015 0.67500000000000016 18.500000000000004 0.67500000000000016 16.500000000000004 15.500000000000002 0.7250000000000002 1.4166500000000002 10.500000000000002
decision_type=2 2 2 2 2 2 2 2 2 2 2 2 2 2
left_child=11 2 -2 4 5 6 -4 9 -9 10 12 -1 -6 -14
right_child=1 -3 3 -5 7 -7 -8 8 -10 -11 -12 -13 13 -15
leaf_value=-0.080101940099142815 0.08003705696697562 0.080040604052841871 0.081911043714628387 0.080292527669248576 -0.0025787023206856529 -0.080844379279426073 -0.039358551839744377 -0.022354635535034674 0.095530104551583325 -0.021896706591397606 0.10874474933220199 0.081503346236933422 -0.073630022360045511 0.084196465395517339
leaf_weight=0.35901776555692677 0.13190062178182138 0.22339086054125878 0.088010889245194401 0.086999244493199401 5.694115326507017 0.22466316132340847 0.14909935696050525 0.099747197586111613 0.1361393928527832 1.0949153732508419 0.2679843344958498 0.018104953691363335 0.061543956282548495 0.14793091191677377
leaf_count=695 285 468 10 76 104 200 6 12 1 19 9 1 8 20
internal_value=5.7042e-05 0.00330502 0.0012102 -8.12108e-05 -0.000959202 -0.0364292 0.00565445 0.00122398 0.0456813 -0.000219198 0.00362667 -0.0723436 -0.00114501 0.0378269
internal_weight=8.78356 8.40644 8.18305 8.05115 7.96415 0.461773 0.23711 7.50238 0.235887 7.26649 6.17157 0.377123 5.90359 0.209475
internal_count=1914 1218 750 465 389 216 16 173 13 160 141 696 132 28
is_linear=0
shrinkage=0.08


Tree=88
num_leaves=15
num_cat=0
split_feature=4 10 9 12 6 9 10 7 5 6 1 12 10 13
split_gain=0.297108 0.19559 0.120223 0.0833149 0.0653245 0.0649111 0.0630656 0.132486 0.0556227 0.0545969 0.0466471 0.211654 0.0731608 0.253282
threshold=1.0000000180025095e-35 0.68500000000000016 1.0000000180025095e-35 2.5000000000000004 0.77500000000000013 0.7250000000000002 0.67500000000000016 0.70835000000000015 1.0000000180025095e-35 0.36665000000000009 10.500000000000002 1.5000000000000002 0.67500000000000016 1.0000000180025095e-35
decision_type=2 2 2 2 2 2 2 2 2 2 2 2 2 2
left_child=5 2 -2 4 6 -1 7 -4 9 -8 11 -6 13 -12
right_child=1 -3 3 -5 10 -7 8 -9 -10 -11 12 -13 -14 -15
leaf_value=-0.080094206804009874 0.080034207317489711 0.080037483601213447 0.081792535142984749 0.080403142960531984 -0.087565613354569333 0.081385671639194843 0.08110815268377794 -0.043355059518449368 0.080543948989756017 -0.085805428930844738 -0.00063839062099832727 0.022694260373543242 -0.0032987916891734936 0.061061106049404186
leaf_weight=0.33144587531569314 0.12176377640571168 0.20622347036260258 0.080069222371093929 0.081512928067240753 0.19283613335574035 0.016736162826418877 0.013476028107106686 0.16716697154333893 0.016089147422462702 0.18094278729404323 1.7909348038665487 0.26391168322879821 4.6335962719749659 0.55863635841524217
leaf_count=695 285 468 6 54 14 1 1 75 3 170 77 11 32 22
internal_value=6.58959e-05 0.00310036 0.00114179 -6.21258e-05 -0.00089262 -0.0723323 -0.0302253 -0.00282511 -0.0624061 -0.0742359 0.000912085 -0.0238568 0.00253214 0.0140313
internal_weight=8.65534 8.30716 8.10094 7.97917 7.89766 0.348182 0.457744 0.247236 0.210508 0.194419 7.43992 0.456748 6.98317 2.34957
internal_count=1914 1218 750 465 411 696 255 81 174 171 156 25 131 99
is_linear=0
shrinkage=0.08


Tree=89
num_leaves=15
num_cat=0
split_feature=4 10 9 2 0 7 1 10 5 14 1 1 1 9
split_gain=0.273457 0.181211 0.111081 0.0808963 0.0864461 0.214816 0.155944 0.143312 0.127184 0.110447 0.103551 0.0665656 0.352227 0.0599079
threshold=1.0000000180025095e-35 0.68500000000000016 1.0000000180025095e-35 1.0000000180025095e-35 2.5000000000000004 0.70835000000000015 18.500000000000004 0.67500000000000016 1.5000000000000002 1.0000000180025095e-35 17.500000000000004 15.500000000000002 16.500000000000004 0.7250000000000002
decision_type=2 2 2 2 2 2 2 2 2 2 2 2 2 2
left_child=13 2 -2 4 6 7 8 -6 9 10 11 -4 -13 -1
right_child=1 -3 3 -5 5 -7 -8 -9 -10 -11 -12 12 -14 -15
leaf_value=-0.080087047368494146 0.080031576889749309 0.0800345984003549 -0.0052690249417392436 0.080256103238294699 0.082150057122370335 -0.081853641693086565 0.074751633302425319 -0.036436021606186982 0.084627289785743201 0.064634064485019321 -0.062548360039991702 0.096258211193375187 -0.0091513485733081979 0.081277368162672656
leaf_weight=0.30598934410954726 0.11240567706408722 0.19037483682041134 5.5568384826183319 0.079458029998931923 0.12394252559170127 0.27130949700949702 0.18088588229147706 0.13766574952751398 0.11066686516278412 0.15653564425883804 0.18389662541449059 0.26705537334782981 0.84427783684805036 0.015469176694750786
leaf_count=695 285 468 155 76 12 28 41 6 17 35 21 43 31 1
internal_value=6.1174e-05 0.00289346 0.00106345 -5.83706e-05 -0.000873074 -0.0319782 0.00139763 0.0197467 -0.000466142 -0.00180978 -0.00332769 -0.00169449 0.0161788 -0.0723219
internal_weight=8.53677 8.21531 8.02494 7.91253 7.83307 0.532918 7.30016 0.261608 7.11927 7.0086 6.85207 6.66817 1.11133 0.321459
internal_count=1914 1218 750 465 389 46 343 18 302 285 250 229 74 696
is_linear=0
shrinkage=0.08


Tree=90
num_leaves=15
num_cat=0
split_feature=4 10 9 1 11 6 6 14 0 5 10 9 5 1
split_gain=0.251821 0.167789 0.102596 0.0796695 0.0939679 0.14154 0.107108 0.0814822 0.112367 0.0920075 0.105455 0.0552913 0.0541056 0.0383743
threshold=1.0000000180025095e-35 0.68500000000000016 1.0000000180025095e-35 9.5000000000000018 1.0000000180025095e-35 1.1666500000000002 1.4166500000000002 1.0000000180025095e-35 3.5000000000000004 1.0000000180025095e-35 0.67500000000000016 0.7250000000000002 1.5000000000000002 14.500000000000002
decision_type=2 2 2 2 2 2 2 2 2 2 2 2 2 2
left_child=11 2 -2 -4 6 12 7 9 -9 10 -5 -1 -6 -11
right_child=1 -3 3 4 5 -7 -8 8 -10 13 -12 -13 -14 -15
leaf_value=-0.080080432868561008 0.080029147543853402 0.080031939489354595 -0.083058738866048198 0.055573324183198984 0.065510109732399235 -0.062434611590408973 0.068589542454730854 0.080136430582069457 -0.059389306162665891 -0.0087159193230995999 -0.085051000714878089 0.081177652811137785 -0.049634159527682152 0.0033364672479624024
leaf_weight=0.28248615586198766 0.10376654463470814 0.17574372945819039 0.073294771864312547 0.042876177933066972 0.34320406685583282 0.076990364555967972 0.13716200011549506 0.15573095221770916 0.04842886608093977 3.3402353595010936 0.16729581420077011 0.014296678826212883 0.028269152680877596 3.4237090168753639
leaf_count=695 285 468 20 13 94 16 14 32 6 28 170 1 7 65
internal_value=6.76786e-05 0.00271421 0.00100307 -4.32557e-05 0.000740448 0.0362869 -0.00143868 -0.00277678 0.0470395 -0.00423509 -0.0563629 -0.0723123 0.0567476 -0.00261536
internal_weight=8.41349 8.11671 7.94096 7.8372 7.7639 0.448464 7.31544 7.17828 0.20416 6.97412 0.210172 0.296783 0.371473 6.76394
internal_count=1914 1218 750 465 445 117 328 314 38 276 183 696 101 93
is_linear=0
shrinkage=0.08


Tree=91
num_leaves=15
num_cat=0
split_feature=4 10 9 0 6 5 11 1 14 1 5 6 0 9
split_gain=0.231872 0.155373 0.0947753 0.0736133 0.13693 0.0764137 0.122304 0.140334 0.101045 0.102165 0.120423 0.10596 0.0575896 0.0510312
threshold=1.0000000180025095e-35 0.68500000000000016 1.0000000180025095e-35 1.5000000000000002 1.4166500000000002 1.5000000000000002 1.0000000180025095e-35 9.5000000000000018 1.0000000180025095e-35 20.500000000000004 1.0000000180025095e-35 0.58335000000000015 3.5000000000000004 0.7250000000000002
decision_type=2 2 2 2 2 2 2 2 2 2 2 2 2 2
left_child=13 2 -2 -4 5 6 8 -8 9 10 -5 -11 -10 -1
right_child=1 -3 3 4 -6 -7 7 -9 12 11 -12 -13 -14 -15
leaf_value=-0.08007430868648531 0.080026912285432336 0.080029477844107771 -0.081875443001410989 -0.07272943300510834 0.083198721961601288 -0.070819458190919768 -0.083980985886468143 0.063518167749386317 0.078701693568650366 -0.074028867101838924 -0.0035616097838016853 0.081245138897780858 -0.043730361853649286 0.081085834648992924
leaf_weight=0.26078671155846578 0.095791162020758658 0.1622366944211534 0.069711335236207428 0.16513848878093984 0.12665693915914733 0.098106463789008447 0.047260444494895526 0.32635377196129411 0.14521415522904124 0.034175747248809674 6.5782234350335784 0.15891757511417381 0.029600766953080893 0.013211836107075214
leaf_count=695 285 468 16 167 23 16 4 94 34 20 76 12 3 1
internal_value=6.70317e-05 0.00253418 0.000937688 -3.61778e-05 0.00070382 -0.000674073 0.000245342 0.0448602 -0.00209865 -0.00361254 -0.00525546 0.0537631 0.0579707 -0.0723034
internal_weight=8.31139 8.03739 7.87515 7.77936 7.70965 7.58299 7.48488 0.373614 7.11127 6.93646 6.74336 0.193093 0.174815 0.273999
internal_count=1914 1218 750 465 449 426 410 98 312 275 243 32 37 696
is_linear=0
shrinkage=0.08


Tree=92
num_leaves=15
num_cat=0
split_feature=4 10 9 9 10 1 0 13 1 13 1 1 1 13
split_gain=0.213565 0.143826 0.0875387 0.0471 0.0419535 0.252765 0.404487 0.337504 0.23907 0.645897 0.438066 0.261834 0.218855 0.206478
threshold=1.0000000180025095e-35 0.68500000000000016 1.0000000180025095e-35 0.7250000000000002 0.67500000000000016 13.500000000000002 2.5000000000000004 1.0000000180025095e-35 13.500000000000002 1.0000000180025095e-35 14.500000000000002 12.500000000000002 10.500000000000002 1.0000000180025095e-35
decision_type=2 2 2 2 2 2 2 2 2 2 2 2 2 2
left_child=3 2 -2 -1 5 7 -7 -4 9 -6 -10 -11 -9 -12
right_child=1 -3 4 -5 8 6 -8 12 10 11 13 -13 -14 -15
leaf_value=-0.080068652318267861 0.080024838211599184 0.080027213688762158 -0.029945575005505747 0.081001264824298758 0.13130334067585256 0.082015553058093979 -0.025717020841682849 -0.013917803301394239 -0.094361102876381497 -0.06324241068852561 0.0043470364992254174 0.024084948863376018 0.085161634323231927 -0.049389495448212146
leaf_weight=0.24075279652606685 0.088428583840140962 0.14976741065038357 1.4053296671772844 0.012208279222249985 0.28444783901795723 0.59218370149028476 0.35781365903676488 0.25056398453307327 0.39856093234266188 0.33320941333658993 2.5542665160028268 0.64526263601146638 0.33139003958785906 0.55751762737054367
leaf_count=695 285 468 51 1 23 61 101 14 25 9 65 16 13 87
internal_value=6.92416e-05 0.00237217 0.000880923 -0.0722952 -2.67408e-05 0.00749584 0.0414384 -0.00873 -0.00465584 0.0251933 -0.0153947 -0.00565356 0.0425024 -0.00528058
internal_weight=8.2017 7.94874 7.79897 0.252961 7.71055 2.93728 0.949997 1.98728 4.77326 1.26292 3.51035 0.978472 0.581954 3.11178
internal_count=1914 1218 750 696 465 240 162 78 225 48 177 25 27 152
is_linear=0
shrinkage=0.08


Tree=93
num_leaves=15
num_cat=0
split_feature=4 10 9 1 10 1 10 14 5 5 5 0 9 1
split_gain=0.196823 0.133052 0.0808159 0.0480579 0.139176 0.0882981 0.239915 0.0875954 0.0823519 0.0554094 0.0542416 0.0438334 0.0434722 0.0404697
threshold=1.0000000180025095e-35 0.68500000000000016 1.0000000180025095e-35 20.500000000000004 0.52500000000000013 17.500000000000004 0.67500000000000016 1.0000000180025095e-35 1.0000000180025095e-35 1.5000000000000002 1.5000000000000002 2.5000000000000004 0.7250000000000002 10.500000000000002
decision_type=2 2 2 2 2 2 2 2 2 2 2 2 2 2
left_child=12 2 -2 5 8 7 10 9 -5 -4 -7 -11 -1 -9
right_child=1 -3 3 4 -6 6 -8 13 -10 11 -12 -13 -14 -15
leaf_value=-0.080063418123274513 0.080022931319234838 0.080025122249267652 -0.0015508361095504931 0.081196182267000275 0.080692893349208386 0.059277492963456913 -0.091175742670121601 -0.058145575314240514 -0.06977001182031474 0.084346134319361818 -0.068706930846402003 -0.022059613382284158 0.080923357588292055 0.072720386056258704
leaf_weight=0.22225678974064056 0.081631738285068312 0.13825621141586442 6.6903880487661809 0.03084683883935202 0.16290227446006611 0.12877110537374381 0.22646249225363135 0.016890402883291133 0.092389047262258828 0.084951656986959168 0.025368476985022426 0.034979653544723988 0.01128007099032402 0.14458500299951993
leaf_count=695 285 468 261 4 30 35 42 6 24 11 6 5 1 41
internal_value=8.78426e-05 0.0022387 0.000845664 -4.90333e-07 0.0321653 -0.00125231 -0.0387745 0.000796091 -0.0319821 -0.000584699 0.0382137 0.0533114 -0.0722876 0.0590317
internal_weight=8.09196 7.85842 7.72017 7.63854 0.286138 7.3524 0.380602 6.97179 0.123236 6.81032 0.15414 0.119931 0.233537 0.161475
internal_count=1914 1218 750 465 58 407 83 324 28 277 41 16 696 47
is_linear=0
shrinkage=0.08


Tree=94
num_leaves=15
num_cat=0
split_feature=4 12 2 6 14 1 7 10 1 1 13 1 10 1
split_gain=0.181298 0.124729 0.0764549 0.108407 0.0890486 0.0875318 0.0741041 0.107535 0.0670446 0.398751 0.122939 0.0525292 0.424098 0.472205
threshold=1.0000000180025095e-35 2.5000000000000004 1.0000000180025095e-35 0.77500000000000013 1.0000000180025095e-35 20.500000000000004 0.70835000000000015 0.67500000000000016 16.500000000000004 15.500000000000002 1.0000000180025095e-35 13.500000000000002 0.67500000000000016 14.500000000000002
decision_type=2 2 2 2 2 2 2 2 2 2 2 2 2 2
left_child=-1 2 3 6 5 8 7 -2 9 11 -10 -5 -13 -14
right_child=1 -3 -4 4 -6 -7 -8 -9 10 -11 -12 12 13 -15
leaf_value=-0.072280586933718263 0.081294198283597741 0.080166957985140425 0.080188313551330756 0.0051501803239627072 0.056944747010579506 0.064397764640633182 -0.080658620581282023 -0.05802569180435433 -0.0061998700229629082 0.1041858359667947 -0.076024218185776177 0.072234179567227066 -0.1098281848378265 -0.0071231615707230489
leaf_weight=0.21560244011925522 0.057981203775852919 0.12877714858041134 0.076810840982943662 3.1929481208499055 0.18394019739935163 0.13485630613286037 0.17476782886660647 0.091274376376532018 0.87753179436549522 0.23769077460747201 0.19774997630156577 0.34130952705163542 0.34260262059979152 1.7496332762530074
leaf_count=696 5 292 121 255 215 5 200 19 22 17 10 20 20 17
internal_value=8.45283e-05 0.00208791 0.00077512 -2.93596e-05 0.00199175 0.000562911 -0.0453031 -0.0039042 -0.000677607 0.00268957 -0.0190409 -0.00159813 -0.0104523 -0.0239411
internal_weight=8.00348 7.78787 7.6591 7.58229 7.25826 7.07432 0.324023 0.149256 6.93947 5.86418 1.07528 5.62649 2.43355 2.09224
internal_count=1914 1218 926 805 581 366 224 24 361 329 32 312 57 37
is_linear=0
shrinkage=0.08


Tree=95
num_leaves=15
num_cat=0
split_feature=4 10 9 1 11 6 6 14 0 5 10 0 7 1
split_gain=0.164398 0.117104 0.0728874 0.0662961 0.0689508 0.114959 0.0853753 0.0558307 0.0853313 0.0686605 0.0816841 0.0545571 0.0725862 0.0453463
threshold=1.0000000180025095e-35 0.68500000000000016 1.0000000180025095e-35 9.5000000000000018 1.0000000180025095e-35 1.1666500000000002 1.4166500000000002 1.0000000180025095e-35 3.5000000000000004 1.0000000180025095e-35 0.67500000000000016 2.5000000000000004 0.87500000000000011 11.500000000000002
decision_type=2 2 2 2 2 2 2 2 2 2 2 2 2 2
left_child=-1 2 -2 -4 6 11 7 9 -9 10 -5 -6 -13 -11
right_child=1 -3 3 4 5 -7 -8 8 -10 13 -12 12 -14 -15
leaf_value=-0.071144708690330863 0.080020637481965778 0.080022010714633413 -0.082586068301122514 0.052227546678710352 0.080343103484849479 -0.062089298382613824 0.066262484510434289 0.079610870851789625 -0.055598750265181504 -0.038713649018070666 -0.083742792812829411 0.080838897171888066 -0.04085559663944216 -0.00095313226462355818
leaf_weight=0.20207806531107042 0.073430815886240342 0.12103859678609286 0.06180441443575535 0.036123869591392466 0.19230868690647174 0.066594049538252875 0.11806923081167031 0.11633324538706791 0.040193754946812987 0.21024122461676586 0.13017014408251271 0.056119748624041677 0.071122726250905544 6.3841891618212685
leaf_count=696 285 468 20 13 42 16 14 32 6 3 170 14 45 90
internal_value=8.11512e-05 0.00195582 0.000705399 -7.28947e-05 0.000614258 0.0335283 -0.00119228 -0.00234366 0.0448911 -0.00343725 -0.0542061 0.0534549 0.0128172 -0.002157
internal_weight=7.87982 7.67774 7.5567 7.48327 7.42147 0.386145 7.03532 6.91725 0.156527 6.76072 0.166294 0.319551 0.127242 6.59443
internal_count=1914 1218 750 465 445 117 328 314 38 276 183 101 59 93
is_linear=0
shrinkage=0.08


Tree=96
num_leaves=15
num_cat=0
split_feature=4 10 9 9 1 10 1 7 5 0 14 10 1 13
split_gain=0.148763 0.108334 0.0673098 0.0455124 0.0380909 0.122767 0.0705106 0.0974923 0.0685284 0.0609432 0.0638406 0.0560839 0.514404 0.272619
threshold=1.0000000180025095e-35 0.68500000000000016 1.0000000180025095e-35 0.7250000000000002 20.500000000000004 0.52500000000000013 19.500000000000004 0.87500000000000011 1.0000000180025095e-35 2.5000000000000004 1.0000000180025095e-35 0.67500000000000016 13.500000000000002 1.0000000180025095e-35
decision_type=2 2 2 2 2 2 2 2 2 2 2 2 2 2
left_child=3 2 -2 -1 6 8 7 -4 -6 10 11 12 -9 -13
right_child=1 -3 4 -5 5 -7 -8 9 -10 -11 -12 13 -14 -15
leaf_value=-0.080050812901504384 0.080019047594643386 0.080020320420106844 0.081640701119545855 0.080982909644261289 0.080970297497015356 0.079205417510813114 -0.070483424058936137 -0.010329061087540298 -0.06864678460674932 -0.050633311020691261 0.059121412585735243 0.0076327963012959082 0.081700568017061534 -0.034793980945848166
leaf_weight=0.1778002860082778 0.067786476109176763 0.11173497204435978 0.091882094158790895 0.011989942751824856 0.025612003169953712 0.14315611362690106 0.092625849007163086 1.8772694225772286 0.08336155183496885 0.15670072319335293 0.11426401519565832 2.8948810704314383 0.49021906443522301 1.457215121714398
leaf_count=695 285 468 11 1 4 30 25 60 24 57 42 78 41 93
internal_value=8.22962e-05 0.00182782 0.000662128 -0.0698776 -6.21471e-05 0.0305004 -0.00113611 -0.000229164 -0.0334824 -0.00130524 -0.000174145 -0.00118244 0.00872686 -0.00657299
internal_weight=7.7965 7.60671 7.49497 0.18979 7.42719 0.25213 7.17506 7.08243 0.108974 6.99055 6.83385 6.71958 2.36749 4.3521
internal_count=1914 1218 750 696 465 58 407 382 28 371 314 272 101 171
is_linear=0
shrinkage=0.08


Tree=97
num_leaves=15
num_cat=0
split_feature=4 12 2 6 14 1 1 1 12 7 10 1 10 1
split_gain=0.137136 0.101889 0.0686131 0.0917703 0.0635109 0.0718659 0.0639028 0.353246 0.110535 0.0629255 0.0844851 0.0575744 0.349963 0.428855
threshold=1.0000000180025095e-35 2.5000000000000004 1.0000000180025095e-35 0.77500000000000013 1.0000000180025095e-35 20.500000000000004 16.500000000000004 15.500000000000002 1.5000000000000002 0.70835000000000015 0.67500000000000016 13.500000000000002 0.67500000000000016 14.500000000000002
decision_type=2 2 2 2 2 2 2 2 2 2 2 2 2 2
left_child=-1 2 3 9 5 6 7 11 -8 10 -2 -5 -13 -14
right_child=1 -3 -4 4 -6 -7 8 -9 -10 -11 -12 12 13 -15
leaf_value=-0.0698705558325632 0.081025412154892854 0.080131564126952382 0.080175652921753909 0.0058298894888727795 0.052027603752129128 0.061170482382629413 0.037081651036555779 0.10215040798785931 -0.030866807504738497 -0.080553234435491006 -0.054965897130232054 0.070653202794699402 -0.1069962801625873 -0.0066546788107426378
leaf_weight=0.17521613639837585 0.047028562286868691 0.10459600058675267 0.068732318468391784 3.1470100058359094 0.15651111042825494 0.12269562188885164 0.18638923030812271 0.21987410465953861 0.86106989672407508 0.14945448923390348 0.077284760365728289 0.2960048240493055 0.32318308984395128 1.7417461244040169
leaf_count=696 5 292 121 255 215 5 8 17 24 200 19 20 20 17
internal_value=9.18313e-05 0.00172596 0.000617276 -0.000128909 0.00163469 0.000491301 -0.000607557 0.00271491 -0.0187758 -0.0455735 -0.00351947 -0.0012545 -0.0106977 -0.0223592
internal_weight=7.6768 7.50158 7.39698 7.32825 7.05448 6.89797 6.77528 5.72782 1.04746 0.273768 0.124313 5.50794 2.36093 2.06493
internal_count=1914 1218 926 805 581 366 361 329 32 224 24 312 57 37
is_linear=0
shrinkage=0.08


Tree=98
num_leaves=15
num_cat=0
split_feature=4 10 9 1 11 6 6 0 7 9 14 0 5 10
split_gain=0.123815 0.0954925 0.0607804 0.0612246 0.0581776 0.105775 0.0738843 0.0494825 0.056674 0.0445917 0.0441195 0.0724189 0.0587411 0.0644273
threshold=1.0000000180025095e-35 0.68500000000000016 1.0000000180025095e-35 9.5000000000000018 1.0000000180025095e-35 1.1666500000000002 1.4166500000000002 2.5000000000000004 0.87500000000000011 0.7250000000000002 1.0000000180025095e-35 3.5000000000000004 1.0000000180025095e-35 0.67500000000000016
decision_type=2 2 2 2 2 2 2 2 2 2 2 2 2 2
left_child=9 2 -2 -4 6 7 10 -6 -9 -1 12 -12 13 -5
right_child=1 -3 3 4 5 -7 -8 8 -10 -11 11 -13 -14 -15
leaf_value=-0.08004378462097439 0.08001719899333741 0.080017963512101442 -0.082358903266831554 0.048518088269175939 0.080061125165430375 -0.06145384715496064 0.062979003765716537 0.080656092750698821 -0.036501441546307752 0.08097204216642101 0.07920484438139147 -0.054767219276339811 -0.0019510449440603096 -0.083020642548869011
leaf_weight=0.15307312908407755 0.06110449632978987 0.098109791288152226 0.057457557530142256 0.030470310943201073 0.17314073993475165 0.062642386503284797 0.11337379598990072 0.04465654498199001 0.064728877507150173 0.011860625818371773 0.097147493332158663 0.035171811003237963 6.4556784177548252 0.1093698838230921
leaf_count=695 285 468 20 13 42 16 14 14 45 1 32 6 93 170
internal_value=8.96588e-05 0.001617 0.000564024 -0.000106193 0.000551445 0.0325967 -0.00106538 0.0534498 0.0113281 -0.0684649 -0.00214462 0.0435937 -0.00306222 -0.0543592
internal_weight=7.56799 7.40305 7.30494 7.24384 7.18638 0.345169 6.84121 0.282526 0.109385 0.164934 6.72784 0.132319 6.59552 0.13984
internal_count=1914 1218 750 465 445 117 328 101 59 696 314 38 276 183
is_linear=0
shrinkage=0.08


Tree=99
num_leaves=15
num_cat=0
split_feature=4 12 2 0 7 1 10 5 1 10 14 5 9 11
split_gain=0.114108 0.0885094 0.0619886 0.0846099 0.134054 0.109686 0.101935 0.0846345 0.0711427 0.107226 0.0627555 0.0470156 0.0411573 0.0347892
threshold=1.0000000180025095e-35 2.5000000000000004 1.0000000180025095e-35 2.5000000000000004 0.70835000000000015 18.500000000000004 0.67500000000000016 1.5000000000000002 17.500000000000004 0.67500000000000016 1.0000000180025095e-35 1.0000000180025095e-35 0.7250000000000002 1.0000000180025095e-35
decision_type=2 2 2 2 2 2 2 2 2 2 2 2 2 2
left_child=12 2 3 5 6 7 -5 8 10 -10 13 -7 -1 -2
right_child=1 -3 -4 4 -6 11 -8 -9 9 -11 -12 -13 -14 -15
leaf_value=-0.080040436415743765 -0.0016084892637550968 0.080111817651455239 0.080161938499095392 0.081595539254093352 -0.081490700325884888 -0.080031384914896822 -0.051135775023222786 0.083328347389785798 0.082433676970357334 -0.090414970534219263 0.05782882687084677 0.087553869085771549 0.08089643797784174 0.029987086786752472
leaf_weight=0.14130998050677579 6.1346109019214055 0.090555396556737722 0.0620258589478907 0.078383035957813263 0.19944749324349675 0.011728991390555055 0.070190364582231268 0.077772890086634905 0.028651254251599201 0.11582496152550448 0.12044949982373498 0.1238033917179564 0.010958555154502392 0.23144929725094687
leaf_count=695 343 292 121 7 28 35 21 22 1 23 197 17 1 111
internal_value=8.87653e-05 0.00150982 0.00052864 -0.00015811 -0.0386375 0.0017985 0.0188894 0.000359037 -0.000614086 -0.0561371 0.000622598 0.073051 -0.068458 -0.000459777
internal_weight=7.49716 7.34489 7.25434 7.19231 0.348021 6.84429 0.148573 6.70876 6.63099 0.144476 6.48651 0.135532 0.152269 6.36606
internal_count=1914 1218 926 805 56 749 28 697 675 24 651 52 696 454
is_linear=0
shrinkage=0.08


Tree=100
num_leaves=15
num_cat=0
split_feature=4 10 2 0 7 1 5 10 1 9 9 1 12 10
split_gain=0.105165 0.0837668 0.0546639 0.0632734 0.142874 0.0991926 0.0784193 0.0758903 0.0659227 0.0545845 0.0379879 0.0342432 0.188043 0.05054
threshold=1.0000000180025095e-35 0.68500000000000016 1.0000000180025095e-35 2.5000000000000004 0.70835000000000015 18.500000000000004 1.5000000000000002 0.67500000000000016 17.500000000000004 1.0000000180025095e-35 0.7250000000000002 10.500000000000002 1.5000000000000002 0.65500000000000014
decision_type=2 2 2 2 2 2 2 2 2 2 2 2 2 2
left_child=10 2 3 5 7 6 8 -5 9 -2 -1 12 -11 -14
right_child=1 -3 -4 4 -6 -7 -8 -9 -10 11 -12 -13 13 -15
leaf_value=-0.080037347539631862 0.080015445060073034 0.080015843541659276 0.080170416383742255 0.081442710872828311 -0.081377242789344426 0.072462973224422064 0.083056676634085988 -0.031383392637267166 -0.056215720733474833 -0.086289217832602974 0.080826781254335581 0.0012707231433161071 0.0010508340777708055 0.085478689346392633
leaf_weight=0.13045038728159841 0.05473549012094725 0.085738059089635388 0.054658406181260832 0.07396542583592236 0.18435952655272547 0.12390013709955372 0.072350554604781681 0.078806439414620399 0.13404716350487422 0.17018575812107872 0.010124386288225651 6.0266179024765734 0.15460227540461347 0.064230191987007856
leaf_count=695 285 468 76 12 28 41 17 6 21 17 1 231 12 4
internal_value=8.42601e-05 0.001408 0.000470949 -0.000139357 -0.0339688 0.00153768 0.000221524 0.0232421 -0.000685924 0.00046449 -0.0684517 -0.000214205 -0.0232185 0.0258315
internal_weight=7.41877 7.2782 7.19246 7.1378 0.337131 6.80067 6.67677 0.152772 6.60442 6.47037 0.140575 6.41564 0.389018 0.218832
internal_count=1914 1218 750 674 46 628 587 18 570 549 696 264 33 16
is_linear=0
shrinkage=0.08


Tree=101
num_leaves=15
num_cat=0
split_feature=4 12 2 6 7 10 14 1 1 10 9 10 1 1
split_gain=0.0969263 0.0782919 0.0528793 0.0725479 0.0508007 0.0600318 0.0449925 0.0552138 0.056537 0.0492533 0.0350629 0.0322668 0.0234077 0.321342
threshold=1.0000000180025095e-35 2.5000000000000004 1.0000000180025095e-35 0.77500000000000013 0.70835000000000015 0.67500000000000016 1.0000000180025095e-35 18.500000000000004 17.500000000000004 0.67500000000000016 0.7250000000000002 1.0000000180025095e-35 16.500000000000004 15.500000000000002
decision_type=2 2 2 2 2 2 2 2 2 2 2 2 2 2
left_child=10 2 3 4 5 -2 7 8 12 -9 -1 -8 13 -5
right_child=1 -3 -4 6 -6 -7 11 9 -10 -11 -12 -13 -14 -15
leaf_value=-0.080034490061188748 0.080751964388139572 0.080109141168411335 0.080138056576234643 -0.0014464305912001488 -0.080406992960574603 -0.048354153813561264 -0.00088858434766805232 -0.012669532352474562 -0.051978988499343841 0.088044421850213744 0.080762581861876917 0.080380977679917101 -0.01197831617893353 0.10025367738364366
leaf_weight=0.12042500676761836 0.035282547818496823 0.079804206077824236 0.052870647385134251 5.4052401401277166 0.12016460344602808 0.066482132009696215 0.052126107795629539 0.048982668668031581 0.13450754349469196 0.085012445691972971 0.0093531142920255661 0.078132051610737108 0.8462614854070124 0.20643458089034528
leaf_count=695 5 292 121 312 200 19 22 7 6 7 1 193 17 17
internal_value=7.72451e-05 0.00131042 0.000428632 -0.000166722 -0.0451839 -0.00359213 0.00129034 0.000388534 -0.000644804 0.0512279 -0.0684458 0.0478589 0.000424398 0.00229477
internal_weight=7.34108 7.2113 7.1315 7.07863 0.221929 0.101765 6.8567 6.72644 6.59244 0.133995 0.129778 0.130258 6.45794 5.61167
internal_count=1914 1218 926 805 224 24 581 366 352 14 696 215 346 329
is_linear=0
shrinkage=0.08


Tree=102
num_leaves=15
num_cat=0
split_feature=6 10 9 0 6 5 11 1 6 6 1 10 10 1
split_gain=0.0893796 0.0823595 0.0493115 0.0652273 0.0948336 0.0526224 0.0729489 0.108814 0.0440883 0.0415625 0.0294441 0.257011 0.156571 0.186925
threshold=1.0000000180025095e-35 0.68500000000000016 1.0000000180025095e-35 1.5000000000000002 1.4166500000000002 1.5000000000000002 1.0000000180025095e-35 9.5000000000000018 0.77500000000000013 0.36665000000000009 12.500000000000002 0.65500000000000014 0.67500000000000016 13.500000000000002
decision_type=2 2 2 2 2 2 2 2 2 2 2 2 2 2
left_child=-1 2 -2 -4 5 6 8 -8 9 -5 11 -10 13 -12
right_child=1 -3 3 4 -6 -7 7 -9 10 -11 12 -13 -14 -15
leaf_value=-0.080031790604502134 0.080013954049596298 0.080085432655941119 -0.081493540680339815 0.074939586727779922 0.082256265861704189 -0.068998263275752814 -0.083155796007579413 0.063297938810217863 -0.043832940478957458 -0.049157628029771992 0.0043782073579057305 0.027797291519395674 -0.0060615061523022207 0.068010475314886396
leaf_weight=0.088050641817971953 0.049118097696918883 0.083427632926031836 0.062947699450887629 0.019003069770405889 0.089224672148702555 0.071557715229573549 0.038089830442913697 0.2200051924737636 0.70510104671120621 0.18967790754686575 0.86990904330741592 0.58785739995073527 3.7580449348315597 0.44741509779123589
leaf_count=561 285 469 31 5 23 20 5 101 6 330 11 10 23 34
internal_value=8.07077e-05 0.0010616 0.000134078 -0.000421757 0.000307712 -0.000750952 -3.64609e-05 0.0416842 -0.00167366 -0.037857 -0.000487988 -0.0112655 0.0022576 0.0259902
internal_weight=7.27943 7.19138 7.10795 7.05883 6.99589 6.90666 6.8351 0.258095 6.57701 0.208681 6.36833 1.29296 5.07537 1.31732
internal_count=1914 1353 884 599 568 545 525 106 419 335 84 16 68 45
is_linear=0
shrinkage=0.08


Tree=103
num_leaves=15
num_cat=0
split_feature=4 2 0 7 1 5 1 1 14 1 10 11 13 1
split_gain=0.0830607 0.0680568 0.0482672 0.138025 0.085763 0.0680433 0.0585328 0.0747826 0.0540759 0.0495916 0.0972961 0.0423189 0.0709012 0.0403618
threshold=1.0000000180025095e-35 1.0000000180025095e-35 2.5000000000000004 0.70835000000000015 18.500000000000004 1.5000000000000002 19.500000000000004 20.500000000000004 1.0000000180025095e-35 17.500000000000004 0.67500000000000016 1.0000000180025095e-35 1.0000000180025095e-35 9.5000000000000018
decision_type=2 2 2 2 2 2 2 2 2 2 2 2 2 2
left_child=-1 2 4 6 5 8 -4 -8 9 11 -11 -2 -13 -14
right_child=1 -3 3 -5 -6 -7 7 -9 -10 10 -12 12 13 -15
leaf_value=-0.068497121304313499 -0.0014116265896226979 0.080104859406827544 0.081251311087766162 -0.081351276866458919 0.070870793215340483 0.082516707688587945 -0.082243098505489998 0.080509480287048574 0.056785444862864111 0.082332998799531779 -0.08767647966000644 0.075009950546495466 -0.08285764786036022 0.020023109851844318
leaf_weight=0.11126576256356191 6.0753529575304128 0.069212142450851277 0.066660166965448298 0.16193407439277496 0.11311390966875468 0.064291891612810903 0.048117698694113642 0.028933315566973761 0.10491181490942825 0.027533182874321827 0.099043904920108616 0.12334735362674099 0.035874708744813688 0.07633544149575755
leaf_count=696 343 238 32 28 65 34 4 18 209 1 26 183 3 34
internal_value=8.76879e-05 0.00116331 0.000385602 -0.0307064 0.0017998 0.000617225 0.0263604 -0.0211281 -0.000187598 -0.00111609 -0.0506958 -0.000121674 0.033148 -0.0128689
internal_weight=7.20593 7.09466 7.02545 0.305645 6.71981 6.60669 0.143711 0.077051 6.5424 6.43749 0.126577 6.31091 0.235558 0.11221
internal_count=1914 1218 980 82 898 833 54 22 799 590 27 563 220 37
is_linear=0
shrinkage=0.08


Tree=104
num_leaves=15
num_cat=0
split_feature=6 10 15 14 4 1 10 1 10 13 5 5 6 13
split_gain=0.076934 0.0730819 0.0450636 0.0674571 0.0485245 0.0405557 0.050244 0.0426988 0.148646 0.0384668 0.0354003 0.0245217 0.0444858 0.0260197
threshold=1.0000000180025095e-35 0.68500000000000016 1.0000000180025095e-35 1.0000000180025095e-35 1.0000000180025095e-35 20.500000000000004 0.52500000000000013 17.500000000000004 0.67500000000000016 1.0000000180025095e-35 1.5000000000000002 1.5000000000000002 1.4166500000000002 1.0000000180025095e-35
decision_type=2 2 2 2 2 2 2 2 2 2 2 2 2 2
left_child=-1 2 3 5 -5 7 9 11 10 -7 -9 13 -13 -2
right_child=1 -3 -4 4 -6 6 -8 8 -10 -11 -12 12 -14 -15
leaf_value=-0.080027415366210358 0.0026099795936192507 0.0800912637928754 -0.080427895931622806 -0.080010655401045364 0.080364274427311463 0.075647449242710274 0.074000074285488937 0.069889699662770116 -0.086451629071826394 -0.077682881049075031 -0.066480252450147118 -0.050472497530210561 0.082477431769227005 -0.0086406109024482498
leaf_weight=0.075905767502263077 4.5222788031242089 0.073884615288989042 0.044185304577695095 0.013703168238862307 0.10158989802584983 0.015716120542492606 0.098172330268425867 0.072079590026987606 0.1399197389400797 0.031379350417410024 0.014660842018201947 0.0226011870545334 0.056060696282656863 1.8553932999056995
leaf_count=561 330 469 16 103 162 14 29 31 42 8 6 7 12 124
internal_value=8.32285e-05 0.000944342 0.000107485 0.000619972 0.0613029 -0.000404641 0.0414132 -0.00131363 -0.0354422 -0.0265154 0.0468405 -0.000115495 0.0442782 -0.000663044
internal_weight=7.13753 7.06162 6.98774 6.94356 0.115293 6.82826 0.145268 6.68299 0.22666 0.0470955 0.0867404 6.45633 0.0786619 6.37767
internal_count=1914 1353 884 868 265 603 51 552 79 22 37 473 19 454
is_linear=0
shrinkage=0.08


Tree=105
num_leaves=15
num_cat=0
split_feature=6 2 6 7 9 1 5 1 14 0 1 1 1 12
split_gain=0.0709557 0.0682142 0.0529866 0.0678545 0.0411206 0.0341063 0.0997764 0.0423393 0.0357367 0.0461915 0.0332511 0.0627996 0.0214159 0.167318
threshold=1.0000000180025095e-35 1.0000000180025095e-35 0.77500000000000013 0.70835000000000015 1.0000000180025095e-35 18.500000000000004 1.5000000000000002 17.500000000000004 1.0000000180025095e-35 1.5000000000000002 19.500000000000004 20.500000000000004 10.500000000000002 1.5000000000000002
decision_type=2 2 2 2 2 2 2 2 2 2 2 2 2 2
left_child=-1 2 3 10 -4 7 -7 8 12 -10 -2 -12 13 -6
right_child=1 -3 4 -5 5 6 -8 -9 9 -11 11 -13 -14 -15
leaf_value=-0.08002532163447855 0.080482895050459441 0.080160197666397578 0.080012170090862547 -0.080287277810344407 -0.085895981463453272 0.085073966291775577 -0.079924631414478073 -0.04846897533697573 -0.080510924852813942 0.080345356503252516 -0.081259855659313637 0.080441776870675261 0.0013272966153165605 0.028491591268969545
leaf_weight=0.070071615278720745 0.029957927821669728 0.068775540537899249 0.042248115365509764 0.11645334498462023 0.14082149832393032 0.091160385432885849 0.031581619798089378 0.11309270371566515 0.013723871699767076 0.068214520855690353 0.041373465617652982 0.024457876061205752 6.0311215976253152 0.19539756726589985
leaf_count=561 25 239 285 318 24 34 8 13 4 96 4 15 262 26
internal_value=7.83425e-05 0.00087924 9.35192e-05 -0.0392626 0.00133517 0.000837953 0.0426197 5.64712e-05 0.000907399 0.0534035 0.0106122 -0.0211839 0.000231851 -0.0194183
internal_weight=7.07845 7.00838 6.9396 0.212243 6.72736 6.68511 0.122742 6.56237 6.44928 0.0819384 0.0957893 0.0658313 6.36734 0.336219
internal_count=1914 1353 1114 362 752 467 42 425 412 100 44 19 312 50
is_linear=0
shrinkage=0.08


Tree=106
num_leaves=15
num_cat=0
split_feature=10 4 6 6 11 1 0 7 14 0 6 10 1 10
split_gain=0.0655503 0.0823262 0.0231674 0.0706804 0.0369891 0.0554828 0.0595171 0.0442031 0.0359581 0.0393293 0.0361033 0.0356936 0.0206976 0.221284
threshold=0.68500000000000016 1.0000000180025095e-35 1.5833500000000003 1.4166500000000002 1.0000000180025095e-35 9.5000000000000018 2.5000000000000004 0.87500000000000011 1.0000000180025095e-35 3.5000000000000004 0.77500000000000013 1.0000000180025095e-35 12.500000000000002 1.0000000180025095e-35
decision_type=2 2 2 2 2 2 2 2 2 2 2 2 2 2
left_child=1 -1 3 4 8 11 -7 -8 10 -10 -3 -6 13 -12
right_child=-2 2 -4 -5 5 6 7 -9 9 -11 12 -13 -14 -15
leaf_value=-0.080024180267189673 0.080076203313395156 -0.043700237659666234 -0.05280742160601961 0.081857527539912364 -0.082332686163961652 0.079304678988900743 0.080359430180748231 -0.045804068875062144 0.073420463841049208 -0.050517189766195084 -0.040653077987484576 0.08001145420361816 0.0011389390158516263 0.025899255957723168
leaf_weight=0.082692866133584064 0.064932726396364049 0.13062543870182697 0.052216510193829779 0.067966643051477038 0.039377752851578296 0.13480218100448838 0.025740446944837458 0.057421394711127505 0.076572786703763884 0.020848168293014169 0.69968806608812861 0.011113888023828622 4.9661165333673125 0.58882831665687263
leaf_count=695 469 217 43 22 7 46 14 49 122 6 11 78 50 85
internal_value=6.93211e-05 -0.000677739 0.000277156 0.000683645 -0.000133568 0.0289655 0.04647 -0.00675365 -0.0013386 0.0468977 -0.00207455 -0.0465986 -0.00120521 -0.0102399
internal_weight=7.01894 6.95401 6.87132 6.8191 6.75113 0.268456 0.217964 0.0831618 6.48268 0.097421 6.38526 0.0504916 6.25463 1.28852
internal_count=1914 1445 750 707 685 194 109 63 491 128 363 85 146 96
is_linear=0
shrinkage=0.08


Tree=107
num_leaves=15
num_cat=0
split_feature=9 6 7 10 1 5 14 1 1 13 1 10 1 13
split_gain=0.0633399 0.093654 0.0678608 0.0316888 0.0313771 0.090024 0.0417872 0.0386459 0.289457 0.100426 0.0465034 0.30003 0.375399 0.326785
threshold=0.7250000000000002 0.77500000000000013 0.70835000000000015 0.67500000000000016 18.500000000000004 1.5000000000000002 1.0000000180025095e-35 16.500000000000004 15.500000000000002 1.0000000180025095e-35 13.500000000000002 0.67500000000000016 14.500000000000002 1.0000000180025095e-35
decision_type=2 2 2 2 2 2 2 2 2 2 2 2 2 2
left_child=1 2 3 -1 6 -6 7 8 10 -9 -3 -12 -13 -14
right_child=-2 4 -4 -5 5 -7 -8 9 -10 -11 11 12 13 -15
leaf_value=0.080517130928033448 0.080144431219127427 0.0052840661162720974 -0.080166859357855336 -0.02407357782233813 0.084688090993834578 -0.079828883577342621 0.056724291938784546 -0.0053833518505066605 0.098625628502587659 -0.084043550536709311 0.072700786606981552 -0.10107037764485213 0.0084050891617437288 -0.092229915117211667
leaf_weight=0.026467888659681083 0.062658182338054647 3.0347294674866134 0.15922967504593544 0.061892148500191979 0.084048828677623422 0.028507158393040299 0.083293132636754197 0.83286654396215443 0.19254363608342817 0.11867826555680949 0.25127789417456403 0.30968803536234202 1.4983752570115028 0.23952342252596293
leaf_count=10 239 326 878 35 34 8 218 31 26 10 22 41 27 9
internal_value=7.20465e-05 -0.000652863 -0.0489673 0.00725614 0.00113961 0.0430207 0.000421127 -0.000302846 0.00226126 -0.015194 -0.00121751 -0.00980024 -0.0199247 -0.00546479
internal_weight=6.98378 6.92112 0.24759 0.08836 6.67353 0.112556 6.56098 6.47768 5.52614 0.951545 5.33359 2.29886 2.04759 1.7379
internal_count=1914 1675 923 45 752 42 710 492 451 41 425 99 77 36
is_linear=0
shrinkage=0.08


Tree=108
num_leaves=15
num_cat=0
split_feature=10 4 6 6 5 11 1 14 1 6 6 10 1 1
split_gain=0.0586747 0.0706463 0.0216174 0.0648984 0.0339183 0.0544573 0.0701273 0.0436955 0.0413966 0.0440454 0.0337115 0.0327198 0.0238289 0.0301164
threshold=0.68500000000000016 1.0000000180025095e-35 1.5833500000000003 1.4166500000000002 1.5000000000000002 1.0000000180025095e-35 9.5000000000000018 1.0000000180025095e-35 20.500000000000004 0.58335000000000015 0.77500000000000013 1.0000000180025095e-35 16.500000000000004 14.500000000000002
decision_type=2 2 2 2 2 2 2 2 2 2 2 2 2 2
left_child=1 -1 3 4 5 7 11 8 10 -10 -3 -7 13 -12
right_child=-2 2 -4 -5 -6 6 -8 -9 9 -11 12 -13 -14 -15
leaf_value=-0.080022338469591808 0.080062967810623442 -0.05130750433227909 -0.051812760074424646 0.081705420486821376 -0.065433492511003097 -0.082157848944975825 0.063526478535796543 0.057842628968044048 -0.072950418605573358 0.076761281238551429 -0.0045168615965645057 0.080010492713345177 -0.013513650800726871 0.0080267193123595044
leaf_weight=0.070971569155517389 0.058174511228571535 0.08937581005739037 0.050732630508718901 0.062561329119489417 0.050558622722746693 0.036692662106361129 0.17057427670806646 0.079756294740945921 0.015082760088262037 0.075695851177442819 3.1803162003925536 0.010169560569920577 0.9428887556423432 1.9924921207129953
leaf_count=695 469 187 43 22 16 7 98 125 20 12 113 78 12 17
internal_value=5.98734e-05 -0.000621766 0.000212224 0.000605797 -0.0001579 0.000342665 0.039713 -0.00100004 -0.00174546 0.0518869 -0.00253009 -0.0469657 -0.00181725 0.000314747
internal_weight=6.88604 6.82787 6.7569 6.70616 6.6436 6.59304 0.217436 6.37561 6.29585 0.0907786 6.20507 0.0468622 6.1157 5.17281
internal_count=1914 1445 750 707 685 669 183 486 361 32 329 85 142 130
is_linear=0
shrinkage=0.08


Tree=109
num_leaves=15
num_cat=0
split_feature=9 6 7 1 1 1 5 14 1 1 10 1 13 12
split_gain=0.0569424 0.0823929 0.0606045 0.0286438 0.0426828 0.0275024 0.0774561 0.0345053 0.0295951 0.0191285 0.277923 0.377102 0.299093 0.204605
threshold=0.7250000000000002 0.77500000000000013 0.70835000000000015 19.500000000000004 20.500000000000004 18.500000000000004 1.5000000000000002 1.0000000180025095e-35 17.500000000000004 13.500000000000002 0.67500000000000016 14.500000000000002 1.0000000180025095e-35 1.5000000000000002
decision_type=2 2 2 2 2 2 2 2 2 2 2 2 2 2
left_child=1 2 3 -1 -5 7 -7 8 9 13 -11 -12 -13 -3
right_child=-2 5 -4 4 -6 6 -8 -9 -10 10 11 12 -14 -15
leaf_value=0.080373861718693262 0.080133796935720633 -0.014817088376122937 -0.080167088998197258 -0.080419900775398179 0.06018181205321229 0.083959145837251378 -0.079677087911977043 0.053975699104650991 -0.042549787543831229 0.060711918105821071 -0.098203719838574982 0.0058646352212625465 -0.090410211477352009 0.026889869684849028
leaf_weight=0.02378776081604872 0.056368867626588215 1.5816444465599488 0.14119121465773787 0.034435635738191195 0.023079421080183238 0.073877984097634797 0.024703388946363702 0.075969708726915885 0.1041775936828343 0.3779723761690551 0.29340847781713852 2.3706568241977952 0.22622706259426184 1.4365276648895815
leaf_count=25 239 128 878 4 16 34 8 218 11 39 41 59 16 198
internal_value=5.96215e-05 -0.000605363 -0.0484837 0.00653809 -0.0239998 0.00101724 0.0429537 0.000377925 -0.000259229 0.000441602 -0.00379913 -0.0122354 -0.00252233 0.00503373
internal_weight=6.84403 6.78766 0.222494 0.0813028 0.0575151 6.56517 0.0985814 6.46658 6.39061 6.28644 3.26826 2.89029 2.59688 3.01817
internal_count=1914 1675 923 45 20 752 42 710 492 481 155 116 75 326
is_linear=0
shrinkage=0.08


Tree=110
num_leaves=15
num_cat=0
split_feature=9 6 7 1 1 1 5 1 1 13 12 1 10 1
split_gain=0.0525484 0.0756059 0.0562834 0.02636 0.0387578 0.0253719 0.0712584 0.032063 0.255227 0.0924442 0.142007 0.0340419 0.252478 0.258259
threshold=0.7250000000000002 0.77500000000000013 0.70835000000000015 19.500000000000004 20.500000000000004 18.500000000000004 1.5000000000000002 16.500000000000004 15.500000000000002 1.0000000180025095e-35 1.5000000000000002 13.500000000000002 0.67500000000000016 14.500000000000002
decision_type=2 2 2 2 2 2 2 2 2 2 2 2 2 2
left_child=1 2 3 -1 -5 7 -7 8 11 10 -9 -3 -13 -14
right_child=-2 5 -4 4 -6 6 -8 9 -10 -11 -12 12 13 -15
leaf_value=0.080345065218101488 0.080123543828408125 0.0049706295607681011 -0.08015435693887385 -0.079787004349348684 0.057957171386428821 0.083647074675428992 -0.079528733945695332 0.082199361812940297 0.096786961215530667 -0.082605754896835984 -0.016862777422861172 0.070940797604538378 -0.086457047898160597 -0.0052496905037059003
leaf_weight=0.021966421918477752 0.052041412120161001 3.0814324224847951 0.13035578336712206 0.032030231086537242 0.022089740246883593 0.068442068535659817 0.02284496962238336 0.10614282554161025 0.17843605108646432 0.10893140925327316 0.72659004625165835 0.23239596877101609 0.29364979907404642 1.7111028857834754
leaf_count=25 239 489 878 4 16 34 8 6 34 13 31 38 53 46
internal_value=4.35282e-05 -0.000575121 -0.0482412 0.00643422 -0.023565 0.000931823 0.0428116 0.000338055 0.00267462 -0.0133018 -0.004236 -0.000482806 -0.00799433 -0.0171447
internal_weight=6.78845 6.73641 0.206442 0.0760864 0.05412 6.52997 0.091287 6.43868 5.49702 0.941664 0.832733 5.31858 2.23715 2.00475
internal_count=1914 1675 923 45 20 752 42 710 660 50 37 626 137 99
is_linear=0
shrinkage=0.08


Tree=111
num_leaves=15
num_cat=0
split_feature=10 4 6 6 5 11 1 14 10 6 1 13 10 10
split_gain=0.0509948 0.0568677 0.0212059 0.059185 0.0302457 0.0447511 0.0665823 0.0371409 0.029574 0.0231578 0.0215714 0.217119 0.73622 0.0975741
threshold=0.68500000000000016 1.0000000180025095e-35 1.5833500000000003 1.4166500000000002 1.5000000000000002 1.0000000180025095e-35 9.5000000000000018 1.0000000180025095e-35 1.0000000180025095e-35 0.77500000000000013 12.500000000000002 1.0000000180025095e-35 1.0000000180025095e-35 0.67500000000000016
decision_type=2 2 2 2 2 2 2 2 2 2 2 2 2 2
left_child=1 -1 3 4 5 7 8 9 -7 -3 11 12 -11 -12
right_child=-2 2 -4 -5 -6 6 -8 -9 -10 10 13 -13 -14 -15
leaf_value=-0.080024747900074827 0.080046831432928192 -0.039895724583831796 -0.051901680525495444 0.081507658132196487 -0.065236953090380301 -0.082054669941553832 0.063085817587866674 0.0565135022829929 0.080009383549004595 -0.032936401559921898 0.021247784374884428 -0.060236484558797772 0.1281340714846072 -0.0050931128183974222
leaf_weight=0.057145086742821039 0.050608738580194657 0.099312551770708413 0.049760436180804279 0.057246869546361157 0.045434138111886457 0.034964856517035403 0.15164313113928074 0.071254331618547329 0.0090772088733501732 0.66247874859254785 1.2026575889176454 0.38775247495505027 0.25021128286607563 3.5766545385122299
leaf_count=695 469 217 43 22 16 7 98 125 78 7 28 8 81 20
internal_value=4.58534e-05 -0.000562469 0.000125704 0.000521036 -0.00019317 0.000265285 0.0379373 -0.00091415 -0.0486528 -0.00157638 -0.000950436 -0.0100857 0.0112206 0.00153526
internal_weight=6.7062 6.65559 6.59845 6.54869 6.49144 6.44601 0.195685 6.25032 0.0440421 6.17907 6.07975 1.30044 0.91269 4.77931
internal_count=1914 1445 750 707 685 669 183 486 85 361 144 96 88 48
is_linear=0
shrinkage=0.08


Tree=112
num_leaves=15
num_cat=0
split_feature=9 6 7 1 5 14 1 1 13 1 10 1 12 13
split_gain=0.0475729 0.067119 0.0504609 0.0250499 0.0623976 0.0288165 0.0268957 0.235192 0.0859457 0.0299807 0.21405 0.280876 0.166866 0.470167
threshold=0.7250000000000002 0.77500000000000013 0.70835000000000015 18.500000000000004 1.5000000000000002 1.0000000180025095e-35 16.500000000000004 15.500000000000002 1.0000000180025095e-35 13.500000000000002 0.67500000000000016 14.500000000000002 1.5000000000000002 1.0000000180025095e-35
decision_type=2 2 2 2 2 2 2 2 2 2 2 2 2 2
left_child=1 2 -1 5 -5 6 7 9 -8 12 -11 -12 -3 -14
right_child=-2 3 -4 4 -6 -7 8 -9 -10 10 11 -13 13 -15
leaf_value=0.0064227718964221117 0.080115121225917879 -0.013836142648418284 -0.080156688378176286 0.083402082399325866 -0.079356863642955883 0.051221856800819462 -0.0043041423681942593 0.095505801559231149 -0.082343994746582383 0.069394586362090893 -0.093014928324165483 -0.0044824851117753759 0.11354225598980371 0.00028413228006329009
leaf_weight=0.068455376283964031 0.047161031419818644 1.5783208739449037 0.11623854005301837 0.063124194788542698 0.019804683688562363 0.07027048600866681 0.81386711947561696 0.16635576070257219 0.10159128898521885 0.20564807532355223 0.26492436767148286 1.7077403044095263 0.29663109573448299 1.1214213899002061
leaf_count=45 239 128 878 34 8 218 31 26 10 22 41 36 153 45
internal_value=5.23337e-05 -0.00052025 -0.0480667 0.000849788 0.0445328 0.000277209 -0.000294981 0.00187658 -0.0129645 -0.00113341 -0.0082752 -0.0163722 0.00405855 0.0239757
internal_weight=6.64155 6.59439 0.184694 6.4097 0.0829289 6.32677 6.2565 5.34104 0.915458 5.17469 2.17831 1.97266 2.99637 1.41805
internal_count=1914 1675 923 752 42 710 492 451 41 425 99 77 326 198
is_linear=0
shrinkage=0.08


Tree=113
num_leaves=15
num_cat=0
split_feature=10 4 6 6 11 1 0 7 10 14 0 1 13 10
split_gain=0.0453635 0.0489692 0.0196704 0.0547773 0.0179599 0.0436282 0.0545788 0.0335918 0.0250111 0.0231897 0.0249408 0.0208514 0.181429 0.579309
threshold=0.68500000000000016 1.0000000180025095e-35 1.5833500000000003 1.4166500000000002 1.0000000180025095e-35 9.5000000000000018 2.5000000000000004 0.87500000000000011 1.0000000180025095e-35 1.0000000180025095e-35 3.5000000000000004 12.500000000000002 1.0000000180025095e-35 1.0000000180025095e-35
decision_type=2 2 2 2 2 2 2 2 2 2 2 2 2 2
left_child=1 -1 3 4 9 8 -7 -8 -6 11 -11 12 13 -3
right_child=-2 2 -4 -5 5 6 7 -9 -10 10 -12 -13 -14 -15
leaf_value=-0.080023829210675912 0.080039249289641262 -0.028785206933245579 -0.050842056688132471 0.081389704171613161 -0.081879064296282791 0.07870734977130299 0.080235596478268237 -0.049635588784359509 0.0800077500995693 0.069001274035475749 -0.04798368881735092 0.00093402383656164155 -0.05693167622716331 0.11737278393188909
leaf_weight=0.049175402156833914 0.045074930152622872 0.67281223923782796 0.048130507297173497 0.053125839447602519 0.03268534677044943 0.099355821090284735 0.017322431405773386 0.048251061263727024 0.0075115457948413669 0.05593486801808456 0.014736326062120497 4.8150643764747656 0.38001780150807463 0.23389325858443044
leaf_count=695 469 10 43 22 7 46 14 49 78 122 6 253 16 84
internal_value=5.92642e-05 -0.000492985 0.000110666 0.000492021 -0.000181864 0.0231061 0.0413204 -0.0153278 -0.0516275 -0.000955783 0.0446076 -0.0014835 -0.0105301 0.00891763
internal_weight=6.57309 6.52802 6.47884 6.43071 6.37759 0.205126 0.164929 0.0655735 0.0401969 6.17246 0.0706712 6.10179 1.28672 0.906705
internal_count=1914 1445 750 707 685 194 109 63 85 491 128 363 110 94
is_linear=0
shrinkage=0.08


Tree=114
num_leaves=15
num_cat=0
split_feature=9 6 7 10 1 5 1 1 13 12 4 6 14 11
split_gain=0.0429823 0.0591572 0.0449361 0.0245007 0.0234576 0.0563728 0.0240458 0.211507 0.0802012 0.12531 0.0257504 0.0250968 0.0304213 0.0300994
threshold=0.7250000000000002 0.77500000000000013 0.70835000000000015 0.67500000000000016 18.500000000000004 1.5000000000000002 16.500000000000004 15.500000000000002 1.0000000180025095e-35 1.5000000000000002 1.5000000000000002 1.5833500000000003 1.0000000180025095e-35 1.0000000180025095e-35
decision_type=2 2 2 2 2 2 2 2 2 2 2 2 2 2
left_child=1 2 3 -1 6 -6 7 10 9 -8 11 12 13 -3
right_child=-2 4 -4 -5 5 -7 8 -9 -10 -11 -12 -13 -14 -15
leaf_value=0.080376769262013689 0.080104052408576279 -0.002133924009010117 -0.080140656774262437 -0.026766732992609864 0.083143849485238217 -0.079233659862828196 0.081992472586623233 0.094098236533138466 -0.081383738125128821 -0.015128657901810208 0.056077838039370713 -0.062571706081096426 0.06264063001868371 0.036643308288868984
leaf_weight=0.019216058564779703 0.042660752566007321 4.9021776164663606 0.1031429513313924 0.047235210375220049 0.058172741861198918 0.017892144147481304 0.096398934489115962 0.15595549836871203 0.094852417438232806 0.72049683090881445 0.051048338827967998 0.042051816788443719 0.048350079381634603 0.13154827621474385
leaf_count=10 239 200 878 35 34 8 6 34 13 31 34 40 173 179
internal_value=6.57948e-05 -0.00046044 -0.0470874 0.00421651 0.000790982 0.0449491 0.000252948 0.00230621 -0.0117528 -0.00366774 -0.000459966 -0.00102322 -0.00051393 -0.00112054
internal_weight=6.5312 6.48854 0.169594 0.0664513 6.31894 0.0760649 6.24288 5.33113 0.911748 0.816896 5.17518 5.12413 5.08208 5.03373
internal_count=1914 1675 923 45 752 42 710 660 50 37 626 592 552 379
is_linear=0
shrinkage=0.08


Tree=115
num_leaves=15
num_cat=0
split_feature=10 4 10 10 13 1 1 1 1 1 1 13 1 0
split_gain=0.040307 0.0421453 0.0152199 0.194184 0.128188 0.426449 0.257875 0.154919 0.292699 0.166992 0.126395 0.196155 0.234305 0.191698
threshold=0.68500000000000016 1.0000000180025095e-35 0.67500000000000016 1.0000000180025095e-35 1.0000000180025095e-35 12.500000000000002 14.500000000000002 12.500000000000002 13.500000000000002 20.500000000000004 13.500000000000002 1.0000000180025095e-35 10.500000000000002 2.5000000000000004
decision_type=2 2 2 2 2 2 2 2 2 2 2 2 2 2
left_child=1 -1 3 10 5 -4 -7 -6 -9 -10 11 -3 -13 -12
right_child=-2 2 4 -5 7 6 -8 8 9 -11 13 12 -14 -15
leaf_value=-0.080022185606850926 0.080032919218428325 -0.024667945526175999 0.11403212343800423 0.082290192918625341 -0.076892012528835554 -0.092075575232660939 0.0049040515828352093 0.023916166397353403 -0.0824774415484225 0.07890808837019396 0.08056459071030346 -0.04948372331661658 0.088824153447782953 -0.039185021965069081
leaf_weight=0.042298062857298535 0.040093166913720668 1.367634087167972 0.21907010205904986 0.19217699301952951 0.27433729075710278 0.18944798163283882 2.3801097993127769 0.64492132706800454 0.34895883387071081 0.046502556564519182 0.25210178925772186 0.11806618695118221 0.23327962133043911 0.12950648546393495
leaf_count=695 469 40 9 349 9 36 65 16 82 8 43 12 10 71
internal_value=6.8441e-05 -0.000429512 9.6841e-05 0.00531752 -0.00282024 0.00688858 -0.00224605 -0.0234134 -0.00931173 -0.0635 -0.00172449 -0.0109706 0.0423472 0.0399251
internal_weight=6.4785 6.43841 6.39611 2.29277 4.10335 2.78863 2.56956 1.31472 1.04038 0.395461 2.10059 1.71898 0.351346 0.381608
internal_count=1914 1445 750 525 225 110 101 115 106 90 176 62 22 114
is_linear=0
shrinkage=0.08


Tree=116
num_leaves=15
num_cat=0
split_feature=9 6 7 10 4 1 5 1 1 13 4 5 6 1
split_gain=0.0390377 0.04931 0.0424148 0.0230168 0.0212425 0.0191773 0.0493667 0.0227082 0.190319 0.0676712 0.0216548 0.0203451 0.0306098 0.017932
threshold=0.7250000000000002 0.77500000000000013 0.70835000000000015 0.67500000000000016 1.5000000000000002 18.500000000000004 1.5000000000000002 16.500000000000004 15.500000000000002 1.0000000180025095e-35 1.5000000000000002 1.5000000000000002 1.4166500000000002 14.500000000000002
decision_type=2 2 2 2 2 2 2 2 2 2 2 2 2 2
left_child=1 2 3 -1 -5 7 -7 8 10 -9 11 -3 -13 -12
right_child=-2 5 -4 4 -6 6 -8 9 -10 -11 13 12 -14 -15
leaf_value=0.080363003057709589 0.080100373781162693 -0.0013210411035281186 -0.080127119947146941 0.053200242951222255 -0.062584801458770517 0.082681377792386185 -0.079074335874615473 -0.0044809095382974326 0.092912205991611846 -0.080265221536801906 0.08115566329136796 -0.080561327512908787 0.081729831633064895 -0.034140404868509985
leaf_weight=0.018370861325820331 0.038777399739046703 5.0062575033152825 0.09091300913496525 0.014938922595320037 0.031575448429066455 0.050007453366560983 0.015919173463771585 0.80086914398634679 0.14409359059209226 0.08324788513709791 0.036016889673191943 0.0091851645847781382 0.039100456331652822 0.011355264497979078
leaf_count=10 239 562 878 28 7 34 8 37 34 13 31 2 28 3
internal_value=7.62644e-05 -0.000412275 -0.0448635 0.0045457 -0.0253984 0.00070544 0.0436225 0.000243887 0.00224277 -0.0116167 -0.000318011 -0.00082258 0.0508579 0.0535188
internal_weight=6.39063 6.35185 0.155798 0.0648852 0.0465144 6.19605 0.0659266 6.13013 5.24601 0.884117 5.10192 5.05454 0.0482856 0.0473722
internal_count=1914 1675 923 45 35 752 42 710 660 50 626 592 30 34
is_linear=0
shrinkage=0.08


Tree=117
num_leaves=15
num_cat=0
split_feature=12 15 14 4 2 6 0 1 10 1 13 1 13 1
split_gain=0.0368237 0.0304912 0.0349085 0.0331268 0.0278436 0.0565347 0.0137167 0.0292802 0.0170169 0.269692 0.2367 0.13778 0.117951 0.380082
threshold=2.5000000000000004 1.0000000180025095e-35 1.0000000180025095e-35 1.0000000180025095e-35 1.0000000180025095e-35 0.77500000000000013 2.5000000000000004 16.500000000000004 0.67500000000000016 13.500000000000002 1.0000000180025095e-35 11.500000000000002 1.0000000180025095e-35 13.500000000000002
decision_type=2 2 2 2 2 2 2 2 2 2 2 2 2 2
left_child=1 2 4 -4 5 -1 8 -8 9 10 -7 -12 13 -10
right_child=-2 -3 3 -5 -6 6 7 -9 12 -11 11 -13 -14 -15
leaf_value=-0.059959420293606298 0.080064115592154095 -0.080254630353447334 -0.080003693992626385 0.080213200460896902 0.080117847776797979 -0.020506336853919737 0.016960467938729462 -0.081333301400174862 0.11136438710604184 0.081422069385339649 -0.0052892020216483027 0.089440318522608794 -0.022882629957954422 -0.0018205827244859333
leaf_weight=0.10228539914533019 0.036621881135943002 0.030445840191532514 0.0096387130870424498 0.057711835943337064 0.027215909052756504 1.3867657338778374 0.037857089657336362 0.039772214775439352 0.20553632437804514 0.2665463885932694 0.17082677022699488 0.23133404785767198 1.2553129493280724 2.4928194507265289
leaf_count=595 292 96 209 232 109 203 4 7 26 33 20 5 35 48
internal_value=7.5595e-05 -0.000388342 -1.36838e-06 0.0572841 -0.000622031 -0.000977079 1.40923e-05 -0.0333989 0.000445739 0.00635004 -0.00483554 0.0492018 -0.00262385 0.00680082
internal_weight=6.35069 6.31407 6.28362 0.0673505 6.21627 6.18906 6.08677 0.0776293 6.00914 2.05547 1.78893 0.402161 3.95367 2.69836
internal_count=1914 1622 1526 441 1085 976 381 11 370 261 228 25 109 74
is_linear=0
shrinkage=0.08


Tree=118
num_leaves=15
num_cat=0
split_feature=12 15 14 4 6 7 13 1 10 1 13 0 12 13
split_gain=0.0339594 0.0281674 0.0321655 0.0305745 0.022964 0.0153862 0.0137333 0.0133281 0.17094 0.275572 0.176053 0.138642 0.110231 0.301694
threshold=2.5000000000000004 1.0000000180025095e-35 1.0000000180025095e-35 1.0000000180025095e-35 0.58335000000000015 0.87500000000000011 1.0000000180025095e-35 13.500000000000002 0.67500000000000016 14.500000000000002 1.0000000180025095e-35 2.5000000000000004 1.5000000000000002 1.0000000180025095e-35
decision_type=2 2 2 2 2 2 2 2 2 2 2 2 2 2
left_child=1 2 4 -4 5 6 -1 12 11 -10 -11 -9 -6 -14
right_child=-2 -3 3 -5 7 -7 -8 8 9 10 -12 -13 13 -15
leaf_value=0.080130353846970745 0.080059190790636045 -0.080235063513832208 -0.080003410417571572 0.080196854569600157 -0.010362847476505024 -0.080010655684418452 -0.068454533621816666 0.081311318280526054 -0.094296759769561353 0.0044794256834886385 -0.062425295378624811 -0.034987109208864657 0.10108653811778577 0.0026467394860921929
leaf_weight=0.0088469304937460747 0.033808252264861838 0.028111629042541497 0.008897683957911684 0.053285157704522135 1.5876088849108783 0.038183903376193484 0.007238453494210261 0.24637486829306032 0.22834520810283754 2.3517560189902729 0.28188663517721568 0.089411622888292186 0.24474670025665535 1.071953467973799
leaf_count=16 292 96 209 232 132 570 7 33 21 80 25 58 117 26
internal_value=9.66094e-05 -0.000336166 2.50264e-05 0.057274 -0.000553222 -0.0523633 0.0132669 -9.24459e-05 -0.00365559 -0.00999115 -0.00268159 0.0503439 0.00383073 0.0209446
internal_weight=6.28046 6.24665 6.21854 0.0621828 6.15635 0.0542693 0.0160854 6.10208 3.19777 2.86199 2.63364 0.335786 2.90431 1.3167
internal_count=1914 1622 1526 441 1085 593 23 492 217 126 105 91 275 143
is_linear=0
shrinkage=0.08


Tree=119
num_leaves=15
num_cat=0
split_feature=9 6 7 10 1 5 1 1 12 4 5 6 1 11
split_gain=0.0327878 0.0376004 0.0363168 0.0220073 0.0217678 0.0416456 0.0222987 0.171287 0.045758 0.0192918 0.0192087 0.0278706 0.0172829 0.0168702
threshold=0.7250000000000002 0.77500000000000013 0.70835000000000015 0.67500000000000016 18.500000000000004 1.5000000000000002 16.500000000000004 15.500000000000002 1.5000000000000002 1.5000000000000002 1.5000000000000002 1.4166500000000002 19.500000000000004 1.0000000180025095e-35
decision_type=2 2 2 2 2 2 2 2 2 2 2 2 2 2
left_child=1 2 3 -1 6 -6 7 9 -8 10 -3 -12 -5 -11
right_child=-2 4 -4 12 5 -7 8 -9 -10 13 11 -13 -14 -15
leaf_value=0.080372248909339084 0.08008768042268076 -0.0012106452953636498 -0.080106729090560269 0.080221647508151514 0.082794826756998993 -0.078876169542489688 0.040719203599379618 0.091932680542639214 -0.018314921345174536 0.081071615547571585 -0.080508590180199638 0.081647785296887376 -0.052526105482234728 -0.034209767934161403
leaf_weight=0.017239869644981698 0.032623892344417871 4.9157087498570036 0.073299560990562895 0.0077426671014109152 0.047736986434756434 0.012967273803951684 0.094414777049678267 0.13236114468236326 0.76407573359756498 0.032938908781943499 0.0083365783793850623 0.036414572543435497 0.03315502472105436 0.010784065030748025
leaf_count=10 239 562 878 19 34 8 7 34 43 13 2 28 16 21
internal_value=9.75785e-05 -0.000324195 -0.0426558 0.00456215 0.000594593 0.0482597 0.000111949 0.0021066 -0.0118225 -0.000269312 -0.000735653 0.0514401 -0.0273946 0.052638
internal_weight=6.2198 6.18718 0.131437 0.0581376 6.05574 0.0607043 5.99503 5.13654 0.858491 5.00418 4.96046 0.0447512 0.0408977 0.043723
internal_count=1914 1675 923 45 752 42 710 660 50 626 592 30 35 34
is_linear=0
shrinkage=0.08


Tree=120
num_leaves=15
num_cat=0
split_feature=10 4 1 10 5 1 1 10 0 1 6 1 13 10
split_gain=0.0315604 0.0294746 0.0166171 0.0237457 0.0204693 0.0201023 0.151509 0.0536183 0.0615394 0.0493984 0.0208247 0.0202039 0.146752 0.128371
threshold=0.68500000000000016 1.0000000180025095e-35 20.500000000000004 0.52500000000000013 1.0000000180025095e-35 16.500000000000004 15.500000000000002 0.67500000000000016 2.5000000000000004 17.500000000000004 0.70835000000000015 13.500000000000002 1.0000000180025095e-35 0.67500000000000016
decision_type=2 2 2 2 2 2 2 2 2 2 2 2 2 2
left_child=1 -1 5 4 -4 6 11 8 -7 -9 -10 -3 -13 -14
right_child=-2 2 3 -5 -6 7 -8 9 10 -11 -12 12 13 -15
leaf_value=-0.080019638335640172 0.080021496517581947 0.0036001770944908175 0.080399546965607402 0.072175278887441158 -0.064953566768562607 0.081239290620540389 0.086065358490649432 -0.012895547818501468 0.044876674978839126 -0.082843166075334693 -0.064140715585179559 0.0019066290812355103 0.059355497579622975 -0.082833699597905611
leaf_weight=0.029547292986535356 0.031460420934308675 2.9255608890198346 0.0089923368068410836 0.047229937899828656 0.019972407237219159 0.077984636223845771 0.1322631526927579 0.71188856493972708 0.016183237312361598 0.071067814551497577 0.036522518486890476 1.7821901566094314 0.048743783503596094 0.24430745326390024
leaf_count=695 469 410 4 30 24 16 54 27 35 42 13 64 12 19
internal_value=9.85138e-05 -0.00031017 7.44834e-05 0.0372012 -0.0198275 -0.000393351 0.0015527 -0.0113267 0.0361089 -0.0192446 -0.0306671 -0.000682524 -0.00672004 -0.0591831
internal_weight=6.18391 6.15245 6.12291 0.0761947 0.0289647 6.04671 5.13307 0.913647 0.13069 0.782956 0.0527058 5.0008 2.07524 0.293051
internal_count=1914 1445 750 58 28 692 559 133 64 69 48 505 95 31
is_linear=0
shrinkage=0.08


Tree=121
num_leaves=15
num_cat=0
split_feature=12 9 0 6 5 1 6 11 1 6 1 13 10 10
split_gain=0.0294364 0.0250987 0.0584676 0.0481255 0.0203564 0.0217652 0.021474 0.0175264 0.0613329 0.0266225 0.0224491 0.129871 0.369207 0.172162
threshold=2.5000000000000004 1.0000000180025095e-35 1.5000000000000002 1.4166500000000002 1.5000000000000002 20.500000000000004 0.58335000000000015 1.0000000180025095e-35 9.5000000000000018 0.77500000000000013 12.500000000000002 1.0000000180025095e-35 0.65500000000000014 0.67500000000000016
decision_type=2 2 2 2 2 2 2 2 2 2 2 2 2 2
left_child=1 -1 -3 4 5 7 -7 10 -9 -10 11 12 -4 -13
right_child=-2 2 3 -5 -6 6 -8 8 9 -11 -12 13 -14 -15
leaf_value=0.080008111286781911 0.080055043912630228 -0.080850142221279939 -0.021623773642683614 0.081181829582852583 -0.064095834051024564 -0.02740638540039874 0.075519454438561423 -0.082028140047310918 -0.027336893904687395 0.080924713185885386 0.0013301155265994841 0.027915020838401423 0.10430540803410689 -0.091974080837996547
leaf_weight=0.024808532580209319 0.029320802155780146 0.057585476755775633 0.69375765829681746 0.046539125924027647 0.032026112032326526 0.018111792069248511 0.045725328182015801 0.024709860084840218 0.018056144726870116 0.074590834527043626 4.5315851402083354 0.1144801259652013 0.1897601979871979 0.23202961900824448
leaf_count=285 292 426 150 32 21 40 43 7 44 27 484 16 34 13
internal_value=8.93781e-05 -0.000294755 -0.000622475 0.000144784 -0.00048643 -0.000143635 0.0463175 -0.000648135 0.0299577 0.0598254 -0.00127154 -0.0108564 0.00542304 -0.052365
internal_weight=6.13309 6.10377 6.07896 6.02137 5.97483 5.94281 0.0638371 5.87897 0.117357 0.092647 5.76161 1.23003 0.883518 0.34651
internal_count=1914 1622 1337 911 879 858 83 775 78 71 697 213 184 29
is_linear=0
shrinkage=0.08


Tree=122
num_leaves=15
num_cat=0
split_feature=9 6 7 10 1 5 14 1 1 10 1 13 1 10
split_gain=0.0290141 0.0336585 0.0311352 0.0188053 0.0174436 0.0335716 0.017457 0.0170426 0.144245 0.0346876 0.01897 0.140316 0.125254 0.148421
threshold=0.7250000000000002 0.77500000000000013 0.70835000000000015 0.67500000000000016 18.500000000000004 1.5000000000000002 1.0000000180025095e-35 16.500000000000004 15.500000000000002 0.67500000000000016 13.500000000000002 1.0000000180025095e-35 14.500000000000002 0.67500000000000016
decision_type=2 2 2 2 2 2 2 2 2 2 2 2 2 2
left_child=1 2 3 -1 6 -6 7 8 10 -9 -3 12 13 -12
right_child=-2 4 -4 -5 5 -7 -8 9 -10 -11 11 -13 -14 -15
leaf_value=0.080306954116029644 0.080085024240057298 0.0036262367573046323 -0.080101721202343767 -0.027341867932531367 0.082204783716960939 -0.078662405971396038 0.047807653670171452 0.035905282465336266 0.090048242985006632 -0.016514619888435916 0.081555973511175564 -0.061227901211931939 0.0092333627599028821 -0.090976371005476619
leaf_weight=0.014618829151004209 0.028877196771645575 2.8577327680504823 0.064332635929531534 0.035868160084646661 0.038882864266270079 0.010556859793723561 0.048756483085526159 0.090609929815400281 0.11504532822800673 0.74552619158930611 0.039611230735317915 0.26116302788432211 1.5707298060660833 0.16414224541222211
leaf_count=10 239 326 878 35 34 8 218 13 26 28 5 22 40 32
internal_value=8.60089e-05 -0.000295356 -0.043197 0.00382853 0.000533544 0.0478548 0.00013656 -0.000261122 0.00150398 -0.010834 -0.000577732 -0.00647946 0.00157825 -0.0574348
internal_weight=6.08645 6.05758 0.11482 0.050487 5.94276 0.0494397 5.89332 5.84456 5.00842 0.836136 4.89338 2.03565 1.77448 0.203753
internal_count=1914 1675 923 45 752 42 710 492 451 41 425 99 77 37
is_linear=0
shrinkage=0.08


Tree=123
num_leaves=15
num_cat=0
split_feature=10 4 6 6 1 13 12 10 10 10 13 1 1 1
split_gain=0.0278247 0.0241177 0.0139231 0.0412733 0.0131518 0.115896 0.33029 0.172791 0.0896247 0.0389553 0.161773 0.183072 0.0997805 0.0815214
threshold=0.68500000000000016 1.0000000180025095e-35 1.5833500000000003 1.4166500000000002 12.500000000000002 1.0000000180025095e-35 1.5000000000000002 0.67500000000000016 1.0000000180025095e-35 0.67500000000000016 1.0000000180025095e-35 13.500000000000002 16.500000000000004 13.500000000000002
decision_type=2 2 2 2 2 2 2 2 2 2 2 2 2 2
left_child=1 -1 3 4 5 6 -3 8 -7 10 11 -6 -12 -11
right_child=-2 2 -4 -5 9 7 -8 -9 -10 13 12 -13 -14 -15
leaf_value=-0.080017955224524887 0.080019375819602154 -0.018314937045281289 -0.048154460835880174 0.081144890728037322 -0.024932724465142411 -0.035911967352527982 0.095105157183619102 -0.091258394425031142 0.083837071535576763 0.022978997262313002 0.082556645570852863 0.059865099419032904 -0.046291836971427094 -0.0084593460064151891
leaf_weight=0.024185069825762073 0.027737924019675009 0.70881080629260373 0.038132526184199267 0.040182490425649919 0.6432866518407534 0.088802467398636509 0.21391237470015767 0.21684308912517736 0.072786325006745756 0.65135664439731078 0.26556689904100494 0.21821385030125384 0.044980086840951117 2.7845461415854516
leaf_count=695 469 164 43 22 13 11 98 8 25 30 22 116 24 174
internal_value=7.84998e-05 -0.000290352 3.16924e-05 0.000340546 -0.000208931 -0.00731142 0.00797893 -0.0445936 0.018028 0.00179661 0.0143907 -0.00345385 0.063894 -0.00249946
internal_weight=6.03934 6.01161 5.98742 5.94929 5.90911 1.30116 0.922723 0.378432 0.161589 4.60795 1.17205 0.861501 0.310547 3.4359
internal_count=1914 1445 750 707 685 306 262 44 36 379 175 129 46 204
is_linear=0
shrinkage=0.08


Tree=124
num_leaves=15
num_cat=0
split_feature=12 9 0 6 1 13 12 10 10 1 10 13 1 0
split_gain=0.026228 0.0226424 0.0514662 0.0411767 0.0134704 0.10078 0.315588 0.156426 0.08053 0.0507133 0.0318414 0.148155 0.152083 0.0971339
threshold=2.5000000000000004 1.0000000180025095e-35 1.5000000000000002 1.4166500000000002 12.500000000000002 1.0000000180025095e-35 1.5000000000000002 0.67500000000000016 0.65500000000000014 11.500000000000002 0.67500000000000016 1.0000000180025095e-35 13.500000000000002 2.5000000000000004
decision_type=2 2 2 2 2 2 2 2 2 2 2 2 2 2
left_child=1 -1 -3 4 5 6 9 8 -7 -4 11 12 -6 -13
right_child=-2 2 3 -5 10 7 -8 -9 -10 -11 -12 13 -14 -15
leaf_value=0.080007589180261449 0.080056088475664089 -0.080763972802046433 -0.085234168895267734 0.08099714620721972 -0.022625698740229794 -0.033361080667375559 0.096898739177865678 -0.089910856195408687 0.083591861290833694 -0.011516314814441804 -0.0022793866968472405 0.087040090802165043 0.055682803696896384 -0.023666517092441195
leaf_weight=0.02240627252467664 0.026134951169296872 0.050772752305419888 0.065934827167438703 0.040021450295171124 0.65341179094139057 0.087282480844805832 0.19379009308795503 0.20269450559135294 0.066304389387369156 0.63415802272356814 3.445250012080578 0.2269475653210975 0.20965095539577305 0.065322413573085214
leaf_count=285 292 426 131 32 26 26 52 13 2 20 373 20 187 29
internal_value=8.87656e-05 -0.000261664 -0.000564369 0.000126875 -0.00042631 -0.00779003 0.00655002 -0.0437681 0.0171282 -0.0184591 0.00157471 0.0130678 -0.00360338 0.0622971
internal_weight=5.99008 5.96395 5.94154 5.89077 5.85075 1.25016 0.893883 0.356281 0.153587 0.700093 4.60058 1.15533 0.863063 0.29227
internal_count=1914 1622 1337 911 879 244 203 41 28 151 635 262 213 49
is_linear=0
shrinkage=0.08


Tree=125
num_leaves=15
num_cat=0
split_feature=10 15 14 4 6 7 13 1 13 1 10 13 13 1
split_gain=0.0248408 0.02203 0.0260434 0.0201883 0.0167329 0.0103884 0.0107426 0.0096746 0.135676 0.128983 0.0772803 0.190592 0.101869 0.176243
threshold=0.68500000000000016 1.0000000180025095e-35 1.0000000180025095e-35 1.0000000180025095e-35 0.58335000000000015 0.87500000000000011 1.0000000180025095e-35 13.500000000000002 1.0000000180025095e-35 14.500000000000002 1.0000000180025095e-35 1.0000000180025095e-35 1.0000000180025095e-35 12.500000000000002
decision_type=2 2 2 2 2 2 2 2 2 2 2 2 2 2
left_child=1 2 4 -4 5 6 -1 10 9 -9 12 -12 -6 -14
right_child=-2 -3 3 -5 7 -7 -8 8 -10 -11 11 -13 13 -15
leaf_value=0.080076671885433492 0.080018300762288386 -0.080194597174202423 -0.080002217244099325 0.080207002496489127 -0.016378634406168033 -0.080009725910114626 -0.080196257600485779 -0.061560346814626223 -0.048923297795894473 0.0079146853058127548 0.097041038244110214 0.0055025488593842429 -0.044318983350062936 0.086609832024174813
leaf_weight=0.0063306543743236743 0.024785809331660746 0.021972085365632554 0.0057562009988031395 0.040116113766998751 1.3924529010619151 0.027005572959751589 0.0046369289048016071 0.18377033191791348 0.36512163222141669 2.4654720667240326 0.17222339580985135 0.94069668542942964 0.10645944182033429 0.17228105147660244
leaf_count=10 469 96 209 162 35 570 2 11 36 98 179 11 20 6
internal_value=9.71127e-05 -0.000238391 6.02676e-05 0.0601035 -0.000411649 -0.0533439 0.0123157 -6.5006e-05 -0.00320548 0.0030954 0.00333519 0.019668 -0.00754157 0.0366041
internal_weight=5.92908 5.9043 5.88232 0.0458723 5.83645 0.0379732 0.0109676 5.79848 3.01436 2.64924 2.78411 1.11292 1.67119 0.27874
internal_count=1914 1445 1349 371 978 582 12 396 145 109 251 190 61 26
is_linear=0
shrinkage=0.08


Tree=126
num_leaves=15
num_cat=0
split_feature=9 6 7 1 5 10 1 1 12 4 1 12 1 13
split_gain=0.0242031 0.0290035 0.025639 0.0180552 0.0299341 0.0172458 0.0151285 0.130355 0.0260277 0.0140897 0.0129672 0.115661 0.161755 0.167073
threshold=0.7250000000000002 0.77500000000000013 0.70835000000000015 18.500000000000004 1.5000000000000002 0.67500000000000016 16.500000000000004 15.500000000000002 1.5000000000000002 1.5000000000000002 13.500000000000002 1.5000000000000002 14.500000000000002 1.0000000180025095e-35
decision_type=2 2 2 2 2 2 2 2 2 2 2 2 2 2
left_child=1 2 5 6 -5 -1 7 10 -8 -7 -3 -12 -13 -14
right_child=-2 3 -4 4 -6 9 8 -9 -10 -11 11 12 13 -15
leaf_value=0.08028305803813203 0.080080899268919342 0.0033716771716152663 -0.080102612757997391 0.082199940390427065 -0.078674568223904798 0.052757024096489719 0.034949980989056842 0.089289476927488245 -0.014448653776930288 -0.061558998049839019 0.081165122020483121 -0.076048733604033331 0.0069380067364248465 -0.078420084511918745
leaf_weight=0.012703802083706139 0.024115907270242931 2.7945932845632342 0.054306530464600655 0.037205939906925667 0.0092409446588135324 0.0096467088642384624 0.075131655132281483 0.10661339053876862 0.74668334002126358 0.024236793884483632 0.094836654432583711 0.20740869729343092 1.536997815914219 0.16224827160840516
leaf_count=10 239 489 878 34 8 28 7 34 43 7 17 59 50 11
internal_value=0.000100561 -0.000227921 -0.0427504 0.000515501 0.0501928 0.000790752 0.000112436 0.00179623 -0.00993255 -0.029013 -0.000148683 -0.005064 -0.00935303 -0.0012122
internal_weight=5.89597 5.87185 0.100894 5.77096 0.0464469 0.0465873 5.72451 4.9027 0.821815 0.0338835 4.79608 2.00149 1.90665 1.69925
internal_count=1914 1675 923 752 42 45 710 660 50 35 626 137 120 61
is_linear=0
shrinkage=0.08


Tree=127
num_leaves=15
num_cat=0
split_feature=12 15 14 4 1 6 1 1 1 13 12 13 13 1
split_gain=0.0236108 0.0194673 0.0271965 0.0174903 0.0147422 0.0189146 0.0116494 0.120413 0.0132276 0.11066 0.0666748 0.187742 0.12997 0.111261
threshold=2.5000000000000004 1.0000000180025095e-35 1.0000000180025095e-35 1.0000000180025095e-35 20.500000000000004 0.70835000000000015 16.500000000000004 15.500000000000002 13.500000000000002 1.0000000180025095e-35 1.5000000000000002 1.0000000180025095e-35 1.0000000180025095e-35 12.500000000000002
decision_type=2 2 2 2 2 2 2 2 2 2 2 2 2 2
left_child=1 2 4 -4 5 -1 7 8 10 -10 12 -12 -7 -13
right_child=-2 -3 3 -5 -6 6 -8 -9 9 -11 11 13 -14 -15
leaf_value=-0.043708238127036003 0.080056835961822601 -0.080178915599120534 -0.080001889812098173 0.080194450175934726 0.042587076154207565 -0.016564248512616106 -0.0091303152132624441 0.088538247003315168 0.0011329870662279131 -0.058747118976618933 0.091768538917758435 -0.034068549191468789 0.05336392688338313 0.022292973848213739
leaf_weight=0.065073387935626559 0.023536781125585438 0.019427430268478818 0.0049046369967981054 0.039414496144672739 0.050508797830843721 1.377783248266496 0.82234978866654262 0.098891505700521409 1.7320138702707479 0.22294191823675635 0.18274828953872191 0.33474117167497752 0.19406478060773236 0.6785451558243949
leaf_count=621 292 96 209 232 74 113 40 19 45 16 116 17 15 9
internal_value=9.26391e-05 -0.000230556 3.70514e-05 0.0624661 -0.000443324 -0.000824014 -0.00032958 0.00117139 -0.000657982 -0.0056957 0.00290016 0.0171343 -0.00793072 0.00367383
internal_weight=5.84695 5.82341 5.80398 0.0443191 5.75966 5.70915 5.64408 4.82173 4.72284 1.95496 2.76788 1.19603 1.57185 1.01329
internal_count=1914 1622 1526 441 1085 1011 390 350 331 61 270 142 128 26
is_linear=0
shrinkage=0.08


Tree=128
num_leaves=15
num_cat=0
split_feature=9 6 7 10 1 5 1 14 0 11 10 4 1 13
split_gain=0.0222361 0.0253715 0.0230168 0.0157568 0.0156621 0.0272613 0.0144394 0.0128942 0.0135635 0.0126427 0.0120108 0.00926994 0.00896645 0.081124
threshold=0.7250000000000002 0.77500000000000013 0.70835000000000015 0.67500000000000016 18.500000000000004 1.5000000000000002 17.500000000000004 1.0000000180025095e-35 1.5000000000000002 1.0000000180025095e-35 1.0000000180025095e-35 1.5000000000000002 12.500000000000002 1.0000000180025095e-35
decision_type=2 2 2 2 2 2 2 2 2 2 2 2 2 2
left_child=1 2 3 -1 6 -6 7 12 10 11 -9 -5 13 -3
right_child=-2 4 -4 9 5 -7 -8 8 -10 -11 -12 -13 -14 -15
leaf_value=0.080263922549200561 0.080078393422714209 0.0074056572054272607 -0.080091419050873011 0.032771569944290133 0.081933879454025416 -0.078545097320318488 -0.04081713880138306 -0.080255466548065132 0.08021813291339859 0.080104734761582017 0.080003680470509583 -0.080092224947061516 0.001913274537696468 -0.037045119782528169
leaf_weight=0.011581779075640841 0.0221614934507669 0.88741289073368512 0.048127930154805654 0.0061333809098869088 0.033273872324571019 0.0085067093095858581 0.054669474990077904 0.0080383890453957774 0.025658545810074429 0.0055708515210426404 0.0047684641722298702 0.01935438498185249 4.3126531225207145 0.37330408264097059
leaf_count=10 239 240 878 17 34 8 13 4 99 15 113 3 198 43
internal_value=9.65614e-05 -0.000209095 -0.0421724 0.000626527 0.00045817 0.0492597 9.83445e-05 0.000496936 0.0466562 -0.0290703 -0.0205851 -0.0529327 0.000178361 -0.00575642
internal_weight=5.82122 5.79905 0.0907683 0.0426404 5.70829 0.0417806 5.6665 5.61184 0.0384654 0.0310586 0.0128069 0.0254878 5.57337 1.26072
internal_count=1914 1675 923 45 752 42 710 697 216 35 117 20 481 283
is_linear=0
shrinkage=0.08


Tree=129
num_leaves=15
num_cat=0
split_feature=12 9 0 6 0 1 11 1 6 1 13 10 10 10
split_gain=0.0210159 0.0178189 0.0410632 0.0390399 0.0105606 0.0248503 0.023117 0.0590224 0.0185755 0.0177216 0.0832973 0.218829 0.13201 0.0937602
threshold=2.5000000000000004 1.0000000180025095e-35 1.5000000000000002 1.4166500000000002 2.5000000000000004 13.500000000000002 1.0000000180025095e-35 9.5000000000000018 0.70835000000000015 12.500000000000002 1.0000000180025095e-35 0.65500000000000014 0.67500000000000016 0.65500000000000014
decision_type=2 2 2 2 2 2 2 2 2 2 2 2 2 2
left_child=1 -1 -3 4 6 -6 9 -8 -7 10 11 -4 13 -12
right_child=-2 2 3 -5 5 8 7 -9 -10 -11 12 -13 -14 -15
leaf_value=0.08000627710435268 0.080049982462079519 -0.080647744876431893 -0.01506897757550618 0.081002405442758038 0.064074369104585638 -0.006273448898347315 -0.081566802500513513 0.077801599924087889 -0.070629635543500338 0.0017919453708400421 -0.074695485758503405 0.094550882240444153 -0.088396487827725745 0.083516767566947828
leaf_weight=0.017672621237579622 0.020960301126251468 0.040570423892859142 0.70121452403873241 0.037940847669233224 0.018255843800943583 0.061355467498287908 0.019245812163717235 0.065455630903670681 0.053937145543386578 4.3403674435649009 0.037973198473991943 0.13978139122627908 0.17984296156646451 0.065021025016903877
leaf_count=285 292 426 150 32 12 145 7 51 33 420 13 33 13 2
internal_value=8.88295e-05 -0.000201206 -0.000447255 0.000121547 -0.000418482 -0.022649 0.000116552 0.04159 -0.0363811 -0.000526335 -0.00947979 0.00315087 -0.0470361 0.0251851
internal_weight=5.79959 5.77863 5.76096 5.72039 5.68245 0.133548 5.5489 0.0847014 0.115293 5.4642 1.12383 0.840996 0.282837 0.102994
internal_count=1914 1622 1337 911 879 190 689 58 178 631 211 183 28 15
is_linear=0
shrinkage=0.08


Tree=130
num_leaves=15
num_cat=0
split_feature=9 6 7 1 5 1 1 1 1 13 10 10 10 13
split_gain=0.0206211 0.0231086 0.0208707 0.0152275 0.0237166 0.0148909 0.0182579 0.0124625 0.00682321 0.0603098 0.203906 0.0861634 0.0834849 0.0249682
threshold=0.7250000000000002 0.77500000000000013 0.70835000000000015 18.500000000000004 1.5000000000000002 19.500000000000004 20.500000000000004 17.500000000000004 12.500000000000002 1.0000000180025095e-35 1.0000000180025095e-35 0.67500000000000016 1.0000000180025095e-35 1.0000000180025095e-35
decision_type=2 2 2 2 2 2 2 2 2 2 2 2 2 2
left_child=1 2 5 7 -5 -1 -7 8 9 10 -3 12 -11 -10
right_child=-2 3 -4 4 -6 6 -8 -9 13 11 -12 -13 -14 -15
leaf_value=0.08020590547716086 0.080074473242965127 -0.01084798720685003 -0.080084740038021893 0.0817819687054301 -0.078278839601793437 -0.079652382024979554 0.05237272775058531 -0.038333910932192294 -0.0015701691471887793 -0.035686817527207718 0.092234895226189398 -0.070011995812588476 0.08317314356180118 0.012465773151020595
leaf_weight=0.010801174596053786 0.020552568503262481 0.74074928060144862 0.043771730945081799 0.03067871839084535 0.0073426362141617565 0.017845048692834098 0.010737434697148274 0.053557775543595088 3.2441779856180801 0.098367292262992123 0.14721844565247011 0.1867313184611703 0.061442617014108691 1.0815257830827247
leaf_count=25 239 30 878 34 8 4 16 13 207 21 322 23 30 64
internal_value=8.45074e-05 -0.000202156 -0.042068 0.000413821 0.0508712 0.000184495 -0.0300552 7.2079e-05 0.000442018 -0.00480388 0.00624239 -0.0331085 0.0100116 0.00193914
internal_weight=5.7555 5.73495 0.0831554 5.65179 0.0380214 0.0393837 0.0285825 5.61377 5.56021 1.23451 0.887968 0.346541 0.15981 4.3257
internal_count=1914 1675 923 752 42 45 20 710 697 426 352 74 51 271
is_linear=0
shrinkage=0.08


Tree=131
num_leaves=15
num_cat=0
split_feature=9 6 7 1 5 10 1 1 1 10 11 10 13 1
split_gain=0.0190303 0.0211836 0.0194073 0.0140339 0.0218442 0.0138466 0.0107251 0.0105946 0.00708188 0.109063 0.0515548 0.012293 0.177315 0.119031
threshold=0.7250000000000002 0.77500000000000013 0.70835000000000015 18.500000000000004 1.5000000000000002 0.67500000000000016 17.500000000000004 19.500000000000004 10.500000000000002 1.0000000180025095e-35 1.0000000180025095e-35 0.67500000000000016 1.0000000180025095e-35 13.500000000000002
decision_type=2 2 2 2 2 2 2 2 2 2 2 2 2 2
left_child=1 2 5 6 -5 -1 8 -7 9 10 -3 12 13 -10
right_child=-2 3 -4 4 -6 7 -8 -9 11 -11 -12 -13 -14 -15
leaf_value=0.080229238633541269 0.080068755661192467 -0.083665813574943085 -0.080078248134379526 0.081643025363589902 -0.077964489014595253 0.080141040172174091 -0.035831720745003133 -0.052780580732615066 -0.011260663820552045 0.082613412925617094 0.0042364237220085237 -0.0016565787382816412 0.070144923230230763 0.06516800881875065
leaf_weight=0.010057147303086711 0.018973711745274957 0.096868973560049088 0.040409543615169241 0.028366267637465969 0.0068043670617043963 0.0046390250208787611 0.052749047834367846 0.022218204197997693 1.3360563277001345 0.057051433152082609 0.076365945344150532 3.5915227454506748 0.24137698127742613 0.14452239229467512
leaf_count=10 239 27 878 34 8 19 13 16 33 295 11 263 22 46
internal_value=8.23598e-05 -0.000183473 -0.0417718 0.000387542 0.0507642 0.000161559 7.0956e-05 -0.0298211 0.000412571 -0.0133221 -0.0449165 0.00100783 0.00656505 -0.0038003
internal_weight=5.72798 5.70901 0.0773239 5.63168 0.0351706 0.0369144 5.59651 0.0268572 5.54376 0.230286 0.173235 5.31348 1.72196 1.48058
internal_count=1914 1675 923 752 42 45 710 35 697 333 38 364 101 79
is_linear=0
shrinkage=0.08


Tree=132
num_leaves=15
num_cat=0
split_feature=12 6 0 0 10 10 1 13 1 10 13 1 1 1
split_gain=0.0185797 0.0110149 0.011756 0.0117188 0.0373355 0.0113365 0.1688 0.129276 0.0814262 0.0598417 0.0408671 0.159717 0.176499 0.122082
threshold=2.5000000000000004 0.77500000000000013 2.5000000000000004 2.5000000000000004 0.66500000000000015 0.67500000000000016 13.500000000000002 1.0000000180025095e-35 11.500000000000002 1.0000000180025095e-35 1.0000000180025095e-35 13.500000000000002 14.500000000000002 13.500000000000002
decision_type=2 2 2 2 2 2 2 2 2 2 2 2 2 2
left_child=1 2 -1 5 -5 6 7 -3 9 -9 11 -7 -13 -12
right_child=-2 3 -4 4 -6 10 -8 8 -10 -11 13 12 -14 -15
leaf_value=-0.080005759290853837 0.080046680310957047 -0.011776949624384785 -0.010972016343715205 -0.06614361814951096 0.081127801558238025 0.092548222230818183 0.080911195554073945 -0.03474563385410688 0.085757192490538675 0.08324459132962625 -0.00059563470550538225 -0.08817093657918855 0.0044210716053542792 -0.06479810803932097
leaf_weight=0.021645859822456148 0.018536722128373984 1.4308435709062903 0.058333629614935489 0.050070424171280936 0.014124968480246025 0.12292502700620422 0.17331078949973733 0.092247409007541026 0.15723853994859383 0.039200467419505003 0.85100999713540681 0.13983632787858402 2.2806626246583619 0.24387151918381278
leaf_count=849 292 300 162 18 11 54 51 20 7 28 18 23 55 26
internal_value=8.44595e-05 -0.000176713 -0.0296555 0.000244655 -0.0337394 0.000639079 0.00566037 -0.00192413 0.0469103 0.000441484 -0.00197326 0.00358964 -0.000928126 -0.014896
internal_weight=5.69386 5.67532 0.0799795 5.59534 0.0641954 5.53115 1.89284 1.71953 0.288686 0.131448 3.63831 2.54342 2.4205 1.09488
internal_count=1914 1622 1011 611 29 582 406 355 55 48 176 132 78 44
is_linear=0
shrinkage=0.08


Tree=133
num_leaves=15
num_cat=0
split_feature=9 6 7 1 5 10 1 1 10 1 12 1 13 12
split_gain=0.0176603 0.017993 0.0176266 0.0146196 0.0192413 0.0128658 0.0114147 0.108085 0.0184346 0.0105061 0.0911611 0.134475 0.133795 0.0452301
threshold=0.7250000000000002 0.77500000000000013 0.70835000000000015 18.500000000000004 1.5000000000000002 0.67500000000000016 16.500000000000004 15.500000000000002 0.67500000000000016 13.500000000000002 1.5000000000000002 14.500000000000002 1.0000000180025095e-35 1.5000000000000002
decision_type=2 2 2 2 2 2 2 2 2 2 2 2 2 2
left_child=1 2 5 6 -5 -1 7 9 -8 13 -11 -12 -13 -3
right_child=-2 3 -4 4 -6 -7 8 -9 -10 10 11 12 -14 -15
leaf_value=0.080214294672642267 0.080065656082768444 -0.0057159039278256432 -0.080073899088006981 0.081646832289146917 -0.077630265255416997 -0.029518041908276976 0.029812847293944459 0.087830041950331172 -0.012591032253306702 0.080940540839943759 -0.072968567088519953 0.0057887233567130419 -0.076042707051904954 0.015312746468478014
leaf_weight=0.0093706953230138224 0.017616036855542805 1.5679169497707335 0.035471098357447772 0.027270707538263994 0.0059052065043942994 0.025303855372840189 0.072084101961081504 0.091089969570020801 0.73112353529904794 0.076462956822069494 0.18470430710294738 1.5330197558650978 0.13951058153179485 1.1238075021356053
leaf_count=10 239 235 878 34 8 35 14 34 36 17 59 50 11 254
internal_value=9.04526e-05 -0.000160096 -0.040424 0.000348528 0.053296 0.000136799 3.02904e-05 0.00153159 -0.00878548 -0.000167914 -0.00466629 -0.00819075 -0.00103707 0.00306366
internal_weight=5.64066 5.62304 0.0701456 5.5529 0.0331759 0.0346746 5.51972 4.71651 0.803208 4.62542 1.9337 1.85723 1.67253 2.69172
internal_count=1914 1675 923 752 42 45 710 660 50 626 137 120 61 489
is_linear=0
shrinkage=0.08


Tree=134
num_leaves=15
num_cat=0
split_feature=12 0 5 7 1 1 10 6 11 1 1 10 10 13
split_gain=0.0174181 0.00955777 0.0254244 0.0222086 0.0284245 0.0194295 0.0165663 0.0139936 0.0181084 0.055811 0.0151272 0.124034 0.0151868 0.185235
threshold=2.5000000000000004 2.5000000000000004 1.5000000000000002 0.87500000000000011 19.500000000000004 18.500000000000004 0.52500000000000013 1.5833500000000003 1.0000000180025095e-35 9.5000000000000018 10.500000000000002 1.0000000180025095e-35 0.67500000000000016 1.0000000180025095e-35
decision_type=2 2 2 2 2 2 2 2 2 2 2 2 2 2
left_child=1 2 5 4 -3 7 -5 8 10 -10 11 -1 13 -12
right_child=-2 3 -4 6 -6 -7 -8 -9 9 -11 12 -13 -14 -15
leaf_value=-0.083354188357774903 0.080046397912458378 0.080636050820792227 0.076714742431005581 -0.066551980325917331 -0.038996482692633547 0.067008509480019754 0.080107375056381741 -0.062713849368453492 -0.063643677362690804 0.077941537064665264 -0.0030117618051002243 0.082421482522160333 -0.0029934344839158858 0.084210758145633044
leaf_weight=0.086099046888193587 0.017380030791173229 0.02366961052211991 0.027735494073567568 0.058855219429460592 0.027453926877569756 0.027493118484016921 0.0053798968156115725 0.022977176588028558 0.025241250377803115 0.06058879931060801 1.4543068941056843 0.043469009302498307 3.5562504338995495 0.17452892902019801
leaf_count=331 292 21 23 73 27 59 70 40 204 65 220 173 278 38
internal_value=8.30552e-05 -0.000165381 0.000314454 -0.022954 0.016392 -7.42856e-05 -0.0542688 -0.000414348 -0.000149285 0.0363036 -0.000737988 -0.0277378 -6.32999e-05 0.00633409
internal_weight=5.61143 5.59405 5.47869 0.115359 0.0511235 5.45095 0.0642351 5.42346 5.40048 0.08583 5.31465 0.129568 5.18509 1.62884
internal_count=1914 1622 1431 191 48 1408 143 1349 1309 269 1040 504 536 258
is_linear=0
shrinkage=0.08


Tree=135
num_leaves=15
num_cat=0
split_feature=9 0 7 5 10 6 11 1 0 1 10 10 10 13
split_gain=0.0161183 0.0163183 0.042844 0.0238686 0.0210635 0.0184062 0.0115817 0.0326154 0.0465343 0.0137313 0.118439 0.0125786 0.0122224 0.172781
threshold=0.7250000000000002 2.5000000000000004 0.70835000000000015 1.5000000000000002 0.67500000000000016 0.77500000000000013 1.0000000180025095e-35 9.5000000000000018 1.5000000000000002 10.500000000000002 1.0000000180025095e-35 1.0000000180025095e-35 0.67500000000000016 1.0000000180025095e-35
decision_type=2 2 2 2 2 2 2 2 2 2 2 2 2 2
left_child=1 3 4 5 -3 -1 9 11 -9 10 -7 -8 13 -11
right_child=-2 2 -4 -5 -6 6 7 8 -10 12 -12 -13 -14 -15
leaf_value=-0.080005331854202388 0.080057957279432407 0.080595534496746848 -0.080804993743993206 0.076025710960154744 -0.027481419782026988 -0.083044867577645384 -0.081065528499378217 -0.079593009903601727 0.080905897842136781 -0.0025391821702873841 0.082126167014863388 0.080003587387935532 -0.0021572523556674422 0.084203971591731333
leaf_weight=0.018309058817976509 0.016083212275589065 0.02213810646571801 0.05367817197657121 0.026608590785144659 0.024109964379931625 0.081216598118771688 0.019726244230696355 0.014109229603491258 0.06402302555670758 1.4544856114825959 0.042233011876305682 0.0036822870133619281 3.5681870943881222 0.16348059373558488
leaf_count=849 239 12 40 35 43 27 6 5 162 42 196 90 156 12
internal_value=8.63347e-05 -0.000145163 -0.0321818 0.000441579 0.024253 7.11572e-05 0.000342103 0.0271056 0.0519228 -0.000169722 -0.0265387 -0.0557285 0.000457956 0.00622542
internal_weight=5.57207 5.55599 0.0999262 5.45606 0.0462481 5.42945 5.41114 0.101541 0.0781323 5.3096 0.12345 0.0234085 5.18615 1.61797
internal_count=1914 1675 95 1580 55 1545 696 263 167 433 223 96 210 54
is_linear=0
shrinkage=0.08


Tree=136
num_leaves=15
num_cat=0
split_feature=12 6 0 10 0 10 1 13 1 10 13 1 1 1
split_gain=0.0152763 0.00805319 0.00966221 0.0286442 0.00966199 0.00733118 0.145452 0.0946322 0.0664348 0.0462433 0.0372588 0.142914 0.105247 0.159873
threshold=2.5000000000000004 0.77500000000000013 2.5000000000000004 0.66500000000000015 2.5000000000000004 0.67500000000000016 13.500000000000002 1.0000000180025095e-35 11.500000000000002 1.0000000180025095e-35 1.0000000180025095e-35 13.500000000000002 12.500000000000002 13.500000000000002
decision_type=2 2 2 2 2 2 2 2 2 2 2 2 2 2
left_child=1 4 5 -4 -1 6 7 -3 9 -9 11 -7 -12 -14
right_child=-2 2 3 -5 -6 10 -8 8 -10 -11 12 -13 13 -15
leaf_value=-0.080004923051686452 0.080042538876679767 -0.0097979011138601899 -0.064469350883995066 0.080872087642178736 -0.010055769061693216 0.091335443517781806 0.080783569776079048 -0.033259548516591443 0.084509708012701371 0.082491158245383167 -0.070540487626004983 -0.00038961626139840815 0.016320661392616249 -0.062252319728300115
leaf_weight=0.016901474506084813 0.015250987758008594 1.4305396021845806 0.041387384328117949 0.01098088708204159 0.050101683445063827 0.11387374128298722 0.14764615326930641 0.078554865802288876 0.126092444290407 0.030730553713510744 0.17633285497504425 2.3984080037516833 0.67656959730084054 0.21950174389166932
leaf_count=849 292 300 18 11 162 54 51 20 7 28 10 78 8 26
internal_value=8.66084e-05 -0.000134394 0.000204468 -0.0339933 -0.0277004 0.00053622 0.00468108 -0.0020637 0.0449419 -0.000710986 -0.00156075 0.00376799 -0.0140442 -0.00292659
internal_weight=5.53287 5.51762 5.45062 0.0523683 0.0670032 5.39825 1.81356 1.66592 0.235378 0.109285 3.58469 2.51228 1.0724 0.896071
internal_count=1914 1622 611 29 1011 582 406 355 55 48 176 132 44 34
is_linear=0
shrinkage=0.08


Tree=137
num_leaves=15
num_cat=0
split_feature=9 0 7 5 1 1 1 6 11 1 1 10 10 13
split_gain=0.0149924 0.0139972 0.037557 0.0230925 0.0197802 0.0192977 0.0146196 0.0110326 0.0219852 0.0477526 0.0138259 0.0999644 0.0100841 0.144715
threshold=0.7250000000000002 2.5000000000000004 0.70835000000000015 1.5000000000000002 19.500000000000004 18.500000000000004 20.500000000000004 1.5833500000000003 1.0000000180025095e-35 9.5000000000000018 10.500000000000002 1.0000000180025095e-35 0.67500000000000016 1.0000000180025095e-35
decision_type=2 2 2 2 2 2 2 2 2 2 2 2 2 2
left_child=1 3 4 5 -3 7 -6 8 10 -10 11 -1 13 -12
right_child=-2 2 -4 -5 6 -7 -8 -9 9 -11 12 -13 -14 -15
leaf_value=-0.082819268337108939 0.080055470015528624 0.080481003157595835 -0.080691357927125562 0.075683264720087004 -0.079199947878145549 0.067911256672365652 0.050978611926600789 -0.059950483890466727 -0.060685980838542937 0.077925679163872927 -0.0023012708366748499 0.081864692474584791 -0.0025178506665682683 0.083133174808536464
leaf_weight=0.072371545062196563 0.014964566836169868 0.020133592331148975 0.04719466361166258 0.025948278048417595 0.014027973062184174 0.026670867493521544 0.0091047929854539689 0.019775722808844765 0.021655948397892533 0.059915312208431715 1.4553897279447481 0.034997113606550556 3.5309009605971369 0.13900948191439955
leaf_count=331 239 32 40 35 4 72 19 40 205 188 220 173 278 38
internal_value=9.02411e-05 -0.000128241 -0.0313361 0.000395852 0.0225003 3.14248e-05 -0.0279632 -0.000307984 -8.60385e-05 0.0411264 -0.000728492 -0.0291401 -0.000133305 0.00514743
internal_weight=5.49206 5.4771 0.090461 5.38663 0.0432664 5.36069 0.0231328 5.33402 5.31424 0.0815713 5.23267 0.107369 5.1253 1.5944
internal_count=1914 1675 95 1580 55 1545 23 1473 1433 393 1040 504 536 258
is_linear=0
shrinkage=0.08


Tree=138
num_leaves=15
num_cat=0
split_feature=9 6 7 0 1 11 1 0 1 10 10 1 1 10
split_gain=0.0138362 0.0131068 0.0138921 0.0105849 0.026504 0.0108358 0.0268375 0.0393204 0.0126117 0.0965923 0.0120409 0.0100931 0.0131421 0.00732662
threshold=0.7250000000000002 0.77500000000000013 0.70835000000000015 2.5000000000000004 14.500000000000002 1.0000000180025095e-35 9.5000000000000018 1.5000000000000002 10.500000000000002 1.0000000180025095e-35 1.0000000180025095e-35 19.500000000000004 20.500000000000004 0.67500000000000016
decision_type=2 2 2 2 2 2 2 2 2 2 2 2 2 2
left_child=1 2 11 5 -5 8 10 -8 9 -3 -7 -1 -13 -10
right_child=-2 3 -4 4 -6 6 7 -9 13 -11 -12 12 -14 -15
leaf_value=0.080139678385583321 0.080051208667365592 -0.082550576793361405 -0.080053099046643747 0.080748312671777372 -0.071579263915747302 -0.080892556103084157 -0.079109453473441324 0.080807115345045796 0.0052102676375839095 0.081614266360724649 0.080003537455222096 -0.078790737317830109 0.048113406729123051 -0.0013202548555943158
leaf_weight=0.0074308737730460752 0.013814741834721533 0.068501038320391561 0.026903607610620384 0.0092978163020233096 0.034197924531326862 0.016696677877916843 0.011946412601901102 0.05581846102631971 1.5904032391736107 0.034486543214370613 0.0036226602860551784 0.013014053882216103 0.0087235503215197241 3.5619093325949507
leaf_count=25 239 27 878 3 18 6 5 177 61 198 90 4 16 167
internal_value=9.0377e-05 -0.000112571 -0.038591 0.000287951 -0.0390171 0.000607899 0.0284346 0.0526151 0.000141494 -0.0275781 -0.052207 -0.000348299 -0.0278626 0.000695571
internal_weight=5.45677 5.44295 0.0560721 5.38688 0.0434957 5.34338 0.0880842 0.0677649 5.2553 0.102988 0.0203193 0.0291685 0.0217376 5.15231
internal_count=1914 1675 923 752 21 731 278 182 453 225 96 45 20 228
is_linear=0
shrinkage=0.08


Tree=139
num_leaves=15
num_cat=0
split_feature=2 6 7 0 1 11 1 6 1 10 10 10 1 10
split_gain=0.0126816 0.0119649 0.0129219 0.00959384 0.0241186 0.0100117 0.0247423 0.0347307 0.0115883 0.0889695 0.0111072 0.00938806 0.00765001 0.00621832
threshold=1.0000000180025095e-35 0.77500000000000013 0.70835000000000015 2.5000000000000004 14.500000000000002 1.0000000180025095e-35 9.5000000000000018 1.5833500000000003 10.500000000000002 1.0000000180025095e-35 1.0000000180025095e-35 0.67500000000000016 19.500000000000004 0.67500000000000016
decision_type=2 2 2 2 2 2 2 2 2 2 2 2 2 2
left_child=1 2 11 5 -5 8 10 -8 9 -3 -7 -1 -13 -10
right_child=-2 3 -4 4 -6 6 7 -9 13 -11 -12 12 -14 -15
leaf_value=0.080159315289785524 0.079669270317650726 -0.082350725231464389 -0.080049083987099728 0.080690278172082575 -0.070213185047484514 -0.080823478825222492 0.08075124202901128 -0.073237117679263386 0.0048074054349555567 0.081489318556861826 0.080003269989449274 0.080111367867127914 -0.049755813072653025 -0.0012150123224951902
leaf_weight=0.0069259555384632012 0.012783407152710313 0.063381657131685532 0.024806180633277108 0.0085888894273010719 0.032158479541067209 0.015425615507410728 0.051167727427127829 0.011476285808385001 1.5859772881121896 0.031881924775916559 0.0033441476880398105 0.0035009485718546776 0.0169959924169234 3.5608511159352929
leaf_count=10 241 27 876 3 18 6 178 4 61 198 90 19 16 167
internal_value=8.22296e-05 -0.000105603 -0.0382108 0.000265408 -0.0384052 0.000561402 0.0284001 0.0525408 0.000129046 -0.0275183 -0.0521695 -0.000364797 -0.027574 0.000640775
internal_weight=5.42927 5.41648 0.0522291 5.36425 0.0407474 5.32351 0.0814138 0.062644 5.24209 0.0952636 0.0187698 0.0274229 0.0204969 5.14683
internal_count=1914 1673 921 752 21 731 278 182 453 225 96 45 35 228
is_linear=0
shrinkage=0.08


Tree=140
num_leaves=15
num_cat=0
split_feature=1 14 10 6 0 1 10 11 1 0 1 10 10 5
split_gain=0.011686 0.0103567 0.0144082 0.0115903 0.0300562 0.00895293 0.0421557 0.00774768 0.0222831 0.0278566 0.0114261 0.0753413 0.00809427 0.00721696
threshold=20.500000000000004 1.0000000180025095e-35 1.0000000180025095e-35 1.4166500000000002 1.5000000000000002 17.500000000000004 0.67500000000000016 1.0000000180025095e-35 9.5000000000000018 2.5000000000000004 11.500000000000002 1.0000000180025095e-35 1.0000000180025095e-35 1.5000000000000002
decision_type=2 2 2 2 2 2 2 2 2 2 2 2 2 2
left_child=1 3 -3 5 -5 7 13 10 12 -10 11 -1 -9 -7
right_child=-2 2 -4 4 -6 6 -8 8 9 -11 -12 -13 -14 -15
leaf_value=-0.082229866520970807 0.043643150754048579 -0.02411669255590207 0.080273766333283147 -0.062590733076691635 0.080834936320593589 0.072293483867247571 -0.076341357290485704 -0.080761005029339125 0.077888954454561593 -0.047592821141208969 -0.00040274828000877553 0.081440533345643454 0.080002608955945936 -0.076984954878402054
leaf_weight=0.056741837116533023 0.039116354445013601 0.013317694410488801 0.023207885111332871 0.013123863835062255 0.032527864608709933 0.020773783916410937 0.043550716859954264 0.014130430598015553 0.045895239834862878 0.015030765435767535 5.0559137273903616 0.026363090710219694 0.0023357082554866784 0.0023024466972856308
leaf_count=245 139 320 222 20 45 37 122 107 142 55 292 91 72 5
internal_value=7.5254e-05 -0.000242388 0.0422117 -0.00053339 0.0396032 -0.000880218 -0.0300204 -0.000508024 0.0246156 0.0469319 -0.000886377 -0.0303093 -0.0579568 0.0573991
internal_weight=5.40433 5.36522 0.0365256 5.32869 0.0456517 5.28304 0.0666269 5.21641 0.0773921 0.060926 5.13902 0.0831049 0.0164661 0.0230762
internal_count=1914 1775 542 1233 65 1168 164 1004 376 197 628 336 179 42
is_linear=0
shrinkage=0.08


Tree=141
num_leaves=15
num_cat=0
split_feature=1 14 10 6 0 1 10 10 11 1 0 1 10 10
split_gain=0.0101268 0.00930472 0.0134518 0.0105776 0.0275507 0.00816819 0.038343 0.00733998 0.00703001 0.0203184 0.0255027 0.0105604 0.0694059 0.00746722
threshold=20.500000000000004 1.0000000180025095e-35 1.0000000180025095e-35 1.4166500000000002 1.5000000000000002 17.500000000000004 0.67500000000000016 0.52500000000000013 1.0000000180025095e-35 9.5000000000000018 2.5000000000000004 11.500000000000002 1.0000000180025095e-35 1.0000000180025095e-35
decision_type=2 2 2 2 2 2 2 2 2 2 2 2 2 2
left_child=1 3 -3 5 -5 8 -7 -2 11 13 -11 12 -1 -10
right_child=7 2 -4 4 -6 6 -8 -9 9 10 -12 -13 -14 -15
leaf_value=-0.082055291171747341 -0.016988816246988284 -0.022349559317152674 0.080252762614959117 -0.060456858430946392 0.080770783278987887 0.056459185676882073 -0.075316742377108781 0.062213415855514959 -0.080702169438361712 0.077372399595132701 -0.045042331423785414 -0.0003705302900918345 0.081304645496289879 0.080002403310691028
leaf_weight=0.052486230614704144 0.010214838650426716 0.013225093643541075 0.02142895811721246 0.012525235681095981 0.030049884657273651 0.021640557886712375 0.040727624963892595 0.028058542277449305 0.013053155287252483 0.042638370865461184 0.014628552659814886 5.0559072917249068 0.024375231796511798 0.0021561357807513568
leaf_count=245 32 320 222 20 45 42 122 107 107 142 55 292 91 72
internal_value=7.08469e-05 -0.000222776 0.0410964 -0.000492423 0.0392228 -0.000813419 -0.029593 0.041075 -0.000468588 0.0242729 0.0461022 -0.000817945 -0.0302486 -0.05792
internal_weight=5.38312 5.34484 0.0346541 5.31019 0.0425751 5.26761 0.0623682 0.0382734 5.20524 0.0724762 0.0572669 5.13277 0.0768615 0.0152093
internal_count=1914 1775 542 1233 65 1168 164 139 1004 376 197 628 336 179
is_linear=0
shrinkage=0.08


Tree=142
num_leaves=15
num_cat=0
split_feature=1 14 10 6 0 1 10 6 5 5 11 1 0 1
split_gain=0.00890282 0.00834673 0.0125703 0.00964547 0.0252501 0.00738063 0.0346197 0.00715754 0.00854442 0.00677871 0.00637097 0.0185063 0.0233412 0.00975938
threshold=20.500000000000004 1.0000000180025095e-35 1.0000000180025095e-35 1.4166500000000002 1.5000000000000002 17.500000000000004 0.67500000000000016 0.58335000000000015 1.5000000000000002 1.5000000000000002 1.0000000180025095e-35 9.5000000000000018 2.5000000000000004 11.500000000000002
decision_type=2 2 2 2 2 2 2 2 2 2 2 2 2 2
left_child=1 3 -3 5 -5 10 9 -2 -9 -7 13 -12 -13 -1
right_child=7 2 -4 4 -6 6 -8 8 -10 -11 11 12 -14 -15
leaf_value=-0.030192370103774728 -0.017979712731950908 -0.02069056773620969 0.080233365987449845 -0.058204691402819073 0.080711554541485639 0.069950659577597329 -0.074189551107463766 0.07615527482120317 -0.072206859393766934 -0.076856713760403317 -0.05788600885664541 0.07678976064547198 -0.042501678028357449 -0.00034088720670976644
leaf_weight=0.071077688773584558 0.010169304900500609 0.013146114905339235 0.019786009623658174 0.011991564999334403 0.027759070530009922 0.018576237072920665 0.038144904252931155 0.024060014137830876 0.0027704401281880555 0.0022575771508854805 0.014047728763671219 0.039647073621381423 0.014277843108175148 5.0559010920624132
leaf_count=336 55 320 222 20 45 37 122 74 10 5 179 142 55 292
internal_value=6.68154e-05 -0.000204828 0.0399457 -0.000454606 0.0388047 -0.000751637 -0.0288925 0.0391735 0.0608358 0.0540424 -0.000432151 0.0238992 0.0452047 -0.000754732
internal_weight=5.36361 5.32661 0.0329321 5.29368 0.0397506 5.25393 0.0589787 0.0369998 0.0268305 0.0208338 5.19495 0.0679726 0.0539249 5.12698
internal_count=1914 1775 542 1233 65 1168 164 139 84 42 1004 376 197 628
is_linear=0
shrinkage=0.08


Tree=143
num_leaves=15
num_cat=0
split_feature=1 14 10 6 0 4 1 11 1 1 1 10 10 6
split_gain=0.00797441 0.00747492 0.0117559 0.00878641 0.02314 0.00690361 0.0197934 0.00836481 0.0190429 0.0102411 0.00829304 0.0646098 0.00717262 0.00663486
threshold=20.500000000000004 1.0000000180025095e-35 1.0000000180025095e-35 1.4166500000000002 1.5000000000000002 1.5000000000000002 14.500000000000002 1.0000000180025095e-35 9.5000000000000018 13.500000000000002 11.500000000000002 1.0000000180025095e-35 1.0000000180025095e-35 0.58335000000000015
decision_type=2 2 2 2 2 2 2 2 2 2 2 2 2 2
left_child=1 3 -3 5 -5 7 -7 10 12 -10 11 -1 -9 -2
right_child=13 2 -4 4 -6 6 -8 8 9 -11 -12 -13 -14 -15
leaf_value=-0.081838676278740627 -0.01660814918286338 -0.019137573136714128 0.080215455959196158 -0.055849485137282356 0.080656874493970729 0.074131919548933653 -0.064202082669453181 -0.080611580115029183 0.079069569475466409 0.0028439670908844057 -0.00041652569606850476 0.081222662089567563 0.080002348963783984 0.060116572489984227
leaf_weight=0.047163050288418051 0.010130115395895589 0.013078826757919049 0.018268701570377743 0.011517503502545767 0.025641519416240044 0.0084510925071298315 0.030548643841939338 0.011389499091819633 0.031504967035289155 0.017572103177371901 5.0740875215642518 0.02320247097122774 0.0021089760748509443 0.025053238628515828
leaf_count=245 55 320 222 20 45 8 25 107 80 172 368 91 72 84
internal_value=6.46965e-05 -0.000186614 0.0387634 -0.000417721 0.0383465 -0.000692299 -0.0342256 -0.00044114 0.0286319 0.0517769 -0.000794775 -0.0280705 -0.0555176 0.0380257
internal_weight=5.34972 5.31453 0.0313475 5.28319 0.037159 5.24603 0.0389997 5.20703 0.0625755 0.0490771 5.14445 0.0703655 0.0134985 0.0351834
internal_count=1914 1775 542 1233 65 1168 33 1135 431 252 704 336 179 139
is_linear=0
shrinkage=0.08


Tree=144
num_leaves=15
num_cat=0
split_feature=1 14 10 6 0 10 5 13 1 10 10 5 6 1
split_gain=0.0069886 0.0066839 0.0110018 0.00799617 0.021207 0.00656869 0.00667839 0.00633485 0.00624808 0.0314106 0.00726232 0.0061652 0.006073 0.00536202
threshold=20.500000000000004 1.0000000180025095e-35 1.0000000180025095e-35 1.4166500000000002 1.5000000000000002 0.52500000000000013 1.0000000180025095e-35 1.0000000180025095e-35 17.500000000000004 0.67500000000000016 0.68500000000000016 1.5000000000000002 1.0000000180025095e-35 12.500000000000002
decision_type=2 2 2 2 2 2 2 2 2 2 2 2 2 2
left_child=1 3 7 8 -5 6 -2 -3 13 11 -11 -10 -7 -1
right_child=5 2 -4 4 -6 12 -8 -9 9 10 -12 -13 -14 -15
leaf_value=-0.005546835431321351 0.077756569233817741 -0.049537496008593904 0.080198917280687718 -0.053409702471799964 0.080606390856225563 -0.080149979599530338 -0.064112428655193274 0.080068451119455167 0.068578141348217742 -0.081387608008449491 0.080005693225971244 -0.076347784365238397 0.069989498580276074 0.00092172749469080634
leaf_weight=1.0216275089619555 0.0031100267387954572 0.0098215643834008715 0.016867473889760731 0.011097926028014515 0.023684329040406737 0.001867742044851183 0.006695529535136302 0.0031999871680454825 0.017691737541099317 0.033351303801282484 0.0018852327466447596 0.0021017810722696586 0.02243893789136564 4.1587101225954939
leaf_count=613 8 310 222 20 45 1 24 10 37 42 80 5 106 391
internal_value=6.14531e-05 -0.000170857 0.0375534 -0.000384806 0.0378461 0.0361556 -0.0191159 -0.0176874 -0.000638801 -0.0274532 -0.0727527 0.0531891 0.0584527 -0.000353954
internal_weight=5.33415 5.30004 0.029889 5.27015 0.0347823 0.0341122 0.00980556 0.0130216 5.23537 0.0550301 0.0352365 0.0197935 0.0243067 5.18034
internal_count=1914 1775 542 1233 65 139 32 320 1168 164 122 42 107 1004
is_linear=0
shrinkage=0.08


Tree=145
num_leaves=15
num_cat=0
split_feature=1 14 10 6 0 11 1 5 1 10 1 10 10 10
split_gain=0.00630877 0.00607175 0.010217 0.00726866 0.0194383 0.00608163 0.0148829 0.0192692 0.00769033 0.0294647 0.00750719 0.0596464 0.00664291 0.00592896
threshold=20.500000000000004 1.0000000180025095e-35 1.0000000180025095e-35 1.4166500000000002 1.5000000000000002 1.0000000180025095e-35 9.5000000000000018 1.5000000000000002 17.500000000000004 0.67500000000000016 11.500000000000002 1.0000000180025095e-35 1.0000000180025095e-35 0.52500000000000013
decision_type=2 2 2 2 2 2 2 2 2 2 2 2 2 2
left_child=1 3 -3 5 -5 8 12 -8 10 -10 11 -1 -7 -2
right_child=13 2 -4 4 -6 6 7 -9 9 -11 -12 -13 -14 -15
leaf_value=-0.081685863662928404 -0.018656397567938632 -0.016951210619345344 0.080183646577323103 -0.050906321605939928 0.080559792365246102 -0.080561233087288076 0.067048424561250083 -0.050470359271863552 0.06040282594370569 -0.076645106339097338 -0.00025537659364006904 0.081105229046473437 0.080002181119178242 0.057232505200195932
leaf_weight=0.043379046552217804 0.009251211218724964 0.012487240660902788 0.015573485861295921 0.010727923618105595 0.021875525871109858 0.010462366565661685 0.041894112963291263 0.011348382643063815 0.014683284362035809 0.031749779389429023 5.0557905370687877 0.021565928929703659 0.0019576626937123373 0.022893679563821934
leaf_count=245 32 320 222 20 45 107 254 17 21 69 292 91 72 107
internal_value=5.79848e-05 -0.000156581 0.0369579 -0.000354373 0.0373018 -0.000588992 0.0236045 0.0419999 -0.000896435 -0.0333072 -0.000602545 -0.0276287 -0.055253 0.0353919
internal_weight=5.32564 5.2935 0.0280607 5.26543 0.0326034 5.23283 0.0656625 0.0532425 5.16717 0.0464331 5.12074 0.064945 0.01242 0.0321449
internal_count=1914 1775 542 1233 65 1168 450 271 718 90 628 336 179 139
is_linear=0
shrinkage=0.08


Tree=146
num_leaves=15
num_cat=0
split_feature=1 6 5 1 10 10 14 10 6 0 1 1 13 1
split_gain=0.00551431 0.00608459 0.00746695 0.00543827 0.0247778 0.00721584 0.0060004 0.00860568 0.00640953 0.0177788 0.00574744 0.00481765 0.131687 0.084485
threshold=20.500000000000004 0.58335000000000015 1.5000000000000002 17.500000000000004 0.67500000000000016 0.68500000000000016 1.0000000180025095e-35 1.0000000180025095e-35 1.4166500000000002 1.5000000000000002 11.500000000000002 14.500000000000002 1.0000000180025095e-35 13.500000000000002
decision_type=2 2 2 2 2 2 2 2 2 2 2 2 2 2
left_child=3 -2 -3 6 -5 -6 8 10 11 -10 -8 13 -13 -1
right_child=1 2 -4 4 5 -7 7 -9 9 -11 -12 12 -14 -15
leaf_value=0.0013826852163389609 -0.019292663489807422 0.074227929222530284 -0.072352612564558647 0.045414730366820096 -0.081102463876557312 0.080005372848051232 -0.071629476285243424 0.080171052226073916 -0.048361946616935728 0.080520454606506683 0.041589095075036359 0.0067173763197160164 -0.073295451194017841 -0.05258464446249439
leaf_weight=2.483590222488147 0.0096380190179842229 0.019086169307684031 0.0025175658665830261 0.0189135060436455 0.028652341561610228 0.0018970364817505461 0.0055288854555327616 0.014250915388402063 0.010402818901638855 0.020057652713148855 0.0059660870369953045 2.3497280429851348 0.13945807062054871 0.2006499322651506
leaf_count=694 55 74 10 52 42 94 196 208 20 44 115 151 90 69
internal_value=5.41244e-05 0.0335651 0.0571463 -0.000144194 -0.0265462 -0.0710981 0.000105521 0.0386316 -8.50837e-05 0.0365047 -0.0128671 -0.00030052 0.00223461 -0.00265143
internal_weight=5.31034 0.0312418 0.0216037 5.2791 0.0494629 0.0305494 5.22963 0.0257459 5.20389 0.0304605 0.011495 5.17343 2.48919 2.68424
internal_count=1914 139 84 1775 188 136 1587 519 1068 64 311 1004 241 763
is_linear=0
shrinkage=0.08


Tree=147
num_leaves=15
num_cat=0
split_feature=1 1 1 10 0 1 12 6 5 4 11 5 5 6
split_gain=0.0049231 0.00588084 0.0952668 0.0219797 0.0316468 0.0167921 0.00748612 0.0055908 0.00678883 0.00542014 0.00801586 0.00521038 0.00449607 0.013078
threshold=20.500000000000004 16.500000000000004 15.500000000000002 0.67500000000000016 2.5000000000000004 17.500000000000004 1.5000000000000002 0.58335000000000015 1.5000000000000002 1.5000000000000002 1.0000000180025095e-35 1.0000000180025095e-35 1.5000000000000002 1.4166500000000002
decision_type=2 2 2 2 2 2 2 2 2 2 2 2 2 2
left_child=1 2 9 4 -3 -5 -6 -2 -9 12 -11 -4 -1 -14
right_child=7 3 11 5 6 -7 -8 8 -10 10 -12 -13 13 -15
leaf_value=-0.0010163436860020083 -0.017831939603910548 0.080215791656841604 -0.0099806038666537273 -0.0080483296205486627 -0.06733969231861929 -0.070964976187323447 0.029056931923665052 0.073162941373539445 -0.071216803012379273 0.075917590337728671 -0.043040425541832822 0.087233409425614292 -0.079445245750608434 0.080632638364166176
leaf_weight=4.3491011241931119 0.0095952053907238932 0.041374133926183165 0.0036817706395594332 0.69592762927572949 0.015870351302510244 0.028251125850374592 0.007637200547833344 0.017865076521502488 0.0023596054279551018 0.013100473268877866 0.0050123536057071752 0.084765110229909624 0.0043798534406959124 0.012847247093759506
leaf_count=1250 55 24 114 70 17 136 35 74 10 16 28 51 6 28
internal_value=4.50289e-05 -0.000138662 0.000984642 -0.00650625 0.0381012 -0.0105028 -0.0360221 0.0324588 0.0563182 -0.000673612 0.0429984 0.0831867 -0.000854776 0.0399341
internal_weight=5.29177 5.26195 4.47289 0.78906 0.0648817 0.724179 0.0235076 0.0298199 0.0202247 4.38444 0.0181128 0.0884469 4.36633 0.0172271
internal_count=1914 1775 1493 282 76 206 52 139 84 1328 44 165 1284 34
is_linear=0
shrinkage=0.08


Tree=148
num_leaves=15
num_cat=0
split_feature=1 6 5 1 1 10 0 1 12 5 4 1 14 1
split_gain=0.00438159 0.00512924 0.00616002 0.00502242 0.0870612 0.019547 0.0291736 0.0154144 0.00673437 0.00504108 0.00488117 0.00748625 0.0043807 0.00828959
threshold=20.500000000000004 0.58335000000000015 1.5000000000000002 16.500000000000004 15.500000000000002 0.67500000000000016 2.5000000000000004 17.500000000000004 1.5000000000000002 1.0000000180025095e-35 1.5000000000000002 14.500000000000002 1.0000000180025095e-35 11.500000000000002
decision_type=2 2 2 2 2 2 2 2 2 2 2 2 2 2
left_child=3 -2 -3 4 10 6 -5 -7 -8 -6 12 -12 -1 -14
right_child=1 2 -4 5 9 7 8 -9 -10 -11 11 -13 13 -15
leaf_value=-0.00095473193393260476 -0.016470628852273909 0.071977943258232438 -0.069947427338034773 0.080069075108628096 -0.0091937352497554522 -0.007421578521231445 -0.065543887116565877 -0.069446596818057926 0.027017119019056245 0.086634612800643523 0.075204794738833611 -0.042375863722371156 -0.032837359638270204 0.0766244837576181
leaf_weight=4.345886785224593 0.0095587945152145748 0.016752296518006915 0.0022161530187076997 0.038260352539509657 0.0036773284164154365 0.69438925787380867 0.015035523050755728 0.026626566200320667 0.0075600732379825777 0.078766846052076289 0.012281886317396018 0.004827801086321414 0.0069097516407053963 0.01232694494046882
leaf_count=870 55 74 10 24 114 70 17 136 35 51 38 6 317 97
internal_value=4.75219e-05 0.0313154 0.0553963 -0.000122492 0.000913323 -0.00603725 0.0375023 -0.00971212 -0.0345747 0.0823603 -0.000618962 0.0420273 -0.00078612 0.0373062
internal_weight=5.27508 0.0285272 0.0189684 5.24655 4.46468 0.781872 0.0608559 0.721016 0.0225956 0.0824442 4.38223 0.0171097 4.36512 0.0192367
internal_count=1914 139 84 1775 1493 282 76 206 52 165 1328 44 1284 414
is_linear=0
shrinkage=0.08


end of trees

feature_importances:
Column_1=425
Column_10=361
Column_6=226
Column_0=147
Column_7=139
Column_9=123
Column_4=98
Column_11=97
Column_2=95
Column_5=95
Column_13=95
Column_14=87
Column_12=75
Column_15=23

parameters:
[boosting: gbdt]
[objective: binary]
[metric: binary_logloss]
[tree_learner: serial]
[device_type: cpu]
[data_sample_strategy: bagging]
[data: ]
[valid: ]
[num_iterations: 150]
[learning_rate: 0.08]
[num_leaves: 15]
[num_threads: 0]
[seed: 0]
[deterministic: 0]
[force_col_wise: 0]
[force_row_wise: 0]
[histogram_pool_size: -1]
[max_depth: -1]
[min_data_in_leaf: 5]
[min_sum_hessian_in_leaf: 0.001]
[bagging_fraction: 1]
[pos_bagging_fraction: 1]
[neg_bagging_fraction: 1]
[bagging_freq: 0]
[bagging_seed: 3]
[bagging_by_query: 0]
[feature_fraction: 1]
[feature_fraction_bynode: 1]
[feature_fraction_seed: 2]
[extra_trees: 0]
[extra_seed: 6]
[early_stopping_round: 0]
[early_stopping_min_delta: 0]
[first_metric_only: 0]
[max_delta_step: 0]
[lambda_l1: 0]
[lambda_l2: 0]
[linear_lambda: 0]
[min_gain_to_split: 0]
[drop_rate: 0.1]
[max_drop: 50]
[skip_drop: 0.5]
[xgboost_dart_mode: 0]
[uniform_drop: 0]
[drop_seed: 4]
[top_rate: 0.2]
[other_rate: 0.1]
[min_data_per_group: 100]
[max_cat_threshold: 32]
[cat_l2: 10]
[cat_smooth: 10]
[max_cat_to_onehot: 4]
[top_k: 20]
[monotone_constraints: ]
[monotone_constraints_method: basic]
[monotone_penalty: 0]
[feature_contri: ]
[forcedsplits_filename: ]
[refit_decay_rate: 0.9]
[cegb_tradeoff: 1]
[cegb_penalty_split: 0]
[cegb_penalty_feature_lazy: ]
[cegb_penalty_feature_coupled: ]
[path_smooth: 0]
[interaction_constraints: ]
[verbosity: -1]
[saved_feature_importance_type: 0]
[use_quantized_grad: 0]
[num_grad_quant_bins: 4]
[quant_train_renew_leaf: 0]
[stochastic_rounding: 1]
[linear_tree: 0]
[max_bin: 255]
[max_bin_by_feature: ]
[min_data_in_bin: 3]
[bin_construct_sample_cnt: 200000]
[data_random_seed: 1]
[is_enable_sparse: 1]
[enable_bundle: 1]
[use_missing: 1]
[zero_as_missing: 0]
[feature_pre_filter: 0]
[pre_partition: 0]
[two_round: 0]
[header: 0]
[label_column: ]
[weight_column: ]
[group_column: ]
[ignore_column: ]
[categorical_feature: ]
[forcedbins_filename: ]
[precise_float_parser: 0]
[parser_config_file: ]
[objective_seed: 5]
[num_class: 1]
[is_unbalance: 0]
[scale_pos_weight: 1]
[sigmoid: 1]
[boost_from_average: 1]
[reg_sqrt: 0]
[alpha: 0.9]
[fair_c: 1]
[poisson_max_delta_step: 0.7]
[tweedie_variance_power: 1.5]
[lambdarank_truncation_level: 30]
[lambdarank_norm: 1]
[label_gain: ]
[lambdarank_position_bias_regularization: 0]
[eval_at: ]
[multi_error_top_k: 1]
[auc_mu_weights: ]
[num_machines: 1]
[local_listen_port: 12400]
[time_out: 120]
[machine_list_filename: ]
[machines: ]
[gpu_platform_id: -1]
[gpu_device_id: -1]
[gpu_device_id_list: ]
[gpu_use_dp: 0]
[num_gpu: 1]

end of parameters

pandas_categorical:null
