tree
version=v4
num_class=1
num_tree_per_iteration=1
label_index=0
max_feature_idx=18
objective=binary sigmoid:1
feature_names=Column_0 Column_1 Column_2 Column_3 Column_4 Column_5 Column_6 Column_7 Column_8 Column_9 Column_10 Column_11 Column_12 Column_13 Column_14 Column_15 Column_16 Column_17 Column_18
feature_infos=[1:7] [3:54] [0:1] [0:1] [0:3] [0:3] [0:2] [0.40000000000000002:1] [0:3] [0:0.90000000000000002] [0:0.84999999999999998] [0:0.5] [1:3] [0:1] [0:1] [0:1] [0:1] [0:1] [0:1]
tree_sizes=1735 1735 1730 1735 1738 1755 1741 1745 1738 1747 1742 1747 1741 1764 1753 1755 1742 1754 1761 1746 1760 1762 1771 1758 1765 1759 1759 1766 1760 1753 1760 1763 1754 1765 1759 1760 1759 1749 1738 1754 1737 1733 1768 1734 1768 1750 1775 1758 1753 1756 1756 1750 1742 1754 1755 1747 1755 1742 1756 1764 1750 1757 1759 1753 1760 1747 1754 1749 1746 1754 1754 1754 1739 1761 1754 1755 1758 1747 1742 1754 1757 1760 1766 1754 1765 1761 1734 1763

Tree=0
num_leaves=15
num_cat=0
split_feature=6 11 17 16 0 9 10 1 0 1 7 18 1 6
split_gain=888.581 896.624 354.487 297.005 142.691 102.673 85.5935 79.6337 57.4054 53.0896 49.6958 42.2641 39.2418 69.9848
threshold=0.58335000000000015 1.0000000180025095e-35 1.0000000180025095e-35 1.0000000180025095e-35 1.5000000000000002 1.0000000180025095e-35 1.0000000180025095e-35 10.500000000000002 2.5000000000000004 14.500000000000002 0.87500000000000011 1.0000000180025095e-35 13.500000000000002 0.45000000000000007
decision_type=2 2 2 2 2 2 2 2 2 2 2 2 2 2
left_child=1 3 6 10 5 -3 7 -2 9 -6 -1 -12 13 -13
right_child=2 4 -4 -5 8 -7 -8 -9 -10 -11 11 12 -14 -15
leaf_value=-0.064010339021272969 -0.30550087180807628 -0.16010979684341917 -0.31921867722081776 -0.015448428513667289 -0.092300119527367774 -0.31921867722081776 -0.0037754579096725693 -0.059751406548109842 -0.031170843031217477 -0.17466913335203646 -0.30644594828979388 -0.12368372957526491 -0.31921867722081776 -0.31921867722081776
leaf_weight=5.9559184312820426 11.663673594594 173.46612431108952 28.538775816559792 25.808979868888855 177.68489986658096 30.524081960320473 231.04000248014927 30.524081960320473 65.266939476132393 69.733878299593925 419.64408613741398 30.275918692350388 27.049796208739281 19.108571633696556
leaf_count=24 47 699 115 104 716 123 931 123 263 281 1691 122 109 77
internal_value=-0.17185 -0.206784 -0.0509318 -0.280116 -0.131867 -0.183918 -0.0229091 -0.127694 -0.0979102 -0.115515 -0.293722 -0.29648 -0.241767 -0.199343
internal_weight=1346.29 1044.52 301.767 527.843 516.676 203.99 273.228 42.1878 312.686 247.419 502.034 496.078 76.4343 49.3845
internal_count=5425 4209 1216 2127 2082 822 1101 170 1260 997 2023 1999 308 199
is_linear=0
shrinkage=1


Tree=1
num_leaves=15
num_cat=0
split_feature=6 11 17 16 0 9 10 1 8 16 7 18 1 6
split_gain=750.557 769.565 298.916 254.208 119.978 88.5985 71.1057 67.545 50.4354 52.9355 42.7754 37.0979 34.215 60.2344
threshold=0.58335000000000015 1.0000000180025095e-35 1.0000000180025095e-35 1.0000000180025095e-35 1.5000000000000002 1.0000000180025095e-35 1.0000000180025095e-35 10.500000000000002 1.0000000180025095e-35 1.0000000180025095e-35 0.87500000000000011 1.0000000180025095e-35 13.500000000000002 0.45000000000000007
decision_type=2 2 2 2 2 2 2 2 2 2 2 2 2 2
left_child=1 3 6 10 5 -3 7 -2 9 -6 -1 -12 13 -13
right_child=2 4 -4 -5 8 -7 -8 -9 -10 -11 11 12 -14 -15
leaf_value=0.098553293203760078 -0.12500311453687959 0.010790258837209301 -0.13813732849894134 0.14278282804187128 0.036850307622504852 -0.13813732849894134 0.15342824888421328 0.10243103885072767 0.1228206373084384 0.16732095067422265 -0.12590577478992646 0.044148882056404534 -0.13813732849894134 -0.13813732849894134
leaf_weight=5.9938580989837638 11.480049729347227 173.63483083248138 28.029850646853447 25.998448729515076 212.71850553154945 29.9797533005476 232.74916762113571 30.722569674253464 79.395212933421135 21.956506982445717 412.97826850414276 30.383651733398438 26.567423656582832 18.767813041806221
leaf_count=24 47 699 115 104 854 123 931 123 318 88 1691 122 109 77
internal_value=-5.08567e-05 -0.032376 0.110734 -0.101048 0.0366944 -0.0111375 0.136105 0.0405639 0.0677043 0.0490573 -0.113862 -0.116468 -0.0649915 -0.0254546
internal_weight=1341.36 1038.37 302.982 520.689 517.685 203.615 274.952 42.2026 314.07 234.675 494.691 488.697 75.7189 49.1515
internal_count=5425 4209 1216 2127 2082 822 1101 170 1260 942 2023 1999 308 199
is_linear=0
shrinkage=0.08


Tree=2
num_leaves=15
num_cat=0
split_feature=6 11 17 16 0 9 10 1 0 1 7 18 1 6
split_gain=641.039 665.414 255.29 219.436 101.33 77.1605 60.5644 57.7 44.3289 42.1755 37.1012 32.9427 30.2099 52.2822
threshold=0.58335000000000015 1.0000000180025095e-35 1.0000000180025095e-35 1.0000000180025095e-35 1.5000000000000002 1.0000000180025095e-35 1.0000000180025095e-35 10.500000000000002 2.5000000000000004 14.500000000000002 0.87500000000000011 1.0000000180025095e-35 13.500000000000002 0.45000000000000007
decision_type=2 2 2 2 2 2 2 2 2 2 2 2 2 2
left_child=1 3 6 10 5 -3 7 -2 9 -6 -1 -12 13 -13
right_child=2 4 -4 -5 8 -7 -8 -9 -10 -11 11 12 -14 -15
leaf_value=0.090597198111574878 -0.11775675568104955 0.0099184086332580156 -0.13063639978409974 0.13189866396150313 0.067375060765150069 -0.13063639978409974 0.14196765969619751 0.094190007701780556 0.12068456191360877 -0.0058972533509385559 -0.11863780215940418 0.040521815372170061 -0.13063639978409974 -0.13063639978409974
leaf_weight=5.9982104301452628 11.221967667341231 173.77953909337521 27.297459095716476 25.894893288612366 178.86603227257729 29.196412771940231 231.45168319344521 30.736000746488571 65.647396713495255 69.932703018188477 403.59362658858299 30.451817274093628 25.87324383854866 18.277429133653641
leaf_count=24 47 699 115 104 716 123 931 123 263 281 1691 122 109 77
internal_value=-8.97878e-05 -0.0301558 0.102645 -0.0949957 0.0337651 -0.0102992 0.125936 0.0375033 0.0622088 0.0467796 -0.10713 -0.10961 -0.0607717 -0.0236764
internal_weight=1328.22 1027.51 300.707 510.089 517.422 202.976 273.41 41.958 314.446 248.799 484.194 478.196 74.6025 48.7292
internal_count=5425 4209 1216 2127 2082 822 1101 170 1260 997 2023 1999 308 199
is_linear=0
shrinkage=0.08


Tree=3
num_leaves=15
num_cat=0
split_feature=6 11 17 16 0 9 10 1 8 16 7 18 1 6
split_gain=552.232 578.796 220.192 190.686 85.9394 67.7047 52.5876 49.568 39.1949 43.8108 32.38 29.5308 26.9467 45.6969
threshold=0.58335000000000015 1.0000000180025095e-35 1.0000000180025095e-35 1.0000000180025095e-35 1.5000000000000002 1.0000000180025095e-35 1.0000000180025095e-35 10.500000000000002 1.0000000180025095e-35 1.0000000180025095e-35 0.87500000000000011 1.0000000180025095e-35 13.500000000000002 0.45000000000000007
decision_type=2 2 2 2 2 2 2 2 2 2 2 2 2 2
left_child=1 3 6 10 5 -3 7 -2 9 -6 -1 -12 13 -13
right_child=2 4 -4 -5 8 -7 -8 -9 -10 -11 11 12 -14 -15
leaf_value=0.083661848805683336 -0.11157013953344476 0.0091181348883098579 -0.1244352998187417 0.12295801234140881 0.029892042327220949 -0.1244352998187417 0.1327426478851742 0.087034805682577293 0.10612208368092012 0.14879165981802128 -0.11244455997998755 0.037233175283185864 -0.1244352998187417 -0.1244352998187417
leaf_weight=5.9765710830688468 10.909440740942953 173.90378008782864 26.401509791612625 25.568033933639526 213.07760831713676 28.238136559724808 227.87088643014431 30.606437087059021 78.919890850782394 21.869150221347809 392.22069685161114 30.488397896289825 25.024039715528488 17.677532643079758
leaf_count=24 47 699 115 104 854 123 931 123 318 88 1691 122 109 77
internal_value=-0.000120608 -0.0282018 0.096047 -0.0898223 0.0311434 -0.00953856 0.117656 0.0348459 0.0573441 0.0409594 -0.101364 -0.10374 -0.0570898 -0.0221013
internal_weight=1308.75 1012.96 295.788 496.955 516.009 202.142 269.387 41.5159 313.867 234.947 471.387 465.411 73.19 48.1659
internal_count=5425 4209 1216 2127 2082 822 1101 170 1260 942 2023 1999 308 199
is_linear=0
shrinkage=0.08


Tree=4
num_leaves=15
num_cat=0
split_feature=6 11 17 16 0 9 10 1 0 1 7 18 1 1
split_gain=478.948 505.908 191.407 166.583 73.0927 59.7777 46.3619 43.6825 36.0638 35.3711 28.4038 26.6799 26.5582 24.238
threshold=0.58335000000000015 1.0000000180025095e-35 1.0000000180025095e-35 1.0000000180025095e-35 1.5000000000000002 1.0000000180025095e-35 1.0000000180025095e-35 11.500000000000002 2.5000000000000004 15.500000000000002 0.87500000000000011 1.0000000180025095e-35 6.5000000000000009 13.500000000000002
decision_type=2 2 2 2 2 2 2 2 2 2 2 2 2 2
left_child=1 3 6 10 5 -3 7 -2 9 12 -1 -12 -6 -13
right_child=2 4 -4 -5 8 -7 -8 -9 -10 -11 11 13 -14 -15
leaf_value=0.077528525107831328 -0.080509566243606875 0.0083833124071377423 -0.11923616945985856 0.11544522210277665 -0.12374677357692791 -0.11923616945985856 0.12514641821108305 0.092947000657413681 0.10629779868167577 -0.021305321972668319 -0.10708040668543385 -0.020688034439433775 0.059028095411619533 -0.11923616945985856
leaf_weight=5.935074806213378 14.261856585741041 174.01055359840393 25.389747992157936 25.073189496994019 5.2254374027252188 27.155991330742836 222.57802507281303 26.664408981800079 64.442536294460297 49.595164000988007 379.44341458380222 47.500068500638008 193.41531100869179 24.065065488219261
leaf_count=24 62 699 115 104 21 123 931 108 263 199 1691 199 777 109
internal_value=-0.000144888 -0.0264532 0.090544 -0.0853255 0.0287724 -0.00884437 0.110757 0.0325014 0.0529738 0.0391308 -0.0963421 -0.0986302 0.05422 -0.0538266
internal_weight=1284.76 995.862 288.894 482.017 513.845 201.167 263.504 40.9263 312.678 248.236 456.944 451.009 198.641 71.5651
internal_count=5425 4209 1216 2127 2082 822 1101 170 1260 997 2023 1999 798 308
is_linear=0
shrinkage=0.08


Tree=5
num_leaves=15
num_cat=0
split_feature=6 11 17 16 8 16 10 1 18 15 14 1 9 7
split_gain=417.473 443.305 167.377 145.958 63.9506 54.1441 41.5323 38.4773 25.7297 20.1886 23.329 27.4152 24.0696 19.5296
threshold=0.58335000000000015 1.0000000180025095e-35 1.0000000180025095e-35 1.0000000180025095e-35 1.0000000180025095e-35 1.0000000180025095e-35 1.0000000180025095e-35 9.5000000000000018 1.0000000180025095e-35 1.0000000180025095e-35 1.0000000180025095e-35 11.500000000000002 1.0000000180025095e-35 0.87500000000000011
decision_type=2 2 2 2 2 2 2 2 2 2 2 2 2 2
left_child=1 3 6 8 5 9 7 -2 13 10 11 12 -3 -1
right_child=2 4 -4 -5 -6 -7 -8 -9 -10 -11 -12 -13 -14 -15
leaf_value=0.058430209532917346 -0.11815612414888424 -0.0088977092890142207 -0.11482595407692189 0.10900899853052028 0.093789204168065951 0.13688986638670414 0.11877216809941138 0.07145107374193263 -0.047790759963944975 -0.14035723796920732 0.026568227584575159 0.026808115841428802 -0.089532855556725924 -0.1023663034642933
leaf_weight=4.8989027738571158 8.745844364166258 64.260983616113663 24.300247207283974 24.454506874084473 77.034106314182281 22.028950318694115 216.02752248942852 31.594825640320778 71.387028202414513 5.7756776958703986 235.81191420555115 68.593217507004738 37.527674600481987 365.72816704213619
leaf_count=20 40 258 115 104 318 91 931 130 312 25 950 277 163 1691
internal_value=-0.000162089 -0.024855 0.0858375 -0.0812442 0.0266168 0.0146938 0.104858 0.0303443 -0.09177 0.00815975 0.0102715 -0.0122835 -0.0386265 -0.100241
internal_weight=1258.17 977.501 280.668 466.469 511.033 433.998 256.368 40.3407 442.014 411.969 406.194 170.382 101.789 370.627
internal_count=5425 4209 1216 2127 2082 1764 1101 170 2023 1673 1648 698 421 1711
is_linear=0
shrinkage=0.08


Tree=6
num_leaves=15
num_cat=0
split_feature=6 11 17 16 0 9 10 1 0 1 18 18 1 1
split_gain=365.334 389.218 147.124 128.165 56.0402 49.141 37.5653 33.9138 29.5334 29.9646 28.6663 24.5542 23.0294 22.2217
threshold=0.58335000000000015 1.0000000180025095e-35 1.0000000180025095e-35 1.0000000180025095e-35 1.5000000000000002 1.0000000180025095e-35 1.0000000180025095e-35 11.500000000000002 2.5000000000000004 14.500000000000002 1.0000000180025095e-35 1.0000000180025095e-35 6.5000000000000009 8.5000000000000018
decision_type=2 2 2 2 2 2 2 2 2 2 2 2 2 2
left_child=1 3 6 11 5 13 7 -2 9 12 -11 -1 -6 -3
right_child=2 4 -4 -5 8 -7 -8 -9 -10 10 -12 -13 -14 -15
leaf_value=-0.096091596459700515 -0.073797447004727887 0.022015060367033438 -0.11104807048392447 0.10340132119769832 -0.1144827110045513 -0.11265491158409202 0.11333624560195167 0.081963523733736443 0.095190426366887626 0.011033091080126465 -0.13107436325843405 -0.044458603983569808 0.056155577694461223 -0.046608680277373082
leaf_weight=356.30081611871719 13.637272641062735 135.32877472043037 23.163301050662994 23.747304201126099 5.2160128355026236 25.280645295977592 208.58207389712334 26.007282793521881 62.291658937931061 59.356830880045891 10.726612791419027 70.630547672510147 171.27862577140331 38.8756263256073
leaf_count=1711 62 543 115 104 21 123 931 108 263 238 43 312 695 156
internal_value=-0.000170919 -0.0233602 0.081775 -0.0774879 0.0246263 -0.00842499 0.0997684 0.0283835 0.0459727 0.0335391 -0.0107171 -0.0875496 0.0511126 0.00670092
internal_weight=1230.42 959.033 271.39 450.679 508.355 199.485 248.227 39.6446 308.87 246.578 70.0834 426.931 176.495 174.204
internal_count=5425 4209 1216 2127 2082 822 1101 170 1260 997 281 2023 716 699
is_linear=0
shrinkage=0.08


Tree=7
num_leaves=15
num_cat=0
split_feature=6 11 17 16 8 16 10 1 7 18 1 6 1 15
split_gain=320.882 342.081 129.86 112.701 50.6682 45.5821 34.2708 30.5138 23.6831 22.707 23.4151 41.6446 24.2259 17.145
threshold=0.58335000000000015 1.0000000180025095e-35 1.0000000180025095e-35 1.0000000180025095e-35 1.0000000180025095e-35 1.0000000180025095e-35 1.0000000180025095e-35 9.5000000000000018 0.87500000000000011 1.0000000180025095e-35 13.500000000000002 0.45000000000000007 10.500000000000002 1.0000000180025095e-35
decision_type=2 2 2 2 2 2 2 2 2 2 2 2 2 2
left_child=1 3 6 8 5 13 7 -2 -1 -10 11 12 -11 -3
right_child=2 4 -4 -5 -6 -7 -8 -9 9 10 -12 -13 -14 -15
leaf_value=0.075338782574828941 -0.11149196632161798 0.0082901163197407028 -0.10778479695069537 0.098441820748906436 0.083832063757291547 0.12694393774486198 0.10863438264560733 0.062935241400801339 -0.094462591059621598 -0.060775775692799447 -0.11175700397418271 -0.11504600402810912 0.092362099097796635 -0.13399050529332232
leaf_weight=5.9141361117362967 8.1070458889007551 403.66946220397949 22.00290210545063 22.979832887649536 74.3049286454916 21.104702264070511 200.53118066489697 30.821242526173592 337.20806594192982 9.71799284219742 22.172084644436836 16.310832366347313 20.681882202625275 5.4940921068191519
leaf_count=24 40 1648 115 104 318 91 931 130 1691 39 109 77 83 25
internal_value=-0.000177475 -0.0219912 0.0782096 -0.0739809 0.0228283 0.0122933 0.0952999 0.0266097 -0.0835979 -0.0859126 -0.0440571 -0.0119222 0.0434082 0.00637963
internal_weight=1201.02 939.558 261.462 434.985 504.573 430.268 239.459 38.9283 412.005 406.091 68.8828 46.7107 30.3999 409.164
internal_count=5425 4209 1216 2127 2082 1764 1101 170 2023 1999 308 199 122 1673
is_linear=0
shrinkage=0.08


Tree=8
num_leaves=15
num_cat=0
split_feature=6 11 17 16 0 16 10 1 18 1 1 6 1 7
split_gain=282.672 302.506 115.029 99.6428 45.2154 37.0769 31.4731 26.7343 21.7341 18.7727 17.2503 36.7253 20.4565 16.1466
threshold=0.58335000000000015 1.0000000180025095e-35 1.0000000180025095e-35 1.0000000180025095e-35 2.5000000000000004 1.0000000180025095e-35 1.0000000180025095e-35 9.5000000000000018 1.0000000180025095e-35 35.000000000000007 13.500000000000002 0.45000000000000007 10.500000000000002 0.87500000000000011
decision_type=2 2 2 2 2 2 2 2 2 2 2 2 2 2
left_child=1 3 6 8 5 -3 7 -2 13 -6 11 12 -10 -1
right_child=2 4 -4 -5 9 -7 -8 -9 10 -11 -12 -13 -14 -15
leaf_value=0.055741511325778169 -0.10816952562759438 0.0074148093101573786 -0.10494576726440617 0.093996125427103561 0.093549478300366404 0.12199262085910156 0.1045154136565543 0.058652274011992377 -0.056170334835347779 -0.19849481312066769 -0.097290147429093712 -0.11123737533973437 0.084690479135853924 -0.091007102065868969
leaf_weight=4.8710358142852774 7.7040594816207877 423.49731376767159 20.837939754128456 22.174633622169495 58.239132925868034 18.881036326289177 192.10546723008156 30.442065805196762 9.6753141134977358 1.4435846507549275 22.057162269949913 15.550839483737944 20.747407674789429 322.61323657631874
leaf_count=20 40 1735 115 104 257 84 931 130 39 6 113 77 83 1691
internal_value=-0.000186112 -0.0207243 0.0750461 -0.0710249 0.0211233 0.0123051 0.0913355 0.0249606 -0.0802769 0.0864856 -0.0391314 -0.011228 0.0398926 -0.0888243
internal_weight=1170.84 919.751 251.09 417.69 502.061 442.378 230.252 38.1461 395.515 59.6827 68.0307 45.9736 30.4227 327.484
internal_count=5425 4209 1216 2127 2082 1819 1101 170 2023 263 312 199 122 1711
is_linear=0
shrinkage=0.08


Tree=9
num_leaves=15
num_cat=0
split_feature=6 11 17 16 0 9 10 1 0 1 18 18 1 1
split_gain=249.57 267.973 102.188 88.2392 41.7159 43.1268 29.0666 24.2272 21.3973 24.8301 20.8135 20.1393 18.8835 18.8339
threshold=0.58335000000000015 1.0000000180025095e-35 1.0000000180025095e-35 1.0000000180025095e-35 1.5000000000000002 1.0000000180025095e-35 1.0000000180025095e-35 11.500000000000002 2.5000000000000004 15.500000000000002 1.0000000180025095e-35 1.0000000180025095e-35 6.5000000000000009 8.5000000000000018
decision_type=2 2 2 2 2 2 2 2 2 2 2 2 2 2
left_child=1 3 6 11 5 13 7 -2 9 12 -11 -1 -6 -3
right_child=2 4 -4 -5 8 -7 -8 -9 -10 10 -12 -13 -14 -15
leaf_value=-0.085672755070388254 -0.066991024737998575 0.018989742127806738 -0.10246049889959245 0.089962019288490472 -0.10968649159849969 -0.10933457269310293 0.10086482553309747 0.069352345977560667 0.081957332792420914 -0.00048182345430352409 -0.14394965717761474 -0.03710578373018375 0.044964954512715892 -0.044225353847094299
leaf_weight=312.97964358329773 12.576330795884131 135.51280760765076 19.683135822415352 21.349613428115845 5.1922310739755622 24.062866136431694 183.48784884810448 24.76702880859375 58.02281728386879 41.905889242887497 7.6536503136157981 66.202287256717682 188.51577246189117 38.799455523490906
leaf_count=1711 62 543 115 104 21 123 931 108 263 168 31 312 777 156
internal_value=-0.000189974 -0.0195319 0.0722031 -0.0682834 0.0195472 -0.00893998 0.0877712 0.0234352 0.0383037 0.0278917 -0.0226381 -0.0771933 0.0408196 0.00491895
internal_weight=1140.71 900.197 240.514 400.532 499.665 198.375 220.831 37.3434 301.29 243.268 49.5595 379.182 193.708 174.312
internal_count=5425 4209 1216 2127 2082 822 1101 170 1260 997 199 2023 798 699
is_linear=0
shrinkage=0.08


Tree=10
num_leaves=15
num_cat=0
split_feature=6 11 17 16 8 16 10 1 7 18 1 6 1 17
split_gain=220.797 236.479 90.9956 77.9189 38.1497 35.1903 26.9754 21.5304 20.3172 18.729 20.1775 33.0072 17.3372 16.4082
threshold=0.58335000000000015 1.0000000180025095e-35 1.0000000180025095e-35 1.0000000180025095e-35 1.0000000180025095e-35 1.0000000180025095e-35 1.0000000180025095e-35 9.5000000000000018 0.87500000000000011 1.0000000180025095e-35 13.500000000000002 0.45000000000000007 10.500000000000002 1.0000000180025095e-35
decision_type=2 2 2 2 2 2 2 2 2 2 2 2 2 2
left_child=1 3 6 8 5 -3 7 -2 13 -10 11 12 -11 -1
right_child=2 4 -4 -5 -6 -7 -8 -9 9 10 -12 -13 -14 -15
leaf_value=0.14181051036010175 -0.10364330497822444 0.0041560404440610255 -0.10027315297671562 0.0862604414256114 0.072965155050090505 0.11510629120674183 0.097594104285925617 0.052020468783988791 -0.084936881859358743 -0.049249372611669465 -0.10482771220018106 -0.10693084365689889 0.0808861851315089 -0.18735094097299118
leaf_weight=4.6655343621969214 7.0432919263839713 406.40858007967472 18.549825996160507 20.518908858299255 69.788379549980164 19.158049404621124 174.82247966527939 29.523890733718872 294.32440146803856 9.5760207921266574 19.701575934886932 14.508573889732359 20.746697753667831 1.223359480500221
leaf_count=19 40 1673 115 104 318 91 931 130 1691 39 109 77 83 5
internal_value=-0.000191747 -0.0184193 0.0696159 -0.0654271 0.0181413 0.00915077 0.084524 0.0220377 -0.0739603 -0.076379 -0.0373481 -0.00769342 0.0397889 0.0734305
internal_weight=1110.56 880.62 229.939 385.265 495.355 425.567 211.39 36.5672 364.746 358.857 64.5329 44.8313 30.3227 5.88889
internal_count=5425 4209 1216 2127 2082 1764 1101 170 2023 1999 308 199 122 24
is_linear=0
shrinkage=0.08


Tree=11
num_leaves=15
num_cat=0
split_feature=6 11 17 16 8 16 10 0 1 7 1 14 1 1
split_gain=195.649 210.101 81.1966 69.1911 33.5091 31.5531 25.1284 19.4488 21.2482 23.3594 19.1877 15.5659 18.1023 17.7651
threshold=0.58335000000000015 1.0000000180025095e-35 1.0000000180025095e-35 1.0000000180025095e-35 1.0000000180025095e-35 1.0000000180025095e-35 1.0000000180025095e-35 1.5000000000000002 13.500000000000002 0.87500000000000011 11.500000000000002 1.0000000180025095e-35 5.5000000000000009 11.500000000000002
decision_type=2 2 2 2 2 2 2 2 2 2 2 2 2 2
left_child=1 3 6 7 5 11 10 -1 -9 -10 -2 13 -13 -3
right_child=2 4 -4 -5 -6 -7 -8 8 9 -11 -12 12 -14 -15
leaf_value=-0.10126313435068082 -0.062152090367386961 -0.036403174929150899 -0.098338897920921306 0.082829361942579047 0.068913348951517114 0.111316200570705 0.094633612394975891 -0.039824350521075608 0.068665588965903829 -0.096536117076443939 0.06215253187938817 -0.041441747874509244 0.025194853255719636 0.01676823752782786
leaf_weight=99.200932830572128 11.92234745621681 99.539563745260239 17.446585297584534 19.693577170372009 68.053006544709206 18.26216746866703 166.22192505002022 146.61345620453358 5.8048994541168204 97.238564044237137 23.837772130966187 29.80021034181118 209.60564707219601 67.476979494094849
leaf_count=598 62 421 115 104 318 91 931 818 24 583 108 121 854 277
internal_value=-0.000194103 -0.0173749 0.0672432 -0.0630615 0.0167971 0.0084458 0.0815457 -0.0712973 -0.0593904 -0.0872296 0.0207096 0.00382342 0.0169002 -0.0149212
internal_weight=1080.72 861.289 219.429 368.551 492.738 424.685 201.982 348.858 249.657 103.043 35.7601 406.422 239.406 167.017
internal_count=5425 4209 1216 2127 2082 1764 1101 2023 1425 607 170 1673 975 698
is_linear=0
shrinkage=0.08


Tree=12
num_leaves=15
num_cat=0
split_feature=6 11 17 16 0 16 10 0 1 7 1 1 15 6
split_gain=173.556 186.039 72.5712 61.2556 30.7652 26.1751 23.4821 19.1171 20.6 21.1194 17.5026 15.9706 14.9942 14.5741
threshold=0.58335000000000015 1.0000000180025095e-35 1.0000000180025095e-35 1.0000000180025095e-35 2.5000000000000004 1.0000000180025095e-35 1.0000000180025095e-35 1.5000000000000002 13.500000000000002 0.87500000000000011 9.5000000000000018 35.000000000000007 1.0000000180025095e-35 0.29165000000000002
decision_type=2 2 2 2 2 2 2 2 2 2 2 2 2 2
left_child=1 3 6 7 5 12 10 -1 13 -10 -2 -6 -3 -9
right_child=2 4 -4 -5 11 -7 -8 8 9 -11 -12 -13 -14 -15
leaf_value=-0.099215390847037621 -0.10003107722597611 0.006372954313690558 -0.096621311525146747 0.079619579474188337 0.079907881325118335 0.1084577197090555 0.091927688583382225 -0.027392629562729379 0.064006389563862093 -0.094269775780688958 0.046272678520669491 -0.18768990458113177 -0.12997646533674645 -0.10241727303737409
leaf_weight=93.386128693819046 6.4059615135192862 414.17090478539467 16.379749029874802 18.88216507434845 52.388021260499954 16.151712119579315 157.77301599085331 124.81320136785507 5.7322873026132575 91.831808879971504 28.587181657552719 1.4673523306846608 5.2268968820571891 19.108140110969543
leaf_count=598 40 1710 115 104 257 84 931 706 24 583 130 6 25 112
internal_value=-0.000192137 -0.0163733 0.0650411 -0.0605731 0.0155755 0.00852233 0.0787779 -0.0684781 -0.0565915 -0.0849704 0.0194898 0.0726169 0.00467365 -0.0373535
internal_weight=1052.3 843.159 209.146 353.754 489.405 435.55 192.766 334.872 241.485 97.5641 34.9931 53.8554 419.398 143.921
internal_count=5425 4209 1216 2127 2082 1819 1101 2023 1425 607 170 263 1735 818
is_linear=0
shrinkage=0.08


Tree=13
num_leaves=15
num_cat=0
split_feature=6 11 17 16 8 16 10 18 16 6 1 1 14 13
split_gain=154.101 164.913 64.9542 54.2744 27.4888 25.8088 21.9999 19.261 16.4792 14.4376 28.4352 14.6937 13.4043 16.2421
threshold=0.58335000000000015 1.0000000180025095e-35 1.0000000180025095e-35 1.0000000180025095e-35 1.0000000180025095e-35 1.0000000180025095e-35 1.0000000180025095e-35 1.0000000180025095e-35 1.0000000180025095e-35 0.45000000000000007 13.500000000000002 10.500000000000002 1.0000000180025095e-35 1.0000000180025095e-35
decision_type=2 2 2 2 2 2 2 2 2 2 2 2 2 2
left_child=1 3 6 7 5 12 8 -1 -2 10 11 -9 13 -3
right_child=2 4 -4 -5 -6 -7 -8 9 -10 -11 -12 -13 -14 -15
leaf_value=-0.075246783751991786 -0.011067489839326088 -0.00044157846241788153 -0.095090486273595926 0.076591710406799504 0.062887576011388793 0.1052120979352911 0.08943119215962396 -0.040776549129702792 0.12323047512016234 -0.10099113138408349 -0.085830689250404865 0.07981024201146214 0.015126251315227542 -0.059046047979733035
leaf_weight=260.85962416231632 26.725417882204056 126.61426110565662 15.353834331035612 18.091172099113464 64.925653964281082 16.446119964122772 149.54163527488708 9.3970222324132937 7.485442340373992 12.677979484200476 17.571303188800812 20.742152526974678 238.82288692891598 39.774295791983604
leaf_count=1711 135 524 115 104 318 91 931 39 35 77 113 83 975 174
internal_value=-0.000192896 -0.0154228 0.0629831 -0.0582293 0.01443 0.00696869 0.0761913 -0.0658217 0.0183173 -0.0251085 -0.00494439 0.0422128 0.00298133 -0.0144507
internal_weight=1025.03 825.922 199.106 339.339 486.583 421.658 183.752 321.248 34.2109 60.3885 47.7105 30.1392 405.211 166.389
internal_count=5425 4209 1216 2127 2082 1764 1101 2023 170 312 235 122 1673 698
is_linear=0
shrinkage=0.08


Tree=14
num_leaves=15
num_cat=0
split_feature=6 11 17 16 0 16 10 0 1 7 1 13 15 6
split_gain=136.726 146.45 58.0884 48.171 25.8107 21.5419 20.9821 19.2223 19.4549 20.2911 15.0004 14.6345 19.9337 26.6586
threshold=0.58335000000000015 1.0000000180025095e-35 1.0000000180025095e-35 1.0000000180025095e-35 2.5000000000000004 1.0000000180025095e-35 1.0000000180025095e-35 1.5000000000000002 13.500000000000002 0.87500000000000011 9.5000000000000018 1.0000000180025095e-35 1.0000000180025095e-35 0.29165000000000002
decision_type=2 2 2 2 2 2 2 2 2 2 2 2 2 2
left_child=1 3 6 7 5 -3 10 -1 11 -10 -2 12 13 -9
right_child=2 4 -4 -5 -6 -7 -8 8 9 -11 -12 -13 -14 -15
leaf_value=-0.096139176813820393 -0.097924813120939355 0.0037093681627263205 -0.093721637407376712 0.073714068417194467 0.067221443896410854 0.10301373077602563 0.087107101551475635 0.020659365515593567 0.064887555975261885 -0.090594077035267465 0.041670503103677453 -0.074825440875714688 -0.098378569076993772 -0.098639260283612612
leaf_weight=83.535625040531158 5.981624722480773 418.1513886153698 14.371893182396887 17.325430274009705 50.964856937527657 14.46422043442726 141.57660192251205 68.207863122224808 5.7466734796762458 82.367118075489998 27.930234715342522 37.363765865564346 15.796583116054533 14.544223189353941
leaf_count=598 40 1735 115 104 263 84 931 373 24 583 130 246 104 95
internal_value=-0.000188114 -0.0145353 0.0609052 -0.0560758 0.0133732 0.00702954 0.0735686 -0.063387 -0.0511743 -0.0804538 0.0170476 -0.0321921 -0.0160281 -0.000308152
internal_weight=998.328 808.468 189.86 324.887 483.58 432.616 175.488 307.562 224.026 88.1138 33.9119 135.912 98.5487 82.7521
internal_count=5425 4209 1216 2127 2082 1819 1101 2023 1425 607 170 818 572 468
is_linear=0
shrinkage=0.08


Tree=15
num_leaves=15
num_cat=0
split_feature=6 11 17 16 8 16 10 0 1 7 16 17 13 15
split_gain=121.606 130.317 52.0963 42.8066 22.8316 21.3663 19.7215 18.7386 18.5844 18.4125 14.3514 14.327 13.3834 18.2208
threshold=0.58335000000000015 1.0000000180025095e-35 1.0000000180025095e-35 1.0000000180025095e-35 1.0000000180025095e-35 1.0000000180025095e-35 1.0000000180025095e-35 1.5000000000000002 13.500000000000002 0.87500000000000011 1.0000000180025095e-35 1.0000000180025095e-35 1.0000000180025095e-35 1.0000000180025095e-35
decision_type=2 2 2 2 2 2 2 2 2 2 2 2 2 2
left_child=1 3 6 7 5 -3 10 -1 12 11 -2 -10 13 -9
right_child=2 4 -4 -5 -6 -7 -8 8 9 -11 -12 -13 -14 -15
leaf_value=-0.09465982033794991 -0.01131346379469334 0.0022361185245584848 -0.092494043132288248 0.070961068100445945 0.057670562137058859 0.1005379527232344 0.08492469491255894 -0.00033243593542048956 0.1276168643360405 -0.088806105706643629 0.11736695471955315 -0.18059122785552678 -0.072349746013404145 -0.096656713307059355
leaf_weight=78.268760710954666 26.119174316525459 404.45837835967541 13.43579515814781 16.588417172431946 62.051462084054947 14.664016813039778 133.91290359199047 82.372772306203842 4.4355978071689597 77.502699837088585 7.042475312948226 1.2337489426136015 35.623076409101486 14.831167429685591
leaf_count=598 135 1673 115 104 318 91 931 468 19 583 35 5 246 104
internal_value=-0.000196788 -0.0137018 0.0590594 -0.0540747 0.0123807 0.00567545 0.071247 -0.0611232 -0.048971 -0.0786257 0.0160141 0.0605454 -0.0304022 -0.0150294
internal_weight=972.54 792.03 180.51 310.856 481.174 419.122 167.075 294.268 215.999 83.172 33.1616 5.66935 132.827 97.2039
internal_count=5425 4209 1216 2127 2082 1764 1101 2023 1425 607 170 24 818 572
is_linear=0
shrinkage=0.08


Tree=16
num_leaves=15
num_cat=0
split_feature=6 11 17 16 0 10 0 16 1 7 1 15 1 5
split_gain=108.008 115.814 46.6694 37.9967 21.5414 18.8099 18.3703 17.8823 17.8808 16.7466 13.5599 13.1752 13.1238 13.9519
threshold=0.58335000000000015 1.0000000180025095e-35 1.0000000180025095e-35 1.0000000180025095e-35 2.5000000000000004 1.0000000180025095e-35 1.5000000000000002 1.0000000180025095e-35 13.500000000000002 0.87500000000000011 35.000000000000007 1.0000000180025095e-35 11.500000000000002 1.5000000000000002
decision_type=2 2 2 2 2 2 2 2 2 2 2 2 2 2
left_child=1 3 5 6 7 12 -1 11 -8 -10 -6 -3 -2 -14
right_child=2 4 -4 -5 10 -7 8 -9 9 -11 -12 -13 13 -15
leaf_value=-0.093335780660884299 -0.056996975255892202 0.0044924033135420758 -0.091390252498836144 0.068312041014816818 0.069658020268537943 0.082858218227847433 -0.028592649864875818 0.098797919899889258 0.057303178149443176 -0.087136810167067452 -0.17563912954662886 -0.12536939281956561 0.080953027593398147 -0.082773835862338802
leaf_weight=73.234083101153374 10.867422387003897 412.4797327965498 12.546468190848826 15.882520914077757 46.842447891831398 126.57436019182205 130.2290815860033 12.832067549228666 5.5269544869661322 72.858669027686119 1.4881074428558339 5.0613891184329978 17.89156170189381 4.0930034965276709
leaf_count=598 62 1710 115 104 257 931 818 84 24 583 6 25 88 20
internal_value=-0.000196991 -0.0129027 0.0571676 -0.0520803 0.011464 0.0688587 -0.0588646 0.00577699 -0.0467635 -0.0769524 0.0621053 0.00291823 0.0149206 0.050471
internal_weight=948.408 776.435 171.973 297.731 478.704 159.426 281.849 430.373 208.615 78.3856 48.3306 417.541 32.852 21.9846
internal_count=5425 4209 1216 2127 2082 1101 2023 1819 1425 607 263 1735 170 108
is_linear=0
shrinkage=0.08


Tree=17
num_leaves=15
num_cat=0
split_feature=6 11 17 16 0 9 0 10 1 1 1 1 18 10
split_gain=96.1146 102.614 41.9169 33.6382 20.0927 36.5646 18.1665 17.6643 17.3123 16.1873 15.8561 19.0595 19.9369 16.3869
threshold=0.58335000000000015 1.0000000180025095e-35 1.0000000180025095e-35 1.0000000180025095e-35 1.5000000000000002 1.0000000180025095e-35 1.5000000000000002 1.0000000180025095e-35 13.500000000000002 8.5000000000000018 15.500000000000002 10.500000000000002 1.0000000180025095e-35 1.0000000180025095e-35
decision_type=2 2 2 2 2 2 2 2 2 2 2 2 2 2
left_child=1 3 7 6 5 9 -1 -2 -8 -3 11 12 -6 -12
right_child=2 4 -4 -5 10 -7 8 -9 -10 -11 13 -13 -14 -15
leaf_value=-0.092147400912276731 0.014089255400130682 0.016402917806491127 -0.090395450943358255 0.065750364858612395 0.011303760442157147 -0.10549991776284884 -0.026705796018356653 0.080885913639945781 -0.075314436166517174 -0.042280480474609153 -0.018859509003753418 0.049630969619332124 -0.14548361878506696 0.11694436734974024
leaf_weight=68.439718946814537 32.150306761264801 135.27483044564724 11.704095639288424 15.209240078926085 44.522713840007782 22.279221728444099 128.35600453615189 119.57581581175327 73.886234439909458 38.686662018299103 67.590451568365097 155.60728408396244 5.8755764812231055 6.2089752107858649
leaf_count=598 170 543 115 104 199 123 818 931 607 156 295 710 24 32
internal_value=-0.00019079 -0.0121316 0.0554792 -0.0500158 0.0106199 -0.0090055 -0.0565205 0.0667319 -0.0444642 0.00335253 0.0243841 0.0357826 -0.00697496 -0.00743391
internal_weight=925.367 761.937 163.43 285.891 476.046 196.241 270.682 151.726 202.242 173.961 279.805 206.006 50.3983 73.7994
internal_count=5425 4209 1216 2127 2082 822 2023 1101 1425 699 1260 933 223 327
is_linear=0
shrinkage=0.08


Tree=18
num_leaves=15
num_cat=0
split_feature=16 11 6 13 10 8 0 1 7 6 18 14 13 15
split_gain=85.3662 83.8187 47.5248 44.4148 42.971 19.5326 18.0947 16.3113 16.2779 13.6073 20.8619 13.7826 19.9189 13.4804
threshold=1.0000000180025095e-35 1.0000000180025095e-35 0.58335000000000015 1.0000000180025095e-35 1.0000000180025095e-35 1.5000000000000002 1.5000000000000002 13.500000000000002 0.87500000000000011 0.29165000000000002 1.0000000180025095e-35 1.0000000180025095e-35 1.0000000180025095e-35 1.0000000180025095e-35
decision_type=2 2 2 2 2 2 2 2 2 2 2 2 2 2
left_child=1 2 6 -4 5 13 -1 9 -9 10 11 12 -8 -3
right_child=-2 4 3 -5 -6 -7 7 8 -10 -11 -12 -13 -14 -15
leaf_value=-0.091078073717102942 0.088924157541545909 0.0047355849082186107 0.049413037657672271 -0.10059303096413183 0.086343256327710491 0.099793869469737548 0.02541273003304808 0.058489884453168897 -0.084253493209198171 -0.095670408909509674 0.041864580631253444 -0.095293620241538368 -0.065328776501096572 -0.12805876082275833
leaf_weight=63.889223694801331 63.932292841374874 437.21017262339592 59.972583524882793 16.003474600613117 47.226173967123032 13.831325903534887 32.462578356266022 5.5512751787900916 64.746076084673405 15.297245375812052 29.963492974638939 19.284910440444946 29.59858238697052 4.9477816671133033
leaf_count=598 480 1862 460 140 347 87 218 24 583 112 122 144 222 26
internal_value=-0.000189497 -0.00697205 -0.0378633 0.017816 0.0137015 0.00617804 -0.0540841 -0.0420808 -0.0729813 -0.0249235 -0.0152008 -0.0362206 -0.0178643 0.00324961
internal_weight=903.917 839.985 336.769 75.9761 503.215 455.989 260.793 196.904 70.2974 126.607 111.31 81.3461 62.0612 442.158
internal_count=5425 4945 2623 600 2322 1975 2023 1425 607 818 706 584 440 1888
is_linear=0
shrinkage=0.08


Tree=19
num_leaves=15
num_cat=0
split_feature=16 11 6 4 13 8 18 0 1 7 1 1 1 14
split_gain=76.9592 73.9815 42.4959 39.2161 38.685 19.5595 18.2519 17.5978 15.4579 14.8175 14.4976 13.6949 23.2901 16.4974
threshold=1.0000000180025095e-35 1.0000000180025095e-35 0.58335000000000015 1.0000000180025095e-35 1.0000000180025095e-35 1.0000000180025095e-35 1.0000000180025095e-35 1.5000000000000002 13.500000000000002 0.87500000000000011 14.500000000000002 15.500000000000002 12.500000000000002 1.0000000180025095e-35
decision_type=2 2 2 2 2 2 2 2 2 2 2 2 2 2
left_child=1 2 7 5 -4 11 -7 -1 -9 -10 -8 12 13 -3
right_child=-2 3 4 -5 -6 6 10 8 9 -11 -12 -13 -14 -15
leaf_value=-0.090113680830888165 0.08713574634995673 -0.030140514761954527 0.046686465560315769 0.080254853405263574 -0.095190881387867493 0.062431031896104723 -0.20967902971780106 -0.023576593499124932 0.054646569651865255 -0.082824163346884985 0.10007249258254788 -0.037026387021408529 0.04592366670027672 0.010591029660294946
leaf_weight=59.582548335194588 60.178828977048397 106.24286751449108 58.461254477500916 49.566649168729782 15.577055022120474 52.183787673711777 2.9354551434516898 123.66219905763865 5.4697994738817206 60.757707037031651 1.4421524405479429 57.757224380970001 70.751961320638657 158.70944141596556
leaf_count=598 480 457 460 371 140 288 15 818 24 583 9 238 291 653
internal_value=-0.000196717 -0.0065818 -0.0363867 0.0127184 0.0168366 0.00527981 0.0492687 -0.0521823 -0.0402804 -0.0714703 -0.107635 -0.00104374 0.005147 -0.00574186
internal_weight=883.279 823.1 323.511 499.59 74.0383 450.023 56.5614 249.472 189.89 66.2275 4.37761 393.461 335.704 264.952
internal_count=5425 4945 2623 2322 600 1951 312 2023 1425 607 24 1639 1401 1110
is_linear=0
shrinkage=0.08


Tree=20
num_leaves=15
num_cat=0
split_feature=16 11 9 10 10 17 10 0 6 14 8 1 13 15
split_gain=69.4018 64.9793 39.6442 44.6594 35.8586 35.0339 21.3641 23.7911 19.0719 19.5562 16.8389 12.0989 23.5854 12.0165
threshold=1.0000000180025095e-35 1.0000000180025095e-35 1.0000000180025095e-35 0.68500000000000016 1.0000000180025095e-35 1.0000000180025095e-35 0.67500000000000016 1.5000000000000002 0.87500000000000011 1.0000000180025095e-35 1.5000000000000002 5.5000000000000009 1.0000000180025095e-35 1.0000000180025095e-35
decision_type=2 2 2 2 2 2 2 2 2 2 2 2 2 2
left_child=1 2 -1 6 10 -5 7 -4 -8 -10 11 12 -3 -9
right_child=-2 4 3 5 -6 -7 8 13 9 -11 -12 -13 -14 -15
leaf_value=0.091952396610494883 0.085443469373872927 0.012356111344912187 -0.089545744267280056 0.095038757636968785 0.082053517141928392 -0.096364904849773669 -0.089120095581201236 -0.024465873514546616 -0.34464833805703488 0.091952396610494772 0.096829943435381025 0.0071018662114006783 -0.10537706242110016 -0.097074809497246159
leaf_weight=15.040787808597086 56.607506170868874 26.096935339272022 58.149894148111343 24.4591234177351 42.549145698547363 8.1627239286899549 18.834257319569591 167.0534208714962 3.8493497148156157 0.79162041097879399 12.491074383258818 395.11390513181686 18.688350573182106 15.983068309724329
leaf_count=133 480 108 618 202 347 88 187 1216 33 7 87 1698 82 139
internal_value=-0.000185663 -0.00619021 -0.0347624 -0.0411734 0.0118398 0.0471452 -0.0520594 -0.0449683 -0.124914 -0.270176 0.00523594 0.0026351 -0.0367725 -0.0308062
internal_weight=863.871 807.264 312.324 297.283 494.939 32.6218 264.662 241.186 23.4752 4.64097 452.39 439.899 44.7853 183.036
internal_count=5425 4945 2623 2490 2322 290 2200 1973 227 40 1975 1888 190 1355
is_linear=0
shrinkage=0.08


Tree=21
num_leaves=15
num_cat=0
split_feature=16 11 13 6 10 8 1 7 0 6 15 15 1 13
split_gain=62.5953 56.8656 37.2769 38.4561 32.5455 15.3666 12.7629 19.5124 18.4675 17.6792 20.2583 12.1457 10.0845 21.6217
threshold=1.0000000180025095e-35 1.0000000180025095e-35 1.0000000180025095e-35 0.58335000000000015 1.0000000180025095e-35 1.5000000000000002 13.500000000000002 0.87500000000000011 1.5000000000000002 0.29165000000000002 1.0000000180025095e-35 1.0000000180025095e-35 5.5000000000000009 1.0000000180025095e-35
decision_type=2 2 2 2 2 2 2 2 2 2 2 2 2 2
left_child=1 2 3 6 5 11 8 -8 -1 10 -10 12 13 -3
right_child=-2 4 -4 -5 -6 -7 7 -9 9 -11 -12 -13 -14 -15
leaf_value=-0.088450537562371728 0.083829954983919333 0.015285428600442463 -0.075025670404995706 0.043107151054255645 0.079858140720462517 0.095276823671476246 0.098263977788339507 -0.089502107531576697 0.025979899513528845 -0.093612512629075412 -0.091567882174967585 -0.12463727259589603 0.0078905707337440286 -0.098722431765313715
leaf_weight=20.825257323682308 53.220199920237064 25.329822570085526 93.719323925673962 55.008839435875416 40.313633546233177 11.710958316922186 3.9011959731578818 38.477398134768009 66.424668624997139 12.374355852603911 10.926791802048681 4.7625875249505034 390.93366113305092 18.365448139607906
leaf_count=241 480 104 926 460 347 87 18 406 373 100 99 26 1676 82
internal_value=-0.000158323 -0.00579446 -0.0331361 -0.0142563 0.0109894 0.00483476 -0.0348899 -0.0722171 -0.0205809 -0.00482839 0.00937491 0.00242424 0.00381655 -0.0326329
internal_weight=846.294 793.074 301.658 207.939 491.416 451.102 152.93 42.3786 110.551 89.7258 77.3515 439.392 434.629 43.6953
internal_count=5425 4945 2623 1697 2322 1975 1237 424 813 572 472 1888 1862 186
is_linear=0
shrinkage=0.08


Tree=22
num_leaves=15
num_cat=0
split_feature=16 11 13 6 4 8 18 5 1 1 14 1 17 9
split_gain=56.5351 50.0785 33.7547 33.7008 29.9197 14.8872 15.2304 14.0596 13.4774 20.3327 14.5006 14.4193 14.8218 14.0175
threshold=1.0000000180025095e-35 1.0000000180025095e-35 1.0000000180025095e-35 0.58335000000000015 1.0000000180025095e-35 1.0000000180025095e-35 1.0000000180025095e-35 1.0000000180025095e-35 15.500000000000002 12.500000000000002 1.0000000180025095e-35 5.5000000000000009 1.0000000180025095e-35 1.0000000180025095e-35
decision_type=2 2 2 2 2 2 2 2 2 2 2 2 2 2
left_child=1 2 3 -1 5 7 -7 8 9 10 13 12 -12 -3
right_child=-2 4 -4 -5 -6 6 -8 -9 -10 -11 11 -13 -14 -15
leaf_value=-0.033352837706908063 0.082280132459240221 -0.0039233559740138617 -0.072748404017257559 0.040607992965977106 0.073940730986598494 0.05674568504582618 -0.097231335697760088 -0.13373860672064733 -0.035249530518034207 0.045273675541330889 -0.054897616605493006 0.023692084476747942 0.15877738377433154 -0.064418864439939924
leaf_weight=147.79669670760632 50.016240306198597 65.296478927135468 89.112148284912109 53.775281213223934 42.97938771545887 48.710222974419594 4.4903136491775504 5.0677672997117034 57.779773935675621 68.925148695707321 27.142636768519882 125.83875430375338 2.2498665601015082 39.247649058699608
leaf_count=1237 480 264 926 460 371 288 24 23 238 286 112 520 9 187
internal_value=-0.000166135 -0.00546365 -0.0317475 -0.0136216 0.0102014 0.00404183 0.0437495 -0.00135334 0.000382578 0.00664608 -0.00360283 0.0119083 -0.0385417 -0.0266344
internal_weight=828.428 778.412 290.684 201.572 487.728 444.749 53.2005 391.548 386.48 328.701 259.775 155.231 29.3925 104.544
internal_count=5425 4945 2623 1697 2322 1951 312 1639 1616 1378 1092 641 121 451
is_linear=0
shrinkage=0.08


Tree=23
num_leaves=15
num_cat=0
split_feature=10 11 9 17 16 10 0 16 8 1 15 15 4 6
split_gain=51.2498 44.9421 37.6989 34.4379 27.7937 19.061 23.1009 14.6996 13.1258 12.6185 11.4013 11.1474 11.1444 10.1232
threshold=0.68500000000000016 1.0000000180025095e-35 1.0000000180025095e-35 1.0000000180025095e-35 1.0000000180025095e-35 0.67500000000000016 1.5000000000000002 1.0000000180025095e-35 1.5000000000000002 23.500000000000004 1.0000000180025095e-35 1.0000000180025095e-35 1.0000000180025095e-35 0.87500000000000011
decision_type=2 2 2 2 2 2 2 2 2 2 2 2 2 2
left_child=1 2 -1 -2 5 6 -4 8 11 -6 -8 12 -3 -7
right_child=3 7 4 -5 9 13 10 -9 -10 -11 -12 -13 -14 -15
leaf_value=0.089820675091031504 0.091195414488615359 0.0026529027050181571 -0.087702161182941718 -0.094433090275298018 0.078129939678060881 -0.086615343153796362 -0.019071999523604902 0.090666134608134122 0.093140003550058234 -0.28530180885828327 -0.095547449466006518 -0.12043469136388239 0.059786224362856098 -0.21450232649245501
leaf_weight=15.350154496729372 55.003183022141457 426.97759453207254 48.552483655512333 7.2379657849669448 15.173576854169365 15.845112763345243 156.90546199679375 13.636834092438219 10.903441518545149 0.6370955556631096 13.554191917181013 4.5382694825530043 23.028722949326038 5.2818767055869094
leaf_count=158 560 1836 618 88 138 187 1216 137 90 6 139 26 186 40
internal_value=-0.00014912 -0.00593524 -0.0319522 0.0696088 -0.0392553 -0.0460197 -0.0390194 0.00879784 0.00639924 0.0634854 -0.025153 0.00431853 0.00557666 -0.118588
internal_weight=812.626 750.385 271.3 62.2411 255.95 240.139 219.012 479.085 465.448 15.8107 170.46 454.545 450.006 21.127
internal_count=5425 4777 2502 648 2344 2200 1973 2275 2138 144 1355 2048 2022 227
is_linear=0
shrinkage=0.08


Tree=24
num_leaves=15
num_cat=0
split_feature=10 11 9 17 16 18 9 10 5 16 0 14 8 15
split_gain=46.5849 39.209 33.6176 31.4562 24.4132 18.1144 15.4122 14.8834 13.8102 13.5877 12.9144 18.0012 12.0528 9.9289
threshold=0.68500000000000016 1.0000000180025095e-35 1.0000000180025095e-35 1.0000000180025095e-35 1.0000000180025095e-35 1.0000000180025095e-35 0.7250000000000002 0.67500000000000016 1.0000000180025095e-35 1.0000000180025095e-35 1.5000000000000002 1.0000000180025095e-35 1.5000000000000002 1.0000000180025095e-35
decision_type=2 2 2 2 2 2 2 2 2 2 2 2 2 2
left_child=1 2 -1 -2 5 6 7 10 -9 12 -4 -12 13 -3
right_child=3 9 4 -5 -6 -7 -8 8 -10 -11 11 -13 -14 -15
leaf_value=0.088977440765329346 0.090263090250777778 0.0051445074504214297 -0.087060204768530033 -0.093539793967701873 0.061376020056985017 -0.0029444901147469916 0.1059732751590742 -0.087016130384026141 -0.2444708947951387 0.089758259329005094 -0.017927241919676845 -0.092391451786946938 0.091971488946900049 -0.11679902962025968
leaf_weight=14.298781350255011 51.277366377413273 449.15110225975513 45.136603482067585 6.7427005916833869 15.115228556096552 54.108434058725834 3.6943635940551749 14.681648179888727 4.7083852663636199 12.710510052740572 83.992032736539841 27.606203429400921 10.187787495553492 4.3143509179353705
leaf_count=158 560 2022 618 88 144 349 22 186 31 137 699 295 90 26
internal_value=-0.000125373 -0.00553971 -0.0303118 0.0689028 -0.0371608 -0.0435278 -0.0557394 -0.0591315 -0.12525 0.00815471 -0.0509518 -0.0363476 0.00591764 0.00398431
internal_weight=797.725 739.705 263.342 58.0201 249.043 233.928 179.819 176.125 19.39 476.364 156.735 111.598 463.653 453.465
internal_count=5425 4777 2502 648 2344 2200 1851 1829 217 2275 1612 994 2138 2048
is_linear=0
shrinkage=0.08


Tree=25
num_leaves=15
num_cat=0
split_feature=10 11 9 17 16 18 9 10 0 14 16 8 1 4
split_gain=42.3986 34.3186 30.0674 28.7561 21.437 16.5121 13.6851 12.6286 12.8452 17.2119 12.5664 11.0786 10.0441 9.29412
threshold=0.68500000000000016 1.0000000180025095e-35 1.0000000180025095e-35 1.0000000180025095e-35 1.0000000180025095e-35 1.0000000180025095e-35 0.7250000000000002 0.67500000000000016 1.5000000000000002 1.0000000180025095e-35 1.0000000180025095e-35 1.5000000000000002 23.500000000000004 1.0000000180025095e-35
decision_type=2 2 2 2 2 2 2 2 2 2 2 2 2 2
left_child=1 2 -1 -2 5 6 7 8 -4 -10 11 13 -6 -3
right_child=3 10 4 -5 12 -7 -8 -9 9 -11 -12 -13 -14 -15
leaf_value=0.088213495272093087 0.089415226585770904 0.0010533143314198151 -0.086475673992563867 -0.092701286319924761 0.07481483928178706 -0.002711231832355799 0.10346177189032744 -0.1182601276503451 -0.016672462363826687 -0.091582150753314759 0.08893497308533542 0.09091962948246067 -0.22593614181206159 0.053904522175281015
leaf_weight=13.309082239866255 47.765502132475376 430.63583628833294 41.936501055955887 6.2783123403787604 13.69396453350782 54.064407035708427 3.4896933883428565 18.881918296217918 83.125557951629162 25.699741221964359 11.837461940944193 9.5088628157973272 0.74958864599466402 22.402863539755344
leaf_count=158 560 1861 618 88 138 349 22 217 699 295 137 90 6 187
internal_value=-0.000112175 -0.00517846 -0.0288501 0.0682586 -0.0352977 -0.0413056 -0.0533575 -0.0565834 -0.0488587 -0.0343628 0.00754349 0.00546053 0.0592065 0.00366682
internal_weight=783.379 729.335 254.95 54.0438 241.641 227.198 173.133 169.644 150.762 108.825 474.385 462.548 14.4436 453.039
internal_count=5425 4777 2502 648 2344 2200 1851 1829 1612 994 2275 2138 144 2048
is_linear=0
shrinkage=0.08


Tree=26
num_leaves=15
num_cat=0
split_feature=10 11 9 17 0 1 9 16 13 6 15 16 8 15
split_gain=38.6295 30.118 26.9478 26.3073 20.0018 18.974 18.259 15.6793 15.4719 13.3053 15.6854 11.6204 10.1874 8.87572
threshold=0.68500000000000016 1.0000000180025095e-35 1.0000000180025095e-35 1.0000000180025095e-35 1.5000000000000002 13.500000000000002 0.7250000000000002 1.0000000180025095e-35 1.0000000180025095e-35 0.29165000000000002 1.0000000180025095e-35 1.0000000180025095e-35 1.5000000000000002 1.0000000180025095e-35
decision_type=2 2 2 2 2 2 2 2 2 2 2 2 2 2
left_child=1 2 -1 -2 -4 7 -7 8 9 10 -6 12 13 -3
right_child=3 11 4 -5 5 6 -8 -9 -10 -11 -12 -13 -14 -15
leaf_value=0.087520283597922313 0.088642966047792482 0.0044526643104475421 -0.085942815433672881 -0.091912408643419777 0.031402254194996662 -0.070300316716703573 0.099554193233395288 0.091674314519402778 -0.064536694738283884 -0.055666434515248567 -0.087719821090504288 0.088187183629764618 0.089970673073622887 -0.11394637837244462
leaf_weight=12.379172556102274 44.461589798331261 448.22047418355942 38.942517302930355 5.8433381915092459 64.512029483914375 59.808443315327168 4.3446751162409774 9.7928051352500898 28.994995586574078 19.795818716287613 7.945783630013465 11.016233474016188 8.866584084928034 4.0891321823000899
leaf_count=158 560 2022 618 88 373 694 31 107 268 154 99 137 90 26
internal_value=-0.000102559 -0.00484619 -0.0275116 0.0676699 -0.0335935 -0.0231495 -0.0587972 -0.0056977 -0.0135621 0.00245907 0.0183392 0.00698668 0.00504702 0.00338227
internal_weight=769.014 718.709 246.516 50.3049 234.137 195.195 64.1531 131.041 121.249 92.2536 72.4578 472.192 461.176 452.31
internal_count=5425 4777 2502 648 2344 1726 725 1001 894 626 472 2275 2138 2048
is_linear=0
shrinkage=0.08


Tree=27
num_leaves=15
num_cat=0
split_feature=10 11 9 17 0 10 16 15 1 4 16 16 13 6
split_gain=35.23 26.4301 24.1757 24.0834 19.2168 16.9112 10.749 10.6508 10.7026 24.6064 27.4029 11.2399 15.7071 10.6615
threshold=0.68500000000000016 1.0000000180025095e-35 1.0000000180025095e-35 1.0000000180025095e-35 1.5000000000000002 0.67500000000000016 1.0000000180025095e-35 1.0000000180025095e-35 13.500000000000002 1.0000000180025095e-35 1.0000000180025095e-35 1.0000000180025095e-35 1.0000000180025095e-35 0.29165000000000002
decision_type=2 2 2 2 2 2 2 2 2 2 2 2 2 2
left_child=1 2 -1 -2 -4 7 -3 8 11 10 -10 12 13 -6
right_child=3 6 4 -5 5 -7 -8 -9 9 -11 -12 -13 -14 -15
leaf_value=0.086890326692090236 0.087938571900300869 0.0046560807091860241 -0.085456514340675596 -0.091168955445475763 0.028531158439560528 -0.093058679534678571 0.087506961169427161 -0.092961526545997528 -0.071138745412836296 0.043313598392116869 -0.56973180055534467 0.090979635318217719 -0.05772927323413813 -0.043299511646452321
leaf_weight=11.50688776373863 41.358576856553555 460.16936303675175 36.144712638109922 5.4362842589616767 65.28928978741169 19.191349241882563 10.245091006159781 10.246963150799273 29.673042654991153 14.61907935887575 0.72266031056642432 8.7835954353213292 25.679399088025093 16.583587326109409
leaf_count=158 560 2138 618 88 373 236 137 139 389 104 6 102 250 127
internal_value=-9.92392e-05 -0.00453744 -0.026235 0.0671312 -0.0319711 -0.0218384 0.00646048 -0.0138732 -0.00885046 -0.0419733 -0.0829928 0.00396604 -0.0031402 0.0139816
internal_weight=755.65 708.855 238.441 46.7949 226.934 190.789 470.414 171.598 161.351 45.0148 30.3957 116.336 107.552 81.8729
internal_count=5425 4777 2502 648 2344 1726 2275 1490 1351 499 395 852 750 500
is_linear=0
shrinkage=0.08


Tree=28
num_leaves=15
num_cat=0
split_feature=10 11 17 9 0 1 9 16 13 15 6 10 8 17
split_gain=32.1478 23.1501 22.0611 21.6971 18.4417 15.0624 15.2987 12.9337 12.3498 10.6909 11.8382 10.42 9.26617 8.4895
threshold=0.68500000000000016 1.0000000180025095e-35 1.0000000180025095e-35 1.0000000180025095e-35 1.5000000000000002 13.500000000000002 0.7250000000000002 1.0000000180025095e-35 1.0000000180025095e-35 1.0000000180025095e-35 0.29165000000000002 1.0000000180025095e-35 1.5000000000000002 1.0000000180025095e-35
decision_type=2 2 2 2 2 2 2 2 2 2 2 2 2 2
left_child=1 3 -2 -1 -5 7 -7 8 9 10 -6 12 13 -3
right_child=2 11 -4 4 5 6 -8 -9 -10 -11 -12 -13 -14 -15
leaf_value=0.086317099580021928 0.087295287854649253 2.1647432506681722e-05 -0.090467470082073495 -0.085012282491098143 0.025958644083945232 -0.064713376416375853 0.097273128857855315 0.090031284622773086 -0.059855628194121817 -0.090181260427989671 -0.046417658815081281 0.062360560592252388 0.089058341464722926 0.067384084930748198
leaf_weight=10.68986229971051 38.448656529188156 429.14486807584763 5.0556576997041693 33.533031191676855 65.987965099513531 55.444539312273264 4.0007031336426726 8.5451080724596959 26.62329413741827 7.4003779590129843 18.523587383329868 20.068946480751038 7.9473480731248847 12.317310288548468
leaf_count=158 560 1927 88 618 373 694 31 107 268 105 148 210 87 51
internal_value=-9.10637e-05 -0.00423683 0.0666374 -0.0249853 -0.030392 -0.0205726 -0.0538116 -0.00502411 -0.0118766 0.00202108 0.0100949 0.00596102 0.00344242 0.00190114
internal_weight=743.731 700.227 43.5043 230.748 220.059 186.526 59.4452 127.08 118.535 91.9119 84.5116 469.478 449.41 441.462
internal_count=5425 4777 648 2502 2344 1726 725 1001 894 626 521 2275 2065 1978
is_linear=0
shrinkage=0.08


Tree=29
num_leaves=15
num_cat=0
split_feature=10 15 17 16 13 14 1 1 8 9 11 5 6 1
split_gain=29.3594 21.5902 20.2203 18.508 21.2377 27.8641 22.3211 19.335 13.4047 13.887 11.7437 8.4684 9.59702 9.21129
threshold=0.68500000000000016 1.0000000180025095e-35 1.0000000180025095e-35 1.0000000180025095e-35 1.0000000180025095e-35 1.0000000180025095e-35 5.5000000000000009 14.500000000000002 1.0000000180025095e-35 0.7250000000000002 1.0000000180025095e-35 1.0000000180025095e-35 0.87500000000000011 12.500000000000002
decision_type=2 2 2 2 2 2 2 2 2 2 2 2 2 2
left_child=1 3 -2 4 7 -6 -7 11 9 -9 -8 13 -13 -1
right_child=2 -3 -4 -5 5 6 10 8 -10 -11 -12 12 -14 -15
leaf_value=0.010362908891291336 0.086707160990319596 -0.095063648999275649 -0.089805105409816177 0.068542582484979075 -0.057799838828296521 -0.10890015859567123 -0.085081620464014435 -0.04193419174134385 0.054609354299385744 0.096661233935273733 0.026642799052508159 -0.086351556867366119 0.010820436478689468 0.042942709386407076
leaf_weight=260.99458064138889 35.72352197766304 16.256152980029583 4.6999868974089614 23.141477815806866 93.842068649828434 9.9805646985769254 6.5403352305293074 90.800635777413845 12.065752632915972 4.8753361627459517 75.868489623069763 11.109043978154661 15.694708123803137 70.553467981517315
leaf_count=1451 560 231 88 306 901 57 120 632 84 40 339 90 115 411
internal_value=-8.51974e-05 -0.00395791 0.0661843 -0.00176531 -0.00425951 -0.0270956 0.0040914 0.00486484 -0.024851 -0.0348718 0.0177758 0.0137992 -0.0294533 0.0172959
internal_weight=732.146 691.723 40.4235 675.466 652.325 186.231 92.3894 466.094 107.742 95.676 82.4088 358.352 26.8038 331.548
internal_count=5425 4777 648 4546 4240 1417 516 2823 756 672 459 2067 205 1862
is_linear=0
shrinkage=0.08


Tree=30
num_leaves=15
num_cat=0
split_feature=10 15 17 16 13 14 1 1 8 9 11 10 10 6
split_gain=26.8314 19.8307 18.5427 16.5726 18.3546 24.3352 19.4068 16.4581 11.5494 12.2005 10.4774 7.8209 12.1926 12.3862
threshold=0.68500000000000016 1.0000000180025095e-35 1.0000000180025095e-35 1.0000000180025095e-35 1.0000000180025095e-35 1.0000000180025095e-35 5.5000000000000009 14.500000000000002 1.0000000180025095e-35 0.7250000000000002 1.0000000180025095e-35 0.67500000000000016 1.0000000180025095e-35 0.29165000000000002
decision_type=2 2 2 2 2 2 2 2 2 2 2 2 2 2
left_child=1 3 -2 4 7 -6 -7 11 9 -9 -8 12 13 -1
right_child=2 -3 -4 -5 5 6 10 8 -10 -11 -12 -13 -14 -15
leaf_value=0.01405744524421172 0.086168933579288232 -0.094273092146182305 -0.089179466689549153 0.066806080478985966 -0.054589933713550753 -0.10318885970553136 -0.084668930081809299 -0.03883203394148145 0.051849058256746884 0.095189648208782715 0.024610754761536357 -0.098627971563222352 0.071563364227975088 -0.050714165712303333
leaf_weight=311.84186513721943 33.17456316947937 15.127058889716862 4.3678392842411986 21.895072668790817 91.510168768465519 9.7018393054604513 6.0657208710908881 90.234299067407846 11.706604219973086 4.5672254711389533 75.574697814881802 3.9932720363140097 22.051589213311672 20.113840505480766
leaf_count=1607 560 231 88 306 901 57 120 632 84 40 339 43 268 149
internal_value=-8.16019e-05 -0.00369384 0.0657682 -0.0016465 -0.00396171 -0.0254319 0.00377975 0.00448997 -0.023118 -0.0323753 0.0164915 0.0127036 0.0139594 0.0101328
internal_weight=721.926 684.383 37.5424 669.256 647.361 182.852 91.3423 464.509 106.508 94.8015 81.6404 358.001 354.007 331.956
internal_count=5425 4777 648 4546 4240 1417 516 2823 756 672 459 2067 2024 1756
is_linear=0
shrinkage=0.08


Tree=31
num_leaves=15
num_cat=0
split_feature=10 15 17 10 10 11 0 1 4 16 18 1 1 0
split_gain=24.5346 18.2196 17.0126 14.8383 24.2613 12.0869 18.983 11.1786 12.7282 14.7795 8.00054 24.3442 25.5245 12.155
threshold=0.68500000000000016 1.0000000180025095e-35 1.0000000180025095e-35 0.67500000000000016 1.0000000180025095e-35 1.0000000180025095e-35 1.5000000000000002 13.500000000000002 1.0000000180025095e-35 1.0000000180025095e-35 1.0000000180025095e-35 10.500000000000002 11.500000000000002 1.5000000000000002
decision_type=2 2 2 2 2 2 2 2 2 2 2 2 2 2
left_child=1 3 -2 4 5 6 -1 -8 9 -9 13 -12 -13 -7
right_child=2 -3 -4 -5 -6 10 7 8 -10 -11 11 12 -14 -15
leaf_value=-0.084249301406786187 0.085675927128973969 -0.093525301285825313 -0.088588518462439619 -0.071879113848215118 0.069131790191873627 -0.0070416890136198789 0.002888176164435419 -0.066498037187264852 0.026468014113048777 -0.381921788999671 -0.16862300295167987 0.07821791067470403 -0.055214406139912658 0.021036089850302728
leaf_weight=25.821803782135248 30.793029520660639 14.071162566542624 4.0578307993710032 18.649193376302719 31.364173356443644 188.59716845303774 109.58351650089025 24.708176814019684 10.342153564095495 0.98876027762889762 6.6986924260854712 14.996055215597151 23.637717232108116 206.95732005685568
leaf_count=552 560 231 88 253 403 804 834 389 70 6 27 63 105 1040
internal_value=-7.25579e-05 -0.00344515 0.0653856 -0.00153144 0.000506676 -0.00300837 -0.0210325 -0.00982294 -0.0484734 -0.0786348 0.00400056 -0.0278329 -0.00342142 0.00764883
internal_weight=711.267 676.416 34.8509 662.345 643.696 612.331 171.444 145.623 36.0391 25.6969 440.887 45.3325 38.6338 395.554
internal_count=5425 4777 648 4546 4293 3890 1851 1299 465 395 2039 195 168 1844
is_linear=0
shrinkage=0.08


Tree=32
num_leaves=15
num_cat=0
split_feature=16 15 13 14 1 6 6 1 8 18 1 0 1 18
split_gain=23.0474 16.8041 18.1441 18.5256 16.632 16.1159 16.8692 13.9999 10.283 10.1735 9.5532 9.58498 8.8708 15.5326
threshold=1.0000000180025095e-35 1.0000000180025095e-35 1.0000000180025095e-35 1.0000000180025095e-35 5.5000000000000009 0.58335000000000015 0.45000000000000007 14.500000000000002 1.0000000180025095e-35 1.0000000180025095e-35 12.500000000000002 1.5000000000000002 11.500000000000002 1.0000000180025095e-35
decision_type=2 2 2 2 2 2 2 2 2 2 2 2 2 2
left_child=1 2 5 -4 -5 6 7 10 9 -9 12 -12 -1 -14
right_child=-2 -3 3 4 -6 -7 -8 8 -10 -11 11 -13 13 -15
leaf_value=0.011087814022250267 0.070598360491339912 -0.092815766534546262 -0.047608846609635845 -0.097768221585995199 0.015052258060833622 0.047032750392138195 -0.071206923603600286 -0.017671783175770853 0.048850054110605098 -0.087137071640339805 -0.16029312231629192 0.044209961531056885 -0.0056845634977611822 -0.15376121747360424
leaf_weight=216.65873135626316 28.346263770014048 13.084597378969191 93.395251866430044 9.3347757607698423 80.308066338300705 56.592418249696493 19.446855805814266 61.400322515517473 11.244171805679796 17.293673381209373 1.4999949932098378 66.283909693360329 20.918025702238086 5.78819815814495
leaf_count=1096 480 231 1015 57 459 737 218 384 84 148 6 373 113 24
internal_value=-6.54807e-05 -0.00304069 -0.00126133 -0.0226743 0.00330393 0.00695326 0.00155965 0.00508777 -0.0227122 -0.0329374 0.0131234 0.0396845 0.0057254 -0.0377781
internal_weight=701.595 673.249 660.164 183.038 89.6428 477.126 420.534 401.087 89.9382 78.694 311.149 67.7839 243.365 26.7062
internal_count=5425 4945 4714 1531 516 3183 2446 2228 616 532 1612 379 1233 137
is_linear=0
shrinkage=0.08


Tree=33
num_leaves=15
num_cat=0
split_feature=10 17 15 16 10 10 11 0 8 17 1 1 14 8
split_gain=21.5402 15.3648 15.3382 13.2755 14.4778 17.8242 12.1913 15.8098 7.91117 7.20283 8.08717 7.0179 10.606 11.9728
threshold=0.68500000000000016 1.0000000180025095e-35 1.0000000180025095e-35 1.0000000180025095e-35 0.67500000000000016 1.0000000180025095e-35 1.0000000180025095e-35 1.5000000000000002 1.5000000000000002 1.0000000180025095e-35 10.500000000000002 5.5000000000000009 1.0000000180025095e-35 1.0000000180025095e-35
decision_type=2 2 2 2 2 2 2 2 2 2 2 2 2 2
left_child=2 -2 3 4 5 6 7 -1 9 11 -11 -8 13 -13
right_child=1 -3 -4 -5 -6 -7 8 -9 -10 10 -12 12 -14 -15
leaf_value=-0.08385557600365956 0.085208073501568726 -0.087796603370608337 -0.092140718825695828 0.063659786720722006 -0.07683606753590029 0.064359337459905283 -0.032434280135198695 -0.012728151403988062 0.087633444243570113 0.11636209708946739 -0.017370683616751714 -0.020058459898116068 0.014642925384414395 0.051099388391146444
leaf_weight=23.524894658476114 27.677900161594156 3.7279453463852397 12.163516148924826 19.431670442223549 16.759335983544588 25.239911545068026 39.822937242686749 133.48458474501967 6.8977678567171088 7.1612104475498182 4.8567379117012024 144.11170570552349 212.20708975195885 16.90882596373558
leaf_count=552 560 88 231 306 237 324 177 1178 87 30 21 626 912 96
internal_value=-6.51071e-05 0.064672 -0.00313365 -0.00146909 -0.00347482 -0.0014731 -0.00429428 -0.0233852 0.00264484 0.00126569 0.0623175 -0.000510649 0.00289556 -0.0125861
internal_weight=693.976 31.4058 662.57 650.407 630.975 614.216 588.976 157.009 431.966 425.069 12.0179 413.051 373.228 161.021
internal_count=5425 648 4777 4546 4240 4003 3679 1730 1949 1862 51 1811 1634 722
is_linear=0
shrinkage=0.08


Tree=34
num_leaves=15
num_cat=0
split_feature=10 17 15 16 13 14 1 1 9 8 11 1 9 0
split_gain=19.721 14.1098 14.1016 11.8584 12.8899 16.6133 13.6699 12.2021 8.61178 9.07394 8.01214 6.39281 12.303 18.4176
threshold=0.68500000000000016 1.0000000180025095e-35 1.0000000180025095e-35 1.0000000180025095e-35 1.0000000180025095e-35 1.0000000180025095e-35 5.5000000000000009 14.500000000000002 0.7250000000000002 1.0000000180025095e-35 1.0000000180025095e-35 12.500000000000002 1.0000000180025095e-35 1.5000000000000002
decision_type=2 2 2 2 2 2 2 2 2 2 2 2 2 2
left_child=2 -2 3 4 7 -6 -7 11 9 -9 -8 12 -1 -14
right_child=1 -3 -4 -5 5 6 10 8 -10 -11 -12 -13 13 -15
leaf_value=0.023995089635970697 0.084797818495993257 -0.087276313958955395 -0.091497031011800817 0.061874578141220743 -0.047160563860625067 -0.091622925388217841 -0.083963851783255133 -0.033828784486438737 0.093522885593416608 0.04439840536913614 0.019583682844658518 0.031233172191322531 -0.092668669843583767 -0.00064307675319883145
leaf_weight=122.72852438315749 25.668508015573028 3.4610112383961669 11.30413783341646 18.43426750227809 84.536014828830957 8.8964997231960279 5.1104686819016925 86.906993374228477 4.0673204734921447 10.65315033495426 74.505736649036407 77.479623146355152 15.519528940320013 134.92623901367188
leaf_count=668 560 88 231 306 901 57 120 632 40 84 339 464 229 706
internal_value=-5.51213e-05 0.0643529 -0.00291921 -0.00136383 -0.00322806 -0.0217967 0.00242766 0.00387654 -0.0205317 -0.0252867 0.0129371 0.0109506 0.00519793 -0.0101362
internal_weight=684.198 29.1295 655.069 643.764 625.33 173.049 88.5127 452.281 101.627 97.5601 79.6162 350.654 273.174 150.446
internal_count=5425 648 4777 4546 4240 1417 516 2823 756 716 459 2067 1603 935
is_linear=0
shrinkage=0.08


Tree=35
num_leaves=15
num_cat=0
split_feature=10 15 17 10 10 1 1 9 0 18 0 1 18 1
split_gain=18.0706 12.9631 12.9622 10.6068 18.2197 9.149 12.3382 23.6092 19.5 16.2142 12.3293 14.09 16.3197 10.3884
threshold=0.68500000000000016 1.0000000180025095e-35 1.0000000180025095e-35 0.67500000000000016 1.0000000180025095e-35 21.500000000000004 10.500000000000002 1.0000000180025095e-35 1.5000000000000002 1.0000000180025095e-35 1.5000000000000002 15.500000000000002 1.0000000180025095e-35 8.5000000000000018
decision_type=2 2 2 2 2 2 2 2 2 2 2 2 2 2
left_child=1 3 -2 4 5 6 7 13 -9 -10 -8 -12 -13 -1
right_child=2 -3 -4 -5 -6 -7 10 8 9 -11 11 12 -14 -15
leaf_value=0.016176248519188086 0.084420826856918443 -0.090882148861462841 -0.086786761904020016 -0.063515557431194844 0.064564485101012606 -0.062128805202723625 -0.059032782681525856 -0.090983239196855831 0.00025164047486130389 -0.08443662461582789 0.024739102656304392 0.0012686525889634027 -0.097085657995221911 -0.039194786487366455
leaf_weight=131.28272847086191 23.796530816704038 10.502780279144643 3.2122079171240321 17.055206537246704 27.114290446043015 16.020874340087175 15.598204165697096 34.472681038081646 62.888507768511772 18.792198903858662 210.66854414716363 64.957234598696232 12.94950747489929 25.975992232561111
leaf_count=537 560 231 88 253 403 143 109 607 415 101 1327 421 125 105
internal_value=-5.63585e-05 -0.00272754 0.0640587 -0.00127582 0.000434305 -0.00249498 -0.00084088 -0.0131736 -0.0405271 -0.0192325 0.0102446 0.0139892 -0.0150796 0.00703006
internal_weight=675.287 648.279 27.0087 637.776 620.721 593.606 577.586 273.412 116.153 81.6807 304.173 288.575 77.9067 157.259
internal_count=5425 4777 648 4546 4293 3890 3747 1765 1123 516 1982 1873 546 642
is_linear=0
shrinkage=0.08


Tree=36
num_leaves=15
num_cat=0
split_feature=10 15 17 16 10 10 11 0 8 14 1 7 4 1
split_gain=16.5699 11.9159 11.9121 10.2531 10.6373 13.5407 8.85042 13.2465 7.02923 6.60865 6.11321 6.7722 6.04734 5.90966
threshold=0.68500000000000016 1.0000000180025095e-35 1.0000000180025095e-35 1.0000000180025095e-35 0.67500000000000016 1.0000000180025095e-35 1.0000000180025095e-35 1.5000000000000002 1.5000000000000002 1.0000000180025095e-35 16.500000000000004 0.87500000000000011 1.0000000180025095e-35 15.500000000000002
decision_type=2 2 2 2 2 2 2 2 2 2 2 2 2 2
left_child=1 3 -2 4 5 6 7 -1 -8 -6 -9 -12 -7 -5
right_child=2 -3 -4 13 9 12 8 10 -10 -11 11 -13 -14 -15
leaf_value=-0.083020478478096169 0.084074234011098425 -0.090293988248398502 -0.086326456642985092 0.085745694802461442 -0.083301808989037024 -0.050593522575513188 0.0010572335539984126 -0.0052446709732275366 0.086759197415686787 0.099591584798208954 0.11192144856976062 -0.078269921142001708 0.074931425610544292 -0.024658077406155842
leaf_weight=18.836229577660561 22.053844541311268 9.7558891363441926 2.9804121218621722 13.151382718235256 14.552549034357067 2.8024293556809452 419.96614656597376 116.94168324023485 6.2156535163521758 1.3847523331642158 1.3202412277460087 12.961708962917326 19.888503767549992 4.0611369237303725
leaf_count=552 560 231 88 256 228 15 1862 959 87 9 7 212 309 50
internal_value=-6.43921e-05 -0.00255487 0.0637875 -0.00120066 -0.00290541 -0.00118896 -0.00357592 -0.0202843 0.00230715 -0.0674107 -0.011279 -0.0606884 0.0594285 0.0596969
internal_weight=666.873 641.838 25.0343 632.082 614.87 598.933 576.242 150.06 426.182 15.9373 131.224 14.282 22.6909 17.2125
internal_count=5425 4777 648 4546 4240 4003 3679 1730 1949 237 1178 219 324 306
is_linear=0
shrinkage=0.08


Tree=37
num_leaves=15
num_cat=0
split_feature=9 16 15 13 14 1 1 1 6 6 1 18 0 11
split_gain=15.8949 11.9263 10.6383 11.2696 13.8363 12.0669 9.90211 8.3698 6.86229 15.5855 7.73823 7.38146 14.3866 6.43094
threshold=0.7250000000000002 1.0000000180025095e-35 1.0000000180025095e-35 1.0000000180025095e-35 1.0000000180025095e-35 5.5000000000000009 23.500000000000004 23.500000000000004 0.87500000000000011 0.45000000000000007 14.500000000000002 1.0000000180025095e-35 2.5000000000000004 1.0000000180025095e-35
decision_type=2 2 2 2 2 2 2 2 2 2 2 2 2 2
left_child=1 2 3 6 -5 -6 8 -3 9 10 -1 -12 -13 -7
right_child=-2 7 -4 4 5 13 -8 -9 -10 -11 11 12 -14 -15
leaf_value=0.011580579938978944 0.088930028577805464 0.072010182501940898 -0.089730877247498106 -0.043355421342909331 -0.08811984466771236 -0.083383441778664885 -0.10733542029150756 -0.19747397874863606 0.037128503310848028 -0.069287810786324511 -0.0037315140051649254 -0.095810581503182016 0.1032204814117221 0.017746592971558818
leaf_weight=306.16027200967073 12.601386647671459 18.034919150173668 9.0600535087287408 82.872347373515368 8.5038858130574209 4.2563892211765042 5.0351606756448737 0.76906723529100318 39.923305705189705 18.53893331438303 62.53141799941659 14.194068908691408 2.7794675230979911 73.815996296703815
leaf_count=1612 238 406 231 990 57 120 60 4 599 225 387 136 21 339
internal_value=-5.50807e-05 -0.00178962 -0.00367035 -0.00240992 -0.0199899 0.00237604 0.00422219 0.0609885 0.00548695 0.0023617 0.0058059 -0.0164314 -0.0632186 0.0122331
internal_weight=659.077 646.475 627.671 618.611 169.449 86.5763 449.163 18.804 444.127 404.204 385.665 79.505 16.9735 78.0724
internal_count=5425 5187 4777 4546 1506 516 3040 410 2980 2381 2156 544 157 459
is_linear=0
shrinkage=0.08


Tree=38
num_leaves=15
num_cat=0
split_feature=9 16 15 13 14 0 1 1 1 1 1 6 6 1
split_gain=14.5423 10.727 9.80173 9.68866 11.9836 10.5755 16.4445 12.6132 9.91179 8.77824 7.04713 5.95723 13.4923 6.58727
threshold=0.7250000000000002 1.0000000180025095e-35 1.0000000180025095e-35 1.0000000180025095e-35 1.0000000180025095e-35 1.5000000000000002 8.5000000000000018 5.5000000000000009 15.500000000000002 23.500000000000004 23.500000000000004 0.87500000000000011 0.45000000000000007 14.500000000000002
decision_type=2 2 2 2 2 2 2 2 2 2 2 2 2 2
left_child=1 2 3 9 -5 6 7 -6 -7 11 -3 12 13 -1
right_child=-2 10 -4 4 5 8 -8 -9 -10 -11 -12 -13 -14 -15
leaf_value=0.010653160911141881 0.088266553289302746 0.070796017666777539 -0.089191491160327388 -0.040686842576572992 -0.084168107488849189 0.056859688506642546 -0.117448798269847 0.031121176153727836 -0.022666666253762117 -0.10361447142201172 -0.16835368739518339 0.034856895535769844 -0.065298968409277902 -0.015299107412734284
leaf_weight=306.18697656691074 11.716429773718117 16.922369662672285 8.4120181892067176 81.309886541217566 8.2033854201436061 28.985593378543854 9.7966540195047838 23.389956850558519 15.337669383734463 4.8081515654921523 0.82713736593723197 39.155900882557034 18.115790668874979 78.678663019090891
leaf_count=1612 238 406 231 990 57 156 63 141 99 60 4 599 225 544
internal_value=-5.58332e-05 -0.00167242 -0.0034213 -0.00224615 -0.0186856 0.00218534 -0.0268941 0.00118568 0.0293403 0.00389726 0.0596515 0.00506643 0.00217182 0.0053477
internal_weight=651.847 640.13 622.381 613.969 167.023 85.7133 41.39 31.5933 44.3233 446.945 17.7495 442.137 402.981 384.866
internal_count=5425 5187 4777 4546 1506 516 261 198 255 3040 410 2980 2381 2156
is_linear=0
shrinkage=0.08


Tree=39
num_leaves=15
num_cat=0
split_feature=10 17 15 10 10 1 9 0 18 1 0 1 8 1
split_gain=13.3153 10.5537 9.24435 7.83471 14.1379 7.76082 20.0637 17.1261 13.7861 12.3724 12.0912 10.4434 9.24712 9.10213
threshold=0.68500000000000016 1.0000000180025095e-35 1.0000000180025095e-35 0.67500000000000016 1.0000000180025095e-35 10.500000000000002 1.0000000180025095e-35 1.5000000000000002 1.0000000180025095e-35 15.500000000000002 1.5000000000000002 14.500000000000002 1.0000000180025095e-35 6.5000000000000009
decision_type=2 2 2 2 2 2 2 2 2 2 2 2 2 2
left_child=2 -2 3 4 5 6 -1 -8 13 10 11 -7 -11 -9
right_child=1 -3 -4 -5 -6 9 7 8 -10 12 -12 -13 -14 -15
leaf_value=0.0062685140018348441 0.083495961320594891 -0.085572577129454361 -0.088674770973864586 -0.057498718028210417 0.061087442183151021 -0.077167602756384415 -0.090130138239257071 -0.10343318949197054 -0.08024519411290959 -0.026630966580533034 0.021710549703731302 0.12896279572084798 0.061459924126177283 0.0081752545379698682
leaf_weight=156.13091064244509 18.645827006548647 2.705876722931861 7.8086927011609069 15.360753111541269 23.573866447433829 13.227737100794908 29.800362274050713 5.0973422527313224 18.210234738886356 82.152055842801929 205.93643224611878 1.7853452470153577 8.406936474144457 56.655768845230341
leaf_count=642 560 88 231 253 403 97 607 23 101 627 1327 11 63 392
internal_value=-5.18179e-05 0.0620701 -0.00217697 -0.00108109 0.000360924 -0.00211838 -0.0121572 -0.0383665 -0.0190755 0.0064505 0.0166576 -0.0526547 -0.0184532 -0.00103734
internal_weight=645.498 21.3517 624.146 616.338 600.977 577.403 265.895 109.764 79.9633 311.509 220.95 15.0131 90.559 61.7531
internal_count=5425 648 4777 4546 4293 3890 1765 1123 516 2125 1435 108 690 415
is_linear=0
shrinkage=0.08


Tree=40
num_leaves=15
num_cat=0
split_feature=9 16 11 18 14 10 1 1 1 6 8 1 1 6
split_gain=12.8993 9.15757 8.57686 12.9977 9.5478 7.38246 6.78683 7.50264 7.40812 6.75318 6.28808 6.15816 10.0432 21.6346
threshold=0.7250000000000002 1.0000000180025095e-35 1.0000000180025095e-35 1.0000000180025095e-35 1.0000000180025095e-35 1.0000000180025095e-35 10.500000000000002 9.5000000000000018 15.500000000000002 0.45000000000000007 1.5000000000000002 16.500000000000004 15.500000000000002 0.29165000000000002
decision_type=2 2 2 2 2 2 2 2 2 2 2 2 2 2
left_child=1 2 3 4 11 6 7 -5 9 -8 -4 12 -1 -14
right_child=-2 -3 10 5 -6 -7 8 -9 -10 -11 -12 -13 13 -15
leaf_value=-0.021090237308465279 0.087871605382105381 0.057652904407960871 0.0018016558476759699 0.0096815330967520291 -0.087353521663369696 0.086594904328106154 0.059723577565852407 -0.11410066012164977 -0.066561591191865097 -0.041449404336395608 0.085969131318197722 -0.070634580114526641 0.45705250227648953 0.0099080429622869417
leaf_weight=87.515731170773506 10.502281460911034 16.299859642982483 430.01819066144526 6.8714981824159604 17.237634899094701 7.9314102791249743 21.171289537101991 5.76142368465662 5.0086962059140197 5.2743064612150183 5.7568540200591078 15.033788748085497 0.8865012489259233 3.164879260584712
leaf_count=1262 238 410 2133 36 445 172 93 44 101 56 90 275 18 52
internal_value=-5.6759e-05 -0.00152738 -0.00310452 -0.0180174 -0.0321133 0.0155403 0.0027574 -0.0467711 0.0226494 0.0395457 0.00291356 -0.0231808 -0.0153897 0.10775
internal_weight=638.434 627.932 611.632 175.857 123.839 52.0186 44.0872 12.6329 31.4543 26.4456 435.775 106.601 91.5671 4.05138
internal_count=5425 5187 4777 2554 2052 502 330 80 250 149 2223 1607 1332 70
is_linear=0
shrinkage=0.08


Tree=41
num_leaves=15
num_cat=0
split_feature=9 16 15 13 1 1 1 1 14 1 1 0 1 8
split_gain=11.8155 8.15843 7.88469 7.68703 10.0578 15.3214 7.47921 7.38043 6.48382 7.19441 10.1848 14.1699 6.17886 5.76623
threshold=0.7250000000000002 1.0000000180025095e-35 1.0000000180025095e-35 1.0000000180025095e-35 12.500000000000002 18.500000000000004 22.500000000000004 23.500000000000004 1.0000000180025095e-35 5.5000000000000009 8.5000000000000018 1.5000000000000002 23.500000000000004 1.0000000180025095e-35
decision_type=2 2 2 2 2 2 2 2 2 2 2 2 2 2
left_child=1 2 3 7 8 -6 -7 -1 -5 -10 -11 -12 -3 -13
right_child=-2 12 -4 4 5 6 -8 -9 9 10 11 13 -14 -15
leaf_value=0.0046206017787967122 0.087290012509104398 0.068051803882012513 -0.088105593094828377 -0.04889842924816401 0.031150600753474797 -0.14554079784292207 0.01283089687056279 -0.099386380948044362 -0.080692467939836809 0.036173392981582321 -0.13184780319595951 0.051851949719240217 -0.1533248777871806 -0.062991257896409983
leaf_weight=434.43292885832489 9.7567975427955371 14.65530930459499 6.8713806718587866 58.008963986299932 43.58274943754077 5.2355289030820114 3.003154999576509 4.4108644202351561 7.8281818851828566 24.998778210952878 7.0182598996907481 7.8367552198469639 0.85392560064792711 4.3519325293600559
leaf_count=2980 238 406 231 682 402 67 34 60 57 150 48 39 4 27
internal_value=-6.51975e-05 -0.00143307 -0.00289563 -0.00192093 -0.016822 0.0122378 -0.0878113 0.00357522 -0.0305068 -0.0100033 0.00251474 -0.0412936 0.055863 0.0108475
internal_weight=632.846 623.089 607.579 600.708 161.864 51.8214 8.23868 438.844 110.043 52.0339 44.2057 19.2069 15.5092 12.1887
internal_count=5425 5187 4777 4546 1506 503 101 3040 1003 321 264 114 410 66
is_linear=0
shrinkage=0.08


Tree=42
num_leaves=15
num_cat=0
split_feature=10 17 15 10 10 8 14 1 1 9 0 18 1 13
split_gain=11.1344 9.30705 7.39602 6.64036 11.6938 6.12344 5.54522 5.40637 6.85056 16.9836 16.0647 11.5569 8.55034 7.87557
threshold=0.68500000000000016 1.0000000180025095e-35 1.0000000180025095e-35 0.67500000000000016 1.0000000180025095e-35 1.5000000000000002 1.0000000180025095e-35 21.500000000000004 10.500000000000002 1.0000000180025095e-35 1.5000000000000002 1.0000000180025095e-35 8.5000000000000018 1.0000000180025095e-35
decision_type=2 2 2 2 2 2 2 2 2 2 2 2 2 2
left_child=2 -2 3 4 5 7 -5 8 9 12 -11 -12 -1 -14
right_child=1 -3 -4 6 -6 -7 -8 -9 -10 10 11 -13 13 -15
leaf_value=0.014324594370672628 0.083082935112124265 -0.084882408192412384 -0.087628969375215582 -0.070160467772371629 0.057836630661519201 0.08539131069218403 0.094913369356795785 -0.051615429479989067 0.0070847992660603432 -0.089192916743934758 -0.00080636872367959673 -0.074581087346381483 -0.01640190244612965 -0.13522652255016906
leaf_weight=129.63496539741755 16.090609809383754 2.430188392288982 6.3761905152350655 13.315607519820329 21.781565733253956 5.0974511839449397 1.4435915201902396 14.091081334277986 287.44629102572799 26.772648466750979 60.509608421474695 17.525661744177341 21.580506384372715 4.2774113416671744
leaf_count=537 560 88 231 240 403 87 13 140 1904 607 409 101 87 18
internal_value=-6.42355e-05 0.0610435 -0.00192004 -0.00101446 0.000314265 -0.00189573 -0.0540147 -0.00268767 -0.00142898 -0.0108306 -0.0357206 -0.0173752 0.00594617 -0.0360578
internal_weight=628.373 18.5208 609.853 603.476 588.717 566.936 14.7592 561.838 547.747 260.301 104.808 78.0353 155.493 25.8579
internal_count=5425 648 4777 4546 4293 3890 253 3803 3663 1759 1117 510 642 105
is_linear=0
shrinkage=0.08


Tree=43
num_leaves=15
num_cat=0
split_feature=9 16 15 13 1 1 1 1 1 4 14 1 1 0
split_gain=10.5402 7.0024 6.67207 6.12514 8.44905 12.5833 6.81698 6.1519 6.12248 17.3519 5.62472 6.51665 8.15348 11.7328
threshold=0.7250000000000002 1.0000000180025095e-35 1.0000000180025095e-35 1.0000000180025095e-35 12.500000000000002 18.500000000000004 22.500000000000004 23.500000000000004 15.500000000000002 1.0000000180025095e-35 1.0000000180025095e-35 5.5000000000000009 8.5000000000000018 1.5000000000000002
decision_type=2 2 2 2 2 2 2 2 2 2 2 2 2 2
left_child=1 2 3 7 10 -6 -7 -1 -3 -10 -5 -12 -13 -14
right_child=-2 8 -4 4 5 6 -8 -9 9 -11 11 12 13 -15
leaf_value=0.0040362928837561571 0.087038319027321176 0.083701625126236148 -0.087173632080178726 -0.045646079089213337 0.028569106581465078 -0.13733314978289946 0.015445036325690225 -0.094245629720017765 -0.29555025416592345 0.085230311830995997 -0.077667607549499126 0.033159911934046771 -0.12261723876982381 0.0097342189456669764
leaf_weight=431.24407724104822 8.7657291777431947 10.825212011113761 5.9154678247869006 55.770761088468134 43.116651358082891 5.0359595278277975 2.9724375121295452 4.1149652376770964 1.1325286924839013 2.3659733757376671 7.5210228301584712 24.739779124036431 6.6043357662856588 12.215435352176428
leaf_count=2980 238 337 231 682 402 67 34 60 6 67 57 150 48 66
internal_value=-6.61423e-05 -0.00131055 -0.00263185 -0.00178898 -0.0152825 0.0114642 -0.0806272 0.00310734 0.0539679 -0.0380353 -0.02808 -0.00890101 0.00297228 -0.0367113
internal_weight=622.34 613.575 599.251 593.335 157.976 51.125 8.0084 435.359 14.3237 3.4985 106.851 51.0806 43.5596 18.8198
internal_count=5425 5187 4777 4546 1506 503 101 3040 410 73 1003 321 264 114
is_linear=0
shrinkage=0.08


Tree=44
num_leaves=15
num_cat=0
split_feature=10 17 15 10 10 8 4 14 4 1 9 0 18 1
split_gain=9.70481 8.49933 6.25263 5.90104 10.0014 5.53988 5.34071 4.85069 4.45681 4.46456 14.5193 15.2713 10.4063 8.77541
threshold=0.68500000000000016 1.0000000180025095e-35 1.0000000180025095e-35 0.67500000000000016 1.0000000180025095e-35 1.5000000000000002 1.0000000180025095e-35 1.0000000180025095e-35 1.5000000000000002 10.500000000000002 1.0000000180025095e-35 1.5000000000000002 1.0000000180025095e-35 15.500000000000002
decision_type=2 2 2 2 2 2 2 2 2 2 2 2 2 2
left_child=2 -2 3 4 5 8 -6 -5 9 10 -1 -12 -13 -11
right_child=1 -3 -4 7 6 -7 -8 -9 -10 13 11 12 -14 -15
leaf_value=0.0057947103566264079 0.082811210229509755 -0.084482330372863026 -0.086739126558509627 -0.066629225282915414 -0.047412441832433892 0.084900923019350788 0.071217503081701911 0.093594963701088205 -0.093739660417430176 0.013640461510431632 -0.088317267892242576 0.0001030887590083094 -0.070657702466404362 -0.016580874965923666
leaf_weight=154.62853857502341 14.388395139947535 2.2471435274928799 5.4869137750938526 12.976915067993101 2.8125581592321423 4.6870462484657756 17.800172358751297 1.3335522860288627 3.4008900485932818 210.08546676672995 24.39920190628618 59.688057586550713 17.115243095904589 86.939454125240445
leaf_count=642 560 88 231 240 15 87 388 13 21 1347 607 406 101 679
internal_value=-6.22909e-05 0.060213 -0.00172972 -0.000946925 0.000301925 -0.00170917 0.0550307 -0.0516984 -0.00243895 -0.00187731 -0.00962359 -0.0331814 -0.0156656 0.00479465
internal_weight=617.99 16.6355 601.354 595.867 581.557 560.944 20.6127 14.3105 556.257 552.856 255.831 101.203 76.8033 297.025
internal_count=5425 648 4777 4546 4293 3890 403 253 3803 3782 1756 1114 507 2026
is_linear=0
shrinkage=0.08


Tree=45
num_leaves=15
num_cat=0
split_feature=9 16 1 4 11 18 14 10 17 1 14 1 1 8
split_gain=9.40464 6.06359 5.67618 13.5559 5.66855 9.88963 8.9755 5.67876 5.44578 7.97226 6.53407 5.44283 7.54183 7.2103
threshold=0.7250000000000002 1.0000000180025095e-35 15.500000000000002 1.0000000180025095e-35 1.0000000180025095e-35 1.0000000180025095e-35 1.0000000180025095e-35 1.0000000180025095e-35 1.0000000180025095e-35 10.500000000000002 1.0000000180025095e-35 12.500000000000002 15.500000000000002 1.0000000180025095e-35
decision_type=2 2 2 2 2 2 2 2 2 2 2 2 2 2
left_child=1 4 -3 -4 5 6 -1 -7 11 -10 -11 -6 -13 -14
right_child=-2 2 3 -5 8 7 -8 -9 9 10 -12 12 13 -15
leaf_value=-0.019397531976967992 0.086787014882596894 0.083419236208019248 -0.24930216988539966 0.084880118334224527 -0.005732658671969754 0.0044869551457780736 -0.086933220742384174 0.085164651942325711 0.11100737295276358 0.12404504690787908 -0.083750549057065291 0.030586035240661613 -0.015429165688861346 0.066601483510314557
leaf_weight=100.61348060332239 7.8773857560008755 9.7686058487743122 1.2243344485759728 2.1255364138633013 271.07603476196527 42.56151619926095 14.396296465769408 6.4269159398972979 6.932140186429022 1.3611592054367063 3.3570943772792816 77.090001456439495 59.825490085408092 7.745617948472499
leaf_count=1607 238 337 6 67 1367 330 445 172 30 6 15 452 293 60
internal_value=-6.07666e-05 -0.00119249 0.0526034 -0.0372592 -0.00238583 -0.0150297 -0.0278513 0.0150713 0.00246593 0.0564106 -0.023804 0.000954217 0.0134845 -0.00602606
internal_weight=612.382 604.504 13.1185 3.34987 591.386 163.998 115.01 48.9884 427.388 11.6504 4.71825 415.737 144.661 67.5711
internal_count=5425 5187 410 73 4777 2554 2052 502 2223 51 21 2172 805 353
is_linear=0
shrinkage=0.08


Tree=46
num_leaves=15
num_cat=0
split_feature=9 10 17 10 10 15 1 4 1 18 17 13 14 0
split_gain=8.62001 5.62644 7.34927 6.3296 8.1176 5.32639 5.3162 5.26316 5.1832 13.0753 10.2339 8.44715 8.79491 7.56391
threshold=0.7250000000000002 0.68500000000000016 1.0000000180025095e-35 0.67500000000000016 1.0000000180025095e-35 1.0000000180025095e-35 21.500000000000004 1.5000000000000002 10.500000000000002 1.0000000180025095e-35 1.0000000180025095e-35 1.0000000180025095e-35 1.0000000180025095e-35 1.5000000000000002
decision_type=2 2 2 2 2 2 2 2 2 2 2 2 2 2
left_child=1 3 -3 4 5 6 7 8 9 10 11 -1 -13 -10
right_child=-2 2 -4 -5 -6 -7 -8 -9 13 -11 -12 12 -14 -15
leaf_value=0.004823949747501121 0.086289840175241342 0.082761795996589671 -0.084090566493971314 -0.057313171446139892 0.051208911685560292 -0.086324279145416988 -0.053584026237826765 -0.11990924626910511 -0.048888726089905035 -0.073874181816734039 0.089107152526436487 -0.056567489833392798 -0.0032205619609530492 0.010232096444791625
leaf_weight=147.77403884381056 7.3119399808347216 9.7046918291598541 2.0456337463110676 13.038239474408327 18.486361337825656 4.8296934058889738 12.47073454223573 2.3619545102119437 14.600498442538081 18.200715772807598 7.3982878327369681 36.274849796667695 43.492040458135307 269.39365480281413
leaf_count=838 238 392 88 244 373 231 131 16 109 107 52 471 294 1841
internal_value=-4.72769e-05 -0.0010993 0.0537142 -0.00219408 -0.000944853 -0.00267643 -0.00194451 -0.000750834 -0.000226856 -0.00855066 -0.00349006 -0.00650077 -0.0274807 0.00719262
internal_weight=607.383 600.071 11.7503 588.321 575.283 556.796 551.967 539.496 537.134 253.14 234.939 227.541 79.7669 283.994
internal_count=5425 5187 480 4707 4463 4090 3859 3728 3712 1762 1655 1603 765 1950
is_linear=0
shrinkage=0.08


Tree=47
num_leaves=15
num_cat=0
split_feature=9 16 8 1 4 15 14 1 4 5 13 8 1 6
split_gain=7.90618 5.35112 5.23881 5.22219 11.0272 4.87579 4.15196 8.43543 6.70054 11.2124 6.47473 9.97568 9.68099 10.0904
threshold=0.7250000000000002 1.0000000180025095e-35 1.5000000000000002 15.500000000000002 1.0000000180025095e-35 1.0000000180025095e-35 1.0000000180025095e-35 18.500000000000004 1.0000000180025095e-35 1.0000000180025095e-35 1.0000000180025095e-35 1.0000000180025095e-35 14.500000000000002 0.29165000000000002
decision_type=2 2 2 2 2 2 2 2 2 2 2 2 2 2
left_child=1 2 5 -3 -5 6 7 10 9 -8 11 -1 -12 -14
right_child=-2 3 -4 4 -6 -7 8 -9 -10 -11 12 -13 13 -15
leaf_value=-0.0029021688411016901 0.085827880134997162 0.083211329656251096 0.084466579972474407 -0.21977070159079556 0.084565371082905558 -0.085927872782415926 0.0046787536756478718 -0.064434729979205005 0.061487422221162151 -0.087298491387622426 -0.038893115469047765 0.072054295457126147 0.14154642488288885 -0.027596292343052088
leaf_weight=178.76692347042263 6.7846264829859129 8.8841322036460024 4.4390129707753649 1.2632984071969979 1.920091309584677 4.478105059824883 278.67648198734969 16.640276262536645 12.59816134162247 8.7486425973474962 58.480141769163311 12.134630665183066 4.1630548685789091 4.9308246467262506
leaf_count=1414 238 337 90 6 67 231 1526 195 237 87 763 81 45 108
internal_value=-4.43638e-05 -0.0010217 -0.00211119 0.0517089 -0.0362076 -0.00277425 -0.00212681 -0.00922503 0.00438214 0.00187915 -0.00567072 0.00186243 -0.0269524 0.049835
internal_weight=602.908 596.124 584.056 12.0675 3.18339 579.617 575.139 275.116 300.023 287.425 258.476 190.902 67.574 9.09388
internal_count=5425 5187 4777 410 73 4687 4456 2606 1850 1613 2411 1495 916 153
is_linear=0
shrinkage=0.08


Tree=48
num_leaves=15
num_cat=0
split_feature=10 17 8 9 10 10 4 15 14 1 14 1 11 4
split_gain=7.49325 6.84217 4.73215 4.68866 5.27662 6.99294 4.80013 4.45385 4.22892 4.17435 4.40436 7.39235 6.35287 4.38663
threshold=0.68500000000000016 1.0000000180025095e-35 1.5000000000000002 0.7250000000000002 0.67500000000000016 1.0000000180025095e-35 1.0000000180025095e-35 1.0000000180025095e-35 1.0000000180025095e-35 21.500000000000004 1.0000000180025095e-35 22.500000000000004 1.0000000180025095e-35 1.5000000000000002
decision_type=2 2 2 2 2 2 2 2 2 2 2 2 2 2
left_child=2 -2 3 4 5 7 -7 9 -6 13 -11 -12 -13 -1
right_child=1 -3 -4 -5 8 6 -8 -9 -10 10 11 12 -14 -15
leaf_value=-0.00083296345989850409 0.082362308272687701 -0.083648384917811749 0.08410544739700028 0.088121506371601002 -0.068335881566948059 -0.049845439025090456 0.066640523302037347 -0.085551415167779477 0.091402173615832569 -0.098104931410861976 -0.1544094163331487 -0.067606539366131535 0.12594062984312807 -0.11016614941285552
leaf_weight=529.08138137776405 11.456363569945093 1.8447768753394491 4.1146046854555598 3.6720025055110446 11.506871854886409 2.6781660318374643 14.641988286748528 4.1512667406350365 1.1684026718139655 5.9252790324389917 1.5110771544277666 1.788913559168577 2.7597705870866776 2.3590594604611388
leaf_count=3628 560 88 90 70 231 12 358 231 13 67 12 37 12 16
internal_value=-3.69469e-05 0.0593378 -0.00138612 -0.00199131 -0.00256422 -0.00141881 0.0486286 -0.00300184 -0.0536113 -0.00237124 -0.049061 -0.00110558 0.0498221 -0.00131829
internal_weight=598.66 13.3011 585.359 581.244 577.572 564.897 17.3202 547.577 12.6753 543.425 11.985 6.05976 4.54868 531.44
internal_count=5425 648 4777 4687 4617 4373 370 4003 244 3772 128 61 49 3644
is_linear=0
shrinkage=0.08


Tree=49
num_leaves=15
num_cat=0
split_feature=10 17 7 1 16 18 0 1 1 18 13 8 9 1
split_gain=6.88731 6.30053 4.4143 4.89029 7.59845 7.27961 7.0377 6.99338 8.68474 9.9844 8.43013 8.07802 6.66229 18.2341
threshold=0.68500000000000016 1.0000000180025095e-35 0.87500000000000011 15.500000000000002 1.0000000180025095e-35 1.0000000180025095e-35 2.5000000000000004 12.500000000000002 11.500000000000002 1.0000000180025095e-35 1.0000000180025095e-35 1.0000000180025095e-35 1.0000000180025095e-35 7.5000000000000009
decision_type=2 2 2 2 2 2 2 2 2 2 2 2 2 2
left_child=2 -2 -1 4 7 -5 -7 8 10 -10 11 12 -4 -14
right_child=1 -3 3 5 -6 6 -8 -9 9 -11 -12 -13 13 -15
leaf_value=0.07720295058630304 0.082180760470053141 -0.083383351388028243 0.015833438061791147 -0.009930795418874842 0.083296487676847206 -0.096568046304372587 0.099635660121212916 0.016711328543334576 -0.023329648687444846 -0.13742571504535731 -0.021432444893842321 0.063265921003813466 -0.1066720511032728 -0.00010065425748611388
leaf_weight=4.5511168502271167 10.597971362993118 1.7081370437517769 114.72894276864827 78.884480175562203 7.1253001028671852 11.091294856742023 1.3080101441591967 120.93387578427792 24.201612625271085 6.1575130131095639 97.831212785094976 15.045079305768011 11.60700981132686 89.535544767044485
leaf_count=40 560 88 661 734 255 132 12 851 155 28 963 90 208 648
internal_value=-2.70582e-05 0.0591998 -0.00127723 -0.0018947 0.00128937 -0.0188875 -0.0758704 7.21327e-05 -0.00553133 -0.0464709 -0.00175065 0.00658783 0.00263767 -0.0123307
internal_weight=595.307 12.3061 583.001 578.45 487.166 91.2838 12.3993 480.041 359.107 30.3591 328.748 230.917 215.871 101.143
internal_count=5425 648 4777 4737 3859 878 144 3604 2753 183 2570 1607 1517 856
is_linear=0
shrinkage=0.08


Tree=50
num_leaves=15
num_cat=0
split_feature=9 10 17 10 10 12 8 15 2 14 1 6 6 0
split_gain=6.38997 4.30677 5.58723 4.81425 5.95934 4.22173 4.19212 4.08554 4.09514 3.74105 3.72801 4.16999 8.76462 10.4513
threshold=0.7250000000000002 0.68500000000000016 1.0000000180025095e-35 0.67500000000000016 1.0000000180025095e-35 2.5000000000000004 1.5000000000000002 1.0000000180025095e-35 1.0000000180025095e-35 1.0000000180025095e-35 21.500000000000004 0.22500000000000003 0.87500000000000011 2.5000000000000004
decision_type=2 2 2 2 2 2 2 2 2 2 2 2 2 2
left_child=1 3 -3 4 6 -6 7 8 10 -5 11 -1 -13 -14
right_child=-2 2 -4 9 5 -7 -8 -9 -10 -11 -12 12 13 -15
leaf_value=0.0010130624988142582 0.084923846961802496 0.082210186484493658 -0.083136637905076263 -0.064888303676523984 0.077645798406919986 -0.0060888042678381602 0.083699286147184429 -0.085235836317856611 -0.13430651488737103 0.090426829241377807 -0.046922552738362294 -0.087818725925941893 0.021830557156308474 -0.20007980201954184
leaf_weight=498.58965719677508 5.6135061215609303 7.565738399513064 1.5812988290563224 11.234709934331473 10.424473832361402 6.1134660169482222 3.6246360205113879 3.804290695115923 1.4939849711954583 1.0887196175754077 11.406102653592823 10.669522162526848 16.571169907227162 1.4795694351196278
leaf_count=3375 238 392 88 231 317 56 87 231 18 13 125 112 135 7
internal_value=-2.37032e-05 -0.000837936 0.0536258 -0.00170208 -0.000621614 0.0466922 -0.00205043 -0.00262176 -0.00203997 -0.0511669 -0.00167316 -0.000694384 -0.030336 0.00364118
internal_weight=591.261 585.647 9.14704 576.5 564.177 16.5379 547.639 544.014 540.21 12.3234 538.716 527.31 28.7203 18.0507
internal_count=5425 5187 480 4707 4463 373 4090 4003 3772 244 3754 3629 254 142
is_linear=0
shrinkage=0.08


Tree=51
num_leaves=15
num_cat=0
split_feature=9 16 1 4 8 15 2 14 1 8 1 9 0 1
split_gain=5.86751 3.97148 4.7485 8.79338 4.00852 3.79209 3.80344 3.80616 6.85191 10.7378 8.56285 9.16825 11.4722 9.14849
threshold=0.7250000000000002 1.0000000180025095e-35 15.500000000000002 1.0000000180025095e-35 1.5000000000000002 1.0000000180025095e-35 1.0000000180025095e-35 1.0000000180025095e-35 16.500000000000004 1.0000000180025095e-35 12.500000000000002 1.0000000180025095e-35 1.5000000000000002 7.5000000000000009
decision_type=2 2 2 2 2 2 2 2 2 2 2 2 2 2
left_child=1 4 -3 -4 5 6 7 8 10 -10 11 13 -13 -1
right_child=-2 2 3 -5 -6 -7 -8 -9 9 -11 -12 12 -14 -15
leaf_value=0.030994333443566544 0.084558387681600164 0.082768313379655775 -0.19710377563915796 0.0844010937451143 0.083468571759881954 -0.084895467235193589 -0.1297961151773955 0.0049337342511617454 -0.063127661735215945 0.079890355404197463 0.017560315872340655 -0.086844050331496267 -0.016609244170949049 -0.029943029422950906
leaf_weight=41.727726344019175 5.2034064671024671 7.3498315149918181 1.2588785290718081 1.629326128400862 3.5187624581158152 3.5253132497891775 1.4788143653422583 295.59151529427618 25.788724685087804 3.8631013780832282 80.318167011253536 18.708800433203578 72.804868511855602 25.344178110361099
leaf_count=247 238 337 6 67 90 231 19 1835 360 33 675 538 607 142
internal_value=-1.68754e-05 -0.000771848 0.0486148 -0.0382981 -0.00165477 -0.00218104 -0.00166552 -0.00132964 -0.00822357 -0.044495 -0.0037217 -0.0145003 -0.0309679 0.00796819
internal_weight=588.111 582.908 10.238 2.8882 572.67 569.151 565.626 564.147 268.556 29.6518 238.904 158.586 91.5137 67.0719
internal_count=5425 5187 410 73 4777 4687 4456 4437 2602 393 2209 1534 1145 389
is_linear=0
shrinkage=0.08


Tree=52
num_leaves=15
num_cat=0
split_feature=10 17 7 1 11 1 13 13 1 1 18 1 1 1
split_gain=5.66632 5.27429 4.04188 4.10357 3.988 7.92343 5.37033 5.30326 5.03302 7.60087 5.00242 11.0059 18.0822 5.68994
threshold=0.68500000000000016 1.0000000180025095e-35 0.87500000000000011 25.500000000000004 1.0000000180025095e-35 13.500000000000002 1.0000000180025095e-35 1.0000000180025095e-35 16.500000000000004 15.500000000000002 1.0000000180025095e-35 10.500000000000002 11.500000000000002 12.500000000000002
decision_type=2 2 2 2 2 2 2 2 2 2 2 2 2 2
left_child=2 -2 -1 4 5 7 -7 -4 9 -8 -6 -12 -13 -14
right_child=1 -3 3 -5 10 6 8 -9 -10 -11 11 12 13 -15
leaf_value=0.076049876177457176 0.081898683914014128 -0.082840097341255733 0.0062102524427387184 -0.097877066102939794 0.0058713908991554929 -0.067996336420686115 -0.047181684669283339 -0.035358327950083271 -0.070848120959725064 0.13667822526746631 -0.11297593444585942 0.066098191283069291 -0.1300392146703982 -0.029253762559298773
leaf_weight=4.3161217728629699 8.8599337050691211 1.4469345635734505 91.832758526783437 2.8227745415642849 372.62151294760406 23.156514299102128 2.7222606204450113 24.986767757683992 3.5676077557727695 3.0527636632323265 7.2072484605014315 14.220413815230129 4.4177421927452114 19.019228283315897
leaf_count=40 560 88 1053 50 2036 448 61 703 116 51 38 64 18 99
internal_value=-1.94223e-05 0.0587718 -0.00107519 -0.00165958 -0.0011804 -0.012401 -0.04734 -0.00268094 0.00385835 0.0500094 0.00283277 -0.0224044 -0.00506992 -0.0482513
internal_weight=584.251 10.3069 573.944 569.628 566.805 149.319 32.4991 116.82 9.34263 5.77502 417.486 44.8646 37.6574 23.437
internal_count=5425 648 4777 4737 4687 2432 676 1756 228 112 2255 219 181 117
is_linear=0
shrinkage=0.08


Tree=53
num_leaves=15
num_cat=0
split_feature=9 10 17 10 10 12 8 15 2 14 6 6 6 0
split_gain=5.27182 3.63671 4.69116 3.74431 5.23455 3.912 3.50621 3.45867 3.2769 3.14606 2.98735 2.9145 8.00548 5.7919
threshold=0.7250000000000002 0.68500000000000016 1.0000000180025095e-35 0.67500000000000016 1.0000000180025095e-35 2.5000000000000004 1.5000000000000002 1.0000000180025095e-35 1.0000000180025095e-35 1.0000000180025095e-35 1.4166500000000002 0.22500000000000003 0.58335000000000015 2.5000000000000004
decision_type=2 2 2 2 2 2 2 2 2 2 2 2 2 2
left_child=1 3 -3 4 6 -6 7 8 11 10 -5 -1 -13 -14
right_child=-2 2 -4 9 5 -7 -8 -9 -10 -11 -12 12 13 -15
leaf_value=-9.2481129470429208e-05 0.084303169575034559 0.081944459610042875 -0.082631489616103837 -0.068489606925638283 0.076688756036411579 -0.0049793810022696625 0.083112180940395949 -0.084525890774656637 -0.13009900925816692 0.089598479100174905 0.12684907581293031 -0.090823272099186267 0.021971611272343091 -0.08416656464793898
leaf_weight=504.61058176029474 4.706582215614616 6.4404298216104499 1.3389242636039851 10.185072022490198 9.6422280669212324 6.1468604309484354 3.0919504165649405 3.2559656291268757 1.2715017870068539 0.99844551831483919 0.52698560059070665 8.6187256202101725 16.600299257785085 4.1039442196488372
leaf_count=3495 238 392 88 227 317 56 87 231 18 13 4 104 136 19
internal_value=-2.11593e-05 -0.000709192 0.0536189 -0.0014519 -0.000511248 0.0448945 -0.00183506 -0.00232285 -0.00182276 -0.0462205 -0.0588798 -0.00151728 -0.0260363 0.000933163
internal_weight=581.538 576.832 7.77935 569.053 557.342 15.7891 541.553 538.461 535.205 11.7105 10.7121 533.934 29.323 20.7042
internal_count=5425 5187 480 4707 4463 373 4090 4003 3772 244 231 3754 259 155
is_linear=0
shrinkage=0.08


Tree=54
num_leaves=15
num_cat=0
split_feature=9 7 1 17 8 15 2 16 1 4 14 1 8 1
split_gain=4.84393 3.66652 3.82069 3.80393 3.31864 3.25489 3.07369 3.0072 5.65742 5.64148 3.09848 5.74906 10.2353 7.22553
threshold=0.7250000000000002 0.87500000000000011 25.500000000000004 1.0000000180025095e-35 1.5000000000000002 1.0000000180025095e-35 1.0000000180025095e-35 1.0000000180025095e-35 15.500000000000002 1.0000000180025095e-35 1.0000000180025095e-35 16.500000000000004 1.0000000180025095e-35 12.500000000000002
decision_type=2 2 2 2 2 2 2 2 2 2 2 2 2 2
left_child=1 3 4 -1 5 6 7 10 -9 -10 11 13 -13 -3
right_child=-2 2 -4 -5 -6 -7 -8 8 9 -11 -12 12 -14 -15
leaf_value=0.094713237887111043 0.083982325911627298 -0.013831413348540839 -0.097698237796911794 -0.11445053031423973 0.082942992939242011 -0.084232431200391547 -0.12514183551011948 0.082608438907382634 -0.17652639317319774 0.083596296043857432 0.0043670637052131041 -0.067673396497626145 0.077582786362058828 0.015934217283390957
leaf_weight=4.3252967093139878 4.3606479079462579 155.77780097490177 2.6166054327040902 0.63862883299589146 3.0121302288025609 3.0091851372271767 1.2696200553327788 6.631037703715263 1.254368841648102 0.92863796465098847 292.65938202477992 20.052810929249976 3.6733802184462538 78.49325137026608
leaf_count=73 238 1532 49 5 90 230 19 333 6 43 1811 298 33 665
internal_value=-1.60246e-05 -0.000653776 -0.0012506 0.0678035 -0.00080532 -0.00125279 -0.000807484 -0.000525329 0.0458338 -0.0658718 -0.00126737 -0.0076588 -0.0451843 -0.00385835
internal_weight=578.703 574.342 569.378 4.96393 566.762 563.749 560.74 559.471 8.81404 2.18301 550.657 257.997 23.7262 234.271
internal_count=5425 5187 5109 78 5060 4970 4740 4721 382 49 4339 2528 331 2197
is_linear=0
shrinkage=0.08


Tree=55
num_leaves=15
num_cat=0
split_feature=10 17 7 1 11 1 1 9 13 6 1 18 1 1
split_gain=4.60619 4.34814 3.33031 3.36569 3.1607 6.51095 4.75323 8.86791 4.57155 4.47525 4.71661 4.20765 9.50677 15.3948
threshold=0.68500000000000016 1.0000000180025095e-35 0.87500000000000011 25.500000000000004 1.0000000180025095e-35 13.500000000000002 8.5000000000000018 1.0000000180025095e-35 1.0000000180025095e-35 0.58335000000000015 14.500000000000002 1.0000000180025095e-35 10.500000000000002 11.500000000000002
decision_type=2 2 2 2 2 2 2 2 2 2 2 2 2 2
left_child=2 -2 -1 4 5 6 7 -4 9 -7 -11 -6 -13 -14
right_child=1 -3 3 -5 11 8 -8 -9 -10 10 -12 12 13 -15
leaf_value=0.072128784218944988 0.081565589981032569 -0.082190946306898133 0.081809591264168952 -0.094492078527498496 0.005358854844717164 -0.090891959716349571 0.0032755583013999081 -0.084459629716787832 0.0042646347741125516 -0.1493208119140064 0.01248779802623122 -0.10566434526051904 0.062202906179759668 -0.043992750598434445
leaf_weight=3.9697516756132236 7.3187590329907817 1.2091863639652727 2.6030976176261893 2.4748264178633681 370.58532920107245 13.898475393187256 102.63561248918995 9.7137316954322142 9.0025014323182422 1.3969643507152785 6.6002298034727573 7.0825769565999499 13.890232194215058 23.546972464770079
leaf_count=40 560 88 128 50 2036 384 1167 461 228 9 55 38 64 117
internal_value=-1.14619e-05 0.0583464 -0.000888572 -0.00140303 -0.000992338 -0.0111231 -0.00235985 -0.0493195 -0.0437256 -0.063457 -0.0157772 0.00256719 -0.0206708 -0.00459124
internal_weight=575.928 8.52795 567.4 563.431 560.956 145.851 114.952 12.3168 30.8982 21.8957 7.99719 415.105 44.5198 37.4372
internal_count=5425 648 4777 4737 4687 2432 1756 589 676 448 64 2255 219 181
is_linear=0
shrinkage=0.08


Tree=56
num_leaves=15
num_cat=0
split_feature=9 16 1 4 8 15 13 1 14 11 7 1 9 12
split_gain=4.27738 3.20201 3.91485 5.65769 3.07553 2.93505 2.7973 5.84472 4.93559 3.71622 3.62673 4.72217 3.78276 3.72621
threshold=0.7250000000000002 1.0000000180025095e-35 15.500000000000002 1.0000000180025095e-35 1.5000000000000002 1.0000000180025095e-35 1.0000000180025095e-35 5.5000000000000009 1.0000000180025095e-35 1.0000000180025095e-35 0.87500000000000011 14.500000000000002 1.0000000180025095e-35 1.5000000000000002
decision_type=2 2 2 2 2 2 2 2 2 2 2 2 2 2
left_child=1 4 -3 -4 5 6 10 -8 -9 -10 -1 -12 -13 -14
right_child=-2 2 3 -5 -6 -7 7 8 9 -11 11 12 13 -15
leaf_value=0.086588074696972286 0.08365104956030335 0.082415313582718155 -0.15886586778738204 0.083547073102731115 0.08269470725361916 -0.08400894352404896 -0.058707641311155356 -0.022712902647505456 -0.082622041854626446 0.012240722800367351 0.0057501214320303156 0.16329531392960353 -0.057995684981853791 -0.010146586289349122
leaf_weight=3.2214686851948491 3.8840540261007837 6.0899678571149689 1.2265079766511919 1.2382686417549846 2.7741576433181754 2.7621696391142896 14.70141632389277 58.586280442308635 2.7484762463718644 68.839260153472424 323.17348125390708 0.7496945858001699 12.222599305212496 70.468003067187965
leaf_count=40 238 337 6 67 90 231 156 888 120 318 2140 3 283 508
internal_value=-1.68233e-05 -0.000588148 0.0479862 -0.0370811 -0.00132986 -0.00174799 -0.00133838 -0.0108934 -0.00549347 0.00859865 0.00203931 0.00136946 -0.0155973 -0.0172192
internal_weight=572.686 568.802 8.55474 2.46478 560.247 557.473 554.711 144.875 130.174 71.5877 409.835 406.614 83.4403 82.6906
internal_count=5425 5187 410 73 4777 4687 4456 1482 1326 438 2974 2934 794 791
is_linear=0
shrinkage=0.08


Tree=57
num_leaves=15
num_cat=0
split_feature=10 17 8 15 9 10 10 4 6 6 6 1 0 7
split_gain=4.05942 3.94265 2.7952 2.73593 2.68173 3.13963 4.18219 3.76171 2.669 2.6112 7.43756 5.24935 8.22101 9.46887
threshold=0.68500000000000016 1.0000000180025095e-35 1.5000000000000002 1.0000000180025095e-35 0.7250000000000002 0.67500000000000016 1.0000000180025095e-35 1.0000000180025095e-35 1.4166500000000002 0.22500000000000003 0.58335000000000015 10.500000000000002 2.5000000000000004 0.87500000000000011
decision_type=2 2 2 2 2 2 2 2 2 2 2 2 2 2
left_child=2 -2 3 4 5 6 9 -8 -7 -1 -11 -12 -13 -14
right_child=1 -3 -4 -5 -6 8 7 -9 -10 10 11 12 13 -15
leaf_value=-0.00013917929200166126 0.081409851844657488 -0.081993324090179981 0.082481187635041864 -0.083736629440756105 0.084800270187773363 -0.053105217705003004 -0.043508226445969758 0.060998049835541475 0.11876795618870924 -0.089760337378365543 -0.084692453111280749 0.051778231023708016 0.11233115125826869 -0.15822369147743154
leaf_weight=500.09612097870559 6.552318670321255 1.1043077814392743 2.5672303307801476 2.5577604076825073 2.3321041660383335 10.368033186066892 2.7007922977209065 11.992334804497659 0.61239961907267648 8.1235810890793818 3.7536004446446922 12.617310121655466 1.1668253801763055 2.8499963581562033
leaf_count=3513 560 88 90 231 70 238 12 358 6 104 44 92 7 12
internal_value=-1.5621e-05 0.0578424 -0.00080424 -0.00118661 -0.000807279 -0.00116747 -0.000311507 0.0417884 -0.0435195 -0.00148171 -0.0250301 0.000761942 0.0200453 -0.0796316
internal_weight=569.395 7.65663 561.738 559.171 556.613 554.281 543.301 14.6931 10.9804 528.607 28.5113 20.3877 16.6341 4.01682
internal_count=5425 648 4777 4687 4456 4386 4142 370 244 3772 259 155 111 19
is_linear=0
shrinkage=0.08


Tree=58
num_leaves=15
num_cat=0
split_feature=10 17 16 1 4 10 10 6 14 4 1 6 1 18
split_gain=3.73779 3.63416 2.57281 3.35467 5.14694 2.78791 3.4665 3.40606 4.11165 3.26549 3.20761 8.10475 7.74231 8.16867
threshold=0.68500000000000016 1.0000000180025095e-35 1.0000000180025095e-35 15.500000000000002 1.0000000180025095e-35 0.67500000000000016 1.0000000180025095e-35 0.58335000000000015 1.0000000180025095e-35 1.0000000180025095e-35 12.500000000000002 0.45000000000000007 11.500000000000002 1.0000000180025095e-35
decision_type=2 2 2 2 2 2 2 2 2 2 2 2 2 2
left_child=2 -2 5 -4 -5 6 10 8 -8 -10 11 12 -1 -14
right_child=1 -3 3 4 -6 -7 7 -9 9 -11 -12 -13 13 -15
leaf_value=-6.416041471669776e-05 0.081301439330864547 -0.081844076786113135 0.082500067630615015 -0.14964656829465292 0.083392164805193125 -0.041829911690468187 -0.16464221395692996 0.072899808590368695 -0.034501553158650326 0.097378268791060582 0.0066904951358536481 -0.067225930555838587 -0.021266322242967699 -0.12736939624304283
leaf_weight=297.07134012877941 6.0562908546999088 1.0211881548166273 5.1060469783842555 1.1989274024963381 1.2276499010622499 10.691730746999381 0.90121041610836794 7.9898230489343405 2.8443319872021675 2.0806222893297672 190.31569952843711 13.41763962805271 20.748802632093433 5.982848346233367
leaf_count=2181 560 88 256 6 44 237 7 284 15 18 1420 155 130 24
internal_value=-1.18483e-05 0.0577617 -0.000742563 0.0456959 -0.031748 -0.00137621 -0.000577252 0.0389804 -0.00753562 0.0212131 -0.00161325 -0.0062996 -0.00377496 -0.0450134
internal_weight=566.654 7.07748 559.577 7.53262 2.42658 552.044 541.352 13.816 5.82616 4.92495 527.536 337.221 323.803 26.7317
internal_count=5425 648 4777 306 50 4471 4234 324 40 33 3910 2490 2335 154
is_linear=0
shrinkage=0.08


Tree=59
num_leaves=15
num_cat=0
split_feature=9 2 15 8 16 1 4 14 8 13 1 1 9 1
split_gain=3.48655 2.70172 2.56279 2.52415 2.53976 3.41504 4.27111 2.65847 4.68018 8.73526 8.24382 7.35933 9.75725 9.52359
threshold=0.7250000000000002 1.0000000180025095e-35 1.0000000180025095e-35 1.5000000000000002 1.0000000180025095e-35 15.500000000000002 1.0000000180025095e-35 1.0000000180025095e-35 1.0000000180025095e-35 1.0000000180025095e-35 16.500000000000004 12.500000000000002 1.0000000180025095e-35 8.5000000000000018
decision_type=2 2 2 2 2 2 2 2 2 2 2 2 2 2
left_child=1 2 3 4 7 -6 -7 8 10 -10 11 12 -1 -14
right_child=-2 -3 -4 -5 5 6 -8 -9 9 -11 -12 -13 13 -15
leaf_value=0.0071856669630240132 0.083197965406583071 -0.12265795297753322 -0.083447129437688186 0.082300144231732944 0.082153948134693608 -0.14176934060499238 0.082877328411518264 0.0044056715961599451 0.067541070775945275 -0.075881959567763252 -0.055114915689142667 0.015321093828090585 -0.085983833891227893 -0.019329233380147665
leaf_weight=65.933644600212574 3.2050790572538963 1.155928905121981 2.3583143888972691 2.3820792417973271 5.1410666699521235 1.1656565666198733 1.0118224341422317 289.94946425873786 12.197478186339138 3.496989279985427 22.951420261524618 76.418833858333528 17.833072574809194 59.465803313069046
leaf_count=389 238 19 231 90 337 6 67 1835 90 16 360 657 434 656
internal_value=-3.84892e-06 -0.000478803 -0.000226743 0.00012501 -0.00022733 0.0465887 -0.0373814 -0.000852277 -0.00675454 0.035584 -0.00949351 -0.00472652 -0.0154225 -0.0347066
internal_weight=564.667 561.462 560.306 557.947 555.565 7.31855 2.17748 548.247 258.297 15.6945 242.603 219.651 143.233 77.2989
internal_count=5425 5187 5168 4937 4847 410 73 4437 2602 106 2496 2136 1479 1090
is_linear=0
shrinkage=0.08


Tree=60
num_leaves=15
num_cat=0
split_feature=10 17 7 4 6 6 2 8 9 1 10 0 17 0
split_gain=3.37869 3.31441 2.56198 2.8858 2.79047 9.21224 4.19642 4.02602 3.53129 3.57156 4.13055 5.52382 5.03831 3.43979
threshold=0.68500000000000016 1.0000000180025095e-35 0.87500000000000011 1.5000000000000002 0.87500000000000011 1.0000000180025095e-35 1.0000000180025095e-35 1.0000000180025095e-35 1.0000000180025095e-35 10.500000000000002 0.67500000000000016 2.5000000000000004 1.0000000180025095e-35 1.5000000000000002
decision_type=2 2 2 2 2 2 2 2 2 2 2 2 2 2
left_child=2 -2 -1 4 5 13 7 -7 -6 -10 11 12 -11 -4
right_child=1 -3 3 -5 8 6 -8 -9 9 10 -12 -13 -14 -15
leaf_value=0.066657466427777201 0.081238182597926215 -0.081678702830038821 -0.0087228382837928903 -0.077916637778546127 0.081899879952073859 -0.080026062684008081 0.083227650652296925 0.095780909966085695 -0.066463308505758503 0.07810639568966514 -0.028892054161431646 -0.12294017561446351 -0.087666837777343729 0.0050080533250298851
leaf_weight=3.5932738021947435 5.5073366668075314 0.93485863739624608 185.16236665099859 3.1133553693070999 5.3674703510478166 15.172235196456317 1.2253339430317272 0.88211759179830629 3.3524573314934996 11.786206008866428 6.786680686287581 1.1274799518287189 1.3031025938689715 316.10495892120525
leaf_count=40 560 88 1420 29 270 325 50 12 51 107 52 9 19 2393
internal_value=-5.99176e-06 0.0575965 -0.000674644 -0.00111344 -0.000677309 -0.00204374 -0.0594746 -0.0703662 0.0231611 0.0102164 0.0224556 0.0469675 0.0616029 -6.39796e-05
internal_weight=561.419 6.4422 554.977 551.384 548.27 518.547 17.2797 16.0544 29.7234 24.3559 21.0035 14.2168 13.0893 501.267
internal_count=5425 648 4777 4737 4708 4200 387 337 508 238 187 135 126 3813
is_linear=0
shrinkage=0.08


Tree=61
num_leaves=15
num_cat=0
split_feature=10 17 8 15 7 1 17 4 6 6 2 14 10 9
split_gain=3.11188 3.05565 2.34377 2.31845 2.23298 2.85992 2.6524 2.24621 2.6019 8.21079 3.69539 3.9291 5.06703 3.21314
threshold=0.68500000000000016 1.0000000180025095e-35 1.5000000000000002 1.0000000180025095e-35 0.87500000000000011 25.500000000000004 1.0000000180025095e-35 1.5000000000000002 0.87500000000000011 0.22500000000000003 1.0000000180025095e-35 1.0000000180025095e-35 1.0000000180025095e-35 1.0000000180025095e-35
decision_type=2 2 2 2 2 2 2 2 2 2 2 2 2 2
left_child=2 -2 3 4 6 7 -1 8 9 -6 11 -11 -13 -10
right_child=1 -3 -4 -5 5 -7 -8 -9 13 10 -12 12 -14 -15
leaf_value=0.087988670747328177 0.081143090679340057 -0.081552587662546402 0.082089721113452682 -0.083325547543818546 0.00024715985000578396 -0.092364791316773082 -0.13213381087485815 -0.07022790784954204 0.081751005692730305 -0.1214252325197594 0.082998169060173058 -0.094014444287357141 0.022029482441227474 0.010905531103161937
leaf_weight=3.100477568339556 5.0896287881769231 0.86426374362781633 2.1840288005769244 2.1779326759278765 495.36376819573343 2.1853348677977911 0.39497072994709004 2.9544446514919391 4.9634564295411137 5.5474407523870459 1.1166690671816475 4.8937554322183132 4.7413656190037727 23.475545880384743
leaf_count=38 560 88 90 231 3467 49 2 28 270 208 49 83 30 232
internal_value=-1.31863e-06 0.0575263 -0.00062058 -0.000948474 -0.00062152 -0.00103013 0.0631158 -0.000662585 -0.000282052 -0.00159112 -0.0574599 -0.0677905 -0.0369102 0.0232702
internal_weight=559.053 5.95389 553.099 550.915 548.737 545.242 3.49545 543.056 540.102 511.663 16.2992 15.1826 9.63512 28.439
internal_count=5425 648 4777 4687 4456 4416 40 4367 4339 3837 370 321 113 502
is_linear=0
shrinkage=0.08


Tree=62
num_leaves=15
num_cat=0
split_feature=10 17 8 15 16 1 4 14 1 9 8 13 1 1
split_gain=2.86714 2.81736 2.15617 2.13694 1.99567 3.01428 3.85962 2.15386 4.6316 5.47619 4.3965 7.58406 6.13232 7.67125
threshold=0.68500000000000016 1.0000000180025095e-35 1.5000000000000002 1.0000000180025095e-35 1.0000000180025095e-35 15.500000000000002 1.0000000180025095e-35 1.0000000180025095e-35 4.5000000000000009 1.0000000180025095e-35 1.0000000180025095e-35 1.0000000180025095e-35 16.500000000000004 12.500000000000002
decision_type=2 2 2 2 2 2 2 2 2 2 2 2 2 2
left_child=2 -2 3 4 7 -6 -7 8 9 -1 12 -12 13 -10
right_child=1 -3 -4 -5 5 6 -8 -9 10 -11 11 -13 -14 -15
leaf_value=0.09788307778609813 0.081055296620441614 -0.081435754148241321 0.081925225039000266 -0.083096704730569598 0.082216213610606256 -0.13522096686615184 0.082627430004112934 0.0036142537497610228 -0.018256568201635334 -0.085348316755219394 0.064287491121892415 -0.069235536864691125 -0.051270710695585073 0.013752873980110759
leaf_weight=5.1189722139388323 4.7032020592596373 0.79891418619081367 2.0199964866042128 2.0157979123760006 4.2974940794520071 1.1293894350528719 0.96541894041001786 288.82054277416319 133.6989518776536 1.3113116733729828 11.731029041111467 3.5452936440706244 21.91728921700269 74.683101133443415
leaf_count=49 560 88 90 231 256 6 44 1782 1321 36 90 16 324 532
internal_value=-2.26667e-06 0.0574614 -0.000575816 -0.000879242 -0.000576376 0.0438616 -0.0348228 -0.00110161 -0.0065064 0.0605172 -0.00826138 0.0332998 -0.0110182 -0.00678454
internal_weight=556.757 5.50212 551.255 549.235 547.219 6.3923 2.09481 540.826 252.006 6.43028 245.576 15.2763 230.299 208.382
internal_count=5425 648 4777 4687 4456 306 50 4150 2368 85 2283 106 2177 1853
is_linear=0
shrinkage=0.08


Tree=63
num_leaves=15
num_cat=0
split_feature=9 2 15 7 17 1 8 6 6 0 17 14 4 0
split_gain=2.78688 2.45629 2.00188 1.96687 2.81849 2.58956 1.95535 1.7458 9.59331 6.78614 4.06198 3.64595 4.89247 2.99211
threshold=0.7250000000000002 1.0000000180025095e-35 1.0000000180025095e-35 0.87500000000000011 1.0000000180025095e-35 25.500000000000004 1.5000000000000002 0.87500000000000011 0.22500000000000003 2.5000000000000004 1.0000000180025095e-35 1.0000000180025095e-35 1.0000000180025095e-35 1.5000000000000002
decision_type=2 2 2 2 2 2 2 2 2 2 2 2 2 2
left_child=1 2 3 4 -1 6 7 8 13 10 -9 -10 -13 -5
right_child=-2 -3 -4 5 -6 -7 -8 9 11 -11 -12 12 -14 -15
leaf_value=0.085306507197207296 0.082918981522253493 -0.12028415654777883 -0.082881923764348359 -0.0075874457822891666 -0.11591460184518082 -0.092042552542426534 0.081773954978096822 0.032892885542686275 -0.11972183040438253 -0.13879453836941069 -0.084877804045658922 -0.070763110065113016 0.06075949992646406 0.0053022272445816766
leaf_weight=3.2514295382425185 2.5821478995494536 1.0913815991953004 1.8654429560992856 183.90236606262624 0.51623501256108273 1.960524677298962 1.868001116439699 30.181170571129769 5.1460228171199534 1.691971868276595 1.9984225293155748 6.7974784765392542 2.4670903421938419 308.78914909157902
leaf_count=73 238 19 231 1339 5 48 90 830 208 7 114 87 26 2110
internal_value=1.91034e-06 -0.000386292 -0.000148564 0.000132776 0.0577357 -0.000265586 6.58749e-05 -0.000216266 -0.00139081 0.0173682 0.0255791 -0.0657296 -0.0357396 0.000491019
internal_weight=554.109 551.527 550.435 548.57 3.76766 544.802 542.842 540.974 507.102 33.8716 32.1796 14.4106 9.26457 492.692
internal_count=5425 5187 5168 4937 78 4859 4811 4721 3770 951 944 321 113 3449
is_linear=0
shrinkage=0.08


Tree=64
num_leaves=15
num_cat=0
split_feature=10 17 9 2 1 18 0 1 1 18 13 8 12 14
split_gain=2.57057 2.38848 1.85568 2.20076 1.96283 5.93068 8.76476 3.9627 6.22803 6.05293 4.7262 5.82578 5.31983 10.0469
threshold=0.68500000000000016 1.0000000180025095e-35 0.7250000000000002 1.0000000180025095e-35 15.500000000000002 1.0000000180025095e-35 2.5000000000000004 12.500000000000002 11.500000000000002 1.0000000180025095e-35 1.0000000180025095e-35 1.0000000180025095e-35 1.5000000000000002 1.0000000180025095e-35
decision_type=2 2 2 2 2 2 2 2 2 2 2 2 2 2
left_child=2 -2 3 4 7 -6 -7 8 10 -10 11 12 -1 -14
right_child=1 -3 -4 -5 5 6 -8 -9 9 -11 -12 -13 13 -15
leaf_value=0.010868722796873505 0.080924211731976822 -0.081188683133103387 0.083680296953325572 -0.11765104483765948 -0.003402473296409005 -0.094733322483712329 0.10385434774483807 0.014306542049220111 -0.019041921675067949 -0.10731616488150821 -0.014468390945002971 0.057087503773468024 -0.056601713626728847 0.01477569075280198
leaf_weight=155.78053031302989 4.1432430068962267 0.67664954089559604 1.6702674818225194 1.0291071096435178 72.917822810122743 9.6842504274100047 1.6672585122287262 115.79994753282517 23.32524035777897 6.3179603554308406 94.470963965635747 13.88134673796594 23.945462746545672 26.68677640799433
leaf_count=1205 560 88 70 19 697 132 15 895 168 28 1096 90 215 147
internal_value=-1.99151e-06 0.0581657 -0.000514371 -0.000772163 -0.000551253 -0.0117762 -0.0655657 0.00150416 -0.00280037 -0.0378561 0.000501025 0.00692051 0.00354676 -0.0189808
internal_weight=551.997 4.81989 547.177 545.507 544.478 84.2693 11.3515 460.208 344.408 29.6432 314.765 220.294 206.413 50.6322
internal_count=5425 648 4777 4707 4688 844 147 3844 2949 196 2753 1657 1567 362
is_linear=0
shrinkage=0.08


Tree=65
num_leaves=15
num_cat=0
split_feature=10 17 15 8 7 1 17 4 6 6 10 0 17 1
split_gain=2.36917 2.20274 1.84384 1.8006 1.74103 2.27458 2.1265 1.78926 2.01244 6.79676 3.2199 3.69779 3.32317 2.89949
threshold=0.68500000000000016 1.0000000180025095e-35 1.0000000180025095e-35 1.5000000000000002 0.87500000000000011 25.500000000000004 1.0000000180025095e-35 1.5000000000000002 0.87500000000000011 0.22500000000000003 0.67500000000000016 2.5000000000000004 1.0000000180025095e-35 12.500000000000002
decision_type=2 2 2 2 2 2 2 2 2 2 2 2 2 2
left_child=2 -2 3 4 6 7 -1 8 9 -6 11 12 13 -10
right_child=1 -3 -4 -5 5 -7 -8 -9 10 -11 -12 -13 -14 -15
leaf_value=0.082341304426746961 0.080853183515545324 -0.081098718078669946 -0.082685011122610244 0.081624244301386734 0.00028454553439137781 -0.089588545920722823 -0.12245720038646191 -0.06329075200561339 0.026614634769922398 -0.054832033962025677 -0.02638534205242634 -0.10764690312769958 -0.086512166914302496 0.091303450758243837
leaf_weight=2.8035153830423947 3.8279190273024133 0.62529108021408308 1.7405153685249377 1.7152301743626583 491.97002758458257 1.8410882987081993 0.36695528775453556 2.8902221345342687 10.868068682029856 14.748411608859895 6.9026539414189747 1.0757593400776375 1.1617019344121207 7.4910466582514337
leaf_count=38 560 88 231 90 3467 49 2 28 338 370 54 9 20 81
internal_value=-1.81597e-06 0.0581129 -0.000476173 -0.000213067 -0.000471995 -0.000819719 0.0586376 -0.000515439 -0.000175812 -0.00131966 0.0209015 0.036749 0.0447065 0.0530095
internal_weight=550.028 4.45321 545.575 543.835 542.119 538.949 3.17047 537.108 534.218 506.718 27.4992 20.5966 19.5208 18.3591
internal_count=5425 648 4777 4546 4456 4416 40 4367 4339 3837 502 448 439 419
is_linear=0
shrinkage=0.08


Tree=66
num_leaves=15
num_cat=0
split_feature=9 2 16 1 4 14 1 9 8 13 1 1 0 9
split_gain=2.36368 1.99588 1.77178 3.22587 2.98219 1.75306 3.93825 4.69785 4.1874 6.41731 5.77762 5.57108 7.76622 4.62353
threshold=0.7250000000000002 1.0000000180025095e-35 1.0000000180025095e-35 15.500000000000002 1.0000000180025095e-35 1.0000000180025095e-35 4.5000000000000009 1.0000000180025095e-35 1.0000000180025095e-35 1.0000000180025095e-35 16.500000000000004 12.500000000000002 1.5000000000000002 1.0000000180025095e-35
decision_type=2 2 2 2 2 2 2 2 2 2 2 2 2 2
left_child=1 2 5 -4 -5 6 7 -1 10 -10 11 13 -13 -8
right_child=-2 -3 3 4 -6 -7 8 -9 9 -11 -12 12 -14 -15
leaf_value=0.091453064535653883 0.082612996139064143 -0.11517095141532359 0.081884095841151 -0.12939401700458267 0.082083734170841943 0.0036375013852502172 0.00082188720130972094 -0.08475004641573794 0.061184309318577483 -0.059912904419056022 -0.050043660027231665 -0.12650415386819189 0.016506672214420644 -0.029141943424173977
leaf_weight=5.0106883365660906 2.2076543462462714 0.96688245702534814 4.163966668304055 1.0889830738306043 0.7017856363672762 288.91553386347368 60.021956756711006 1.2003867905586947 11.999492235481737 3.6533906459808341 20.805428996449336 2.5150937736034384 72.04651544848457 73.092893976019695
leaf_count=49 238 19 337 6 67 2093 340 36 141 19 360 22 635 1063
internal_value=1.05949e-06 -0.000332855 -0.000129202 0.0432698 -0.0465178 -0.000608431 -0.00550851 0.0573991 -0.00710896 0.0329202 -0.00985128 -0.00582473 0.0116827 -0.0156311
internal_weight=548.391 546.183 545.216 5.95474 1.79077 539.261 250.346 6.21108 244.135 15.6529 228.482 207.676 74.5616 133.115
internal_count=5425 5187 5168 410 73 4758 2665 85 2580 160 2420 2060 657 1403
is_linear=0
shrinkage=0.08


Tree=67
num_leaves=15
num_cat=0
split_feature=9 2 15 10 17 10 10 1 6 12 14 14 6 4
split_gain=2.17591 1.80095 1.71762 1.62273 1.96036 1.65544 2.80688 2.68797 2.67702 2.56545 2.36116 2.34898 3.99224 2.64428
threshold=0.7250000000000002 1.0000000180025095e-35 1.0000000180025095e-35 0.68500000000000016 1.0000000180025095e-35 0.67500000000000016 1.0000000180025095e-35 12.500000000000002 1.4166500000000002 2.5000000000000004 1.0000000180025095e-35 1.0000000180025095e-35 0.58335000000000015 1.0000000180025095e-35
decision_type=2 2 2 2 2 2 2 2 2 2 2 2 2 2
left_child=1 2 3 5 -5 6 -1 -7 10 -8 -9 12 -11 -13
right_child=-2 -3 -4 4 -6 7 9 8 -10 11 -12 13 -14 -15
leaf_value=-0.00052762215420569774 0.082416880470328274 -0.11265305765034177 -0.082505578753026998 0.080908023076382327 -0.081004674423027778 0.059187042790793516 0.073991508344373499 -0.078131584684844435 0.13034527899076023 -0.22364659683300114 0.089052879576513033 -0.024529636167350377 0.082967666729142492 0.0963468698285459
leaf_weight=516.1148536093533 2.0425744790118179 0.91168261226266523 1.6147467792034138 2.9267107527703042 0.57213674765080202 1.6594587848521749 6.2668042699806374 6.7793219443410635 0.47916961647570122 0.68925829231739022 0.58750033285468806 2.8193488530814648 0.4486996834166348 1.9658898990601299
leaf_count=3841 238 19 231 392 88 20 316 210 5 3 9 15 17 21
internal_value=1.6137e-06 -0.000307927 -0.000119276 0.000126485 0.0544318 -0.00022681 0.000368544 -0.0333161 -0.0528809 0.0383115 -0.0647987 0.000561695 -0.102748 0.0251293
internal_weight=545.878 543.836 542.924 541.309 3.49885 537.81 528.305 9.50545 7.84599 12.19 7.36682 5.9232 1.13796 4.78524
internal_count=5425 5187 5168 4937 480 4457 4213 244 224 372 219 56 20 36
is_linear=0
shrinkage=0.08


Tree=68
num_leaves=15
num_cat=0
split_feature=9 2 8 16 1 4 15 14 1 17 1 1 1 9
split_gain=2.00327 1.62594 1.60468 1.58464 2.9799 2.62703 1.55651 1.6605 3.8036 6.731 3.52685 5.24902 3.4134 4.10166
threshold=0.7250000000000002 1.0000000180025095e-35 1.5000000000000002 1.0000000180025095e-35 15.500000000000002 1.0000000180025095e-35 1.0000000180025095e-35 1.0000000180025095e-35 5.5000000000000009 1.0000000180025095e-35 22.500000000000004 21.500000000000004 4.5000000000000009 1.0000000180025095e-35
decision_type=2 2 2 2 2 2 2 2 2 2 2 2 2 2
left_child=1 2 3 6 -5 -6 7 12 9 -9 11 -10 13 -1
right_child=-2 -3 -4 4 5 -7 -8 8 10 -11 -12 -13 -14 -15
leaf_value=0.085850613898247843 0.082235190940043806 -0.11024178943822939 0.081459715877033434 0.081749260048187791 -0.12420449020830061 0.081985160395339943 -0.082328390989679368 -0.0367336236209444 0.0063398299422509708 0.11750054397927578 0.088361052828114531 -0.14618396775788686 -0.006838229952891438 -0.084373842751673464
leaf_weight=4.8832475244998932 1.8895308142527927 0.85924685187637706 1.5392650421708811 3.7955369690898797 1.0451597794890402 0.63618830568157125 1.4936773646622885 24.469563251361254 255.09028507582843 1.9556464701890934 3.3282612636685363 1.4522744044661511 241.00033831363544 1.1122812256216992
leaf_count=49 238 19 90 337 6 67 231 162 1609 9 43 12 2517 36
internal_value=5.55089e-06 -0.00028077 -0.000106383 -0.000338773 0.0424743 -0.0461865 -0.000777233 -0.00054882 0.00359751 -0.0253192 0.00653793 0.0054764 -0.00535488 0.0542708
internal_weight=544.551 542.661 541.802 540.262 5.47689 1.68135 534.786 533.292 286.296 26.4252 259.871 256.543 246.996 5.99553
internal_count=5425 5187 5168 5078 410 73 4668 4437 1835 171 1664 1621 2602 85
is_linear=0
shrinkage=0.08


Tree=69
num_leaves=15
num_cat=0
split_feature=10 17 7 1 17 11 18 14 0 0 10 17 1 14
split_gain=1.93612 1.83968 1.52817 1.99756 1.8935 1.75444 4.42428 8.19804 4.76657 3.81816 4.53744 3.72916 6.98864 6.14422
threshold=0.68500000000000016 1.0000000180025095e-35 0.87500000000000011 25.500000000000004 1.0000000180025095e-35 1.0000000180025095e-35 1.0000000180025095e-35 1.0000000180025095e-35 1.5000000000000002 2.5000000000000004 0.67500000000000016 1.0000000180025095e-35 10.500000000000002 1.0000000180025095e-35
decision_type=2 2 2 2 2 2 2 2 2 2 2 2 2 2
left_child=2 -2 4 5 -1 6 7 8 -4 10 -10 -7 -13 -14
right_child=1 -3 3 -5 -6 11 -8 -9 9 -11 -12 12 13 -15
leaf_value=0.080782395571295948 0.080761958197518857 -0.080922334991522002 -0.068587153311645679 -0.088148982400445566 -0.11863448410839914 0.0008976199669800775 0.013949579976293758 -0.079710973276308883 0.008656898596035769 -0.082059650643811752 -0.058806765253403004 0.10123634340866929 0.12073046605254147 -0.084678639185884003
leaf_weight=2.5824442983139302 3.1652760289143766 0.52510427683591832 7.7209997484460464 1.666642220225184 0.3455047458410262 391.20053940359503 39.616681905463338 11.991602058755232 62.121639479417354 3.665043757762759 7.1107861073687664 6.5146384835243207 1.2931039184331892 3.3372249752283096
leaf_count=38 560 88 507 50 2 2204 429 507 703 67 219 30 6 15
internal_value=7.6028e-06 0.0577559 -0.000387661 -0.000702376 0.0572507 -0.000429743 -0.00842433 -0.0179954 -0.00881554 -0.00248477 0.00172778 0.0021976 0.0478282 -0.0273144
internal_weight=542.857 3.69038 539.167 536.239 2.92795 534.572 132.227 92.6101 80.6185 72.8975 69.2324 402.346 11.145 4.63033
internal_count=5425 648 4777 4737 40 4687 2432 2003 1496 989 922 2255 51 21
is_linear=0
shrinkage=0.08


Tree=70
num_leaves=15
num_cat=0
split_feature=9 16 1 4 8 2 15 14 1 17 1 1 1 1
split_gain=1.84304 1.55762 2.58164 2.25538 1.49851 1.4523 1.3677 1.40115 3.38259 5.40939 3.23167 3.12048 4.57559 3.08518
threshold=0.7250000000000002 1.0000000180025095e-35 15.500000000000002 1.0000000180025095e-35 1.5000000000000002 1.0000000180025095e-35 1.0000000180025095e-35 1.0000000180025095e-35 5.5000000000000009 1.0000000180025095e-35 21.500000000000004 22.500000000000004 21.500000000000004 11.500000000000002
decision_type=2 2 2 2 2 2 2 2 2 2 2 2 2 2
left_child=1 4 -3 -4 5 6 7 10 9 -9 -1 12 13 -10
right_child=-2 2 3 -5 -6 -7 -8 8 11 -11 -12 -13 -14 -15
leaf_value=-0.0037164824948988312 0.082192812215978933 0.081633668537816423 -0.11699240150482186 0.081899233007508232 0.081344442376699216 -0.10801061992600211 -0.082154882211301447 -0.034006812523028292 0.013387876909992736 0.11013293196101991 -0.072468901063241872 0.084085544474528956 -0.1389144031113009 -0.0044513686877695469
leaf_weight=241.24099472584203 1.740506674395873 3.5301146365236482 0.96906635910272576 0.58527615573257208 1.4215979576110829 0.80894365534186263 1.3172386111691583 24.355424623005096 146.94134922232479 1.7887081950902928 4.4563641482964149 3.2384081948548546 1.4049588292837132 107.3899476537481
leaf_count=2523 238 337 6 67 90 19 231 162 852 9 79 43 12 757
internal_value=2.59602e-06 -0.000262587 0.0438073 -0.0421012 -0.000681911 -0.000900712 -0.000737885 -0.000535846 0.00327962 -0.0241452 -0.00496349 0.00604822 0.00506002 0.00585536
internal_weight=541.189 539.448 5.08446 1.55434 534.364 532.942 532.133 530.816 285.119 26.1441 245.697 258.975 255.736 254.331
internal_count=5425 5187 410 73 4777 4687 4668 4437 1835 171 2602 1664 1621 1609
is_linear=0
shrinkage=0.08


Tree=71
num_leaves=15
num_cat=0
split_feature=10 17 16 1 4 8 7 1 4 10 6 5 0 17
split_gain=1.74822 1.68237 1.39109 2.15221 2.24298 1.38311 1.30873 1.74492 1.622 1.46951 2.86105 5.52074 3.1537 2.77744
threshold=0.68500000000000016 1.0000000180025095e-35 1.0000000180025095e-35 15.500000000000002 1.0000000180025095e-35 1.5000000000000002 0.87500000000000011 25.500000000000004 1.5000000000000002 0.67500000000000016 0.87500000000000011 1.0000000180025095e-35 2.5000000000000004 1.0000000180025095e-35
decision_type=2 2 2 2 2 2 2 2 2 2 2 2 2 2
left_child=2 -2 5 -4 -5 6 -1 8 9 10 11 -8 13 -12
right_child=1 -3 3 4 -6 -7 7 -9 -10 -11 12 -13 -14 -15
leaf_value=0.054896018815909269 0.080715370255187185 -0.080835452621269607 0.081586473725405492 -0.11333329051602929 0.081788008550958469 0.081239512713190951 -0.00016197160071605075 -0.088061099215962044 -0.062526914927313174 -0.034604407238939379 0.046456438803940306 -0.064704243757519861 -0.11077208657850003 -0.086140877229214374
leaf_weight=2.6729324366897336 2.876547698047943 0.48163275257684279 3.1095796527806661 0.9222457632422445 0.63780363090336323 1.3139264965429891 488.17693475936539 1.4768186204601068 2.7262514298781744 8.0369162063579989 16.555716845206923 8.6317792905028892 0.95677860639989276 1.0767651181668032
leaf_count=30 560 88 256 6 44 90 3542 49 22 228 344 140 6 20
internal_value=4.14905e-06 0.0575456 -0.000356165 0.0431176 -0.0335608 -0.000738026 -0.000941138 -0.001224 -0.000980267 -0.000659709 -0.000130388 -0.00128336 0.0306834 0.0383591
internal_weight=539.653 3.35818 536.294 4.66963 1.56005 531.625 530.311 527.638 526.161 523.435 515.398 496.809 18.5893 17.6325
internal_count=5425 648 4777 306 50 4471 4381 4351 4302 4280 4052 3682 370 364
is_linear=0
shrinkage=0.08


Tree=72
num_leaves=15
num_cat=0
split_feature=9 2 0 9 1 1 1 13 17 14 1 1 13 14
split_gain=1.69148 1.32602 1.39218 21.5191 9.34007 8.06858 4.20552 4.63137 4.05816 3.40638 3.23617 3.07454 3.40142 5.48481
threshold=0.7250000000000002 1.0000000180025095e-35 1.5000000000000002 1.0000000180025095e-35 8.5000000000000018 6.5000000000000009 14.500000000000002 1.0000000180025095e-35 1.0000000180025095e-35 1.0000000180025095e-35 12.500000000000002 5.5000000000000009 1.0000000180025095e-35 1.0000000180025095e-35
decision_type=2 2 2 2 2 2 2 2 2 2 2 2 2 2
left_child=1 2 3 4 8 -4 7 10 11 -9 -6 12 13 -1
right_child=-2 -3 5 -5 6 -7 -8 9 -10 -11 -12 -13 -14 -15
leaf_value=0.080896391994515829 0.082166733711068057 -0.10591169274741592 -0.093995974333917154 -0.087218420432059587 -0.016255692481126491 0.0044106722057911151 0.080264395717573864 -0.022117800507346432 0.087568846965802596 -0.13195342103564872 -0.1374782320239927 0.018525817408974566 -0.044585185522700459 -0.0132454961428412
leaf_weight=5.1675851643085506 1.5989010327029962 0.75891423085704346 5.4163810163736335 18.639766079839319 26.476480972021822 344.20440948929172 2.0359418839216223 2.827983319759368 4.579049438238143 5.0060422802343965 1.4886827841401089 91.274316576309502 11.705007136333732 16.959424952045083
leaf_count=67 238 19 26 747 139 3426 9 15 21 27 7 495 84 105
internal_value=5.6015e-06 -0.00023924 -8.95593e-05 -0.00567811 0.00339476 0.00288614 -0.0315779 -0.0379385 0.0135979 -0.0923042 -0.0227088 0.0108905 -0.00970876 0.00874058
internal_weight=538.139 536.54 535.781 186.16 167.521 349.621 37.8351 35.7992 129.685 7.83403 27.9652 125.106 33.832 22.127
internal_count=5425 5187 5168 1716 969 3452 197 188 772 42 146 751 256 172
is_linear=0
shrinkage=0.08


Tree=73
num_leaves=15
num_cat=0
split_feature=10 17 15 8 16 1 4 11 18 14 1 1 1 1
split_gain=1.5716 1.55434 1.25745 1.25116 1.25359 2.01831 1.99643 1.16741 3.60741 7.73716 4.00418 4.56444 3.53907 8.0833
threshold=0.68500000000000016 1.0000000180025095e-35 1.0000000180025095e-35 1.5000000000000002 1.0000000180025095e-35 15.500000000000002 1.0000000180025095e-35 1.0000000180025095e-35 1.0000000180025095e-35 1.0000000180025095e-35 8.5000000000000018 9.5000000000000018 10.500000000000002 9.5000000000000018
decision_type=2 2 2 2 2 2 2 2 2 2 2 2 2 2
left_child=2 -2 3 4 7 -6 -7 8 9 10 -1 -12 13 -10
right_child=1 -3 -4 -5 5 6 -8 -9 12 -11 11 -13 -14 -15
leaf_value=-0.073381358694275894 0.080660009054813533 -0.080775301193661747 -0.082089706423013609 0.081137862179917988 0.081462268403240806 -0.11021730134955217 0.081634623858162586 0.0014579212527638229 0.026601314439155525 -0.087483383098167028 0.034481170350296776 -0.013883602571240199 0.028279061780359976 -0.10884460964683251
leaf_weight=5.650194664951413 2.6177237023366611 0.44686784793157119 1.2013027986977238 1.2090985234826792 2.8697518685366949 0.87717955559492089 0.57448538043536246 397.20309440279379 7.6199729209765774 8.8050396577455086 15.895861970260738 58.259952830849215 27.927703312598169 4.4765591118484735
leaf_count=368 560 88 231 90 256 6 44 2022 123 249 213 857 271 47
internal_value=-5.26261e-06 0.0571201 -0.000333981 -0.000149151 -0.000334536 0.0425772 -0.0342934 -0.000687192 -0.00731092 -0.0163147 -0.00846263 -0.00351625 0.0126229 -0.0235231
internal_weight=535.635 3.06459 532.57 531.369 530.16 4.32142 1.45166 525.838 128.635 88.611 79.806 74.1558 40.0242 12.0965
internal_count=5425 648 4777 4546 4456 306 50 4150 2128 1687 1438 1070 441 170
is_linear=0
shrinkage=0.08


Tree=74
num_leaves=15
num_cat=0
split_feature=9 7 17 1 11 0 1 9 1 1 18 14 1 5
split_gain=1.52286 1.22801 1.92642 1.62402 1.23638 5.1264 3.38167 4.83837 3.4614 8.20097 4.64699 5.40544 5.08224 3.87418
threshold=0.7250000000000002 0.87500000000000011 1.0000000180025095e-35 25.500000000000004 1.0000000180025095e-35 2.5000000000000004 8.5000000000000018 1.0000000180025095e-35 9.5000000000000018 10.500000000000002 1.0000000180025095e-35 1.0000000180025095e-35 15.500000000000002 1.0000000180025095e-35
decision_type=2 2 2 2 2 2 2 2 2 2 2 2 2 2
left_child=1 2 -1 4 5 6 7 -3 13 -10 11 -11 -12 -8
right_child=-2 3 -4 -5 -6 -7 8 -9 9 10 12 -13 -14 -15
leaf_value=0.077131844425514198 0.082055521291238789 0.08098369464129529 -0.10998856930519466 -0.0874761448055702 0.001905586749202278 -0.10099840824947948 0.035254312313607115 -0.084402702280216235 -0.090246273041621167 -0.0047858191377912317 0.038840893211816906 -0.078875305953967551 -0.065120325612169655 -0.091409069707290111
leaf_weight=2.5430539362132545 1.4431948496494431 1.3733731089159844 0.40870924852788437 1.3710566502995778 399.00368128647096 3.6171471620909861 21.983650758164007 6.4437060186173758 7.1502092902082941 51.878090259735473 24.246867584530268 7.1737675487529478 3.4359555537812403 1.6623215097933997
leaf_count=73 238 128 5 49 2363 79 308 461 150 956 196 287 115 17
internal_value=-1.17216e-05 -0.000234229 0.0512226 -0.000521169 -0.00029536 -0.00710484 -0.00439537 -0.0553462 -0.00100659 -0.00789661 -0.00110789 -0.0137864 0.0259374 0.0263498
internal_weight=533.735 532.292 2.95176 529.34 527.969 128.965 125.348 7.81708 117.531 93.8849 86.7347 59.0519 27.6828 23.646
internal_count=5425 5187 78 5109 5060 2697 2618 589 2029 1704 1554 1243 311 325
is_linear=0
shrinkage=0.08


Tree=75
num_leaves=15
num_cat=0
split_feature=16 1 4 1 1 18 12 13 8 11 8 1 12 14
split_gain=1.48214 1.56001 1.96675 1.21967 4.89174 5.54317 3.88129 3.74192 5.35556 3.92211 3.84935 5.27608 3.76983 7.90831
threshold=1.0000000180025095e-35 15.500000000000002 1.0000000180025095e-35 12.500000000000002 11.500000000000002 1.0000000180025095e-35 1.5000000000000002 1.0000000180025095e-35 1.0000000180025095e-35 1.0000000180025095e-35 1.0000000180025095e-35 10.500000000000002 1.5000000000000002 1.0000000180025095e-35
decision_type=2 2 2 2 2 2 2 2 2 2 2 2 2 2
left_child=3 -2 -3 4 7 6 -6 8 12 -10 -9 -12 -1 -14
right_child=1 2 -4 -5 5 -7 -8 10 9 -11 11 -13 13 -15
leaf_value=0.008388890704062138 0.081363533317278608 -0.10548127293952626 0.081243893849307122 0.0046322408664364115 -0.073861867713334486 -0.10083719612604836 0.0028093072125629816 -0.0090390981640967663 -0.093201351360662321 0.067946847508854546 -0.094724537991463062 0.10176279449403579 -0.051296121418963087 0.012960517606736346
leaf_weight=152.20519317290746 2.8356367060914627 0.79336193203926064 0.66246033040806651 194.43428274127655 5.621184913441545 6.3438169150613239 17.020478893071413 81.920688337413594 1.051081806421277 12.026498967781663 6.5786090679466716 1.0087366998195646 23.018174163997173 26.223388358950615
leaf_count=1172 343 6 131 2099 48 38 146 930 9 81 37 6 224 155
internal_value=-2.14059e-05 0.0468031 -0.0205135 -0.000402379 -0.00334187 -0.0347439 -0.0162256 -0.000348102 0.00538474 0.0549949 -0.014088 -0.0686016 0.00216414 -0.0170765
internal_weight=531.744 4.29146 1.45582 527.452 333.018 28.9855 22.6417 304.032 214.524 13.0776 89.508 7.58735 201.447 49.2416
internal_count=5425 480 137 4945 2846 232 194 2614 1641 90 973 43 1551 379
is_linear=0
shrinkage=0.08


Tree=76
num_leaves=15
num_cat=0
split_feature=10 17 8 16 1 4 15 10 11 5 1 10 6 14
split_gain=1.41233 1.3998 1.15004 1.15588 1.60982 1.56501 1.10611 1.02431 2.28531 2.20248 2.15615 2.10585 2.18641 2.13712
threshold=0.68500000000000016 1.0000000180025095e-35 1.5000000000000002 1.0000000180025095e-35 15.500000000000002 1.0000000180025095e-35 1.0000000180025095e-35 0.67500000000000016 1.0000000180025095e-35 1.5000000000000002 12.500000000000002 1.0000000180025095e-35 0.58335000000000015 1.0000000180025095e-35
decision_type=2 2 2 2 2 2 2 2 2 2 2 2 2 2
left_child=2 -2 3 6 -5 -6 7 11 9 10 -9 -1 13 -13
right_child=1 -3 -4 4 5 -7 -8 8 -10 -11 -12 12 -14 -15
leaf_value=-0.0009295348839090385 0.080598985317990895 -0.080652358610544594 0.081041620536406941 0.08133100515725912 -0.10311187618901171 0.081418899659490659 -0.081908360558628018 0.050218630758748342 0.096775718708739744 0.13177378001118109 -0.069672984465557267 -0.10398389204481938 0.070748202820303294 0.023071387347941202
leaf_weight=502.1565252696164 2.3584450148046012 0.40348357334732998 1.1096742907538999 2.4694551986176516 0.74850098043680169 0.48456649703439325 1.0739093149313692 1.1316874190233628 0.85129869356751431 0.44473526254296292 6.3288638384547085 1.0416692746803144 5.4041467667557299 4.5400797296315432
leaf_count=3592 560 88 90 256 6 44 231 12 10 4 211 7 284 30
internal_value=-1.60362e-05 0.0570422 -0.000314625 -0.000486038 0.0440556 -0.0305956 -0.000801382 -0.000634488 -0.0277653 -0.0411768 -0.0514867 -0.00017151 0.0344772 -0.000639743
internal_weight=530.547 2.76193 527.785 526.675 3.70252 1.23307 522.973 521.899 8.75659 7.90529 7.46055 513.142 10.9859 5.58175
internal_count=5425 648 4777 4687 306 50 4381 4150 237 227 223 3913 321 37
is_linear=0
shrinkage=0.08


Tree=77
num_leaves=15
num_cat=0
split_feature=9 2 0 9 1 1 17 1 13 14 1 1 18 0
split_gain=1.31772 1.21251 1.21041 18.608 7.84644 6.74874 3.57229 3.54513 3.97952 3.04357 2.83193 2.65854 5.32141 8.86114
threshold=0.7250000000000002 1.0000000180025095e-35 1.5000000000000002 1.0000000180025095e-35 8.5000000000000018 6.5000000000000009 1.0000000180025095e-35 14.500000000000002 1.0000000180025095e-35 1.0000000180025095e-35 12.500000000000002 14.500000000000002 1.0000000180025095e-35 2.5000000000000004
decision_type=2 2 2 2 2 2 2 2 2 2 2 2 2 2
left_child=1 2 3 4 6 -4 -1 8 10 -10 -6 -7 -13 -14
right_child=-2 -3 5 -5 7 11 -8 -9 9 -11 -12 12 13 -15
leaf_value=0.0095349808440363098 0.081827742253706384 -0.10395312988450582 -0.088321188963696076 -0.086799673250276294 -0.015420301366330267 0.0089103072735011602 0.082254051056909402 0.07284621155550898 -0.020123884242628863 -0.12511980134067546 -0.12998816040639122 0.0010306986249903685 -0.074859662450283415 0.093882642181420659
leaf_weight=124.14521685778163 1.2561821041163046 0.71997857233509321 5.1331142336130133 16.337559017236345 26.40344178117812 232.36331613652874 4.4794446229934684 2.0474106073379508 2.7875788360834113 4.8257836392149329 1.4570145066827525 91.817506382940337 13.256254831794648 2.343839695909991
leaf_count=751 238 19 26 747 139 2136 21 9 15 27 7 1079 181 30
internal_value=-1.11075e-05 -0.00020577 -6.41386e-05 -0.00533317 0.00267764 0.00272355 0.0120675 -0.0295112 -0.0354188 -0.0866763 -0.0214118 0.00409897 -0.00630881 -0.0495069
internal_weight=529.374 528.117 527.397 182.483 166.146 344.914 128.625 37.5212 35.4738 7.61336 27.8605 339.781 107.418 15.6001
internal_count=5425 5187 5168 1716 969 3452 772 197 188 42 146 3426 1290 211
is_linear=0
shrinkage=0.08


Tree=78
num_leaves=15
num_cat=0
split_feature=10 17 7 17 1 4 6 6 12 14 0 9 1 10
split_gain=1.27589 1.29491 1.05993 1.52009 1.47095 1.26796 1.45611 5.8395 3.24229 3.24162 2.46378 2.4261 3.44241 2.56204
threshold=0.68500000000000016 1.0000000180025095e-35 0.87500000000000011 1.0000000180025095e-35 25.500000000000004 1.5000000000000002 0.87500000000000011 0.22500000000000003 2.5000000000000004 1.0000000180025095e-35 3.5000000000000004 1.0000000180025095e-35 10.500000000000002 0.67500000000000016
decision_type=2 2 2 2 2 2 2 2 2 2 2 2 2 2
left_child=2 -2 3 -1 5 6 7 10 -9 -10 -4 -8 -13 -14
right_child=1 -3 4 -5 -6 -7 11 8 9 -11 -12 12 13 -15
leaf_value=0.074703236958061456 0.08055181878428061 -0.080603883186397982 0.00016688714174340678 -0.11304809646233073 -0.085930443674042428 -0.05468601105664405 0.081312777326879346 -0.084344790413550058 -0.14875533994112411 0.022430747715086252 0.10904653956513423 -0.069742041783292949 0.043844996905672166 -0.019521264373925651
leaf_weight=2.2173461021156977 2.1536234571831296 0.37460628931876261 478.35771646676585 0.31521790474653233 1.2880746093578626 2.732559048337861 3.4348612709436592 8.2095995276467857 0.8393193599767973 4.523221182404086 1.3338208366185416 3.0538944897707578 11.887804578989746 6.2205004619900128
leaf_count=38 560 88 3756 2 50 28 270 328 20 36 11 51 135 52
internal_value=-2.13961e-05 0.0566735 -0.000294725 0.0513346 -0.00054527 -0.000334006 -4.72109e-05 -0.0009945 -0.0527427 -0.00436249 0.000469636 0.0189495 0.00882724 0.0220776
internal_weight=526.942 2.52823 524.414 2.53256 521.881 520.593 517.861 493.264 13.5721 5.36254 479.692 24.5971 21.1622 18.1083
internal_count=5425 648 4777 40 4737 4687 4659 4151 384 56 3767 508 238 187
is_linear=0
shrinkage=0.08


Tree=79
num_leaves=15
num_cat=0
split_feature=9 2 1 18 17 10 11 1 0 1 18 0 4 6
split_gain=1.24418 1.09923 1.1009 7.27196 6.21699 5.05072 5.63998 5.85735 3.87426 3.6168 4.75125 7.7943 5.92866 3.6485
threshold=0.7250000000000002 1.0000000180025095e-35 10.500000000000002 1.0000000180025095e-35 1.0000000180025095e-35 1.0000000180025095e-35 1.0000000180025095e-35 9.5000000000000018 1.5000000000000002 14.500000000000002 1.0000000180025095e-35 2.5000000000000004 1.0000000180025095e-35 0.29165000000000002
decision_type=2 2 2 2 2 2 2 2 2 2 2 2 2 2
left_child=1 2 3 4 -1 6 7 -5 -4 13 -11 12 -12 -10
right_child=-2 -3 8 5 -6 -7 -8 -9 9 10 11 -13 -14 -15
leaf_value=-0.0024193199560153286 0.081779972039015839 -0.10203630317313599 -0.037984888295363929 0.015689847966877956 0.07709161809667997 0.087087729672190972 -0.12810326777641867 -0.10719054387557402 0.017126576164390086 0.00078195388145881506 -0.089500679492133084 0.092121133981450803 0.09239243131557022 -0.020597586740504874
leaf_weight=215.07100789342076 1.1873523525428016 0.677552605047821 13.841555052669717 6.5784124583005958 6.483432146254926 1.5103583419695485 5.9425199925899497 3.9875187519937754 145.34470586152747 91.347918968065642 11.577725687064227 2.1797887745778999 1.2729343432001776 18.496005058288574
leaf_count=1910 238 19 132 36 55 105 27 44 1102 1079 142 30 39 467
internal_value=-1.96563e-05 -0.000204899 -7.31351e-05 -0.0040674 -9.2561e-05 -0.0529409 -0.0657522 -0.0306845 0.00329558 0.00541011 -0.00607614 -0.0477564 -0.0714831 0.0128679
internal_weight=525.499 524.311 523.634 239.573 221.554 18.0188 16.5085 10.5659 284.061 270.219 106.378 15.0304 12.8507 163.841
internal_count=5425 5187 5168 2177 1965 212 107 80 2991 2859 1290 211 181 1569
is_linear=0
shrinkage=0.08


Tree=80
num_leaves=15
num_cat=0
split_feature=16 1 4 1 13 9 14 17 14 8 13 1 1 0
split_gain=1.18091 1.37894 1.56675 1.04701 3.6728 3.26006 3.84517 2.7746 1.6337 3.37246 4.84518 4.13116 4.04494 5.28159
threshold=1.0000000180025095e-35 15.500000000000002 1.0000000180025095e-35 5.5000000000000009 1.0000000180025095e-35 1.0000000180025095e-35 1.0000000180025095e-35 1.0000000180025095e-35 1.0000000180025095e-35 1.0000000180025095e-35 1.0000000180025095e-35 16.500000000000004 12.500000000000002 1.5000000000000002
decision_type=2 2 2 2 2 2 2 2 2 2 2 2 2 2
left_child=3 -2 -3 4 5 6 -1 -8 9 11 -11 12 -5 -14
right_child=1 2 -4 8 -6 -7 7 -9 -10 10 -12 -13 13 -15
leaf_value=0.07532490245319369 0.081224428462947723 -0.10103213497817777 0.081046774696832136 -0.012190332800826195 -0.048081637796694575 -0.10028047574179501 -0.013538382347689516 0.10085812823651223 0.0050828452768295982 0.059890050217335407 -0.046818070213030423 -0.041760631028538296 -0.11128647488218779 0.015409975006758975
leaf_weight=4.9322016658261445 2.3752530565252523 0.70568604022264458 0.52932040696032345 121.36764725390822 12.763298259116707 1.7601744069252188 16.775616906583313 1.4763385355472554 253.7583364302991 10.851825124584137 3.6356772743165484 19.617269539972767 2.1703317109495393 70.814132351893932
leaf_count=67 343 6 131 1275 156 64 105 9 1920 141 19 501 22 666
internal_value=-2.26676e-05 0.0455733 -0.0229936 -0.000339278 -0.0131774 0.00468213 0.012651 -0.00428524 0.000664619 -0.00424292 0.0331114 -0.00677212 -0.00324049 0.0116424
internal_weight=523.533 3.61026 1.23501 519.923 37.7076 24.9443 23.1842 18.252 482.215 228.457 14.4875 213.969 194.352 72.9845
internal_count=5425 480 137 4945 401 245 181 114 4544 2624 160 2464 1963 688
is_linear=0
shrinkage=0.08


Tree=81
num_leaves=15
num_cat=0
split_feature=10 17 15 8 9 2 1 1 14 11 1 12 1 13
split_gain=1.17101 1.18177 1.02178 0.998412 0.953987 0.997874 0.988105 2.76902 5.04505 2.30983 2.05489 2.33028 1.37151 3.51528
threshold=0.68500000000000016 1.0000000180025095e-35 1.0000000180025095e-35 1.5000000000000002 0.7250000000000002 1.0000000180025095e-35 21.500000000000004 22.500000000000004 1.0000000180025095e-35 1.0000000180025095e-35 20.500000000000004 1.5000000000000002 18.500000000000004 1.0000000180025095e-35
decision_type=2 2 2 2 2 2 2 2 2 2 2 2 2 2
left_child=2 -2 3 4 5 6 10 -8 -9 -10 12 -12 -1 -14
right_child=1 -3 -4 -5 -6 -7 7 8 9 -11 11 -13 13 -15
leaf_value=0.00021598202928521532 0.08052654482919977 -0.080554685728434883 -0.081836354721391558 0.080917632272373127 0.082038447167956927 -0.10034985053605869 -0.1006490481404357 -0.074602202393904721 -0.052572529703595439 0.11053751408910813 -0.090616288602191286 0.069772585691054712 -0.0046513870789595705 -0.12222065262415234
leaf_weight=492.49293398344889 1.973912266257684 0.3419918754370882 0.98114378366153587 0.97119993343949218 0.89962528098840167 0.63868025061674316 2.3755001740064454 2.8900819197297096 0.72554164379835162 2.3729010075330734 0.66260479018092056 4.6362460819073021 7.4081974909640831 2.0859023439697921
leaf_count=4081 560 88 231 90 70 19 24 65 34 12 21 30 66 34
internal_value=-2.05706e-05 0.0567395 -0.000273779 -0.000119339 -0.000271514 -0.000414938 -0.000291159 -0.0275642 0.00142682 0.0723431 0.000158512 0.0497165 -0.000364609 -0.030482
internal_weight=521.456 2.3159 519.141 518.159 517.188 516.289 515.65 8.36402 5.98852 3.09844 507.286 5.29885 501.987 9.4941
internal_count=5425 648 4777 4546 4456 4386 4367 135 111 46 4232 51 4181 100
is_linear=0
shrinkage=0.08


Tree=82
num_leaves=15
num_cat=0
split_feature=7 17 1 11 0 1 9 1 1 18 14 1 5 18
split_gain=1.16663 1.57629 1.21102 1.00516 2.90466 3.08611 3.57044 2.89729 6.87371 4.28104 4.83815 3.74015 3.26746 2.74503
threshold=0.87500000000000011 1.0000000180025095e-35 25.500000000000004 1.0000000180025095e-35 2.5000000000000004 8.5000000000000018 1.0000000180025095e-35 9.5000000000000018 10.500000000000002 1.0000000180025095e-35 1.0000000180025095e-35 15.500000000000002 1.0000000180025095e-35 1.0000000180025095e-35
decision_type=2 2 2 2 2 2 2 2 2 2 2 2 2 2
left_child=1 -1 3 4 5 6 -2 12 -9 10 -10 -11 -7 -5
right_child=2 -3 -4 13 -6 7 -8 8 9 11 -12 -13 -14 -15
leaf_value=0.074742679777179882 0.080726786849352195 -0.10605413587405284 -0.084260184183044359 0.0041665735450093439 -0.076355320554889611 0.03137504520918135 -0.08390381291694643 -0.087145742522261552 -0.0055491297814264304 0.035433899704066303 -0.078488830970744314 -0.06169417341356092 -0.090029141301955648 -0.017652341473921893
leaf_weight=2.4221254871808919 0.99866768065839995 0.35369548108428706 1.0970576356630761 350.8074397033779 3.6838419490959486 22.261837405152622 5.4123880830593398 6.4779478819109491 51.275992119684815 23.639510558918122 6.5653049944667137 2.8424342260695985 1.51538728235755 41.241247140103951
leaf_count=107 128 5 52 2256 161 308 461 150 956 196 287 115 17 226
internal_value=-1.93712e-05 0.0517055 -0.000296648 -0.000118384 -0.00637532 -0.00424459 -0.0582589 -0.00122231 -0.00773214 -0.00163136 -0.0138282 0.0250087 0.0236376 0.00187135
internal_weight=520.595 2.77582 517.819 516.722 124.673 120.989 6.41106 114.578 90.8012 84.3232 57.8413 26.4819 23.7772 392.049
internal_count=5425 112 5313 5261 2779 2618 589 2029 1704 1554 1243 311 325 2482
is_linear=0
shrinkage=0.08


Tree=83
num_leaves=15
num_cat=0
split_feature=16 1 4 1 1 18 8 0 11 12 13 8 8 1
split_gain=1.17946 1.16844 1.37421 0.997191 4.45706 4.93463 3.01065 4.69385 3.47619 2.94124 2.85315 4.68562 3.25031 4.29563
threshold=1.0000000180025095e-35 15.500000000000002 1.0000000180025095e-35 12.500000000000002 11.500000000000002 1.0000000180025095e-35 1.0000000180025095e-35 2.5000000000000004 1.0000000180025095e-35 1.5000000000000002 1.0000000180025095e-35 1.0000000180025095e-35 1.0000000180025095e-35 10.500000000000002
decision_type=2 2 2 2 2 2 2 2 2 2 2 2 2 2
left_child=3 -2 -3 4 10 6 9 8 -8 -6 11 -1 -12 -14
right_child=1 2 -4 -5 5 -7 7 -9 -10 -11 12 -13 13 -15
leaf_value=0.0019784463839013504 0.081221664385406317 -0.097860274248288928 0.081042707158580307 0.004286072690777451 -0.06320702371857187 -0.095698393552259967 -0.088797645577553208 0.086252697900822392 -0.35345642600326416 0.0099962330576734565 -0.0074847393164118592 0.053192460174504318 -0.084484758966689222 0.098985951728731383
leaf_weight=197.86206120834686 2.2065859315916891 0.62529031187295891 0.49021537607768551 189.30335098144133 4.5312306878622701 6.3109769793227306 0.80333353579044231 0.54013171792030323 0.52532444894313812 15.628631874453276 80.355538470554166 12.134419815614818 6.7002504821866742 0.93009325861930836
leaf_count=1551 343 6 131 2099 39 38 9 24 3 119 930 90 37 6
internal_value=-2.6882e-05 0.0474881 -0.0192403 -0.000333014 -0.0030126 -0.0333298 -0.0154619 -0.1126 -0.193438 -0.00645729 -0.000129283 0.00493779 -0.0122229 -0.0621208
internal_weight=518.947 3.32209 1.11551 515.625 326.322 28.3396 22.0287 1.86879 1.32866 20.1599 297.982 209.996 87.9859 7.63034
internal_count=5425 480 137 4945 2846 232 194 36 12 158 2614 1641 973 43
is_linear=0
shrinkage=0.08


Tree=84
num_leaves=15
num_cat=0
split_feature=16 1 4 7 17 1 11 1 9 1 1 18 14 1
split_gain=1.08421 1.07911 1.25429 0.962888 1.39811 1.13185 0.954929 2.7254 3.137 2.87293 6.33275 4.73636 4.57256 3.28797
threshold=1.0000000180025095e-35 15.500000000000002 1.0000000180025095e-35 0.87500000000000011 1.0000000180025095e-35 25.500000000000004 1.0000000180025095e-35 8.5000000000000018 1.0000000180025095e-35 9.5000000000000018 10.500000000000002 1.0000000180025095e-35 1.0000000180025095e-35 15.500000000000002
decision_type=2 2 2 2 2 2 2 2 2 2 2 2 2 2
left_child=3 -2 -3 4 -1 6 7 8 -5 -9 -11 12 -12 -13
right_child=1 2 -4 5 -6 -7 -8 9 -10 10 11 13 -14 -15
leaf_value=0.071630842781901183 0.081131612890919677 -0.096276146442186794 0.080962475553049529 0.080697360434744167 -0.10390366234976382 -0.084878436340575028 0.0015459853041302121 0.020866515970367146 -0.083803322709346761 -0.089902969313802469 -0.010084541512284386 0.033187879925344548 -0.085897755440649468 -0.059599187708126583
leaf_weight=2.2213603332056659 2.0391048486344512 0.58632364869117715 0.45295608311425894 0.87004844285547722 0.33407210558652867 1.0165344731649373 390.45715179620311 23.834522244869731 5.0381358667509621 5.9806240381440139 53.479771217447706 23.509222073946152 5.6272850927198297 2.7277799621224394
leaf_count=71 343 6 131 106 5 50 2281 297 461 142 957 196 264 115
internal_value=-1.92051e-05 0.0473168 -0.0190291 -0.000302101 0.0486832 -0.000546332 -0.000378742 -0.00658622 -0.0595787 -0.00386747 -0.0103227 -0.00474599 -0.0173023 0.0235411
internal_weight=518.175 3.07838 1.03928 515.097 2.55543 512.541 511.525 121.067 5.90818 115.159 91.3247 85.3441 59.1071 26.237
internal_count=5425 480 137 4945 76 4869 4819 2538 567 1971 1674 1532 1221 311
is_linear=0
shrinkage=0.08


Tree=85
num_leaves=15
num_cat=0
split_feature=9 1 9 13 14 17 18 14 8 1 13 1 13 6
split_gain=1.06247 0.917232 3.11846 3.02415 3.34463 2.49688 1.65737 1.37059 2.84967 4.25192 3.75323 3.37519 7.73545 3.08902
threshold=0.7250000000000002 5.5000000000000009 1.0000000180025095e-35 1.0000000180025095e-35 1.0000000180025095e-35 1.0000000180025095e-35 1.0000000180025095e-35 1.0000000180025095e-35 1.0000000180025095e-35 16.500000000000004 1.0000000180025095e-35 15.500000000000002 1.0000000180025095e-35 0.29165000000000002
decision_type=2 2 2 2 2 2 2 2 2 2 2 2 2 2
left_child=1 2 3 4 -1 6 -6 8 9 11 -10 -3 -13 -14
right_child=-2 7 -4 -5 5 -7 -8 -9 10 -11 -12 12 13 -15
leaf_value=0.070675349444722008 0.08164394477229131 -0.0049728565549300371 -0.092050526191174972 -0.039773073741532924 -0.0047005871940530002 0.098708504080668932 -0.088135960905025276 0.0048060578902102006 0.05667511838546456 -0.042962215169484501 -0.038181160824886831 -0.0081186241724779326 0.20154318478408201 0.038041535737381595
leaf_weight=4.7705302815884378 1.0174857306410547 184.71628587367013 2.8946937882574266 11.121959050884469 15.030420547351245 1.3824915289878834 1.6955848694778985 252.23459497792646 10.086724357679484 18.258029776334297 3.6305336058139792 6.24600830755662 2.1059685051441197 1.1397762130945919
leaf_count=67 238 2045 160 84 63 9 42 2053 141 389 19 63 18 34
internal_value=-2.47699e-05 -0.000186025 -0.0123398 -0.00555354 0.0110813 -0.00461828 -0.0131588 0.000751274 -0.00377053 -0.00605216 0.0315696 -0.00258215 0.0439427 0.144128
internal_weight=516.331 515.314 36.8957 34.001 22.879 18.1085 16.726 478.418 226.183 212.466 13.7173 194.208 9.49175 3.24574
internal_count=5425 5187 425 265 181 114 105 4762 2709 2549 160 2160 115 52
is_linear=0
shrinkage=0.08


Tree=86
num_leaves=15
num_cat=0
split_feature=6 6 12 14 17 4 9 1 18 12 0 10 1 2
split_gain=1.11734 4.4568 2.43912 3.0249 2.32561 2.24454 1.91359 3.20541 2.29574 1.72926 1.58789 2.37039 3.89135 1.84081
threshold=0.58335000000000015 0.45000000000000007 2.5000000000000004 1.0000000180025095e-35 1.0000000180025095e-35 1.0000000180025095e-35 1.0000000180025095e-35 9.5000000000000018 1.0000000180025095e-35 2.5000000000000004 2.5000000000000004 0.67500000000000016 12.500000000000002 1.0000000180025095e-35
decision_type=2 2 2 2 2 2 2 2 2 2 2 2 2 2
left_child=1 -1 -3 -4 6 -5 -2 -8 9 10 11 12 -9 -12
right_child=4 2 3 5 -6 -7 7 8 -10 -11 13 -13 -14 -15
leaf_value=0.00022485380964146017 0.081188892493112674 -0.084121092864447994 -0.15415448794311856 -0.026569996093353986 -0.084707125064299407 0.094614308388168422 -0.084441966970771484 -0.013952408975423623 0.09258555143435114 0.088153258855622738 -0.06684105925964727 -0.025265519731759722 0.084745203579876596 0.081958474357447797
leaf_weight=473.39917098608566 2.9216025329660686 6.2372497067553905 0.77741574379615475 2.6863426566123962 1.4300905171548937 1.5383072894765062 1.9984406657749811 4.7266808170825332 2.5617967470316207 1.7712296154932108 3.0976101817796002 5.5932263963622963 5.5686879616696388 0.6424460767302661
leaf_count=3882 275 292 9 12 115 14 45 36 92 278 36 183 58 98
internal_value=-2.5272e-05 -0.000957231 -0.0507466 -0.0091307 0.0148753 0.0175564 0.0198062 0.012898 0.0210163 0.0124487 0.00561738 0.0166569 0.0394324 -0.0412811
internal_weight=514.95 484.638 11.2393 5.00207 30.3118 4.22465 28.8817 25.9601 23.9617 21.3999 19.6287 15.8886 10.2954 3.74006
internal_count=5425 4209 327 35 1216 26 1101 826 781 689 411 277 94 134
is_linear=0
shrinkage=0.08


Tree=87
num_leaves=15
num_cat=0
split_feature=10 17 15 8 7 17 1 4 6 12 5 6 6 12
split_gain=1.06831 0.969829 0.883615 0.866884 0.857556 1.15302 0.987256 0.916107 1.42032 1.32378 1.26347 1.21999 4.44561 2.72884
threshold=0.68500000000000016 1.0000000180025095e-35 1.0000000180025095e-35 1.5000000000000002 0.87500000000000011 1.0000000180025095e-35 25.500000000000004 1.5000000000000002 1.4166500000000002 1.5000000000000002 1.5000000000000002 0.87500000000000011 0.22500000000000003 2.5000000000000004
decision_type=2 2 2 2 2 2 2 2 2 2 2 2 2 2
left_child=2 -2 3 4 5 -1 7 8 10 -9 11 12 -6 -14
right_child=1 -3 -4 -5 6 -7 -8 9 -10 -11 -12 -13 13 -15
leaf_value=0.07064081481871394 0.080494720791151927 -0.080424982280445131 -0.081856845112438126 0.08080406852289769 0.00029071130735694976 -0.10481300307093858 -0.083670748114194213 -0.10760632736337328 0.072389866497457864 0.0071093825159073351 -0.086724946199311786 0.019410487458651073 -0.082418136145276183 -0.0050287313691049556
leaf_weight=1.9616187792853446 1.7305117351352231 0.27823172882199276 0.84775399160571296 0.84590963926166196 469.57372391386889 0.27308340370655049 0.91104380344040592 1.236325113102793 1.7252065256470803 1.3433133716462178 1.0808251877315331 19.635223162244074 6.7965004754951206 5.1073753274977207
leaf_count=38 560 88 231 90 3467 2 49 12 53 16 13 438 315 53
internal_value=-2.12985e-05 0.0582057 -0.000250038 -0.000114516 -0.000248825 0.0492001 -0.000466605 -0.000316945 -7.35156e-05 -0.0478696 -0.000322452 -0.000136095 -0.000933227 -0.0492141
internal_weight=513.347 2.00874 511.338 510.49 509.644 2.2347 507.41 506.498 503.919 2.57964 502.194 501.113 481.478 11.9039
internal_count=5425 648 4777 4546 4456 40 4416 4367 4339 28 4286 4273 3835 368
is_linear=0
shrinkage=0.08


end of trees

feature_importances:
Column_1=270
Column_10=109
Column_17=87
Column_6=82
Column_16=80
Column_9=77
Column_0=76
Column_8=67
Column_14=62
Column_15=53
Column_11=52
Column_18=52
Column_4=44
Column_13=44
Column_7=35
Column_2=18
Column_12=14
Column_5=10

parameters:
[boosting: gbdt]
[objective: binary]
[metric: binary_logloss]
[tree_learner: serial]
[device_type: cpu]
[data_sample_strategy: bagging]
[data: ]
[valid: ]
[num_iterations: 150]
[learning_rate: 0.08]
[num_leaves: 15]
[num_threads: 0]
[seed: 0]
[deterministic: 0]
[force_col_wise: 0]
[force_row_wise: 0]
[histogram_pool_size: -1]
[max_depth: -1]
[min_data_in_leaf: 5]
[min_sum_hessian_in_leaf: 0.001]
[bagging_fraction: 1]
[pos_bagging_fraction: 1]
[neg_bagging_fraction: 1]
[bagging_freq: 0]
[bagging_seed: 3]
[bagging_by_query: 0]
[feature_fraction: 1]
[feature_fraction_bynode: 1]
[feature_fraction_seed: 2]
[extra_trees: 0]
[extra_seed: 6]
[early_stopping_round: 0]
[early_stopping_min_delta: 0]
[first_metric_only: 0]
[max_delta_step: 0]
[lambda_l1: 0]
[lambda_l2: 0]
[linear_lambda: 0]
[min_gain_to_split: 0]
[drop_rate: 0.1]
[max_drop: 50]
[skip_drop: 0.5]
[xgboost_dart_mode: 0]
[uniform_drop: 0]
[drop_seed: 4]
[top_rate: 0.2]
[other_rate: 0.1]
[min_data_per_group: 100]
[max_cat_threshold: 32]
[cat_l2: 10]
[cat_smooth: 10]
[max_cat_to_onehot: 4]
[top_k: 20]
[monotone_constraints: ]
[monotone_constraints_method: basic]
[monotone_penalty: 0]
[feature_contri: ]
[forcedsplits_filename: ]
[refit_decay_rate: 0.9]
[cegb_tradeoff: 1]
[cegb_penalty_split: 0]
[cegb_penalty_feature_lazy: ]
[cegb_penalty_feature_coupled: ]
[path_smooth: 0]
[interaction_constraints: ]
[verbosity: -1]
[saved_feature_importance_type: 0]
[use_quantized_grad: 0]
[num_grad_quant_bins: 4]
[quant_train_renew_leaf: 0]
[stochastic_rounding: 1]
[linear_tree: 0]
[max_bin: 255]
[max_bin_by_feature: ]
[min_data_in_bin: 3]
[bin_construct_sample_cnt: 200000]
[data_random_seed: 1]
[is_enable_sparse: 1]
[enable_bundle: 1]
[use_missing: 1]
[zero_as_missing: 0]
[feature_pre_filter: 0]
[pre_partition: 0]
[two_round: 0]
[header: 0]
[label_column: ]
[weight_column: ]
[group_column: ]
[ignore_column: ]
[categorical_feature: ]
[forcedbins_filename: ]
[precise_float_parser: 0]
[parser_config_file: ]
[objective_seed: 5]
[num_class: 1]
[is_unbalance: 0]
[scale_pos_weight: 1]
[sigmoid: 1]
[boost_from_average: 1]
[reg_sqrt: 0]
[alpha: 0.9]
[fair_c: 1]
[poisson_max_delta_step: 0.7]
[tweedie_variance_power: 1.5]
[lambdarank_truncation_level: 30]
[lambdarank_norm: 1]
[label_gain: ]
[lambdarank_position_bias_regularization: 0]
[eval_at: ]
[multi_error_top_k: 1]
[auc_mu_weights: ]
[num_machines: 1]
[local_listen_port: 12400]
[time_out: 120]
[machine_list_filename: ]
[machines: ]
[gpu_platform_id: -1]
[gpu_device_id: -1]
[gpu_device_id_list: ]
[gpu_use_dp: 0]
[num_gpu: 1]

end of parameters

pandas_categorical:null
