tree
version=v4
num_class=1
num_tree_per_iteration=1
label_index=0
max_feature_idx=15
objective=binary sigmoid:1
feature_names=Column_0 Column_1 Column_2 Column_3 Column_4 Column_5 Column_6 Column_7 Column_8 Column_9 Column_10 Column_11 Column_12 Column_13 Column_14 Column_15
feature_infos=[1:7] [3:54] [0:1] [0:1] [0:3] [0:3] [0:2] [0.5:1] [0:3] [0:0.90000000000000002] [0:0.84999999999999998] [0:0.5] [1:3] [0:1] [0:1] [0:1]
tree_sizes=1728 1735 1724 1732 1728 1730 1721 1730 1725 1730 1732 1730 1736 1728 1741 1740 1737 1730 1742 1744 1739 1752 1741 1741 1744 1739 1740 1749 1749 1765 1746 1745 1749 1747 1734 1744 1742 1735 1750 1744 1741 1751 1732 1748 1755 1734 1743 1738 1746 1746 1754 1735 1736 1756 1747 1728 1742 1746 1721 1738 1750 1733 1757 1739 1724

Tree=0
num_leaves=15
num_cat=0
split_feature=6 11 0 9 7 8 4 1 15 1 1 9 4 0
split_gain=1014.6 952.51 181.09 113.984 88.8253 67.8865 65.0633 49.4659 48.8611 38.2022 42.4611 27.0124 26.0224 19.4291
threshold=0.58335000000000015 1.0000000180025095e-35 1.5000000000000002 1.0000000180025095e-35 0.87500000000000011 1.0000000180025095e-35 1.0000000180025095e-35 7.5000000000000009 1.0000000180025095e-35 9.5000000000000018 15.500000000000002 1.0000000180025095e-35 1.0000000180025095e-35 2.5000000000000004
decision_type=2 2 2 2 2 2 2 2 2 2 2 2 2 2
left_child=1 4 3 7 -1 9 -2 -3 -8 -4 -11 -10 -12 -7
right_child=6 2 5 -5 -6 13 8 -9 11 10 12 -13 -14 -15
leaf_value=0.023550348957776968 -0.26644094913456529 -0.093561521425668953 -0.16714348697481629 -0.26080828607638074 -0.25032818250529748 -0.039348460471659644 0.040012035512952376 -0.19025679455098385 0.0011105461292028329 -0.040557309690564314 -0.12212001227567278 -0.26644094913456529 0.054620845181956479 0.040861053996962687
leaf_weight=7.7243699431419364 4.7342912554740897 145.76633602380753 24.169802725315094 42.608621299266815 402.16558349132538 30.648306548595428 240.95050758123398 44.103660643100739 4.48511803150177 182.39479994773865 76.496179759502411 5.2326377034187299 5.7309841513633719 52.326377034187317
leaf_count=31 19 585 97 171 1614 123 967 177 18 732 307 21 23 210
internal_value=-0.115142 -0.151032 -0.0871759 -0.142559 -0.245167 -0.0525432 0.0273697 -0.116022 0.0329189 -0.0708675 -0.0620739 -0.142956 -0.109802 0.0112341
internal_weight=1269.54 1014.14 604.245 232.479 409.89 371.766 255.403 189.87 250.668 288.792 264.622 9.71776 82.2272 82.9747
internal_count=5095 4070 2425 933 1645 1492 1025 762 1006 1159 1062 39 330 333
is_linear=0
shrinkage=1


Tree=1
num_leaves=15
num_cat=0
split_feature=6 11 0 9 7 8 4 1 15 1 1 9 4 10
split_gain=858.045 816.95 153.015 98.1476 76.0998 57.1617 54.9777 42.0607 41.0003 32.2849 35.7326 23.0705 21.9604 18.4802
threshold=0.58335000000000015 1.0000000180025095e-35 1.5000000000000002 1.0000000180025095e-35 0.87500000000000011 1.0000000180025095e-35 1.0000000180025095e-35 7.5000000000000009 1.0000000180025095e-35 9.5000000000000018 15.500000000000002 1.0000000180025095e-35 1.0000000180025095e-35 1.0000000180025095e-35
decision_type=2 2 2 2 2 2 2 2 2 2 2 2 2 2
left_child=1 4 3 7 -1 9 -2 -3 13 -4 -11 -10 -12 -8
right_child=6 2 5 -5 -6 -7 8 -9 11 10 12 -13 -14 -15
leaf_value=0.12716594293709998 -0.14128810339558817 0.019830488653711589 -0.048024351787033633 -0.13592424058952057 -0.1259712309540813 0.11590522899401343 0.08874986623074696 -0.069518325290894981 0.10657785413002593 0.068408870268395081 -0.0064227579943129292 -0.1412881033955882 0.15574752415923235 0.15143632441324842
leaf_weight=7.7489255368709555 4.6666859537363043 145.93041077256203 24.081417188048363 42.031189039349556 397.24418306350708 83.216193348169327 35.235895559191704 43.851966127753258 4.4999986588954926 182.9247699379921 76.464559733867645 5.1579160541295987 5.7457135170698157 206.41737398505211
leaf_count=31 19 585 97 171 1614 333 141 177 18 732 307 21 23 826
internal_value=-3.14007e-05 -0.0332107 0.0257154 -0.0253122 -0.121128 0.0574765 0.130784 -0.000814849 0.135836 0.0406649 0.0487202 -0.0257977 0.0049114 0.142296
internal_weight=1265.22 1009.24 604.246 231.814 404.993 372.433 255.978 189.782 251.311 289.216 265.135 9.65791 82.2103 241.653
internal_count=5095 4070 2425 933 1645 1492 1025 762 1006 1159 1062 39 330 967
is_linear=0
shrinkage=0.08


Tree=2
num_leaves=15
num_cat=0
split_feature=6 11 0 9 7 8 4 1 15 1 1 9 0 0
split_gain=733.272 706.396 129.773 85.4197 65.7287 48.8141 47.006 35.8303 34.8925 27.3455 30.1988 19.8826 19.3889 16.6671
threshold=0.58335000000000015 1.0000000180025095e-35 1.5000000000000002 1.0000000180025095e-35 0.87500000000000011 1.0000000180025095e-35 1.0000000180025095e-35 7.5000000000000009 1.0000000180025095e-35 9.5000000000000018 15.500000000000002 1.0000000180025095e-35 2.5000000000000004 2.5000000000000004
decision_type=2 2 2 2 2 2 2 2 2 2 2 2 2 2
left_child=1 4 3 7 -1 9 -2 -3 -8 -4 -11 -10 -12 -7
right_child=6 2 5 -5 -6 13 8 -9 11 10 12 -13 -14 -15
leaf_value=0.11766340040139124 -0.13321271991600375 0.018228253364189612 -0.044393487992690536 -0.12796325723238849 -0.11827700859111277 0.060308191986151595 0.13200322385701704 -0.064477538292224926 0.098344480763333075 0.062920831340250422 -0.019989001140215273 -0.13321271991600378 0.066162502305694093 0.13459359172771612
leaf_weight=7.7061548829078665 4.557930275797843 146.05141393840313 23.971474766731262 41.110986560583115 389.54644399881363 30.704987213015556 239.72361508011818 43.511785939335823 4.486978679895401 182.96451741456985 58.75180472433567 5.037712410092352 23.368876904249191 52.178761214017868
leaf_count=31 19 585 97 171 1614 123 967 177 18 732 236 21 94 210
internal_value=-5.56599e-05 -0.0308812 0.0237143 -0.0234268 -0.1137 0.0529508 0.121381 -0.000755794 0.126037 0.0374316 0.044831 -0.0241286 0.00452692 0.107074
internal_weight=1253.67 999.867 602.615 230.674 397.253 371.94 253.806 189.563 249.248 289.057 265.085 9.52469 82.1207 82.8837
internal_count=5095 4070 2425 933 1645 1492 1025 762 1006 1159 1062 39 330 333
is_linear=0
shrinkage=0.08


Tree=3
num_leaves=15
num_cat=0
split_feature=6 11 0 9 7 8 4 1 15 1 1 4 9 10
split_gain=631.626 614.777 110.385 74.9783 57.1381 42.296 40.5519 30.5659 30.0084 23.1934 25.6378 17.8493 17.2603 16.5953
threshold=0.58335000000000015 1.0000000180025095e-35 1.5000000000000002 1.0000000180025095e-35 0.87500000000000011 1.0000000180025095e-35 1.0000000180025095e-35 7.5000000000000009 1.0000000180025095e-35 9.5000000000000018 15.500000000000002 1.0000000180025095e-35 1.0000000180025095e-35 1.0000000180025095e-35
decision_type=2 2 2 2 2 2 2 2 2 2 2 2 2 2
left_child=1 4 3 7 -1 9 -2 -3 13 -4 -11 -12 -10 -8
right_child=6 2 5 -5 -6 -7 8 -9 12 10 11 -13 -14 -15
leaf_value=0.10964066637733912 -0.12657597181431265 0.016759679723479828 -0.041065797881234455 -0.12132945022698978 -0.11172460766232181 0.099608888264708609 0.07238784989609047 -0.059899780135716035 0.091203170618192705 0.057999107515662174 -0.0059783690387493742 0.14139105905025262 -0.12657597181431268 0.13232492477457966
leaf_weight=7.6121047139167777 4.418786257505416 146.13742634654045 23.846099674701691 39.937594816088676 379.79753619432449 82.007834449410439 34.657489523291588 43.106973677873611 4.4525801539421082 182.62355518341064 76.411919236183167 5.6488634645938864 4.8839216530323011 201.19174933433533
leaf_count=31 19 585 97 171 1614 333 141 177 18 732 307 23 21 826
internal_value=-7.53879e-05 -0.0288243 0.0219183 -0.0217229 -0.107375 0.0489108 0.11362 -0.00070217 0.117949 0.0345011 0.0413091 0.00416618 -0.022717 0.123517
internal_weight=1236.73 987.13 599.72 229.182 387.41 370.538 249.605 189.244 245.186 288.53 264.684 82.0608 9.3365 235.849
internal_count=5095 4070 2425 933 1645 1492 1025 762 1006 1159 1062 330 39 967
is_linear=0
shrinkage=0.08


Tree=4
num_leaves=15
num_cat=0
split_feature=6 11 0 9 7 0 4 1 15 1 1 1 1 10
split_gain=547.712 537.839 94.0961 66.2669 49.9279 37.9613 35.2493 26.1026 26.0437 23.5894 22.4927 15.5293 30.7783 15.1648
threshold=0.58335000000000015 1.0000000180025095e-35 1.5000000000000002 1.0000000180025095e-35 0.87500000000000011 2.5000000000000004 1.0000000180025095e-35 7.5000000000000009 1.0000000180025095e-35 15.500000000000002 9.5000000000000018 11.500000000000002 14.500000000000002 1.0000000180025095e-35
decision_type=2 2 2 2 2 2 2 2 2 2 2 2 2 2
left_child=1 4 3 7 -1 9 -2 -3 13 10 -4 -6 -13 -8
right_child=6 2 5 -5 11 -7 8 -9 -10 -11 -12 12 -14 -15
leaf_value=0.10273002136137181 -0.12103842652653166 0.01541253440375504 -0.012040527362768696 -0.11570954906965879 -0.12362915742124632 0.095310732086800909 0.0673409893755572 -0.055713998045217199 -0.021501034611777829 -0.012218198849463657 0.054946891412060418 -0.048069927936819447 -0.11417807655865858 0.12500613750089046
leaf_weight=7.4795956015586844 4.2578245699405661 146.19513407349586 38.50247922539711 38.582449749112129 171.72867894172668 76.793528914451599 34.289706721901894 42.656801596283913 9.1080690622329694 60.852293357253075 192.32069492340088 69.878957122564316 126.96960836648941 196.13647237420082
leaf_count=31 19 585 157 171 752 316 141 177 39 245 774 306 556 826
internal_value=-9.08637e-05 -0.0269832 0.0202917 -0.0201715 -0.101896 0.0452672 0.107125 -0.000653122 0.11118 0.0320916 0.043773 -0.106048 -0.0907105 0.116425
internal_weight=1215.75 971.96 595.903 227.434 376.057 368.469 243.792 188.852 239.534 291.675 230.823 368.577 196.849 230.426
internal_count=5095 4070 2425 933 1645 1492 1025 762 1006 1176 931 1614 862 967
is_linear=0
shrinkage=0.08


Tree=5
num_leaves=15
num_cat=0
split_feature=6 11 0 9 7 8 4 15 1 1 1 9 1 1
split_gain=477.088 472.682 80.2511 58.896 43.8209 35.2714 30.7956 23.1337 22.3081 17.5178 19.414 15.1317 14.6697 28.3932
threshold=0.58335000000000015 1.0000000180025095e-35 1.5000000000000002 1.0000000180025095e-35 0.87500000000000011 1.0000000180025095e-35 1.0000000180025095e-35 1.0000000180025095e-35 7.5000000000000009 9.5000000000000018 15.500000000000002 1.0000000180025095e-35 11.500000000000002 14.500000000000002
decision_type=2 2 2 2 2 2 2 2 2 2 2 2 2 2
left_child=1 4 3 8 -1 9 -2 -8 -3 -4 -11 -9 -6 -14
right_child=6 2 5 -5 12 -7 7 11 -10 10 -12 -13 13 -15
leaf_value=0.096673744929612004 -0.11636004474042659 0.014175981049086295 -0.037111761519559534 -0.11087992021191134 -0.11855540370985469 0.088959710247915158 0.11037287672130114 0.086367615293476419 -0.051865106127871596 0.049355144068520804 0.0023894303744205099 -0.12016547158443994 -0.044905892098163286 -0.1091187867645991
leaf_weight=7.3189042359590522 4.0818800628185263 146.23009867966175 23.66684827208519 37.102572709321976 165.02525472640991 79.766720697283745 223.89405719935894 4.4155388474464417 42.176775589585304 181.10104250907898 81.7595434486866 4.673075392842291 68.861520677804947 122.41473883390427
leaf_count=31 19 585 97 171 752 333 967 18 177 732 330 21 306 556
internal_value=-0.000106995 -0.0253126 0.0187948 -0.0187508 -0.0970989 0.0419098 0.101477 0.105294 -0.000607981 0.0288116 0.034747 -0.0198251 -0.101079 -0.0860015
internal_weight=1192.49 955.424 591.804 225.509 363.62 366.294 237.065 232.983 188.407 286.527 262.861 9.08861 356.302 191.276
internal_count=5095 4070 2425 933 1645 1492 1025 1006 762 1159 1062 39 1614 862
is_linear=0
shrinkage=0.08


Tree=6
num_leaves=15
num_cat=0
split_feature=6 11 0 9 7 0 10 0 1 1 1 15 1 1
split_gain=417.367 417.01 68.5568 52.5849 38.6048 31.9124 29.5379 55.6457 19.0753 17.8498 18.1854 15.1584 20.7142 14.6997
threshold=0.58335000000000015 1.0000000180025095e-35 1.5000000000000002 1.0000000180025095e-35 0.87500000000000011 2.5000000000000004 1.0000000180025095e-35 1.5000000000000002 7.5000000000000009 15.500000000000002 6.5000000000000009 1.0000000180025095e-35 5.5000000000000009 35.500000000000007
decision_type=2 2 2 2 2 2 2 2 2 2 2 2 2 2
left_child=1 4 3 8 -1 9 7 -2 -3 10 -4 -8 -13 -7
right_child=6 2 5 -5 -6 13 11 -9 -10 -11 -12 12 -14 -15
leaf_value=0.091285832009190868 -0.16340100607036598 0.013040330559256623 -0.11219796109292145 -0.1066762913045322 -0.096681671574851982 0.09064163896457253 0.11398208682355575 0.079960653197698614 -0.048309780448493475 -0.011696515086736643 0.040500112420165123 -0.12986703990311715 0.13569686678389423 -0.1623820852832718
leaf_weight=7.1382743269205085 7.4736330807209006 146.24693155288696 5.1057256758213034 35.543416678905487 343.28741535544395 73.000227898359299 183.67729890346527 30.772523775696754 41.679307758808136 60.785072937607765 223.2266751229763 3.8990917503833762 3.6297138780355453 1.4996772408485401
leaf_count=31 34 585 21 171 1614 310 826 132 177 245 910 18 15 6
internal_value=-0.000123669 -0.0237925 0.0174287 -0.0174433 -0.0928527 0.0388601 0.0965843 0.0324057 -0.000566232 0.0268295 0.0370856 0.109422 -0.00183598 0.0855483
internal_weight=1166.96 937.513 587.087 223.47 350.426 363.617 229.452 38.2462 187.926 289.117 228.332 191.206 7.52881 74.4999
internal_count=5095 4070 2425 933 1645 1492 1025 166 762 1176 931 859 33 316
is_linear=0
shrinkage=0.08


Tree=7
num_leaves=15
num_cat=0
split_feature=6 11 0 9 7 8 10 0 1 1 1 1 15 1
split_gain=366.589 368.659 58.5698 47.1265 34.0816 29.1835 27.1038 48.037 16.3164 14.8782 27.8181 14.8699 13.4927 18.1989
threshold=0.58335000000000015 1.0000000180025095e-35 1.5000000000000002 1.0000000180025095e-35 0.87500000000000011 1.0000000180025095e-35 1.0000000180025095e-35 1.5000000000000002 7.5000000000000009 11.500000000000002 14.500000000000002 7.5000000000000009 1.0000000180025095e-35 5.5000000000000009
decision_type=2 2 2 2 2 2 2 2 2 2 2 2 2 2
left_child=1 4 3 8 -1 11 7 -2 -3 -6 -11 -4 -8 -14
right_child=6 2 5 -5 9 -7 12 -9 -10 10 -12 -13 13 -15
leaf_value=0.086428855912263278 -0.15311853807713682 0.011996877676903364 -0.13252736259486586 -0.10297510251584607 -0.11108915924692048 0.079789834024842882 0.10941088260050204 0.075030053703832006 -0.045013559257325329 -0.035550954676551658 -0.10106082212622475 0.026343365792648905 -0.12459554870474429 0.12862934236186152
leaf_weight=6.9443092495203009 7.342616379261016 146.2494508177042 3.8219215273857108 33.941062733530998 151.55612516403198 76.790301471948624 176.34384313225746 30.195234358310699 41.174262374639511 65.556728571653366 112.98237180709839 280.37502700090408 3.7452225387096396 3.5269519686698914
leaf_count=31 34 585 16 171 752 333 826 132 177 306 556 1143 18 15
internal_value=-0.000131404 -0.0223758 0.0161632 -0.0162354 -0.0889651 0.0360306 0.092344 0.0304029 -0.000527486 -0.0926549 -0.0770066 0.0242068 0.105007 -0.00178331
internal_weight=1140.55 919.392 582.352 221.365 337.04 360.987 221.154 37.5379 187.424 330.095 178.539 284.197 183.616 7.27217
internal_count=5095 4070 2425 933 1645 1492 1025 166 762 1614 862 1159 859 33
is_linear=0
shrinkage=0.08


Tree=8
num_leaves=15
num_cat=0
split_feature=6 11 0 9 7 0 10 0 1 1 1 1 1 8
split_gain=323.052 327.014 50.0119 42.3648 30.1837 26.6291 25.0076 41.6688 15.206 16.6231 14.5203 26.1551 13.959 12.6456
threshold=0.58335000000000015 1.0000000180025095e-35 1.5000000000000002 1.0000000180025095e-35 0.87500000000000011 2.5000000000000004 1.0000000180025095e-35 1.5000000000000002 15.500000000000002 9.5000000000000018 11.500000000000002 14.500000000000002 7.5000000000000009 1.0000000180025095e-35
decision_type=2 2 2 2 2 2 2 2 2 2 2 2 2 2
left_child=1 4 3 12 -1 8 7 -2 9 -4 -6 -12 -3 -7
right_child=6 2 5 -5 10 13 -8 -9 -10 -11 11 -13 -14 -15
leaf_value=0.081999360668885385 -0.14452468718129635 0.01103780807904243 -0.016269768164091973 -0.09968132712937354 -0.10782041334286953 0.032233946907164211 0.10115513909553628 0.070504845432074262 -0.013013856491852514 0.041785633136235623 -0.033178113043287903 -0.097518095536734975 -0.041948660208910242 0.1022426334050318
leaf_weight=6.7422783076763144 7.1640885174274436 146.24077722430229 37.9275793582201 32.323998615145683 143.96915602684021 25.813520818948746 175.6844175606966 29.588011905550957 60.824210971593857 188.15994581580162 64.663718730211258 107.92797201871872 40.669414803385735 45.828808844089508
leaf_count=31 34 585 157 171 752 106 859 132 245 774 306 556 177 210
internal_value=-0.000144295 -0.0210664 0.0149839 -0.015116 -0.0854935 0.0333882 0.088601 0.0285891 0.0224939 0.0320465 -0.0890608 -0.0734123 -0.000491412 0.0770177
internal_weight=1113.53 901.091 577.788 219.234 323.303 358.554 212.437 36.7521 286.912 226.088 316.561 172.592 186.91 71.6423
internal_count=5095 4070 2425 933 1645 1492 1025 166 1176 931 1614 862 762 316
is_linear=0
shrinkage=0.08


Tree=9
num_leaves=15
num_cat=0
split_feature=6 11 8 14 7 10 0 15 7 1 1 15 1 0
split_gain=284.658 290.709 43.8545 36.4886 26.7864 22.9416 36.2881 18.5033 14.8889 14.2909 24.705 13.1284 16.0251 11.8867
threshold=0.58335000000000015 1.0000000180025095e-35 1.0000000180025095e-35 1.0000000180025095e-35 0.87500000000000011 1.0000000180025095e-35 1.5000000000000002 1.0000000180025095e-35 0.87500000000000011 11.500000000000002 14.500000000000002 1.0000000180025095e-35 5.5000000000000009 2.5000000000000004
decision_type=2 2 2 2 2 2 2 2 2 2 2 2 2 2
left_child=1 4 3 8 -1 6 -2 -5 -3 -6 -11 -7 -13 -4
right_child=5 2 13 7 9 11 -8 -9 -10 10 -12 12 -14 -15
leaf_value=0.077918181185204091 -0.13724071841966717 0.12169025857157945 0.03209185544378132 0.024991003661332258 -0.10497685822480174 0.10202474208472691 0.066319597110483505 -0.12706119921802067 -0.025583550932239484 -0.030949676177170881 -0.094311530024795545 -0.12370582428085976 0.1186459763495552 0.097934066358358371
leaf_weight=6.536367565393447 6.949510544538497 4.4996304661035529 29.15042969584465 303.50376045703888 136.35105752944946 161.21939295530319 28.964962854981422 5.2099800109863272 185.92724022269249 63.810524672269821 102.87762361764908 3.715609833598136 3.2944241166114807 44.089140146970749
leaf_count=31 34 20 123 1244 752 826 132 26 802 306 556 18 15 210
internal_value=-0.000154684 -0.019859 0.0139192 0.00543686 -0.0823123 0.0849733 0.0269303 0.0224249 -0.0221036 -0.0857683 -0.0700557 0.0973646 -0.00981057 0.0717279
internal_weight=1086.1 881.956 572.38 499.141 309.576 204.144 35.9145 308.714 190.427 303.039 166.688 168.229 7.01003 73.2396
internal_count=5095 4070 2425 2092 1645 1025 166 1270 822 1614 862 859 33 333
is_linear=0
shrinkage=0.08


Tree=10
num_leaves=15
num_cat=0
split_feature=6 11 0 9 7 10 0 0 1 1 1 1 15 1
split_gain=251.901 258.981 38.8117 36.9713 23.8107 21.3416 31.7074 20.9475 14.1576 23.4121 12.8763 14.3241 11.7737 14.239
threshold=0.58335000000000015 1.0000000180025095e-35 1.5000000000000002 1.0000000180025095e-35 0.87500000000000011 1.0000000180025095e-35 1.5000000000000002 2.5000000000000004 11.500000000000002 14.500000000000002 15.500000000000002 9.5000000000000018 1.0000000180025095e-35 5.5000000000000009
decision_type=2 2 2 2 2 2 2 2 2 2 2 2 2 2
left_child=1 4 3 -3 -1 6 -2 10 -6 -10 11 -4 -7 -14
right_child=5 2 7 -5 8 12 -8 -9 9 -11 -12 -13 13 -15
leaf_value=0.074124098907330613 -0.13099921162147746 -0.00046064272608858676 -0.016277384114118075 -0.095874202801084329 -0.10248779649618259 0.098860153162362893 0.062423887778384757 0.069218074481813691 -0.02885653019184244 -0.091379351021741884 -0.012908075771567072 0.03771882739477922 -0.11929599689362932 0.11432234860658066
leaf_weight=6.3298761695623389 6.7080489397048941 186.17954425513744 37.828659385442734 30.20823647081852 128.79840016365051 153.39127653837204 28.337193310260773 67.810425043106079 62.998696714639664 97.889860451221466 60.797143250703812 186.25730277597904 3.5514449626207343 3.1513450294733047
leaf_count=31 34 762 157 171 752 826 132 316 306 556 245 774 18 15
internal_value=-0.000156963 -0.018677 0.0128921 -0.0137806 -0.0793675 0.0819468 0.0254006 0.0292565 -0.0827214 -0.0668975 0.0197445 0.0286036 0.0943251 -0.00945934
internal_weight=1060.24 865.098 569.081 216.388 296.017 195.139 35.0452 352.694 289.687 160.889 284.883 224.086 160.094 6.70279
internal_count=5095 4070 2425 933 1645 1025 166 1492 1614 862 1176 931 859 33
is_linear=0
shrinkage=0.08


Tree=11
num_leaves=15
num_cat=0
split_feature=6 11 8 14 7 10 0 15 1 1 7 15 1 0
split_gain=223.417 230.929 36.0462 29.2342 21.193 19.9228 27.784 15.4626 14.0957 22.2358 12.2279 10.5704 12.7029 10.2248
threshold=0.58335000000000015 1.0000000180025095e-35 1.0000000180025095e-35 1.0000000180025095e-35 0.87500000000000011 1.0000000180025095e-35 1.5000000000000002 1.0000000180025095e-35 11.500000000000002 14.500000000000002 0.87500000000000011 1.0000000180025095e-35 5.5000000000000009 2.5000000000000004
decision_type=2 2 2 2 2 2 2 2 2 2 2 2 2 2
left_child=1 4 3 10 -1 6 -2 -5 -6 -10 -3 -7 -13 -4
right_child=5 2 13 7 8 11 -8 -9 9 -11 -12 12 -14 -15
leaf_value=0.070569263296268309 -0.12560415057425944 0.11445299971358611 0.02926833180721939 0.021867394203510401 -0.10029724977765994 0.096008426381089904 0.058778472647853894 -0.12262038617488523 -0.026890627504757646 -0.088671841008306371 -0.023551965163457634 -0.11546131442677314 0.11061452016567255 0.091429411762140408
leaf_weight=6.1253794133663169 6.447175681591033 4.2029745131731024 28.853758692741394 301.68740198016167 121.38552236557007 145.63043761253357 27.713367089629173 4.8159062415361396 62.228964418172836 93.0095294713974 183.87674771249294 3.3827549815177909 3.0025096982717514 41.000229120254517
leaf_count=31 34 20 123 1244 752 826 132 26 306 556 802 18 15 210
internal_value=-0.000165015 -0.0176029 0.011959 0.0043612 -0.0766158 0.0791855 0.0239796 0.0195971 -0.079875 -0.0639062 -0.020468 0.0915911 -0.00915485 0.0657533
internal_weight=1033.36 847.186 564.437 494.583 282.749 186.176 34.1605 306.503 276.624 155.238 188.08 152.016 6.38526 69.854
internal_count=5095 4070 2425 2092 1645 1025 166 1270 1614 862 822 859 33 333
is_linear=0
shrinkage=0.08


Tree=12
num_leaves=15
num_cat=0
split_feature=6 11 8 14 10 10 0 1 1 15 1 9 0 1
split_gain=198.365 206.205 31.728 24.807 18.9978 18.6536 24.4065 14.9231 19.8169 13.6026 11.714 19.0445 9.61434 11.0204
threshold=0.58335000000000015 1.0000000180025095e-35 1.0000000180025095e-35 1.0000000180025095e-35 0.68500000000000016 1.0000000180025095e-35 1.5000000000000002 11.500000000000002 14.500000000000002 1.0000000180025095e-35 11.500000000000002 1.0000000180025095e-35 2.5000000000000004 12.500000000000002
decision_type=2 2 2 2 2 2 2 2 2 2 2 2 2 2
left_child=1 4 3 10 7 6 -2 -1 -9 -5 11 -3 13 -4
right_child=5 2 12 9 -6 -7 -8 8 -10 -11 -12 -13 -14 -15
leaf_value=-0.098360251166146051 -0.12090740633742197 -0.011131241327175587 0.053271024680551393 0.020153855847502462 0.10772340785998978 0.089109063838032493 0.055352657391838575 -0.025044745836454385 -0.083888854986450725 -0.11862148971885023 0.010801930309248765 -0.07688348467284134 0.088099151404974138 -0.06706655592774835
leaf_weight=114.16872143745422 6.1730537414550772 87.315949022769928 22.422621488571171 301.17253166437149 3.6313657611608496 144.07670037448406 27.10016156733036 61.501382499933243 90.563828408718109 4.589295119047164 58.493735104799271 41.635262027382851 39.219661206007004 6.2220558375120154
leaf_count=752 34 363 96 1244 19 859 132 306 568 26 245 214 210 27
internal_value=-0.000165803 -0.0165589 0.01108 0.00402315 -0.0740223 0.0766408 0.0226518 -0.0765013 -0.0600899 0.0180709 -0.0188917 -0.0323611 0.0623656 0.0271319
internal_weight=1008.29 830.936 561.071 493.207 269.865 177.35 33.2732 266.234 152.065 305.762 187.445 128.951 67.8643 28.6447
internal_count=5095 4070 2425 2092 1645 1025 166 1626 874 1270 822 577 333 123
is_linear=0
shrinkage=0.08


Tree=13
num_leaves=15
num_cat=0
split_feature=6 11 8 14 1 10 0 1 7 15 7 15 1 0
split_gain=175.721 184.039 27.9479 21.0952 18.1362 17.2898 21.4867 15.5056 17.336 11.9993 10.4098 10.4052 11.3287 9.04507
threshold=0.58335000000000015 1.0000000180025095e-35 1.0000000180025095e-35 1.0000000180025095e-35 11.500000000000002 1.0000000180025095e-35 1.5000000000000002 14.500000000000002 0.87500000000000011 1.0000000180025095e-35 0.87500000000000011 1.0000000180025095e-35 5.5000000000000009 2.5000000000000004
decision_type=2 2 2 2 2 2 2 2 2 2 2 2 2 2
left_child=1 4 3 10 -1 6 -2 -6 -9 -5 -3 -7 -13 -4
right_child=5 2 13 9 7 11 -8 8 -10 -11 -12 12 -14 -15
leaf_value=-0.096640306028309003 -0.11679418972559077 0.11040146015939906 0.025172519284575395 0.018575795951182958 -0.022553714427577112 0.09114050012384553 0.05212225627438033 0.063251770588407905 -0.083837435863952023 -0.11507520120875234 -0.020295575211139401 -0.11466502755902327 0.10507197345990965 0.085008859953909874
leaf_weight=107.1895592212677 5.8907945454120627 3.9854989349842063 28.442160040140152 300.63996584713459 61.177485048770905 130.93858933448792 26.502635657787323 5.4624504297971717 83.816227436065674 4.3616067767143241 182.34484614431858 3.344404622912406 2.7251851558685303 37.466255128383636
leaf_count=752 34 20 123 1244 308 826 132 29 556 26 802 18 15 210
internal_value=-0.000169829 -0.0155816 0.01027 0.00370814 -0.0714937 0.0739664 0.0214045 -0.0535784 -0.0748379 0.0166645 -0.0175 0.0863938 -0.0160053 0.059187
internal_weight=984.288 814.886 557.24 491.332 257.646 169.402 32.3934 150.456 89.2787 305.002 186.33 137.008 6.06959 65.9084
internal_count=5095 4070 2425 2092 1645 1025 166 893 585 1270 822 859 33 333
is_linear=0
shrinkage=0.08


Tree=14
num_leaves=15
num_cat=0
split_feature=6 11 0 9 1 10 1 1 7 8 1 10 6 1
split_gain=156.339 164.493 24.8008 29.2615 17.9286 16.2592 19.0531 14.7832 15.5725 13.6592 10.8012 10.84 20.1117 13.9803
threshold=0.58335000000000015 1.0000000180025095e-35 1.5000000000000002 1.0000000180025095e-35 11.500000000000002 1.0000000180025095e-35 10.500000000000002 14.500000000000002 0.87500000000000011 1.0000000180025095e-35 7.5000000000000009 1.0000000180025095e-35 0.29165000000000002 15.500000000000002
decision_type=2 2 2 2 2 2 2 2 2 2 2 2 2 2
left_child=1 4 3 -3 -1 6 -2 -6 -9 10 -4 12 13 -12
right_child=5 2 9 -5 7 -7 -8 8 -10 -11 11 -13 -14 -15
leaf_value=-0.095107438849732828 -0.098733919767815814 -0.00071931545366400414 -0.12265568122942534 -0.090423394606638771 -0.020970965128838212 0.084289732904250084 0.052738486300701687 0.060163737063055688 -0.081585120809731806 0.056168130267127747 0.027874713688427796 0.077635018032723255 -0.17113442193009015 -0.013142234818523793
leaf_weight=100.47770833969116 6.7671145200729397 185.49292168021202 3.5918277204036704 26.61187931895256 60.557795405387878 129.50357331335545 24.762056306004524 5.2906059324741355 79.420861601829529 64.001749992370605 176.78497619926929 17.643516659736633 3.7486237138509741 76.065502017736435
leaf_count=752 40 762 16 171 308 859 126 29 556 333 742 78 16 307
internal_value=-0.000169526 -0.0146513 0.00951533 -0.0119741 -0.0691255 0.0717468 0.0202279 -0.0511548 -0.0727323 0.0228492 0.0151739 0.0169791 0.0128085 0.0155355
internal_weight=960.721 799.688 553.941 212.105 245.747 161.033 31.5292 145.269 84.7115 341.836 277.834 274.243 256.599 252.85
internal_count=5095 4070 2425 933 1645 1025 166 893 585 1492 1159 1143 1065 1049
is_linear=0
shrinkage=0.08


Tree=15
num_leaves=15
num_cat=0
split_feature=6 11 0 14 1 15 1 7 13 10 0 1 1 8
split_gain=138.651 146.994 21.9219 18.7938 17.7507 16.6325 14.0816 13.9994 12.8609 12.6633 17.885 11.0776 10.4763 9.11482
threshold=0.58335000000000015 1.0000000180025095e-35 2.5000000000000004 1.0000000180025095e-35 11.500000000000002 1.0000000180025095e-35 14.500000000000002 0.87500000000000011 1.0000000180025095e-35 1.0000000180025095e-35 1.5000000000000002 18.500000000000004 35.500000000000007 1.0000000180025095e-35
decision_type=2 2 2 2 2 2 2 2 2 2 2 2 2 2
left_child=1 4 3 8 -1 9 -6 -8 -3 10 -2 -5 -4 -10
right_child=5 2 12 11 6 -7 7 -9 13 -11 -12 -13 -14 -15
leaf_value=-0.093736815912870142 -0.11247488722849727 -0.0040915277239571861 0.060236398955385843 0.018774474961577931 -0.019488367944217055 -0.046876039819160324 0.057214217343713625 -0.079433294026012277 -0.041141805446643885 0.086969142236298883 0.056033653091215392 -0.062599769088446153 -0.15406995622468045 -0.16521102269744403
leaf_weight=94.053215742111206 4.837748751044276 141.15670838952065 57.693951860070229 288.71108150482178 59.976619720458984 7.5026870518922797 5.1252261251211158 75.219738662242889 45.174328535795212 117.20238667726517 24.17650505900383 11.118897914886473 1.4977778792381276 4.1366802155971518
leaf_count=752 29 621 310 1215 308 43 29 556 210 826 127 45 6 18
internal_value=-0.000176621 -0.0138002 0.00882519 0.00327318 -0.0668451 0.0692943 -0.0488204 -0.0707165 -0.0163782 0.0752552 0.027937 0.0157568 0.0548136 -0.0515499
internal_weight=937.584 783.864 549.489 490.298 234.375 153.719 140.322 80.345 190.468 146.217 29.0143 299.83 59.1917 49.311
internal_count=5095 4070 2425 2109 1645 1025 893 585 849 982 156 1260 316 228
is_linear=0
shrinkage=0.08


Tree=16
num_leaves=15
num_cat=0
split_feature=6 11 8 1 15 10 6 1 10 1 1 0 9 0
split_gain=123.359 131.42 20.7715 17.5914 15.03 14.3429 14.6671 13.3951 12.9718 12.9084 19.833 13.324 12.4996 19.3519
threshold=0.58335000000000015 1.0000000180025095e-35 1.0000000180025095e-35 11.500000000000002 1.0000000180025095e-35 1.0000000180025095e-35 0.29165000000000002 14.500000000000002 0.68500000000000016 11.500000000000002 15.500000000000002 1.5000000000000002 1.0000000180025095e-35 1.5000000000000002
decision_type=2 2 2 2 2 2 2 2 2 2 2 2 2 2
left_child=1 3 5 -1 -2 6 9 -5 -9 12 11 -11 -3 -14
right_child=4 2 -4 7 -6 -7 -8 8 -10 10 -12 -13 13 -15
leaf_value=-0.092507688669744334 0.073163953925939898 0.0019805164887100467 0.052039197995744101 -0.018100553710627253 -0.043292778346608864 0.0719955982655264 -0.15698662981396638 -0.075199950032322146 0.10077860120835168 -0.07937224484426221 -0.014704198968042752 0.04361498522147729 -0.097316172209248472 -0.012514349068129069
leaf_weight=87.928379654884338 138.68562617152929 179.07594139873981 61.314856767654419 59.43253767490387 7.4749651476740828 18.354327782988548 3.7828250229358664 73.404079973697662 2.7823938578367224 5.9358807355165473 77.212569043040276 112.18925707042217 23.313026487827301 65.921506628394127
leaf_count=752 982 735 333 308 43 84 16 568 17 28 313 477 161 278
internal_value=-0.000174798 -0.0129546 0.00816296 -0.0646368 0.0672081 0.00262499 -9.89445e-05 -0.0465668 -0.0687731 0.00118107 0.0168254 0.0374348 -0.0102085 -0.0346693
internal_weight=916.808 770.648 547.1 223.547 146.161 485.785 467.431 135.619 76.1865 463.648 195.338 118.125 268.31 89.2345
internal_count=5095 4070 2425 1645 1025 2092 2008 893 585 1992 818 505 1174 439
is_linear=0
shrinkage=0.08


Tree=17
num_leaves=15
num_cat=0
split_feature=6 11 0 1 10 14 1 1 7 13 1 1 15 0
split_gain=109.086 117.293 18.1861 17.5013 15.464 15.012 14.9604 12.6425 11.8451 10.7834 8.93361 8.83972 8.32135 8.30928
threshold=0.58335000000000015 1.0000000180025095e-35 2.5000000000000004 11.500000000000002 1.0000000180025095e-35 1.0000000180025095e-35 10.500000000000002 14.500000000000002 0.87500000000000011 1.0000000180025095e-35 18.500000000000004 35.500000000000007 1.0000000180025095e-35 3.5000000000000004
decision_type=2 2 2 2 2 2 2 2 2 2 2 2 2 2
left_child=1 3 5 -1 6 9 -2 -5 -9 -3 12 -4 -7 -8
right_child=4 2 11 7 -6 10 13 8 -10 -11 -12 -13 -14 -15
leaf_value=-0.09140253246647792 -0.095447075416935923 -0.0038171927469987455 0.055717876040324542 -0.016802464174007114 0.078316910704985421 0.017980929628133618 0.056362518561174496 0.053557797530039447 -0.075411741883669045 -0.047579449901230295 -0.056862675495571689 -0.14256687091618206 -0.10809308910085888 -0.13435379752645707
leaf_weight=82.109357595443726 6.3803315535187748 139.93093967437744 55.022364407777786 58.924009561538696 110.86653573811054 283.14051611721516 21.159825280308727 4.887574464082717 67.52812185883522 48.535045549273491 11.035686805844305 1.4775712788105 3.3907238692045203 1.5705906748771656
leaf_count=752 40 621 310 308 859 1191 119 29 556 228 45 6 24 7
internal_value=-0.000180378 -0.012192 0.00757329 -0.0624304 0.0646915 0.00257942 0.0128002 -0.044318 -0.0667072 -0.0150871 0.0137687 0.0505324 0.016489 0.0431847
internal_weight=895.959 755.982 542.533 213.449 139.977 486.033 29.1107 131.34 72.4157 188.466 297.567 56.4999 286.531 22.7304
internal_count=5095 4070 2425 1645 1025 2109 166 893 585 849 1260 316 1215 126
is_linear=0
shrinkage=0.08


Tree=18
num_leaves=15
num_cat=0
split_feature=6 11 1 8 10 0 1 10 6 10 1 1 0 9
split_gain=96.8284 104.791 17.3468 17.0642 14.2515 13.4127 11.9823 11.9287 12.5415 10.8688 10.5644 16.8418 11.4548 10.7369
threshold=0.58335000000000015 1.0000000180025095e-35 11.500000000000002 1.0000000180025095e-35 1.0000000180025095e-35 1.5000000000000002 14.500000000000002 1.0000000180025095e-35 0.29165000000000002 0.68500000000000016 11.500000000000002 15.500000000000002 1.5000000000000002 1.0000000180025095e-35
decision_type=2 2 2 2 2 2 2 2 2 2 2 2 2 2
left_child=1 2 -1 7 5 -2 -4 8 10 -8 13 12 -12 -3
right_child=4 3 6 -5 -6 -7 9 -9 -10 -11 11 -13 -14 -15
leaf_value=-0.090406522333843886 -0.10690181498126117 0.0016469294317391879 -0.015589247450516003 0.047723209535249264 0.076116109818659988 0.037641926772047495 -0.071098428889440665 0.066172209046293645 -0.14562619126356519 0.097806926370972463 -0.075653527693358896 -0.014058770611382845 0.039922733590438131 -0.032577009657853651
leaf_weight=76.597387790679932 4.9886162728071239 178.80227436125278 58.449389934539795 58.710009232163429 105.18140134215355 23.292226344347 66.139173686504364 17.870777860283852 3.7766430079936972 2.5315622240304938 5.7747517228126517 76.904609620571136 110.60534912347794 87.318225756287575
leaf_count=752 34 735 308 333 859 132 568 84 16 17 28 313 477 439
internal_value=-0.00018187 -0.0114448 -0.0603329 0.00700662 0.0625605 0.012145 -0.0422118 0.00203737 -0.000437122 -0.0648717 0.000756437 0.0149914 0.0341879 -0.00958247
internal_weight=876.942 743.48 203.718 539.763 133.462 28.2808 127.12 481.053 463.182 68.6707 459.405 193.285 116.38 266.121
internal_count=5095 4070 1645 2425 1025 166 893 2092 2008 585 1992 818 505 1174
is_linear=0
shrinkage=0.08


Tree=19
num_leaves=15
num_cat=0
split_feature=6 11 1 1 15 8 9 10 1 1 14 7 0 0
split_gain=85.8507 93.4755 17.2413 15.2776 14.3136 12.7589 12.7054 11.6405 13.0494 11.2593 10.6255 10.0601 7.86788 7.09866
threshold=0.58335000000000015 1.0000000180025095e-35 11.500000000000002 9.5000000000000018 1.0000000180025095e-35 1.0000000180025095e-35 1.0000000180025095e-35 1.0000000180025095e-35 9.5000000000000018 14.500000000000002 1.0000000180025095e-35 0.87500000000000011 3.5000000000000004 1.5000000000000002
decision_type=2 2 2 2 2 2 2 2 2 2 2 2 2 2
left_child=1 2 -1 6 7 13 -3 8 -2 -4 -8 -11 -7 -5
right_child=4 3 9 5 -6 12 10 -9 -10 11 -12 -13 -14 -15
leaf_value=-0.089506979346145724 -0.11629914237490781 0.0018063933188263723 -0.014456239657624919 -0.034311441290380308 -0.047865148921527885 0.063377690503890818 -0.073152442106787702 0.080158114626321858 0.043310648520147974 0.050322893705823386 -0.0043867604247918779 -0.071596988427603744 -0.18026208593903939 0.015179802300143503
leaf_weight=71.389876127243042 3.84907138347626 166.72004525363445 58.006991446018219 20.042446650564671 7.3598413467407218 42.050853386521339 31.422855466604233 94.061791434884071 22.108110159635544 4.6646352410316458 26.516263969242573 60.640887707471848 0.86574876308441062 248.77033330500126
leaf_count=752 25 681 308 96 43 261 191 826 131 29 128 556 6 1062
internal_value=-0.00017963 -0.0107396 -0.0582192 0.00649493 0.0604293 0.0179567 -0.009409 0.0670701 0.0196428 -0.0401057 -0.0416813 -0.0628885 0.0584628 0.0114898
internal_weight=858.47 731.091 194.702 536.389 127.379 311.729 224.659 120.019 25.9572 123.313 57.9391 65.3055 42.9166 268.813
internal_count=5095 4070 1645 2425 1025 1425 1000 982 156 893 319 585 267 1158
is_linear=0
shrinkage=0.08


Tree=20
num_leaves=15
num_cat=0
split_feature=6 11 1 0 15 14 10 1 1 10 13 8 1 1
split_gain=76.3931 83.414 17.0657 13.6954 12.8851 11.3966 11.0229 11.5788 10.622 9.12489 8.96496 7.73422 7.43652 7.26147
threshold=0.58335000000000015 1.0000000180025095e-35 11.500000000000002 2.5000000000000004 1.0000000180025095e-35 1.0000000180025095e-35 1.0000000180025095e-35 9.5000000000000018 14.500000000000002 0.68500000000000016 1.0000000180025095e-35 1.0000000180025095e-35 35.500000000000007 18.500000000000004
decision_type=2 2 2 2 2 2 2 2 2 2 2 2 2 2
left_child=1 2 -1 5 6 10 7 -2 -4 -10 -3 -12 -5 -7
right_child=4 3 8 12 -6 13 -8 -9 9 -11 11 -13 -14 -15
leaf_value=-0.088693009835791467 -0.11345236761589728 -0.0034498696588874133 -0.013398993397378297 0.049694351116510202 -0.044218815309194491 0.014015087053296255 0.078494144467958507 0.040804785554965035 -0.067144258241136262 0.095355246266540503 -0.033546658267170071 -0.14605158816925504 -0.13431443443942345 -0.052424026381690227
leaf_weight=66.481264591217041 3.6386158913373974 138.28919807076454 57.595102936029434 51.416127011179924 7.3306550309061995 283.62196378409863 88.595932230353355 21.609684482216835 59.668135017156601 2.2967125326395026 43.236205220222473 4.2995861470699301 1.4451439976692189 10.934144318103789
leaf_count=752 25 621 308 310 43 1215 826 131 568 17 210 18 6 45
internal_value=-0.000177451 -0.010077 -0.0562 0.0060147 0.0585854 0.00176173 0.0652052 0.0185743 -0.0381322 -0.0611213 -0.013752 -0.0437227 0.0446638 0.0115488
internal_weight=840.458 719.284 186.041 533.242 121.175 480.381 113.844 25.2483 119.56 61.9648 185.825 47.5358 52.8613 294.556
internal_count=5095 4070 1645 2425 1025 2109 982 156 893 585 849 228 316 1260
is_linear=0
shrinkage=0.08


Tree=21
num_leaves=15
num_cat=0
split_feature=6 11 1 8 10 1 15 2 0 1 6 10 6 14
split_gain=67.9388 74.3002 16.9237 13.3551 11.7888 10.2136 10.1448 9.79848 25.5551 15.5344 9.56721 9.46598 10.9979 7.98948
threshold=0.58335000000000015 1.0000000180025095e-35 11.500000000000002 1.0000000180025095e-35 1.0000000180025095e-35 17.500000000000004 1.0000000180025095e-35 1.0000000180025095e-35 2.5000000000000004 10.500000000000002 0.36665000000000009 1.0000000180025095e-35 0.29165000000000002 1.0000000180025095e-35
decision_type=2 2 2 2 2 2 2 2 2 2 2 2 2 2
left_child=1 2 -1 6 7 10 11 8 9 -2 -4 12 13 -3
right_child=4 3 5 -5 -6 -7 -8 -9 -10 -11 -12 -13 -14 -15
leaf_value=-0.087955208263803986 -0.085420392196260325 -0.012290703470318303 -0.01026648746182657 0.042799958796204685 0.070620209198377235 -0.076308346398720722 -0.11954478123215324 0.10002342586103011 -0.20791306666408904 0.079667804060387745 -0.081974713798392454 0.060427488505796621 -0.13693375270570629 0.0096471914632510133
leaf_weight=61.863726019859314 5.4344084188342192 171.67401515692472 71.868831738829613 55.226283565163612 89.191436901688576 30.059972614049911 4.4092184603214255 5.9201330095529547 3.672072932124137 11.096539646387098 14.272432431578634 17.312670812010765 3.7146250009536734 278.76799939572811
leaf_count=752 40 785 489 333 859 296 29 37 20 69 108 84 16 1178
internal_value=-0.000172515 -0.00943281 -0.0541537 0.0055609 0.0567771 -0.0361584 0.00123926 0.00951293 -0.0170096 0.0253965 -0.0221476 0.00236884 0.000155621 0.00128615
internal_weight=824.484 709.17 178.065 531.105 115.315 116.201 475.879 26.1232 20.203 16.5309 86.1413 471.469 454.157 450.442
internal_count=5095 4070 1645 2425 1025 893 2092 166 129 109 597 2063 1979 1963
is_linear=0
shrinkage=0.08


Tree=22
num_leaves=15
num_cat=0
split_feature=6 11 1 1 10 10 11 14 2 9 0 9 8 1
split_gain=60.3319 65.887 16.8899 11.6465 11.5793 29.4778 19.4973 17.9375 20.5 11.4677 15.9434 10.9974 9.72822 9.47171
threshold=0.58335000000000015 1.0000000180025095e-35 11.500000000000002 9.5000000000000018 0.68500000000000016 0.67500000000000016 1.0000000180025095e-35 1.0000000180025095e-35 1.0000000180025095e-35 1.0000000180025095e-35 1.5000000000000002 1.0000000180025095e-35 1.0000000180025095e-35 17.500000000000004
decision_type=2 2 2 2 2 2 2 2 2 2 2 2 2 2
left_child=1 2 -1 11 5 9 7 8 -7 -2 -11 -3 -5 -4
right_child=4 3 13 12 -6 6 -8 -9 -10 10 -12 -13 -14 -15
leaf_value=-0.087285391272910878 0.081921648121984381 0.0015878610224606318 -0.020680348920224627 0.0097757583176533124 0.089593174597187838 -0.49612074374721971 0.089593174597187769 0.089593174597187727 0.089593174597187672 -0.10061532874342816 0.042092704464737819 -0.039269670964807629 0.052281863207022189 -0.073889564690183221
leaf_weight=57.527774810791016 33.280284151434898 166.29961761832237 84.997039943933487 266.30685775727034 39.486853152513504 1.9121962785720823 1.3385373950004575 0.66926869750022877 0.47804906964302052 6.1689397990703574 26.676286250352859 56.482961930334568 39.581423655152321 28.620393469929695
leaf_count=752 331 681 597 1158 413 20 14 7 5 46 189 319 267 296
internal_value=-0.000166412 -0.00882391 -0.0519667 0.00514259 0.0549071 0.035486 -0.165065 -0.276478 -0.378978 0.0488248 0.0152895 -0.00877091 0.015276 -0.0340838
internal_weight=809.826 699.816 171.145 528.671 110.01 70.5236 4.39805 3.05951 2.39025 66.1255 32.8452 222.783 305.888 113.617
internal_count=5095 4070 1645 2425 1025 612 46 32 25 566 235 1000 1425 893
is_linear=0
shrinkage=0.08


Tree=23
num_leaves=15
num_cat=0
split_feature=10 11 9 10 1 10 10 1 8 15 6 0 9 1
split_gain=55.6617 48.1102 48.0909 21.8503 15.905 23.1324 12.9448 13.6664 10.8341 9.70162 9.50453 9.20781 9.08589 7.32985
threshold=0.68500000000000016 1.0000000180025095e-35 1.0000000180025095e-35 1.0000000180025095e-35 11.500000000000002 0.67500000000000016 1.0000000180025095e-35 17.500000000000004 1.5000000000000002 1.0000000180025095e-35 0.77500000000000013 3.5000000000000004 0.7250000000000002 9.5000000000000018
decision_type=2 2 2 2 2 2 2 2 2 2 2 2 2 2
left_child=1 2 -1 8 -4 6 7 -6 9 13 -7 -10 -9 -3
right_child=-2 3 4 -5 5 10 -8 12 11 -11 -12 -13 -14 -15
leaf_value=0.075844782591718285 0.089826754730441924 -0.0086009945212191744 -0.085202334302953736 0.072168722409625158 -0.0092839717837565391 -0.09148782628933308 0.13827583255971637 -0.091958070056878893 0.093851107396927175 -0.11556129106204478 -0.24546075437211395 -0.17337571486536374 0.097261788770587054 0.010967109075990024
leaf_weight=21.273345082998276 41.709947466850281 215.16131287068129 59.568682260811329 31.310659825801849 79.010583475232124 15.967140167951586 3.1899907588958731 22.288361951708797 12.069743961095806 4.4915289953351012 3.057035654783248 0.88579595088958818 1.7517516016960133 284.51004615426064
leaf_count=223 447 960 800 240 542 151 27 239 96 32 24 6 12 1296
internal_value=-0.000136443 -0.00510951 -0.0380616 0.0072743 -0.0511716 -0.0349885 -0.0204408 -0.025354 0.00334505 0.00148881 -0.11623 0.0755803 -0.07817 0.00254097
internal_weight=796.246 754.536 206.107 548.429 184.834 125.265 106.241 103.051 517.118 504.163 19.0242 12.9555 24.0401 499.671
internal_count=5095 4648 2018 2630 1795 995 820 793 2390 2288 175 102 251 2256
is_linear=0
shrinkage=0.08


Tree=24
num_leaves=15
num_cat=0
split_feature=10 11 9 10 1 10 1 9 8 15 10 0 0 9
split_gain=50.7241 42.331 42.5942 19.4053 15.7666 19.93 11.9614 11.2991 9.79546 8.68637 8.07396 7.8403 6.32833 24.398
threshold=0.68500000000000016 1.0000000180025095e-35 1.0000000180025095e-35 1.0000000180025095e-35 11.500000000000002 0.67500000000000016 17.500000000000004 0.7250000000000002 1.5000000000000002 1.0000000180025095e-35 1.0000000180025095e-35 3.5000000000000004 1.5000000000000002 1.0000000180025095e-35
decision_type=2 2 2 2 2 2 2 2 2 2 2 2 2 2
left_child=1 2 -1 8 -4 6 10 -8 9 12 -6 -10 13 -3
right_child=-2 3 4 -5 5 -7 7 -9 11 -11 -12 -13 -14 -15
leaf_value=0.07394752038144238 0.088996773542919225 0.00045732483924947005 -0.084164347076513463 0.069170826794755752 -0.0085809412355748634 -0.10901183071749108 -0.087825689650254002 0.096679470164398013 0.092610586735992442 -0.11241571673012687 0.15457415550173365 -0.14271707924666971 0.0097737644927784126 -0.094093509952796542
leaf_weight=20.121217712759972 38.847550719976425 182.736163392663 55.639694940298796 30.104681238532066 78.660339117050171 18.644381724298 21.205874063074592 2.3607388138771048 11.284906715154644 4.2574396207928649 1.990294575691222 0.98518207669258195 296.90584450215101 19.312359571456909
leaf_count=223 447 756 800 240 542 175 241 18 96 32 19 6 1344 156
internal_value=-0.000121423 -0.00477337 -0.0363954 0.00673871 -0.0488336 -0.0328335 -0.0192052 -0.0693433 0.00309261 0.00137057 -0.0045546 0.0737158 0.00234148 -0.00858011
internal_weight=783.057 744.209 198.623 545.587 178.501 122.862 104.217 23.5666 515.482 503.212 80.6506 12.2701 498.954 202.049
internal_count=5095 4648 2018 2630 1795 995 820 259 2390 2288 561 102 2256 912
is_linear=0
shrinkage=0.08


Tree=25
num_leaves=15
num_cat=0
split_feature=10 11 9 10 1 10 10 1 8 15 9 0 14 6
split_gain=46.285 37.3053 37.7629 17.2182 15.6011 16.4255 11.0282 10.7449 8.86494 7.7928 7.45857 6.82193 6.59299 6.65841
threshold=0.68500000000000016 1.0000000180025095e-35 1.0000000180025095e-35 1.0000000180025095e-35 10.500000000000002 0.67500000000000016 1.0000000180025095e-35 17.500000000000004 1.5000000000000002 1.0000000180025095e-35 0.7250000000000002 3.5000000000000004 1.0000000180025095e-35 0.77500000000000013
decision_type=2 2 2 2 2 2 2 2 2 2 2 2 2 2
left_child=1 2 -1 8 -4 6 7 -6 9 -3 -9 -10 13 -7
right_child=-2 3 4 -5 5 12 -8 10 11 -11 -12 -13 -14 -15
leaf_value=0.072046433934628548 0.088242997906237214 0.0021530877445628967 -0.086645665733337637 0.066257865027241777 -0.011794888118929845 -0.090173605887181513 0.1325012643605174 -0.088721321714867227 0.091495397848176202 -0.10957129057151388 0.094218634054363884 -0.12074373494257438 0.096937920665004035 -0.21736588906633661
leaf_weight=19.044502824544907 36.154636390507221 497.10517080128193 45.848727662116289 28.961770057678223 84.096504468470812 13.866500791162258 2.9381772950291625 19.701808474957947 10.53905468434095 4.027935989201068 1.5376437306404103 1.0674187839031226 1.0005632042884816 3.2517899572849265
leaf_count=223 447 2256 709 240 629 151 28 239 96 32 12 6 8 19
internal_value=-0.000120564 -0.0044791 -0.0348505 0.00624569 -0.04667 -0.0321689 -0.0203714 -0.0246355 0.00285594 0.00125509 -0.0754773 0.0719763 -0.102668 -0.114335
internal_weight=769.142 732.988 191.286 541.701 172.242 126.393 108.274 105.336 512.74 501.133 21.2395 11.6065 18.1189 17.1183
internal_count=5095 4648 2018 2630 1795 1086 908 880 2390 2288 251 102 178 170
is_linear=0
shrinkage=0.08


Tree=26
num_leaves=15
num_cat=0
split_feature=10 11 9 1 10 10 1 9 8 14 0 1 13 15
split_gain=42.2532 32.7853 33.41 15.451 15.7424 15.2654 10.3238 9.17039 8.02747 7.101 7.89496 9.58943 7.76736 7.00534
threshold=0.68500000000000016 1.0000000180025095e-35 1.0000000180025095e-35 11.500000000000002 0.67500000000000016 1.0000000180025095e-35 17.500000000000004 0.7250000000000002 1.5000000000000002 1.0000000180025095e-35 2.5000000000000004 15.500000000000002 1.0000000180025095e-35 1.0000000180025095e-35
decision_type=2 2 2 2 2 2 2 2 2 2 2 2 2 2
left_child=1 2 -1 -4 6 8 9 -8 13 10 11 -5 -12 -3
right_child=-2 5 3 4 -6 -7 7 -9 -10 -11 12 -13 -14 -15
leaf_value=0.07013611263576397 0.087557402444761775 0.0019812004416462402 -0.082397070147849055 0.025494096348729182 -0.099126972531370969 0.063422700290468384 -0.084318894894362256 0.093680747822149885 0.070338755101259531 -0.020730711094790823 0.042485286047160453 0.17167295189576851 -0.1978663672855443 -0.1069963093897176
leaf_weight=18.039750054478645 33.625611044466496 497.01935341954231 48.677927304059267 20.370484828948982 17.379332229495049 27.881183624267578 18.798369817435745 2.054863065481185 10.968303993344305 52.501805305480957 1.6427053660154334 3.3435509055852881 1.8072057366371155 3.8040572851896277
leaf_count=223 447 2256 800 132 175 240 241 18 102 370 14 33 12 32
internal_value=-0.000108488 -0.00417844 -0.0332792 -0.0444788 -0.028823 0.00577659 -0.0166678 -0.0667789 0.00263617 -0.00355071 0.0296544 0.0461045 -0.0834208 0.00115345
internal_weight=757.915 724.289 184.616 166.576 117.898 539.673 100.519 20.8532 511.792 79.6658 27.1639 23.714 3.44991 500.823
internal_count=5095 4648 2018 1795 995 2630 820 259 2390 561 191 165 26 2288
is_linear=0
shrinkage=0.08


Tree=27
num_leaves=15
num_cat=0
split_feature=10 11 9 1 10 10 10 1 1 9 0 1 1 9
split_gain=38.6117 28.8154 29.5371 15.2825 13.5202 12.7572 9.56844 9.33633 7.49195 13.1918 9.26643 7.13076 6.58038 6.1104
threshold=0.68500000000000016 1.0000000180025095e-35 1.0000000180025095e-35 10.500000000000002 1.0000000180025095e-35 0.67500000000000016 1.0000000180025095e-35 17.500000000000004 9.5000000000000018 1.0000000180025095e-35 1.5000000000000002 24.500000000000004 3.5000000000000004 0.7250000000000002
decision_type=2 2 2 2 2 2 2 2 2 2 2 2 2 2
left_child=1 2 12 -4 8 6 7 -5 9 -3 -11 -10 -1 -9
right_child=-2 4 3 5 -6 -7 -8 13 11 10 -12 -13 -14 -15
leaf_value=-0.14597099772897953 0.086933005156177842 0.0020679777064698821 -0.085420311466471208 -0.010271862756775033 0.060659963339163216 -0.092545411474416209 0.13009676533168554 -0.085308668243142871 0.012023778902228516 -0.092110883189083739 -0.020002481061467053 -0.11141787509950782 0.079709003439118242 0.091782962583730185
leaf_weight=0.87126740813255565 31.254211634397507 166.11914375424385 39.741117808967829 83.113764684647322 26.861684948205948 17.005508400499821 2.7253612987697116 17.476850852370266 290.94231914356351 17.274781368672848 33.570745699107647 3.0261211395263663 16.232103534042835 1.3427698910236348
leaf_count=5 447 681 709 629 240 178 28 239 1387 160 149 13 218 12
internal_value=-0.000107444 -0.00390525 -0.0317557 -0.0423489 0.00533908 -0.0282798 -0.0178376 -0.0217928 0.00243065 -0.00884551 -0.0445013 0.0107531 0.0682126 -0.0726733
internal_weight=747.558 716.304 178.509 161.405 537.795 121.664 104.659 101.933 510.933 216.965 50.8455 293.968 17.1034 18.8196
internal_count=5095 4648 2018 1795 2630 1086 908 880 2390 990 309 1400 223 251
is_linear=0
shrinkage=0.08


Tree=28
num_leaves=15
num_cat=0
split_feature=10 11 9 1 6 10 10 1 8 14 14 1 1 9
split_gain=35.3125 25.294 26.1799 14.9753 12.7332 11.2866 8.56853 8.67259 8.42964 6.1685 6.16617 6.0236 5.74564 5.52363
threshold=0.68500000000000016 1.0000000180025095e-35 1.0000000180025095e-35 10.500000000000002 0.58335000000000015 0.67500000000000016 1.0000000180025095e-35 17.500000000000004 1.0000000180025095e-35 1.0000000180025095e-35 1.0000000180025095e-35 12.500000000000002 3.5000000000000004 0.7250000000000002
decision_type=2 2 2 2 2 2 2 2 2 2 2 2 2 2
left_child=1 2 12 -4 8 6 7 11 9 -3 -7 -5 -1 -9
right_child=-2 4 3 5 -6 10 -8 13 -10 -11 -12 -13 -14 -15
leaf_value=-0.12934973709646055 0.086363659217463709 -0.012824362352166982 -0.084827216704193756 -0.045842308295477835 0.067050065570513989 -0.10087545259244866 0.12790948811761813 -0.083485721286683717 0.033884745073811957 0.0062363485755890357 0.098452373421747646 0.0033280930733687358 0.078331608039002146 0.090749635542302781
leaf_weight=0.90308663249016063 29.03372659906745 173.06346031278372 36.931831300258636 21.574007738381624 20.319398872554302 15.409183543175459 2.5571217387914649 16.471287064254287 49.45186959207058 292.01025327667594 1.0616879612207419 61.113914795219898 15.236997678875921 1.2530694007873524
leaf_count=5 447 808 709 179 220 170 28 239 333 1269 8 450 218 12
internal_value=-0.000106906 -0.00365612 -0.030293 -0.0403054 0.00493551 -0.0265389 -0.0167033 -0.0203861 0.00248251 -0.000856533 -0.0880271 -0.0095009 0.0667112 -0.0711677
internal_weight=736.391 707.357 172.512 156.372 534.845 119.44 102.969 100.412 514.526 465.074 16.4709 82.6879 16.1401 17.7244
internal_count=5095 4648 2018 1795 2630 1086 908 880 2410 2077 178 629 223 251
is_linear=0
shrinkage=0.08


Tree=29
num_leaves=15
num_cat=0
split_feature=10 11 9 0 6 10 10 1 1 8 15 14 14 15
split_gain=32.3113 22.2239 23.208 14.7275 11.3822 9.9836 7.48443 7.74138 8.20809 7.28299 5.59549 5.50466 5.46571 5.43492
threshold=0.68500000000000016 1.0000000180025095e-35 1.0000000180025095e-35 1.5000000000000002 0.58335000000000015 0.67500000000000016 1.0000000180025095e-35 17.500000000000004 12.500000000000002 1.0000000180025095e-35 1.0000000180025095e-35 1.0000000180025095e-35 1.0000000180025095e-35 1.0000000180025095e-35
decision_type=2 2 2 2 2 2 2 2 2 2 2 2 2 2
left_child=1 2 -1 -4 9 6 7 8 -5 10 11 -3 -7 -10
right_child=-2 4 3 5 -6 12 -8 -9 13 -11 -12 -13 -14 -15
leaf_value=0.065211770813275907 0.085843941977047325 -0.011380724739265552 -0.086181085552842568 -0.04922266224277274 0.064702163830027304 -0.096793369128402876 0.11254048490727138 -0.069613506982873538 0.011802585004921064 0.031771994943530613 -0.10555218830014433 0.0066889394213101852 0.096862786071289939 -0.094641370575663061
leaf_weight=15.237116403877733 26.957160983234644 172.11777663975954 32.407915409654379 24.241768233478069 19.410119362175465 14.799998536705967 2.8072818182408801 16.710981860756874 56.293214827775955 48.559142455458641 3.2401212006807318 289.17548225820065 0.99548548460006792 3.2470261156558982
leaf_count=223 447 805 632 262 220 170 33 251 410 333 29 1243 8 29
internal_value=-0.000100094 -0.0034134 -0.0289008 -0.038366 0.00456739 -0.0253547 -0.0162973 -0.0198964 -0.00997997 0.00229251 -0.000789071 -5.32151e-05 -0.0845885 0.00599767
internal_weight=726.201 699.243 166.741 151.504 532.503 119.096 103.3 100.493 83.782 513.093 464.533 461.293 15.7955 59.5402
internal_count=5095 4648 2018 1795 2630 1163 985 952 701 2410 2077 2048 178 439
is_linear=0
shrinkage=0.08


Tree=30
num_leaves=15
num_cat=0
split_feature=10 11 9 1 10 10 10 1 8 0 15 15 1 9
split_gain=29.5853 19.4766 20.4654 14.4195 10.7405 9.14421 6.91815 7.25243 6.49524 6.70711 5.68822 5.64883 5.32653 5.16754
threshold=0.68500000000000016 1.0000000180025095e-35 1.0000000180025095e-35 10.500000000000002 1.0000000180025095e-35 0.67500000000000016 1.0000000180025095e-35 17.500000000000004 1.5000000000000002 3.5000000000000004 1.0000000180025095e-35 1.0000000180025095e-35 25.500000000000004 0.7250000000000002
decision_type=2 2 2 2 2 2 2 2 2 2 2 2 2 2
left_child=1 2 10 -4 8 6 7 -5 11 -10 -1 12 -3 -9
right_child=-2 4 3 5 -6 -7 -8 13 9 -11 -12 -13 -14 -15
leaf_value=0.085319472257858783 0.085369067542606328 0.0016822217386428856 -0.083944238340801169 -0.0079984993649566856 0.055821290789239815 -0.081074746918570528 0.12357396588607195 -0.07993539674268367 0.089061106976850851 -0.12473975896588553 -0.050399632848835502 -0.10320659733589063 -0.12657059571928828 0.090524806737871763
leaf_weight=12.132029868662356 25.01738440990448 490.21704109013081 31.987638145685196 81.69466669857502 24.622116439044476 15.18501767516136 2.2714248187839976 14.808714687824249 8.7643335387110675 1.0517593324184424 2.3610280305147162 3.3428778648376456 2.0812778770923606 1.2329638302326209
leaf_count=208 447 2247 709 629 240 178 28 239 96 6 15 32 9 12
internal_value=-9.67341e-05 -0.00318762 -0.0274941 -0.0364258 0.00422582 -0.0232306 -0.0144476 -0.0176553 0.00171248 0.0661531 0.0632098 0.000436239 0.00114001 -0.0668338
internal_weight=716.77 691.753 161.673 147.18 530.079 115.193 100.008 97.7363 505.457 9.81609 14.4931 495.641 492.298 16.0417
internal_count=5095 4648 2018 1795 2630 1086 908 880 2390 102 223 2288 2256 251
is_linear=0
shrinkage=0.08


Tree=31
num_leaves=15
num_cat=0
split_feature=10 11 9 0 6 10 15 10 8 1 1 0 15 1
split_gain=27.1003 17.0421 18.1341 14.2048 9.78016 7.89402 6.35742 6.25111 6.12188 5.95231 7.43453 5.91587 5.25863 4.97773
threshold=0.68500000000000016 1.0000000180025095e-35 1.0000000180025095e-35 1.5000000000000002 0.58335000000000015 0.67500000000000016 1.0000000180025095e-35 1.0000000180025095e-35 1.5000000000000002 17.500000000000004 12.500000000000002 3.5000000000000004 1.0000000180025095e-35 5.5000000000000009
decision_type=2 2 2 2 2 2 2 2 2 2 2 2 2 2
left_child=1 2 12 -4 8 6 7 9 -3 10 -5 -10 -1 -14
right_child=-2 4 3 5 -6 -7 -8 -9 11 -11 -12 -13 13 -15
leaf_value=0.084884617090488348 0.084934782332052067 0.00064801783756225748 -0.085467633643819957 -0.043261400697264682 0.061739011746760948 -0.076587479447907378 -0.097524425345802079 0.11831328762789955 0.088303837910422664 -0.060877836606127562 0.011477021998051602 -0.10717843894025116 -0.14297153390396491 0.091505667167111754
leaf_weight=11.254312187433241 23.207234993577003 500.75120652467012 28.143290225416422 22.103936474770308 18.074360057711601 14.804989516735075 5.5121657624840728 2.4002454839646807 8.4249967485666239 13.817133069038389 56.396012991666794 1.1228432357311255 1.3985424935817712 0.98934600502252568
leaf_count=208 447 2305 632 250 220 178 58 30 99 237 410 6 6 9
internal_value=-8.7452e-05 -0.00296712 -0.0261259 -0.0345232 0.00390634 -0.0220596 -0.0140052 -0.00914474 0.00185795 -0.0124586 -0.00393617 0.0653148 0.0620059 -0.0458233
internal_weight=708.401 685.193 156.82 143.178 528.373 115.034 100.229 94.7173 510.299 92.3171 78.4999 9.54784 13.6422 2.38789
internal_count=5095 4648 2018 1795 2630 1163 985 927 2410 897 660 105 223 15
is_linear=0
shrinkage=0.08


Tree=32
num_leaves=15
num_cat=0
split_feature=10 11 9 0 10 9 1 10 14 0 1 4 1 9
split_gain=24.8372 14.9054 16.1166 13.7716 9.03798 7.14251 10.5394 6.08998 7.23503 12.5957 8.08531 6.32284 5.44032 12.4675
threshold=0.68500000000000016 1.0000000180025095e-35 1.0000000180025095e-35 1.5000000000000002 1.0000000180025095e-35 0.7250000000000002 17.500000000000004 0.67500000000000016 1.0000000180025095e-35 2.5000000000000004 15.500000000000002 1.0000000180025095e-35 9.5000000000000018 1.0000000180025095e-35
decision_type=2 2 2 2 2 2 2 2 2 2 2 2 2 2
left_child=1 2 -1 -4 12 6 7 8 9 10 -5 -10 13 -3
right_child=-2 4 3 5 -6 -7 -8 -9 11 -11 -12 -13 -14 -15
leaf_value=0.061399431917474531 0.084537299601159896 0.0021977725839490607 -0.085057389088095348 0.026578166152991294 0.05233954138811419 0.093829242153682477 -0.082713762935589463 -0.07083715567319003 -0.029388824877959546 -0.14641938741880053 0.15975103185528183 0.085496662109336374 0.0085230938608957512 -0.043731455290011038
leaf_weight=12.721335038542746 21.519608560949564 165.67718955874443 26.099745480343699 20.986033793538816 23.28407546132803 3.3863778412342063 16.675821397453547 10.576167035847901 52.795596443116665 2.4157185032963744 3.3888929747045031 3.2549473233520976 289.08102422580123 49.015989884734154
leaf_count=223 447 681 632 171 240 33 296 118 467 17 31 30 1400 309
internal_value=-7.87545e-05 -0.00275908 -0.0248031 -0.0326597 0.00361084 -0.0206084 -0.0241284 -0.0136705 -0.0063721 0.0278247 0.0450934 -0.0227172 0.00135863 -0.0082882
internal_weight=700.879 679.359 152.301 139.579 527.058 113.48 110.093 93.4174 82.8412 26.7906 24.3749 56.0505 503.774 214.693
internal_count=5095 4648 2018 1795 2630 1163 1130 834 716 219 202 497 2390 990
is_linear=0
shrinkage=0.08


Tree=33
num_leaves=15
num_cat=0
split_feature=10 11 9 1 6 10 8 15 14 15 10 1 7 1
split_gain=22.7806 13.0653 14.206 13.5171 8.35147 6.37373 5.87024 5.71794 5.18257 5.13536 4.92892 4.96545 5.06345 4.84628
threshold=0.68500000000000016 1.0000000180025095e-35 1.0000000180025095e-35 10.500000000000002 0.58335000000000015 0.67500000000000016 1.0000000180025095e-35 1.0000000180025095e-35 1.0000000180025095e-35 1.0000000180025095e-35 1.0000000180025095e-35 17.500000000000004 0.87500000000000011 6.5000000000000009
decision_type=2 2 2 2 2 2 2 2 2 2 2 2 2 2
left_child=1 2 9 -4 6 7 -3 10 -7 -1 11 -5 -13 -8
right_child=-2 4 3 5 -6 8 13 -9 -10 -11 -12 12 -14 -15
leaf_value=0.084220120247200519 0.084173220482094316 -0.00122964206313499 -0.082932791991893504 -0.0018921703229667875 0.058729174410471929 -0.083029468921712465 -0.088929020861129179 -0.09601698599147479 0.099019748706740726 -0.049472854473430666 0.119005512037772 0.14700182540323392 -0.068862146810884234 0.034266884234042026
leaf_weight=9.8767988830804807 19.947531275451183 461.89360289648175 25.951293870806694 76.2435182929039 16.859499253332615 12.985784888267514 2.1422952711582175 4.8438781425356856 1.0843722969293601 2.2594463601708403 1.950014580041169 0.73890167474746604 11.826423481106756 44.357929855585098
leaf_count=208 447 2077 709 590 220 170 9 53 8 15 28 3 234 324
internal_value=-7.98663e-05 -0.00257705 -0.0235927 -0.031013 0.00333492 -0.0187275 0.00149792 -0.0113289 -0.0689991 0.05933 -0.00680899 -0.00957156 -0.0561683 0.0285912
internal_weight=692.961 673.014 147.76 135.624 525.253 109.673 508.394 95.6027 14.0702 12.1362 90.7589 88.8088 12.5653 46.5002
internal_count=5095 4648 2018 1795 2630 1086 2410 908 178 223 855 827 237 333
is_linear=0
shrinkage=0.08


Tree=34
num_leaves=15
num_cat=0
split_feature=10 15 13 6 14 12 1 1 5 8 7 0 8 0
split_gain=20.8993 12.1184 11.8778 14.8591 12.3446 10.2184 11.1572 7.51552 6.6182 5.6235 5.42892 7.30772 6.85594 5.42613
threshold=0.68500000000000016 1.0000000180025095e-35 1.0000000180025095e-35 0.58335000000000015 1.0000000180025095e-35 1.5000000000000002 15.500000000000002 14.500000000000002 1.0000000180025095e-35 1.5000000000000002 0.87500000000000011 3.5000000000000004 1.0000000180025095e-35 1.5000000000000002
decision_type=2 2 2 2 2 2 2 2 2 2 2 2 2 2
left_child=1 2 3 7 -4 -6 13 9 10 -1 -9 12 -12 -7
right_child=-2 -3 4 -5 5 6 -8 8 -10 -11 11 -13 -14 -15
leaf_value=0.0059272097764642697 0.083839529720752953 -0.078112304714018185 -0.042050144476169421 0.0586681521464485 -0.029750338203173205 -0.042901944793466928 -0.026569435459914904 0.11164699385296127 -0.25600149888855095 0.08732132668714844 -0.021748323745252922 -0.15927275263638602 0.046896168073947982 0.070677773334563695
leaf_weight=353.00813046097755 18.484202057123184 13.259708059951661 79.986657302826643 31.193508611992002 34.546871971338987 3.0158138349652317 15.221906367689369 2.111580863595008 0.73642461001872916 5.5174195915460578 91.206250213086605 2.2893290668725959 10.370651789009569 25.068345919251442
leaf_count=1913 447 173 767 437 284 33 72 14 7 72 632 19 90 135
internal_value=-7.2523e-05 -0.00239608 -0.000861586 0.00521634 -0.0199777 0.0026996 0.0285861 0.00163249 -0.0170047 0.0071798 -0.0153439 -0.0179256 -0.01474 0.058481
internal_weight=686.017 667.533 654.273 496.433 157.84 77.8529 43.3061 465.24 106.714 358.526 105.978 103.866 101.577 28.0842
internal_count=5095 4648 4475 3184 1291 524 240 2747 762 1985 755 741 722 168
is_linear=0
shrinkage=0.08


Tree=35
num_leaves=15
num_cat=0
split_feature=10 11 9 1 10 9 1 10 15 1 8 0 14 1
split_gain=19.1764 11.1136 12.142 12.8291 7.31038 6.10964 9.39809 5.00229 4.81621 4.5636 4.38158 5.09629 4.34459 4.24235
threshold=0.68500000000000016 1.0000000180025095e-35 1.0000000180025095e-35 10.500000000000002 1.0000000180025095e-35 0.7250000000000002 17.500000000000004 0.67500000000000016 1.0000000180025095e-35 4.5000000000000009 1.5000000000000002 3.5000000000000004 1.0000000180025095e-35 25.500000000000004
decision_type=2 2 2 2 2 2 2 2 2 2 2 2 2 2
left_child=1 2 9 -4 8 6 7 -5 10 -1 13 -12 -9 -3
right_child=-2 4 3 5 -6 -7 -8 12 -10 -11 11 -13 -14 -15
leaf_value=-0.042097968360994033 0.083533502981729027 0.001314451383879349 -0.082387231222966359 -0.0040364016711129311 0.048510559778065163 0.092938518304535103 -0.079924887826977098 -0.082103174890809191 -0.10019189942556837 0.084515052541711849 0.086745338928944982 -0.093117626193443589 0.095994304403519526 -0.11762706757050782
leaf_weight=2.2983787544071665 17.123039554804564 486.73385180532932 23.548844834789634 79.212998680770397 21.816790364682674 3.1315173972398034 14.620645571500061 8.8712424300610984 2.9803522005677214 8.7888330928981286 6.8693741485476476 1.1816360950469968 0.97274639457464296 1.9267949759960163
leaf_count=28 447 2247 709 639 240 33 296 110 32 195 96 6 8 9
internal_value=-5.47542e-05 -0.0022137 -0.0221027 -0.0289384 0.00318065 -0.0171542 -0.0204795 -0.0107203 0.00120153 0.0582682 0.0018099 0.0603471 -0.0645042 0.000845464
internal_weight=680.077 662.954 141.445 130.358 521.509 106.809 103.678 89.057 499.692 11.0872 496.712 8.05101 9.84399 488.661
internal_count=5095 4648 2018 1795 2630 1086 1053 757 2390 223 2358 102 118 2256
is_linear=0
shrinkage=0.08


Tree=36
num_leaves=15
num_cat=0
split_feature=10 15 13 6 1 14 1 8 8 1 6 0 1 1
split_gain=17.6085 10.2303 9.69274 12.7105 11.234 9.51683 10.3183 6.3731 6.1931 6.05487 5.41907 7.93447 7.07501 9.06803
threshold=0.68500000000000016 1.0000000180025095e-35 1.0000000180025095e-35 0.58335000000000015 5.5000000000000009 1.0000000180025095e-35 18.500000000000004 1.0000000180025095e-35 1.0000000180025095e-35 14.500000000000002 1.0000000180025095e-35 1.5000000000000002 16.500000000000004 15.500000000000002
decision_type=2 2 2 2 2 2 2 2 2 2 2 2 2 2
left_child=1 2 3 9 -4 8 7 -7 10 -1 11 -6 13 -13
right_child=-2 -3 4 -5 5 6 -8 -9 -10 -11 -12 12 -14 -15
leaf_value=0.0065567345044732651 0.083252684634162619 -0.074579776064525552 -0.099690437341784066 0.05609313157892945 -0.044904461270383882 0.0096572218542915443 -0.093016221354433534 0.098922434600265702 -0.12287748724665337 -0.015284336511547829 -0.072174455351924904 0.012709253503165228 -0.074893667907348277 0.1543184157952649
leaf_weight=356.7411981895566 15.85770722478628 12.217718383297322 10.108224997296928 29.102145629003644 28.287675522267818 60.489030614495277 5.922245066612958 5.5919850692152968 4.5881342142820349 105.18573557026684 13.515097538009284 18.104487583041198 4.5047805607318869 3.4447329565882674
leaf_count=1985 447 173 118 437 346 396 43 48 21 762 158 94 45 22
internal_value=-4.98755e-05 -0.00205806 -0.000685581 0.00481396 -0.0181577 -0.0124522 0.00814496 0.0172111 -0.0329239 0.00158329 -0.0268416 -0.0155671 0.0162854 0.0353461
internal_weight=673.661 657.803 645.585 491.029 154.556 144.448 72.0033 66.081 72.4449 461.927 67.8568 54.3417 26.054 21.5492
internal_count=5095 4648 4475 3184 1291 1173 487 444 686 2747 665 507 161 116
is_linear=0
shrinkage=0.08


Tree=37
num_leaves=15
num_cat=0
split_feature=10 11 9 1 6 10 15 8 1 0 1 1 13 14
split_gain=16.1727 9.56007 10.4163 12.195 6.53011 5.88195 4.57872 4.16257 4.07727 4.04567 14.314 22.3398 6.92124 7.39513
threshold=0.68500000000000016 1.0000000180025095e-35 1.0000000180025095e-35 11.500000000000002 0.58335000000000015 0.67500000000000016 1.0000000180025095e-35 1.0000000180025095e-35 3.5000000000000004 2.5000000000000004 12.500000000000002 15.500000000000002 1.0000000180025095e-35 1.0000000180025095e-35
decision_type=2 2 2 2 2 2 2 2 2 2 2 2 2 2
left_child=1 2 8 -4 7 6 -5 -3 -1 10 12 -12 -9 -14
right_child=-2 4 3 5 -6 -7 -8 9 -10 -11 11 -13 13 -15
leaf_value=-0.10967176416758831 0.082994888828169411 -0.00076156968220535311 -0.075810708985448616 -0.0031533445099122173 0.054800516462206711 -0.065865592503165454 -0.093242434245842776 0.064029502698280491 0.072570988622808127 0.052876191209899635 -0.23028079002241714 0.11283148608927272 -0.104002303008412 0.10388658808445878
leaf_weight=0.85821318626403709 14.682131676003335 459.5240774564445 26.044423095881939 83.750989954918623 15.148261394351719 12.421133149415253 3.7732758186757556 14.469003260135656 9.2970492541789991 18.956173460930586 3.5185056924819937 1.8546267896890638 3.7304658740758887 1.5502043813467024
leaf_count=5 447 2077 800 773 220 175 47 72 218 210 18 9 15 9
internal_value=-4.23397e-05 -0.00190395 -0.0207714 -0.0270537 0.00304776 -0.0143483 -0.00703719 0.00149105 0.0571698 0.0249747 0.00392184 -0.11185 0.0354189 -0.042974
internal_weight=669.579 654.896 136.145 125.99 518.751 99.9454 87.5243 503.603 10.1553 44.079 25.1228 5.37313 19.7497 5.28067
internal_count=5095 4648 2018 1795 2630 995 820 2410 223 333 123 27 96 24
is_linear=0
shrinkage=0.08


Tree=38
num_leaves=15
num_cat=0
split_feature=10 9 11 9 0 1 10 1 6 6 0 9 1 1
split_gain=14.8581 8.82529 9.57265 9.80338 10.8459 8.19174 5.07192 4.88218 4.89681 8.38673 4.60788 18.8211 7.52902 6.97383
threshold=0.68500000000000016 0.7250000000000002 1.0000000180025095e-35 1.0000000180025095e-35 1.5000000000000002 17.500000000000004 1.0000000180025095e-35 24.500000000000004 0.29165000000000002 0.77500000000000013 1.5000000000000002 1.0000000180025095e-35 6.5000000000000009 7.5000000000000009
decision_type=2 2 2 2 2 2 2 2 2 2 2 2 2 2
left_child=1 2 3 -1 -5 -6 7 8 10 -10 11 13 -12 -4
right_child=-2 -3 6 4 5 -7 -8 -9 9 -11 12 -13 -14 -15
leaf_value=0.055690992054009299 0.082758095819892366 0.091948452632077016 0.0082226401800395942 -0.083995527172820938 -0.0091138945836038293 -0.076256975470043856 0.042305034509032426 -0.11245177551612053 -0.14609102970045407 0.010649217618437097 -0.094463333525586543 -0.090528685113159493 0.010457861952220869 -0.03030880551221702
leaf_weight=9.6191266514360887 13.590519338846205 6.3692870251834384 144.55504336953163 18.837662795558572 88.61910461820662 13.385898238047956 19.445768769830465 2.4305004179477683 3.8714120090007764 5.0149426609277725 4.4466339200735083 15.90493808314204 280.14008100703359 37.955604180693626
leaf_count=223 447 75 585 632 834 296 218 12 18 42 21 168 1350 174
internal_value=-2.93164e-05 -0.00175869 -0.00268515 -0.0220372 -0.0282244 -0.0179249 0.00222898 0.000652447 0.00121131 -0.0576359 0.00229399 -0.00706405 0.00881848 0.000209495
internal_weight=664.187 650.596 644.227 130.462 120.843 102.005 513.765 494.319 491.889 8.88635 483.002 198.416 284.587 182.511
internal_count=5095 4648 4573 1985 1762 1130 2588 2370 2358 60 2298 927 1371 759
is_linear=0
shrinkage=0.08


Tree=39
num_leaves=15
num_cat=0
split_feature=10 15 9 13 1 1 14 6 0 1 5 12 1 6
split_gain=13.662 8.63424 7.82704 7.63836 9.76915 10.3721 9.16816 8.39874 7.07721 5.98461 8.54951 5.63574 7.97845 5.583
threshold=0.68500000000000016 1.0000000180025095e-35 0.7250000000000002 1.0000000180025095e-35 5.5000000000000009 18.500000000000004 1.0000000180025095e-35 0.77500000000000013 2.5000000000000004 14.500000000000002 1.0000000180025095e-35 1.5000000000000002 6.5000000000000009 0.29165000000000002
decision_type=2 2 2 2 2 2 2 2 2 2 2 2 2 2
left_child=1 2 3 7 -5 6 13 9 -9 -1 -11 12 -8 -6
right_child=-2 -3 -4 4 5 -7 11 8 -10 10 -12 -13 -14 -15
leaf_value=0.0062420147448591168 0.082540516793738361 -0.071999660667556337 0.090970717860532679 -0.095925385506028887 -0.017125357893588662 -0.096172770476680922 0.042764952894736322 0.058054310079756977 -0.26665291249830714 -0.013466487991771395 -0.26309200146808942 0.035546250942789556 -0.046762163469909454 -0.08141478376742349
leaf_weight=353.26464236155152 12.577357836067675 10.974558340385554 5.940205665305256 9.4401144962757808 55.389791611582041 8.7399686146527511 10.323032833635809 21.775337712839249 0.4382394403219213 103.10328872129321 0.8856414444744577 37.209836091846228 16.639735020697117 10.243900362402199
leaf_count=1986 447 173 75 118 500 92 63 379 3 754 7 216 161 121
internal_value=-3.55423e-05 -0.00164734 -0.000428369 -0.00129366 -0.0171816 -0.0118163 -0.00613646 0.00361012 0.0516483 0.0012764 -0.0155925 0.0153652 -0.0124856 -0.0271594
internal_weight=656.946 644.368 633.394 627.454 147.986 138.546 129.806 479.467 22.2136 457.254 103.989 64.1726 26.9628 65.6337
internal_count=5095 4648 4475 4400 1271 1153 1061 3129 382 2747 761 440 224 621
is_linear=0
shrinkage=0.08


Tree=40
num_leaves=15
num_cat=0
split_feature=10 15 9 10 10 1 0 9 1 1 6 6 0 7
split_gain=12.5598 7.6115 7.14204 6.85398 12.514 6.67822 5.34156 31.461 6.16065 6.0093 4.837 14.9314 9.27146 7.94958
threshold=0.68500000000000016 1.0000000180025095e-35 0.7250000000000002 0.67500000000000016 1.0000000180025095e-35 23.500000000000004 1.5000000000000002 1.0000000180025095e-35 6.5000000000000009 7.5000000000000009 0.29165000000000002 0.77500000000000013 2.5000000000000004 0.87500000000000011
decision_type=2 2 2 2 2 2 2 2 2 2 2 2 2 2
left_child=1 2 3 4 5 6 7 9 -8 -1 -10 13 -13 -12
right_child=-2 -3 -4 -5 -6 -7 8 -9 10 -11 11 12 -14 -15
leaf_value=0.0082962497445459131 0.082340517555767573 -0.068808525814314625 0.090078880979569981 -0.06173055950241256 0.054143042231338062 -0.094194700482110497 -0.08849585204666735 -0.087168873837797298 0.0076579258899589732 -0.027689921036232721 0.075243730211315682 0.060777487884152277 -0.15904957547586684 -0.12065359460916383
leaf_weight=143.39972680807114 11.637420814484356 10.581434557214378 5.5355759169906369 11.744304047897456 26.124902719631791 5.0335627831518641 4.5393339134752742 30.35661487840116 343.50687875039876 37.455480381846428 1.528736576437949 10.134457394480702 1.3971949070692069 9.9855135995894688
leaf_count=579 447 173 75 184 429 100 27 726 1970 174 7 75 7 122
internal_value=-2.5528e-05 -0.00152014 -0.000391296 -0.00119232 -3.33568e-05 -0.00244314 -0.00165001 -0.0118062 0.00413051 0.000843441 0.00527759 -0.0302022 0.0341429 -0.0946445
internal_weight=652.961 641.324 630.742 625.207 613.462 587.337 582.304 211.212 371.092 180.855 366.553 23.0459 11.5317 11.5143
internal_count=5095 4648 4475 4400 4216 3787 3687 1479 2208 753 2181 211 82 129
is_linear=0
shrinkage=0.08


Tree=41
num_leaves=15
num_cat=0
split_feature=10 15 9 13 1 1 14 6 8 1 5 0 6 1
split_gain=11.5557 6.68954 6.52569 5.96489 8.67769 8.94114 7.30316 7.01409 5.32779 5.24272 6.82559 4.65563 4.55613 5.82652
threshold=0.68500000000000016 1.0000000180025095e-35 0.7250000000000002 1.0000000180025095e-35 5.5000000000000009 18.500000000000004 1.0000000180025095e-35 0.77500000000000013 1.0000000180025095e-35 14.500000000000002 1.0000000180025095e-35 2.5000000000000004 0.29165000000000002 15.500000000000002
decision_type=2 2 2 2 2 2 2 2 2 2 2 2 2 2
left_child=1 2 3 7 -5 6 12 9 -8 -1 -11 -9 13 -6
right_child=-2 -3 -4 4 5 -7 8 11 -10 10 -12 -13 -14 -15
leaf_value=0.0057998860030518962 0.082156611451300779 -0.065613763263726005 0.089264346045551432 -0.091563610812859311 -0.024486853339215839 -0.090376689038552241 0.0076057528889762983 0.055023950684611654 0.095112128861046821 -0.012733740628789233 -0.23118976835039515 -0.17953270704981961 -0.07398331155044334 0.056957941011367266
leaf_weight=351.00336970947683 10.765764052048324 10.224034188315271 5.1547077242285004 8.9677714966237527 47.964217826724052 8.3749512359499914 58.248791389167309 20.165891004726294 4.8215392492711535 102.67189334891737 0.92359415255486865 0.55652610957622428 9.8868359336629492 6.367998555302619
leaf_count=1986 447 173 75 118 459 92 392 379 48 754 7 3 121 41
internal_value=-3.30176e-05 -0.00142573 -0.000375893 -0.00112122 -0.0153469 -0.0103088 -0.00504074 0.00320741 0.0142954 0.00113255 -0.0146814 0.0487246 -0.024031 -0.0149411
internal_weight=646.098 635.332 625.108 619.953 144.632 135.664 127.289 475.321 63.0703 454.599 103.595 20.7224 64.2191 54.3322
internal_count=5095 4648 4475 4400 1271 1153 1061 3129 440 2747 761 382 621 500
is_linear=0
shrinkage=0.08


Tree=42
num_leaves=15
num_cat=0
split_feature=10 9 11 9 1 1 1 7 10 0 1 6 6 1
split_gain=10.6294 6.0948 6.74425 7.55626 9.89638 6.43836 3.77208 3.70472 3.63422 4.45598 3.74018 3.51439 6.31741 3.66094
threshold=0.68500000000000016 0.7250000000000002 1.0000000180025095e-35 1.0000000180025095e-35 10.500000000000002 17.500000000000004 4.5000000000000009 0.55000000000000016 1.0000000180025095e-35 1.5000000000000002 24.500000000000004 0.29165000000000002 0.77500000000000013 9.5000000000000018
decision_type=2 2 2 2 2 2 2 2 2 2 2 2 2 2
left_child=1 2 3 6 -5 -6 -1 -7 10 -10 11 -4 -13 -14
right_child=-2 -3 8 4 5 7 -8 -9 9 -11 -12 12 13 -15
leaf_value=-0.041851629097958136 0.081987448051473122 0.088519556686251402 0.0021373418774139007 -0.080917267596086764 -0.0067825842167417516 0.14452043894088415 0.084028385016648013 -0.079242794040974382 0.10192302336619108 0.012977058530580107 -0.10497407178604684 -0.12824630896033859 -0.13737428172373206 0.043806415452044861
leaf_weight=1.9962697736918906 9.9577251821756345 4.7967995628714553 476.91714945994318 16.82536599598825 85.170805478468537 0.49426373839378257 6.4332947339862585 11.295040886849163 4.9514869824051884 13.252868741750715 2.1315961629152289 3.7035860866308195 0.872469201683998 3.9235850870609283
leaf_count=28 447 75 2298 709 757 2 195 294 110 108 12 18 8 34
internal_value=-2.40078e-05 -0.00131461 -0.00200082 -0.0188662 -0.0242804 -0.0144523 0.0542178 -0.0698616 0.00207469 0.0371699 0.000764283 0.00122861 -0.0497607 0.0108471
internal_weight=642.722 632.765 627.968 122.215 113.785 96.9601 8.42956 11.7893 505.753 18.2044 487.548 485.417 8.49964 4.79605
internal_count=5095 4648 4573 1985 1762 1053 223 296 2588 218 2370 2358 60 42
is_linear=0
shrinkage=0.08


Tree=43
num_leaves=15
num_cat=0
split_feature=10 15 9 10 10 1 0 9 1 1 1 13 12 6
split_gain=9.78185 5.88668 5.4488 5.48258 9.69884 5.44062 4.54561 27.9325 5.36622 5.1229 4.54992 8.89778 4.50173 4.00459
threshold=0.68500000000000016 1.0000000180025095e-35 0.7250000000000002 0.67500000000000016 1.0000000180025095e-35 23.500000000000004 1.5000000000000002 1.0000000180025095e-35 6.5000000000000009 7.5000000000000009 5.5000000000000009 1.0000000180025095e-35 2.5000000000000004 0.36665000000000009
decision_type=2 2 2 2 2 2 2 2 2 2 2 2 2 2
left_child=1 2 3 4 5 6 7 9 -8 10 11 -1 -6 -14
right_child=-2 -3 -4 -5 12 -7 8 -9 -10 -11 -12 -13 13 -15
leaf_value=0.0011706648932366141 0.081831803681645734 -0.063453709753274093 0.087837846993532379 -0.05639640610139552 0.088430987087872545 -0.091752819790764162 -0.083487573807614318 -0.086626486874535683 0.0051350056546190775 -0.025881787932819336 0.020540240302594107 -0.10225863834423199 0.13189486166476516 0.0017872370406128444
leaf_weight=59.444996416568756 9.2089126128703338 9.5795039618387801 4.4609698578715316 11.184603689238427 10.743229862302542 4.2842787038534871 4.426016377285122 27.000419332645833 363.71146576479077 37.07118259370327 77.906399622559547 5.8467929810285559 1.7420110255479802 11.568352606147528
leaf_count=240 447 173 75 184 330 100 27 726 2181 174 315 24 17 82
internal_value=-2.22207e-05 -0.00122067 -0.000258169 -0.000897256 0.000130886 -0.00193456 -0.00126581 -0.010742 0.00406952 0.000623804 0.00748558 -0.00809129 0.0499082 0.0188152
internal_weight=638.179 628.97 619.391 614.93 603.745 579.692 575.407 207.27 368.137 180.269 143.198 65.2918 24.0536 13.3104
internal_count=5095 4648 4475 4400 4216 3787 3687 1479 2208 753 579 264 429 99
is_linear=0
shrinkage=0.08


Tree=44
num_leaves=15
num_cat=0
split_feature=10 15 9 1 10 10 12 14 1 11 0 1 6 6
split_gain=9.00521 5.15538 4.98928 4.75487 4.9813 8.35523 4.42074 4.05741 4.04722 12.9093 7.56605 7.07946 5.41936 11.0291
threshold=0.68500000000000016 1.0000000180025095e-35 0.7250000000000002 23.500000000000004 0.67500000000000016 1.0000000180025095e-35 2.5000000000000004 1.0000000180025095e-35 11.500000000000002 1.0000000180025095e-35 1.5000000000000002 14.500000000000002 0.29165000000000002 0.77500000000000013
decision_type=2 2 2 2 2 2 2 2 2 2 2 2 2 2
left_child=1 2 3 4 5 8 -7 -6 9 -1 -10 12 -12 -14
right_child=-2 -3 -4 -5 7 6 -8 -9 10 -11 11 -13 13 -15
leaf_value=-0.076499689406495264 0.081688558808591785 -0.060303486880656475 0.087213299004975695 -0.086288891128989201 -0.069853478567336064 0.088084452500695326 0.017483567773139724 0.096015601020553995 -0.074539957500570408 -0.0036857659285139599 0.023521782385526199 -0.0060251649385638659 -0.12999059601543747 0.046931292385542722
leaf_weight=16.529921090230346 8.515199985355137 9.2859959909692389 4.1462829662486902 4.1395989116281262 9.8272380232810939 9.9546990171074867 13.206455804407597 1.0441210120916373 7.3457785174250594 272.06111600250006 139.28035148605704 128.47871997952461 4.4562055915594083 4.5653711557388306
leaf_count=721 447 173 75 103 171 330 99 10 46 1283 747 833 23 34
internal_value=-2.57087e-05 -0.00114022 -0.000246955 -0.000840572 -0.000257595 0.000721488 0.0478279 -0.0539229 -0.00118353 -0.0078564 0.00559419 0.00772095 0.0196297 -0.0404592
internal_weight=632.837 624.322 615.036 610.89 606.75 595.879 23.1612 10.8714 572.717 288.591 284.126 276.781 148.302 9.02158
internal_count=5095 4648 4475 4400 4297 4116 429 181 3687 2004 1683 1637 804 57
is_linear=0
shrinkage=0.08


Tree=45
num_leaves=15
num_cat=0
split_feature=10 9 11 9 1 1 2 1 6 1 10 1 14 0
split_gain=8.291 4.65794 5.05056 5.55974 8.54604 5.40255 3.45118 3.32597 3.25725 3.93637 4.24724 4.15685 7.61417 6.4512
threshold=0.68500000000000016 0.7250000000000002 1.0000000180025095e-35 1.0000000180025095e-35 10.500000000000002 17.500000000000004 1.0000000180025095e-35 4.5000000000000009 1.4166500000000002 12.500000000000002 0.67500000000000016 14.500000000000002 1.0000000180025095e-35 2.5000000000000004
decision_type=2 2 2 2 2 2 2 2 2 2 2 2 2 2
left_child=1 2 3 7 -5 6 8 -1 9 -6 11 -11 13 -13
right_child=-2 -3 -4 4 5 -7 -8 -9 -10 10 -12 12 -14 -15
leaf_value=-0.041186094976617633 0.08155668747671492 0.08664065751389842 0.0018701435379633309 -0.080228129589975966 -0.037908658065221625 -0.06643106857311383 -0.10516102411550976 0.084045533170381811 0.11599322589057556 0.028452408440930266 -0.054648247882266555 0.075053689063923484 -0.054955080986251209 -0.13988470723736052
leaf_weight=1.8267582487314928 7.8727141767740241 3.8517693700268856 500.90554828569293 13.701973184011875 18.346352020278573 10.610211809165774 2.1816488653421393 5.2812863234430552 1.4412516094744194 34.870561234652996 6.9570597521960726 6.6188030764460573 12.723492532968521 1.0332103073596952
leaf_count=28 447 75 2588 709 184 296 12 195 10 208 109 65 159 10
internal_value=-2.49941e-05 -0.00106033 -0.00160827 -0.0166815 -0.0211725 -0.0126353 -0.00585417 0.0518612 -0.00321177 -0.00534467 0.00425983 0.011678 -0.0170295 0.0460317
internal_weight=628.223 620.35 616.498 115.593 108.485 94.7826 84.1724 7.10804 81.9907 80.5495 62.2031 55.2461 20.3755 7.65201
internal_count=5095 4648 4573 1985 1762 1053 757 223 745 735 551 442 234 75
is_linear=0
shrinkage=0.08


Tree=46
num_leaves=15
num_cat=0
split_feature=10 15 9 1 13 1 1 1 14 6 0 8 6 0
split_gain=7.63562 4.43243 4.18565 4.20296 3.99997 6.98306 6.44398 5.71577 5.35545 4.97608 4.92226 4.68438 4.18688 5.79442
threshold=0.68500000000000016 1.0000000180025095e-35 0.7250000000000002 23.500000000000004 1.0000000180025095e-35 5.5000000000000009 18.500000000000004 22.500000000000004 1.0000000180025095e-35 0.77500000000000013 2.5000000000000004 1.0000000180025095e-35 0.29165000000000002 1.5000000000000002
decision_type=2 2 2 2 2 2 2 2 2 2 2 2 2 2
left_child=1 2 3 4 9 -6 8 -8 11 -1 -10 12 13 -7
right_child=-2 -3 -4 -5 5 6 7 -9 10 -11 -12 -13 -14 -15
leaf_value=0.0017484847657753665 0.081435268741299985 -0.057480107611083915 0.086115224257406656 -0.084975994870266552 -0.084087623820789409 -0.032576120524245321 -0.11044181930488386 0.11075160204737058 0.0073209686155422454 0.044967012406230814 0.098587027603174671 -0.09710394692509422 -0.063122847014416422 0.023089962295992
leaf_weight=445.78615383338183 7.2778269695118061 8.7630535876378399 3.5764431981369844 3.7624743711203328 8.11951621994376 23.501117434352636 6.0225733667612067 0.85364700481295575 57.23986891657114 17.72816867288202 4.0496139302849761 4.6653421595692626 9.21165733784437 24.385766461491585
leaf_count=2670 447 173 75 103 118 346 57 9 397 382 43 21 121 133
internal_value=-2.91058e-05 -0.000988984 -0.000175989 -0.000685823 -0.00015863 -0.0121121 -0.00761419 -0.0829818 -0.00340265 0.00340148 0.0133512 -0.0200279 -0.0137302 -0.0042289
internal_weight=624.943 617.665 608.902 605.326 601.563 138.049 129.93 6.87622 123.053 463.514 61.2895 61.7639 57.0985 47.8869
internal_count=5095 4648 4475 4400 4297 1245 1127 66 1061 3052 440 621 600 479
is_linear=0
shrinkage=0.08


Tree=47
num_leaves=15
num_cat=0
split_feature=10 9 11 9 0 1 7 1 2 10 1 14 0 4
split_gain=7.0319 3.90593 4.28998 4.88023 8.03708 4.45051 3.29173 3.09014 3.70303 3.68955 3.67401 7.33316 3.9464 3.74131
threshold=0.68500000000000016 0.7250000000000002 1.0000000180025095e-35 1.0000000180025095e-35 1.5000000000000002 17.500000000000004 0.55000000000000016 12.500000000000002 1.0000000180025095e-35 0.67500000000000016 14.500000000000002 1.0000000180025095e-35 2.5000000000000004 1.0000000180025095e-35
decision_type=2 2 2 2 2 2 2 2 2 2 2 2 2 2
left_child=1 2 3 -1 -5 7 -7 -6 9 10 -9 12 -12 -13
right_child=-2 -3 -4 4 5 6 -8 8 -10 -11 11 13 -14 -15
leaf_value=0.051299046847954569 0.081323450411387943 0.08563279371218703 0.0017938684503167168 -0.082742471001593862 -0.032802084569763586 0.13962257279373053 -0.07318639536879476 0.028916380978160117 -0.10269080977537319 -0.049334103168984997 0.069941684794032094 -0.066079104186951426 -0.087207049314367374 0.097166070567695328
leaf_weight=6.5893447268754235 6.7271438781172028 3.3193161552771917 499.57999066263437 11.519032149575649 20.766462163068354 0.48934981226920982 9.4197203172370774 34.719386573880911 2.0631340295076361 6.7956058681011191 6.6973794549703607 11.209354497492312 1.2070497274398801 0.97680871561169702
leaf_count=223 447 75 2588 632 277 2 294 204 12 110 61 150 11 9
internal_value=-2.51294e-05 -0.000914447 -0.00138383 -0.015501 -0.0196589 -0.0119567 -0.062677 -0.00600429 0.0027362 0.00626689 0.0131606 -0.0140677 0.0459442 -0.0529938
internal_weight=622.079 615.352 612.033 112.453 105.863 94.3443 9.90907 84.4352 63.6687 61.6056 54.81 20.0906 7.90443 12.1862
internal_count=5095 4648 4573 1985 1762 1130 296 834 557 545 435 231 72 159
is_linear=0
shrinkage=0.08


Tree=48
num_leaves=15
num_cat=0
split_feature=10 6 5 15 6 10 11 1 0 1 1 4 2 1
split_gain=6.47866 3.93942 5.61162 5.10323 4.07401 5.40132 4.18639 8.90735 3.72478 5.74061 2.57873 4.81736 3.83414 3.78243
threshold=0.68500000000000016 1.4166500000000002 1.5000000000000002 1.0000000180025095e-35 0.77500000000000013 0.67500000000000016 1.0000000180025095e-35 11.500000000000002 2.5000000000000004 21.500000000000004 14.500000000000002 1.0000000180025095e-35 1.0000000180025095e-35 12.500000000000002
decision_type=2 2 2 2 2 2 2 2 2 2 2 2 2 2
left_child=1 2 3 4 6 -6 7 -1 9 -8 11 12 13 -9
right_child=-2 -3 -4 -5 5 -7 8 10 -10 -11 -12 -13 -14 -15
leaf_value=-0.081668571099872994 0.081220447071010546 0.077049713405177064 -0.15135056012228632 -0.067132368321628152 0.056580871964729065 -0.036911652638479293 0.0001308367237003551 -0.02284728413920372 0.025534925290592075 -0.11469142057399387 -0.026888178470954514 -0.10668811582874704 -0.10047779774939761 0.029056156725781185
leaf_weight=11.964895064011214 6.217492287978529 4.1261393222957841 1.5927212070673693 7.374991923570632 16.348165660165254 5.2168256491422644 449.33581414446235 12.555793963372706 37.879260625690222 2.8040630221366873 27.71952495072037 2.4047314859926692 1.9447285830974568 31.603888243436813
leaf_count=694 447 71 14 160 397 30 2067 81 334 15 569 31 12 173
internal_value=-3.13541e-05 -0.000855642 -0.00138369 -0.00099029 -0.000176993 0.0339639 -0.00145031 -0.0174958 0.00143756 -0.000581263 -0.00742325 0.00369958 0.00945722 0.0142986
internal_weight=619.089 612.872 608.745 607.153 599.778 21.565 578.213 88.1936 490.019 452.14 76.2287 48.5091 46.1044 44.1597
internal_count=5095 4648 4577 4563 4403 427 3976 1560 2416 2082 866 297 266 254
is_linear=0
shrinkage=0.08


Tree=49
num_leaves=15
num_cat=0
split_feature=10 9 1 6 5 15 10 6 6 10 7 13 10 1
split_gain=5.96934 3.58986 3.67265 3.47077 6.1703 4.45061 3.80621 6.9979 3.87557 6.31776 7.43779 4.63096 4.38591 4.24365
threshold=0.68500000000000016 0.7250000000000002 23.500000000000004 1.4166500000000002 1.5000000000000002 1.0000000180025095e-35 0.67500000000000016 0.77500000000000013 0.36665000000000009 1.0000000180025095e-35 0.87500000000000011 1.0000000180025095e-35 1.0000000180025095e-35 8.5000000000000018
decision_type=2 2 2 2 2 2 2 2 2 2 2 2 2 2
left_child=1 2 3 4 5 6 7 8 12 10 -10 13 -1 -11
right_child=-2 -3 -4 -5 -6 -7 -8 -9 9 11 -12 -13 -14 -15
leaf_value=9.518123450670367e-05 0.081125553289507518 0.085192719657569485 -0.083074385577399254 0.073787198164612239 -0.17571192183862405 -0.064052611495843723 -0.050647667273429051 0.053755533299017819 0.12919352506252896 -0.073003723650474917 -0.11219032644564783 -0.17140035772461112 0.12423191366000398 0.04655541523666086
leaf_weight=544.08234907779843 5.7459101509302846 3.0913278376683584 3.4893466783687463 3.970451194792985 1.2947325445711602 7.0530705200508228 9.3917363751679641 15.48162138648331 0.91315934062004078 2.4828249067068091 7.7560527604073286 0.89120891690254289 1.8276597782969464 8.0940156280994398
leaf_count=3455 447 75 109 71 7 156 177 392 4 12 116 6 19 49
internal_value=-3.35477e-05 -0.000798254 -0.00123638 -0.000763005 -0.00125694 -0.000879207 -0.000125186 0.000690756 -0.000760587 -0.0352267 -0.0867645 0.00373309 0.00051078 0.0184899
internal_weight=615.565 609.82 606.728 603.239 599.268 597.974 590.921 581.529 566.047 20.1373 8.66921 11.468 545.91 10.5768
internal_count=5095 4648 4573 4464 4393 4386 4230 4053 3661 187 120 67 3474 61
is_linear=0
shrinkage=0.08


Tree=50
num_leaves=15
num_cat=0
split_feature=10 9 1 6 5 15 10 6 14 6 10 7 10 13
split_gain=5.49972 3.2917 3.33467 3.0528 5.35516 3.9129 3.27294 6.16474 3.50778 3.37578 5.81414 6.68434 3.94917 3.55503
threshold=0.68500000000000016 0.7250000000000002 23.500000000000004 1.4166500000000002 1.5000000000000002 1.0000000180025095e-35 0.67500000000000016 0.77500000000000013 1.0000000180025095e-35 0.36665000000000009 1.0000000180025095e-35 0.87500000000000011 1.0000000180025095e-35 1.0000000180025095e-35
decision_type=2 2 2 2 2 2 2 2 2 2 2 2 2 2
left_child=1 2 3 4 5 6 7 9 -8 12 11 -11 -1 -12
right_child=-2 -3 -4 -5 -6 -7 8 -9 -10 10 13 -13 -14 -15
leaf_value=8.7566264186877529e-05 0.081038113989011826 0.084784524868998998 -0.081646525849872378 0.070501093522661512 -0.16556167582727072 -0.061086554139330708 -0.064040240263049206 0.051395827496845528 0.097691535291511741 0.12338872466533005 0.017291081511710767 -0.10988995176378039 0.12126244247458194 -0.14139495055027421
leaf_weight=544.08237207215279 5.3096344135701647 2.8668356025591484 3.2751410016790024 3.8290476640686384 1.2653690688312043 6.8139999313279977 8.2980791460722649 14.920649765990673 0.9572767838835724 0.88094080984592427 10.437313646078108 7.3034919835627079 1.7267784997820843 0.9891683757305153
leaf_count=3455 447 75 109 71 7 156 168 392 9 4 61 116 19 6
internal_value=-2.79249e-05 -0.000736283 -0.00114168 -0.000703335 -0.00115951 -0.000810708 -0.000114096 0.000638629 -0.0473124 -0.000700783 -0.0333117 -0.0847807 0.000470928 0.00355394
internal_weight=612.956 607.646 604.78 601.504 597.675 596.41 589.596 580.341 9.25536 565.42 19.6109 8.18443 545.809 11.4265
internal_count=5095 4648 4573 4464 4393 4386 4230 4053 177 3661 187 120 3474 67
is_linear=0
shrinkage=0.08


Tree=51
num_leaves=15
num_cat=0
split_feature=10 9 1 8 0 13 1 1 1 15 14 8 12 1
split_gain=5.06797 3.01989 3.02491 2.9696 5.53519 2.835 6.45465 5.05725 4.88972 4.17165 3.36608 5.12472 4.15599 6.89329
threshold=0.68500000000000016 0.7250000000000002 23.500000000000004 1.5000000000000002 3.5000000000000004 1.0000000180025095e-35 5.5000000000000009 18.500000000000004 22.500000000000004 1.0000000180025095e-35 1.0000000180025095e-35 1.0000000180025095e-35 1.5000000000000002 6.5000000000000009
decision_type=2 2 2 2 2 2 2 2 2 2 2 2 2 2
left_child=1 2 3 5 -5 9 -7 10 -9 -1 11 -8 13 -12
right_child=-2 -3 -4 4 -6 6 7 8 -10 -11 12 -13 -14 -15
leaf_value=0.0025915893411502123 0.08095753674894976 0.084409229498356081 -0.080180654231892995 0.085196357434319345 -0.11184580006712745 -0.081255262317540752 -0.010160098838663218 -0.10368552293461339 0.10420428592448511 -0.0685257580081092 0.038005192931268306 -0.099646700099543961 0.028286760473955144 -0.046907158399605534
leaf_weight=452.5391830727458 4.9060910036787382 2.6577109266072503 3.0763895856216541 5.5236996933817855 1.0929548442363737 7.9711749469861379 56.37390105612576 5.5391859766095868 0.83298941329121579 5.3411280773580065 9.9526246059685963 4.4166396260261527 34.298546370118856 15.884286833927034
leaf_count=2974 447 75 109 99 6 127 609 57 9 137 63 18 195 170
internal_value=-2.41475e-05 -0.000680305 -0.00105543 -0.000649575 0.0526485 -0.00124412 -0.0114197 -0.00704677 -0.0765096 0.00176201 -0.00338644 -0.0166616 0.0100333 -0.0141981
internal_weight=610.407 605.5 602.843 599.766 6.61665 593.15 135.269 127.298 6.37218 457.88 120.926 60.7905 60.1355 25.8369
internal_count=5095 4648 4573 4464 105 4359 1248 1121 66 3111 1055 627 428 233
is_linear=0
shrinkage=0.08


Tree=52
num_leaves=15
num_cat=0
split_feature=10 9 6 5 11 6 9 1 1 8 1 1 8 1
split_gain=4.67077 2.7718 2.75774 4.60341 3.15254 3.24701 3.10666 7.29682 3.58085 2.96031 3.67434 12.7205 8.78063 5.78505
threshold=0.68500000000000016 0.7250000000000002 1.4166500000000002 1.5000000000000002 1.0000000180025095e-35 0.77500000000000013 1.0000000180025095e-35 11.500000000000002 17.500000000000004 1.0000000180025095e-35 12.500000000000002 13.500000000000002 1.5000000000000002 9.5000000000000018
decision_type=2 2 2 2 2 2 2 2 2 2 2 2 2 2
left_child=1 2 3 4 6 9 -1 -8 -9 -6 13 12 -12 -11
right_child=-2 -3 -4 -5 5 -7 7 8 -10 10 11 -13 -14 -15
leaf_value=0.047119505503516845 0.080883265619328848 0.084064039743846866 0.067834728369682018 -0.15212480539997791 -0.0010570573961150541 0.058173871780320095 -0.07306680494792428 -0.0031857252784141437 -0.060227233516313837 0.011403797071260737 -0.19007712394244888 0.031038558471654182 0.084172950315757764 0.09587313851929212
leaf_weight=5.0743693411350241 4.5328827686607829 2.4630412608385077 3.7045610258355728 1.2940883636474598 447.12545330822468 6.4008203167468301 12.916751013137398 76.031125750392675 7.7625482548028222 13.591067366302015 3.2436944693326977 14.46173509955406 0.97076532617211331 8.3938264399766904
leaf_count=200 447 75 71 9 2079 146 789 656 290 66 21 141 21 84
internal_value=-2.10629e-05 -0.000628801 -0.00097591 -0.00140271 -0.00107543 0.00156517 -0.0138961 -0.0170976 -0.00846998 0.00082234 0.0214889 -0.00460311 -0.126906 0.0436542
internal_weight=607.967 603.434 600.971 597.266 595.972 494.187 101.785 96.7104 83.7937 487.787 40.6611 18.6762 4.21446 21.9849
internal_count=5095 4648 4573 4502 4493 2558 1935 1735 946 2412 333 183 42 150
is_linear=0
shrinkage=0.08


Tree=53
num_leaves=15
num_cat=0
split_feature=10 9 1 6 5 15 10 6 14 6 10 7 10 13
split_gain=4.30454 2.54479 2.65666 2.38799 4.05438 3.10887 2.72187 5.2208 3.07659 2.84989 5.1477 6.20804 3.52594 2.91733
threshold=0.68500000000000016 0.7250000000000002 23.500000000000004 1.4166500000000002 1.5000000000000002 1.0000000180025095e-35 0.67500000000000016 0.77500000000000013 1.0000000180025095e-35 0.36665000000000009 1.0000000180025095e-35 0.87500000000000011 1.0000000180025095e-35 1.0000000180025095e-35
decision_type=2 2 2 2 2 2 2 2 2 2 2 2 2 2
left_child=1 2 3 4 5 6 7 9 -8 12 11 -11 -1 -12
right_child=-2 -3 -4 -5 -6 -7 8 -9 -10 10 13 -13 -14 -15
leaf_value=0.00015741175087606468 0.080814799655817338 0.083746426252363976 -0.078524234679752142 0.064550552368883796 -0.14978044257872933 -0.056718918613397763 -0.059785279103181113 0.048808895796441272 0.09635202764749419 0.12059655580408375 0.015913391796874284 -0.10787920296711953 0.11891351785729022 -0.12376012653812268
leaf_weight=541.26947402674705 4.1877791769802561 2.2819463890045872 2.8082664040848604 3.586599661037325 1.1687297299504269 6.2576160272583357 7.981095517985521 14.053747990168629 0.89861337095499028 0.85811269283294755 10.337599899619816 6.7339024469256401 1.6048304177820671 1.0546984970569617
leaf_count=3455 447 75 109 71 7 156 168 392 9 4 61 116 19 6
internal_value=-1.15807e-05 -0.000574879 -0.000896316 -0.000530425 -0.000924569 -0.000630224 -3.00425e-05 0.000647668 -0.0439844 -0.000556987 -0.0310249 -0.082055 0.000508475 0.00298242
internal_weight=605.083 600.895 598.613 595.805 592.218 591.05 584.792 575.912 8.87971 561.859 18.9843 7.59202 542.874 11.3923
internal_count=5095 4648 4573 4464 4393 4386 4230 4053 177 3661 187 120 3474 67
is_linear=0
shrinkage=0.08


Tree=54
num_leaves=15
num_cat=0
split_feature=10 9 1 2 14 8 0 13 1 1 1 15 0 9
split_gain=3.96816 2.33766 2.403 2.33805 3.04611 2.25963 4.95371 2.51695 5.77016 4.29607 4.31087 3.54515 2.88665 9.20628
threshold=0.68500000000000016 0.7250000000000002 23.500000000000004 1.0000000180025095e-35 1.0000000180025095e-35 1.5000000000000002 3.5000000000000004 1.0000000180025095e-35 5.5000000000000009 18.500000000000004 22.500000000000004 1.0000000180025095e-35 1.5000000000000002 1.0000000180025095e-35
decision_type=2 2 2 2 2 2 2 2 2 2 2 2 2 2
left_child=1 2 3 5 -5 7 -7 11 -9 12 -11 -1 13 -10
right_child=-2 -3 -4 4 -6 6 -8 8 9 10 -12 -13 -14 -15
leaf_value=0.0029647685526906749 0.080751686066639156 0.083454089891059 -0.076925374160748142 0.026718364484526327 -0.13501202466178353 0.084477385103891148 -0.10128629397862443 -0.077695448253963476 -0.00015260298199947799 -0.098873301546531331 0.098584239326510559 -0.065462786551660851 0.0073902619163323489 -0.086476026161558292
leaf_weight=447.08100884221494 3.8687063418328753 2.1135812639258793 2.6440737275406709 1.2487238980829707 1.8488012738525867 4.8053473345935336 1.1359047442674635 7.6603720276616505 38.365578582510352 5.211161244660615 0.81879958324134339 4.8987509985454372 71.194941499270499 9.9594982406124455
leaf_count=2951 447 75 109 9 14 99 6 127 204 57 9 137 462 389
internal_value=-9.64943e-06 -0.000531267 -0.000828667 -0.000490068 -0.0698127 -0.000126818 0.0489613 -0.000625194 -0.0102895 -0.00617672 -0.0720608 0.00222312 -0.00285277 -0.0179433
internal_weight=602.855 598.987 596.873 594.229 3.09753 591.131 5.94125 585.19 133.21 125.55 6.02996 451.98 119.52 48.3251
internal_count=5095 4648 4573 4464 23 4441 105 4336 1248 1121 66 3088 1055 593
is_linear=0
shrinkage=0.08


Tree=55
num_leaves=15
num_cat=0
split_feature=10 6 15 6 2 12 1 1 1 14 12 9 1 7
split_gain=3.65892 2.35109 3.95716 2.84973 3.55003 3.5065 3.71149 6.89506 4.54489 7.16889 3.13574 2.81872 4.21851 2.8124
threshold=0.68500000000000016 0.77500000000000013 1.0000000180025095e-35 0.36665000000000009 1.0000000180025095e-35 2.5000000000000004 12.500000000000002 16.500000000000004 8.5000000000000018 1.0000000180025095e-35 2.5000000000000004 1.0000000180025095e-35 9.5000000000000018 0.87500000000000011
decision_type=2 2 2 2 2 2 2 2 2 2 2 2 2 2
left_child=1 2 3 10 5 13 8 -8 -7 -10 -1 -3 -13 -5
right_child=-2 11 -4 4 -6 6 7 -9 9 -11 -12 12 -14 -15
leaf_value=-0.0001745879855442117 0.080693492113974766 0.062306020490330155 -0.086266125879564712 0.054840892162963589 0.083286330062812317 -0.069598337398893845 -0.18381807061750752 0.10576516746079868 -0.13466628995156843 0.099053646349453933 0.11719819288290823 -0.1113283167128731 0.018331423399398472 -0.081716286161131621
leaf_weight=542.47845157282427 3.5737370834685853 8.0730504197999853 3.5083164558745912 1.0682875812053705 1.6951933898963023 2.5092441737651807 1.6544610746204864 0.77166275307536114 1.0140452831983564 4.8915488719940186 1.4606743454933155 1.7855124417692447 15.967708896845577 10.00488933827728
leaf_count=3556 447 331 132 5 65 12 10 5 6 33 18 41 167 267
internal_value=-1.30352e-05 -0.000496252 -0.00156401 -0.00104042 -0.0282501 -0.0368781 -0.00453613 -0.0917121 0.020598 0.0589218 0.000140601 0.0231134 0.00529102 -0.0685419
internal_weight=600.457 596.883 571.057 567.548 23.6093 21.9141 10.841 2.42612 8.41484 5.90559 543.939 25.8263 17.7532 11.0732
internal_count=5095 4648 4109 3977 403 338 66 15 51 39 3574 539 208 272
is_linear=0
shrinkage=0.08


Tree=56
num_leaves=15
num_cat=0
split_feature=10 6 5 15 6 14 9 1 11 6 2 12 1 1
split_gain=3.37333 2.14853 2.9512 2.33179 2.17165 3.48922 2.49953 2.56465 3.94995 2.40745 3.15405 3.20563 3.01376 3.92218
threshold=0.68500000000000016 1.4166500000000002 1.5000000000000002 1.0000000180025095e-35 0.77500000000000013 1.0000000180025095e-35 1.0000000180025095e-35 9.5000000000000018 1.0000000180025095e-35 0.36665000000000009 1.0000000180025095e-35 2.5000000000000004 12.500000000000002 8.5000000000000018
decision_type=2 2 2 2 2 2 2 2 2 2 2 2 2 2
left_child=1 2 3 4 9 6 -6 -8 -9 -1 11 -11 13 -13
right_child=-2 -3 -4 -5 5 -7 7 8 -10 10 -12 12 -14 -15
leaf_value=0.00013006177406017194 0.080639834829498755 0.063339567597012245 -0.12207902466160116 -0.051822590129507323 0.081324467107564594 0.086411105252542669 -0.12313483448824658 -0.025980509887194136 0.087986550338035416 -0.066088549801931157 0.083030796143327271 -0.062565217996633823 -0.080154033019642482 0.056600828511717632
leaf_weight=543.85908347507939 3.3010812015272668 3.3596800258383146 1.2817031769081939 5.6235223431140176 2.3630167599767455 4.7080198116600505 1.1363558238372213 7.4949173899367434 2.6290297508239746 10.443395577371124 1.5694811563007522 2.5654792338609678 2.53741204366088 5.684271052479744
leaf_count=3574 447 71 14 160 151 160 21 54 41 271 65 12 15 39
internal_value=-7.55805e-06 -0.000454801 -0.000816906 -0.000553753 -6.09047e-05 0.0270394 0.00652143 -0.00917626 0.00361494 -0.000937596 -0.0264049 -0.034495 -0.00390827 0.019543
internal_weight=598.556 595.255 591.896 590.614 584.99 18.3313 13.6233 11.2603 10.1239 566.659 22.8 21.2306 10.7872 8.24975
internal_count=5095 4648 4577 4563 4403 427 267 116 95 3976 402 337 66 51
is_linear=0
shrinkage=0.08


Tree=57
num_leaves=15
num_cat=0
split_feature=10 8 0 6 15 9 1 1 14 11 1 1 4 2
split_gain=3.11028 2.05105 4.38536 1.9345 3.42412 2.44562 3.5228 2.47135 2.28496 2.08745 7.45895 2.40679 3.1169 3.20551
threshold=0.68500000000000016 1.5000000000000002 3.5000000000000004 0.77500000000000013 1.0000000180025095e-35 1.0000000180025095e-35 9.5000000000000018 4.5000000000000009 1.0000000180025095e-35 1.0000000180025095e-35 11.500000000000002 14.500000000000002 1.0000000180025095e-35 1.0000000180025095e-35
decision_type=2 2 2 2 2 2 2 2 2 2 2 2 2 2
left_child=1 3 -3 4 9 7 -7 -5 -8 10 -1 12 13 -12
right_child=-2 2 -4 5 -6 6 8 -9 -10 -11 11 -13 -14 -15
leaf_value=-0.081241209026218966 0.080590353988754124 0.084115182320486218 -0.088902616230125325 -0.027022506276563611 -0.085514485494657719 -0.10858598074059471 0.0020962483503070843 0.084723955016443503 0.083032576220395088 0.00065065631532456095 0.014152551867114298 -0.024734451641506183 -0.098202198155879425 -0.097076868451589859
leaf_weight=9.1521825590170902 3.0490771639160803 4.445513527840375 1.1881554275751112 1.6290731318295026 3.1119730328209689 1.5956397210247839 12.749761016108094 5.6929375361651182 2.7062497958540908 478.89206173922867 44.10942318290472 24.932532004080713 1.7706138882786024 1.7229739576578129
leaf_count=694 447 99 6 41 132 41 124 290 43 2311 255 569 31 12
internal_value=-1.88093e-06 -0.000415781 0.0476253 -0.000876014 -0.00183013 0.0211899 0.00458427 0.0598615 0.0162677 -0.00136557 -0.0131856 -0.00459872 0.00594756 0.00997111
internal_weight=596.748 593.699 5.63367 588.065 563.692 24.3737 17.0517 7.32201 15.456 560.58 81.6877 72.5355 47.603 45.8324
internal_count=5095 4648 105 4543 4004 539 208 331 167 3872 1561 867 298 267
is_linear=0
shrinkage=0.08


Tree=58
num_leaves=15
num_cat=0
split_feature=10 8 1 1 8 1 13 0 1 0 14 1 9 0
split_gain=2.86851 1.87934 3.54172 11.5991 5.6154 5.36997 3.90897 2.77782 12.5572 3.42514 2.56574 2.43254 11.2768 8.8707
threshold=0.68500000000000016 1.0000000180025095e-35 12.500000000000002 13.500000000000002 1.5000000000000002 9.5000000000000018 1.0000000180025095e-35 2.5000000000000004 15.500000000000002 3.5000000000000004 1.0000000180025095e-35 11.500000000000002 1.0000000180025095e-35 1.5000000000000002
decision_type=2 2 2 2 2 2 2 2 2 2 2 2 2 2
left_child=1 11 5 4 10 6 -3 8 -5 -9 -4 12 -1 -14
right_child=-2 2 3 7 -6 -7 -8 9 -10 -11 -12 -13 13 -15
leaf_value=0.0047766363187121633 0.080544719877382889 0.036938146285182827 -0.24382737070302768 -0.2197646074319477 0.083242004133426847 0.092472547917100481 -0.05573237995370213 0.062837754848624444 0.10696651712045102 -0.078757328649809749 -0.10863570944507689 0.0037231638766758576 -0.077329277194557927 -0.016808858535906145
leaf_weight=181.49263536836952 2.8161830478347829 9.5833655381575245 1.3227043747901941 1.3643500953912711 0.77083102986216534 7.6198349297046652 4.1853878153488031 9.7206318005919439 1.6795742511749265 1.2319207191467292 2.8010868206620216 274.83124440861866 19.515341035556048 75.334945403970778
leaf_count=1059 447 60 6 6 21 87 21 123 9 6 18 1940 789 503
internal_value=-3.48839e-06 -0.000387015 0.0162944 -0.00894717 -0.114951 0.0385886 0.00876841 0.028123 -0.0394812 0.0469114 -0.151998 -0.00160609 -0.00690619 -0.0292609
internal_weight=594.27 591.454 40.2797 18.8911 4.89462 21.3886 13.7688 13.9965 3.04392 10.9526 4.12379 551.174 276.343 94.8503
internal_count=5095 4648 357 189 45 168 81 144 15 129 24 4291 2351 1292
is_linear=0
shrinkage=0.08


Tree=59
num_leaves=15
num_cat=0
split_feature=9 6 6 0 10 10 7 5 14 10 7 15 1 1
split_gain=2.73236 2.32 3.26437 3.21173 3.0716 3.06113 5.47409 3.96 4.22667 4.79529 2.86049 2.77699 2.63457 2.56928
threshold=0.7250000000000002 0.77500000000000013 0.36665000000000009 2.5000000000000004 1.0000000180025095e-35 1.0000000180025095e-35 0.70835000000000015 1.0000000180025095e-35 1.0000000180025095e-35 0.66500000000000015 0.87500000000000011 1.0000000180025095e-35 8.5000000000000018 23.500000000000004
decision_type=2 2 2 2 2 2 2 2 2 2 2 2 2 2
left_child=1 2 4 -3 11 6 -4 8 9 -7 -5 13 -9 -1
right_child=-2 3 5 10 -6 7 -8 12 -10 -11 -12 -13 -14 -15
leaf_value=0.0001588782565856376 0.082025793820874285 0.030738467806833834 0.11710063789047906 0.099662119921543793 0.097838528537965055 -0.33380460346762697 -0.10214752684091533 -0.069655912240104437 0.0014899857828888398 -0.074665470067640613 -0.15737546101751496 -0.084772763754407093 0.061793504671748462 -0.086804817043261248
leaf_weight=536.85783233121037 2.5877960254438213 23.396742454729978 0.82786658406257618 0.37220060452818859 2.0370151642709962 0.54667107760906075 6.0916585191153017 1.2089026272296903 4.5358493886888027 2.7865667324513197 1.0844071693718422 2.4959185742773107 5.0613605859689415 2.1831193743273607
leaf_count=3455 217 796 4 10 37 3 128 6 30 151 8 121 32 97
internal_value=1.43264e-06 -0.000358648 -0.0014116 0.0235628 -0.000214318 -0.0323158 -0.0759162 -0.0109787 -0.048771 -0.117166 -0.0916958 -0.000583148 0.0364501 -0.000193325
internal_weight=592.074 589.486 564.633 24.8534 543.574 21.0589 6.91953 14.1394 7.86909 3.33324 1.45661 541.537 6.27026 539.041
internal_count=5095 4878 4064 814 3710 354 132 222 184 154 18 3673 38 3552
is_linear=0
shrinkage=0.08


Tree=60
num_leaves=15
num_cat=0
split_feature=9 6 5 2 1 1 1 9 8 14 1 1 13 13
split_gain=2.51655 2.01112 2.91359 1.90133 5.0451 1.84469 1.90826 9.89701 5.71414 5.49014 3.55442 4.16998 4.65573 3.35674
threshold=0.7250000000000002 1.4166500000000002 1.5000000000000002 1.0000000180025095e-35 13.500000000000002 23.500000000000004 9.5000000000000018 1.0000000180025095e-35 1.0000000180025095e-35 1.0000000180025095e-35 7.5000000000000009 5.5000000000000009 1.0000000180025095e-35 1.0000000180025095e-35
decision_type=2 2 2 2 2 2 2 2 2 2 2 2 2 2
left_child=1 2 3 5 -5 6 7 10 9 -9 11 12 -1 -10
right_child=-2 -3 -4 4 -6 -7 -8 8 13 -11 -12 -13 -14 -15
leaf_value=-0.00026189586529940038 0.081871239461207584 0.061968641550526858 -0.13027313940342863 0.12441533598506739 -0.12331449229501834 -0.07288577291597792 0.0037740685731414625 -0.082213784817799271 0.034668956555847008 -0.021781491921000842 -0.027443467745967662 0.020364042882623456 -0.076268775343044756 -0.051452346467485754
leaf_weight=61.890278531238437 2.3931635171174994 3.2975578354671589 1.1082597132772196 0.68864652514457647 2.2294157547876239 2.2207909957505754 357.83714702771977 19.19277860969305 9.4721732726320607 19.291893225163221 20.546110754832625 80.48855422064662 5.6266761086881152 4.1724203769117585
leaf_count=337 217 115 10 3 23 105 2743 586 60 260 137 448 30 21
internal_value=1.28112e-06 -0.000331895 -0.000683214 -0.000437146 -0.0648516 -0.00011348 0.000165875 -0.00568486 -0.0361487 -0.0519198 0.00373694 0.0080654 -0.0065961 0.00833367
internal_weight=590.456 588.063 584.765 583.657 2.91806 580.739 578.518 220.681 52.1293 38.4847 168.552 148.006 67.517 13.6446
internal_count=5095 4878 4763 4753 26 4727 4622 1879 927 846 952 815 367 81
is_linear=0
shrinkage=0.08


Tree=61
num_leaves=15
num_cat=0
split_feature=10 8 0 9 1 2 1 13 1 1 1 0 1 1
split_gain=2.43044 1.64637 3.53101 1.59926 1.70523 1.67777 4.54215 1.73672 4.50822 3.83066 3.84033 2.75727 8.93529 9.90077
threshold=0.68500000000000016 1.5000000000000002 3.5000000000000004 0.7250000000000002 23.500000000000004 1.0000000180025095e-35 13.500000000000002 1.0000000180025095e-35 5.5000000000000009 18.500000000000004 22.500000000000004 1.5000000000000002 8.5000000000000018 14.500000000000002
decision_type=2 2 2 2 2 2 2 2 2 2 2 2 2 2
left_child=1 3 -3 4 5 7 -7 -1 -9 11 -11 12 -10 -14
right_child=-2 2 -4 -5 -6 6 -8 8 9 10 -12 -13 13 -15
leaf_value=0.0019897018779691544 0.080458277195110256 0.083491017843564191 -0.070679531595616102 0.082362579096442318 -0.071755112228426537 0.1192193273092267 -0.12143874557734621 -0.07127127637396137 0.0022128444356447241 -0.09560057762024704 0.093578729879343694 0.0081302932962357445 -0.1036317284460711 0.18582348797283174
leaf_weight=445.03025222709402 2.3926739506423464 3.8103889357298604 1.2668871581554411 1.4785926747135807 2.1683594887144855 0.66224397718906347 2.0733878612518311 6.9399122898466876 35.562127964105457 4.8947779620066276 0.79883295390754927 70.244508178904653 9.8222691789269412 0.81937556713819581
leaf_count=3088 447 99 6 75 109 3 20 127 440 57 9 462 146 7
internal_value=-6.31523e-06 -0.000335097 0.0450222 -0.000731813 -0.000944006 -0.000677828 -0.06318 -0.000380006 -0.00854996 -0.00498623 -0.0690581 -0.00185351 -0.0170321 -0.0813445
internal_weight=587.965 585.572 5.07728 580.495 579.016 576.848 2.73563 574.112 129.082 122.142 5.69361 116.448 46.2038 10.6416
internal_count=5095 4648 105 4543 4468 4359 23 4336 1248 1121 66 1055 593 153
is_linear=0
shrinkage=0.08


Tree=62
num_leaves=15
num_cat=0
split_feature=10 6 5 15 10 6 14 11 1 1 9 0 10 1
split_gain=2.24211 1.60017 2.10261 1.78226 1.71334 3.86425 2.09255 1.69709 1.54259 1.66727 6.87153 5.0202 5.4929 3.24153
threshold=0.68500000000000016 1.4166500000000002 1.5000000000000002 1.0000000180025095e-35 0.67500000000000016 0.77500000000000013 1.0000000180025095e-35 1.0000000180025095e-35 23.500000000000004 9.5000000000000018 1.0000000180025095e-35 1.5000000000000002 1.0000000180025095e-35 7.5000000000000009
decision_type=2 2 2 2 2 2 2 2 2 2 2 2 2 2
left_child=1 2 3 4 5 8 7 -6 9 10 13 12 -12 -1
right_child=-2 -3 -4 -5 6 -7 -8 -9 -10 -11 11 -13 -14 -15
leaf_value=0.0063907235467613697 0.080422890177147835 0.058281698397953621 -0.10946791212896231 -0.0486485371240497 -0.058856862096844646 0.045968325590397367 0.09370836356219174 0.090850111015753326 -0.071136167405572104 0.0032737856534288306 -0.084861780237982271 -0.015977461694174206 0.13995644526841708 -0.028201913421895257
leaf_weight=142.18253141641617 2.2096489057876161 2.9674836480990043 1.1334521658718575 4.8590660658664993 7.0418132450431568 11.732687647454439 0.72517840936779965 0.52043435443192709 1.9675519284792233 342.18383339513093 13.073378420434889 35.174711386673152 0.73461757600307542 19.743966847658157
leaf_count=579 447 71 14 160 169 397 9 11 107 2210 595 227 3 96
internal_value=-1.05949e-05 -0.000314905 -0.000614153 -0.000401405 6.25216e-06 0.000534265 -0.0361056 -0.048554 -0.000426105 -0.000174564 -0.00576924 -0.0320239 -0.0729009 0.00217279
internal_weight=586.25 584.041 581.073 579.94 575.081 566.793 8.28743 7.56225 555.061 553.093 210.909 48.9827 13.808 161.926
internal_count=5095 4648 4577 4563 4403 4214 189 180 3817 3710 1500 825 598 675
is_linear=0
shrinkage=0.08


Tree=63
num_leaves=15
num_cat=0
split_feature=9 6 6 10 7 5 14 10 10 15 0 1 1 1
split_gain=2.11042 1.77804 2.77842 2.92961 4.92359 3.2997 3.64399 2.90716 2.52578 2.44022 2.40578 2.31161 2.37406 2.2265
threshold=0.7250000000000002 0.77500000000000013 0.36665000000000009 1.0000000180025095e-35 0.70835000000000015 1.0000000180025095e-35 1.0000000180025095e-35 0.66500000000000015 1.0000000180025095e-35 1.0000000180025095e-35 2.5000000000000004 12.500000000000002 9.5000000000000018 8.5000000000000018
decision_type=2 2 2 2 2 2 2 2 2 2 2 2 2 2
left_child=1 2 8 4 -4 6 7 -5 9 -1 -3 12 -8 -7
right_child=-2 10 3 5 -6 13 11 -9 -10 -11 -12 -13 -14 -15
leaf_value=-8.4938681482552985e-05 0.081686583830730963 0.027544313438423132 0.11280783816708821 -0.26342348683078903 -0.10078625275189586 -0.061958863974524665 -0.041971515321341697 -0.071848469513099839 0.092656706957635879 -0.084260447488733556 -0.083900123471524979 -0.094870321369110069 0.094069185581759168 0.058551669083533334
leaf_weight=534.04022255120799 2.0164662692695847 22.109714024700228 0.78649534285068501 0.63439129292964791 5.6701133330352631 1.2275584638118742 1.4411753145977857 2.5237222672440112 1.8719360744580615 2.2132649235427371 1.3133469875901926 1.1755058169364927 1.9077607691287992 4.8888519974425435
leaf_count=3552 217 796 4 3 128 6 9 151 37 121 18 6 15 32
internal_value=-1.44217e-05 -0.000297588 -0.00120338 -0.03029 -0.0747678 -0.00947855 -0.0443845 -0.110331 -0.000108532 -0.000432354 0.0212955 0.00164718 0.0355257 0.0343653
internal_weight=583.821 581.804 558.381 20.2556 6.45661 13.799 7.68256 3.15811 538.125 536.253 23.4231 4.52444 3.34894 6.11641
internal_count=5095 4878 4064 354 132 222 184 154 3710 3673 814 30 24 38
is_linear=0
shrinkage=0.08


Tree=64
num_leaves=15
num_cat=0
split_feature=10 1 14 13 9 1 1 0 8 0 8 1 8 0
split_gain=1.97724 1.58773 3.18653 6.82033 2.69899 3.1676 1.94803 3.68401 3.20061 8.59127 3.89687 3.71815 11.6693 11.2989
threshold=0.68500000000000016 4.5000000000000009 1.0000000180025095e-35 1.0000000180025095e-35 1.0000000180025095e-35 3.5000000000000004 14.500000000000002 2.5000000000000004 1.5000000000000002 2.5000000000000004 1.0000000180025095e-35 11.500000000000002 1.0000000180025095e-35 1.5000000000000002
decision_type=2 2 2 2 2 2 2 2 2 2 2 2 2 2
left_child=1 2 3 4 5 -1 8 -8 9 11 -11 -3 13 -13
right_child=-2 6 -4 -5 -6 -7 7 -9 -10 10 -12 12 -14 -15
leaf_value=0.0027294480095548463 0.080370978385158318 -0.00169540015450965 -0.032274426276298868 -0.10393119940275161 -0.087511342065313844 0.1076481925707589 -0.01499442867790139 0.01577124263619965 0.08307372193333927 -0.16174599293748387 -0.019740850920388853 -0.10182488877584053 -0.11279916851165606 0.022382626115811568
leaf_weight=3.0146243758499613 1.951870271237566 252.25597751466557 25.021860752720386 2.2586092273704699 0.80007144436240096 4.733067424967885 102.58777109906077 32.897654958069324 3.2130805682390919 2.8815997438505283 2.1667026579380035 4.8503912081941953 4.4869915992021552 139.37671325728297
leaf_count=13 447 2227 139 24 25 33 814 410 93 18 21 38 21 772
internal_value=-1.22509e-05 -0.00028251 -0.0165955 0.0197087 0.0523785 0.0668243 0.000790461 -0.00752412 0.00354319 0.00291382 -0.100798 0.00421957 0.0142528 0.0182055
internal_weight=582.497 580.545 35.8282 10.8064 8.54776 7.74769 544.717 135.485 409.231 406.018 5.0483 400.97 148.714 144.227
internal_count=5095 4648 234 95 71 46 4414 1224 3190 3097 39 3058 831 810
is_linear=0
shrinkage=0.08


end of trees

feature_importances:
Column_1=241
Column_10=125
Column_0=90
Column_9=83
Column_6=80
Column_15=56
Column_8=49
Column_11=47
Column_14=41
Column_7=32
Column_13=21
Column_4=13
Column_5=13
Column_2=11
Column_12=8

parameters:
[boosting: gbdt]
[objective: binary]
[metric: binary_logloss]
[tree_learner: serial]
[device_type: cpu]
[data_sample_strategy: bagging]
[data: ]
[valid: ]
[num_iterations: 150]
[learning_rate: 0.08]
[num_leaves: 15]
[num_threads: 0]
[seed: 0]
[deterministic: 0]
[force_col_wise: 0]
[force_row_wise: 0]
[histogram_pool_size: -1]
[max_depth: -1]
[min_data_in_leaf: 5]
[min_sum_hessian_in_leaf: 0.001]
[bagging_fraction: 1]
[pos_bagging_fraction: 1]
[neg_bagging_fraction: 1]
[bagging_freq: 0]
[bagging_seed: 3]
[bagging_by_query: 0]
[feature_fraction: 1]
[feature_fraction_bynode: 1]
[feature_fraction_seed: 2]
[extra_trees: 0]
[extra_seed: 6]
[early_stopping_round: 0]
[early_stopping_min_delta: 0]
[first_metric_only: 0]
[max_delta_step: 0]
[lambda_l1: 0]
[lambda_l2: 0]
[linear_lambda: 0]
[min_gain_to_split: 0]
[drop_rate: 0.1]
[max_drop: 50]
[skip_drop: 0.5]
[xgboost_dart_mode: 0]
[uniform_drop: 0]
[drop_seed: 4]
[top_rate: 0.2]
[other_rate: 0.1]
[min_data_per_group: 100]
[max_cat_threshold: 32]
[cat_l2: 10]
[cat_smooth: 10]
[max_cat_to_onehot: 4]
[top_k: 20]
[monotone_constraints: ]
[monotone_constraints_method: basic]
[monotone_penalty: 0]
[feature_contri: ]
[forcedsplits_filename: ]
[refit_decay_rate: 0.9]
[cegb_tradeoff: 1]
[cegb_penalty_split: 0]
[cegb_penalty_feature_lazy: ]
[cegb_penalty_feature_coupled: ]
[path_smooth: 0]
[interaction_constraints: ]
[verbosity: -1]
[saved_feature_importance_type: 0]
[use_quantized_grad: 0]
[num_grad_quant_bins: 4]
[quant_train_renew_leaf: 0]
[stochastic_rounding: 1]
[linear_tree: 0]
[max_bin: 255]
[max_bin_by_feature: ]
[min_data_in_bin: 3]
[bin_construct_sample_cnt: 200000]
[data_random_seed: 1]
[is_enable_sparse: 1]
[enable_bundle: 1]
[use_missing: 1]
[zero_as_missing: 0]
[feature_pre_filter: 0]
[pre_partition: 0]
[two_round: 0]
[header: 0]
[label_column: ]
[weight_column: ]
[group_column: ]
[ignore_column: ]
[categorical_feature: ]
[forcedbins_filename: ]
[precise_float_parser: 0]
[parser_config_file: ]
[objective_seed: 5]
[num_class: 1]
[is_unbalance: 0]
[scale_pos_weight: 1]
[sigmoid: 1]
[boost_from_average: 1]
[reg_sqrt: 0]
[alpha: 0.9]
[fair_c: 1]
[poisson_max_delta_step: 0.7]
[tweedie_variance_power: 1.5]
[lambdarank_truncation_level: 30]
[lambdarank_norm: 1]
[label_gain: ]
[lambdarank_position_bias_regularization: 0]
[eval_at: ]
[multi_error_top_k: 1]
[auc_mu_weights: ]
[num_machines: 1]
[local_listen_port: 12400]
[time_out: 120]
[machine_list_filename: ]
[machines: ]
[gpu_platform_id: -1]
[gpu_device_id: -1]
[gpu_device_id_list: ]
[gpu_use_dp: 0]
[num_gpu: 1]

end of parameters

pandas_categorical:null
