tree
version=v4
num_class=1
num_tree_per_iteration=1
label_index=0
max_feature_idx=15
objective=binary sigmoid:1
feature_names=Column_0 Column_1 Column_2 Column_3 Column_4 Column_5 Column_6 Column_7 Column_8 Column_9 Column_10 Column_11 Column_12 Column_13 Column_14 Column_15
feature_infos=[1:5] [2:30] [0:1] [0:1] [0:2] [0:2] [0:2] [0.66669999999999996:1] [0:1] [0:0.90000000000000002] [0:0.84999999999999998] [0:0.5] [1:3] [0:1] [0:1] [0:1]
tree_sizes=1707 1715 1719 1718 1710 1712 1715 1715 1721 1712 1719 1720 1719 1722 1732 1723 1715 1720 1723 1708 1726 1728 1727 1734 1731 1726 1733 1732 1732 1731 1724 1737 1740 1725 1733 1721 1730 1746 1723 1735 1736 1744 1746 1746 1731 1741 1744 1743 1743 1738 1738 1737 1735 1744 1745 1747 1755 1756 1763 1753 1762 1760 1765 1753 1759 1772 1752 1772 1775 1761 1755 1782 1759 1774 1778 1774 1777 1783 1769 1776 1774 1770 1749 1787 1779 1775 1779 1765 1783 1763 1759 1761 1767 1771 1745 1783 1759 1754 1761 1743 1749 1765 1764 1780 1765 1752 1785 1774 1785 1775

Tree=0
num_leaves=15
num_cat=0
split_feature=6 11 1 14 15 10 0 13 14 15 1 1 5 1
split_gain=1492.72 126.693 135.735 39.1232 16.3891 14.9807 5.85046 6.91418 5.36613 10.9844 6.90687 7.63702 5.61324 4.52858
threshold=0.58335000000000015 1.0000000180025095e-35 10.500000000000002 1.0000000180025095e-35 1.0000000180025095e-35 1.0000000180025095e-35 1.5000000000000002 1.0000000180025095e-35 1.0000000180025095e-35 1.0000000180025095e-35 9.5000000000000018 10.500000000000002 1.0000000180025095e-35 16.500000000000004
decision_type=2 2 2 2 2 2 2 2 2 2 2 2 2 2
left_child=1 8 5 6 13 -3 -4 -8 12 10 -10 -12 -1 -5
right_child=-2 2 3 4 -6 -7 7 -9 9 -11 11 -13 -14 -15
leaf_value=0.011277365358386193 0.32369963514650724 0.0061647701684079126 0.0061647701684078293 0.31090069087476974 0.0061647701684079126 0.22127247890231039 0.19054280622603861 0.0061647701684079681 0.0061647701684079681 0.0061647701684079126 0.19976170802892013 0.075306533690019412 0.16749555171883476 0.16749555171883476
leaf_weight=140.82866954803467 249.67336308956146 29.008722424507145 2.7273157835006696 26.777282238006599 1.2396889925003041 2.2314401865005484 5.2066937685012817 1.735564589500427 7.4381339550018337 29.752535820007324 3.7190669775009182 20.826775074005127 1.4876267910003651 1.4876267910003651
leaf_count=568 1007 117 11 108 5 9 21 7 30 120 15 84 6 6
internal_value=0.182148 0.0533835 0.145909 0.245098 0.290866 0.0215296 0.105445 0.144448 0.0214549 0.0411522 0.0736986 0.0941634 0.0129103 0.303353
internal_weight=524.141 274.467 70.4143 39.1742 29.5046 31.2402 9.66957 6.94226 204.053 61.7365 31.984 24.5458 142.316 28.2649
internal_count=2114 1107 284 158 119 126 39 28 823 249 129 99 574 114
is_linear=0
shrinkage=1


Tree=1
num_leaves=15
num_cat=0
split_feature=6 11 1 14 15 10 0 13 14 15 1 1 5 1
split_gain=1272.37 104.996 114.263 33.5497 14.0072 12.4801 4.87905 5.79036 4.45287 9.13936 5.75607 6.38524 4.66875 3.94812
threshold=0.58335000000000015 1.0000000180025095e-35 10.500000000000002 1.0000000180025095e-35 1.0000000180025095e-35 1.0000000180025095e-35 1.5000000000000002 1.0000000180025095e-35 1.0000000180025095e-35 1.0000000180025095e-35 9.5000000000000018 10.500000000000002 1.0000000180025095e-35 16.500000000000004
decision_type=2 2 2 2 2 2 2 2 2 2 2 2 2 2
left_child=1 8 5 6 13 -3 -4 -8 12 10 -10 -12 -1 -5
right_child=-2 2 3 4 -6 -7 7 -9 9 -11 11 -13 -14 -15
leaf_value=-0.15583670418732315 0.13265863953826704 -0.16049470416652931 -0.16049470416652939 0.12041207979673896 -0.16049470416652933 0.036142213433906611 0.0077294097684222638 -0.16049470416652922 -0.16049470416652933 -0.16049470416652933 0.016232870004424776 -0.097588473450981081 -0.01346238262521208 -0.01346238262521208
leaf_weight=141.99548876285553 245.26879267394543 29.249722793698314 2.7499739378690702 26.357919394969947 1.2499881535768498 2.2226823717355719 5.2026345133781433 1.749983415007591 7.4999289214611045 29.999715685844421 3.7128366529941585 20.97025465965271 1.4895284771919239 1.4895284771919239
leaf_count=568 1007 117 11 108 5 9 21 7 30 120 15 84 6 6
internal_value=7.9099e-05 -0.117764 -0.033341 0.0585344 0.101492 -0.146608 -0.0702911 -0.0346128 -0.146609 -0.128728 -0.099117 -0.0804674 -0.154359 0.113251
internal_weight=521.209 275.94 70.2724 38.8 29.0974 31.4724 9.70259 6.95262 205.668 62.1827 32.183 24.6831 143.485 27.8474
internal_count=2114 1107 284 158 119 126 39 28 823 249 129 99 574 114
is_linear=0
shrinkage=0.08


Tree=2
num_leaves=15
num_cat=0
split_feature=6 11 1 14 15 10 0 13 14 15 1 1 5 1
split_gain=1096.17 88.5369 97.4882 28.9801 12.0785 10.6394 4.169 4.9358 3.86775 7.93933 4.97989 5.38771 4.00286 3.48155
threshold=0.58335000000000015 1.0000000180025095e-35 10.500000000000002 1.0000000180025095e-35 1.0000000180025095e-35 1.0000000180025095e-35 1.5000000000000002 1.0000000180025095e-35 1.0000000180025095e-35 1.0000000180025095e-35 9.5000000000000018 10.500000000000002 1.0000000180025095e-35 16.500000000000004
decision_type=2 2 2 2 2 2 2 2 2 2 2 2 2 2
left_child=1 8 5 6 13 -3 -4 -8 12 10 -10 -12 -1 -5
right_child=-2 2 3 4 -6 -7 7 -9 9 -11 11 -13 -14 -15
leaf_value=-0.14413533154635075 0.12533318398173135 -0.14855914048641683 -0.14855914048641689 0.11335497239085492 -0.14855914048641686 0.03340036385968561 0.0071166108660555907 -0.14855914048641677 -0.14855914048641686 -0.14855914048641686 0.01496044587219429 -0.089657215597460246 -0.012371443185980555 -0.012371443185980555
leaf_weight=141.26071572303772 239.08436352014542 29.076521158218387 2.7336900234222394 25.782225072383888 1.2425863742828358 2.2131351828575125 5.198739230632782 1.7396209239959715 7.4555182456970206 29.822072982788086 3.7066000699996975 20.99739396572113 1.4911377131938923 1.4911377131938923
leaf_count=568 1007 117 11 108 5 9 21 7 30 120 15 84 6 6
internal_value=0.000131183 -0.109032 -0.0309987 0.0547802 0.0953676 -0.135689 -0.0648832 -0.0319152 -0.135514 -0.118826 -0.0912545 -0.0739603 -0.142759 0.106481
internal_weight=513.295 274.211 69.4777 38.188 28.5159 31.2897 9.67205 6.93836 204.733 61.9816 32.1595 24.704 142.752 27.2734
internal_count=2114 1107 284 158 119 126 39 28 823 249 129 99 574 114
is_linear=0
shrinkage=0.08


Tree=3
num_leaves=15
num_cat=0
split_feature=6 11 1 14 15 10 1 0 13 14 15 1 1 5
split_gain=952.3 75.653 84.0395 25.1774 10.4871 9.23318 3.75578 4.46726 6.07585 3.47808 7.12488 4.43141 4.57824 3.51293
threshold=0.58335000000000015 1.0000000180025095e-35 10.500000000000002 1.0000000180025095e-35 1.0000000180025095e-35 1.0000000180025095e-35 13.500000000000002 1.5000000000000002 1.0000000180025095e-35 1.0000000180025095e-35 1.0000000180025095e-35 9.5000000000000018 10.500000000000002 1.0000000180025095e-35
decision_type=2 2 2 2 2 2 2 2 2 2 2 2 2 2
left_child=1 9 5 6 -5 -3 7 -4 -9 13 11 -11 -13 -1
right_child=-2 2 3 4 -6 -7 -8 8 -10 10 -12 12 -14 -15
leaf_value=-0.13476247677492376 0.11918940183243945 -0.13909448647235179 -0.13909448647235187 0.10061278644690726 -0.13909448647235181 0.030874422434509437 -0.15878791805355846 0.05003272705685885 -0.13909448647235173 -0.13909448647235173 -0.13909448647235181 0.013787522609603522 -0.082741438846095361 -0.011370882673164273
leaf_weight=139.08188128471375 231.59998054802418 28.589263960719112 1.9548214673995952 26.58502891659737 1.2217634171247471 2.2030900418758383 1.9669383168220518 4.205492228269577 1.4661161005496977 7.330580502748492 29.322322010993958 3.700434789061549 20.934352219104767 1.4924995601177204
leaf_count=568 1007 117 8 114 5 9 8 17 6 30 120 15 84 6
internal_value=0.000166358 -0.101908 -0.0290572 0.0515267 0.0900806 -0.126934 -0.0602236 -0.0348028 0.00114316 -0.126519 -0.110615 -0.0844903 -0.0682417 -0.133452
internal_weight=501.655 270.055 68.1925 37.4002 27.8068 30.7924 9.59337 7.62643 5.67161 201.862 61.2877 31.9654 24.6348 140.574
internal_count=2114 1107 284 158 119 126 39 31 23 823 249 129 99 574
is_linear=0
shrinkage=0.08


Tree=4
num_leaves=15
num_cat=0
split_feature=6 11 1 14 1 10 4 0 1 1 1 0 13 1
split_gain=832.856 65.3409 73.0277 21.9425 9.2312 8.12768 3.32675 12.353 3.54642 4.82631 3.19737 3.89927 5.25657 3.26117
threshold=0.58335000000000015 1.0000000180025095e-35 10.500000000000002 1.0000000180025095e-35 15.500000000000002 1.0000000180025095e-35 1.0000000180025095e-35 1.5000000000000002 16.500000000000004 9.5000000000000018 13.500000000000002 1.5000000000000002 1.0000000180025095e-35 12.500000000000002
decision_type=2 2 2 2 2 2 2 2 2 2 2 2 2 2
left_child=1 6 5 10 -5 -3 7 -1 9 -9 11 -4 13 -13
right_child=-2 2 3 4 -6 -7 -8 8 -10 -11 -12 12 -14 -15
leaf_value=-0.13204620529774097 0.11395704465208521 -0.13142081572750638 -0.13142081572750647 0.10000622894443204 -0.063407254267954918 0.028543737876299779 -0.13276520305590803 -0.131824959405131 -0.13507947476158313 -0.061056433475823069 -0.14755357472602396 -0.0058726494842147739 -0.13142081572750633 0.14196719152369233
leaf_weight=74.263456791639328 223.19868837296963 27.866761475801471 1.9054195880889873 24.611703664064411 2.4309120178222647 2.1927796304225913 71.998749911785126 7.395746022462844 6.7389674782752982 37.139829978346825 1.9480082392692564 2.7056306153535843 1.4290646910667417 1.4757985174655912
leaf_count=311 1007 117 8 109 10 9 301 31 28 152 8 11 6 6
internal_value=0.000189891 -0.0959571 -0.0274093 0.0486257 0.0853167 -0.119752 -0.119056 -0.111194 -0.0809927 -0.0728085 -0.0562167 -0.0325436 0.00103679 0.0463061
internal_weight=487.302 264.103 66.5661 36.5065 27.0426 30.0595 197.537 125.538 51.2745 44.5356 9.46392 7.51591 5.61049 4.18143
internal_count=2114 1107 284 158 119 126 823 522 211 183 39 31 23 17
is_linear=0
shrinkage=0.08


Tree=5
num_leaves=15
num_cat=0
split_feature=6 11 1 14 15 10 4 0 1 1 10 0 2 0
split_gain=732.226 56.8514 63.8844 19.1793 8.60948 7.23878 3.13308 11.5867 3.23947 4.43394 2.94624 3.51187 39.5525 2.80639
threshold=0.58335000000000015 1.0000000180025095e-35 10.500000000000002 1.0000000180025095e-35 1.0000000180025095e-35 1.0000000180025095e-35 1.0000000180025095e-35 1.5000000000000002 16.500000000000004 9.5000000000000018 1.0000000180025095e-35 2.5000000000000004 1.0000000180025095e-35 1.5000000000000002
decision_type=2 2 2 2 2 2 2 2 2 2 2 2 2 2
left_child=1 6 5 13 -5 -3 7 -1 9 -9 11 -2 -13 -4
right_child=10 2 3 4 -6 -7 -8 8 -10 -11 -12 12 -14 -15
leaf_value=-0.12560833386026446 0.11541688781678175 -0.12508828401158215 -0.12465876228838156 0.090955069279502074 -0.13002230497373207 0.026390639207716653 -0.12621778250053864 -0.12542452634355369 -0.12815208472782036 -0.056628639388740964 0.11287552531657141 -0.26070476221435201 0.11541688781678175 -0.025864798230947811
leaf_weight=71.919048815965652 11.911040306091309 26.971571668982509 2.5287063270807248 25.060392916202549 1.1815990060567845 2.1823883503675452 69.765267550945282 7.160813406109809 6.5428941249847403 36.852235063910484 188.87506771087646 2.1269714832305899 11.272948861122131 6.7587112635374069
leaf_count=311 56 117 11 114 5 9 301 31 28 152 888 10 53 28
internal_value=0.000206705 -0.090857 -0.025981 0.0460378 0.0810051 -0.113749 -0.112686 -0.104978 -0.0756295 -0.0678216 0.109441 0.08381 0.055715 -0.0527637
internal_weight=471.11 256.924 64.6834 35.5294 26.242 29.154 192.24 122.475 50.5559 44.013 214.186 25.311 13.3999 9.28742
internal_count=2114 1107 284 158 119 126 823 522 211 183 1007 119 63 39
is_linear=0
shrinkage=0.08


Tree=6
num_leaves=15
num_cat=0
split_feature=6 11 1 14 1 10 4 0 1 1 10 0 2 1
split_gain=646.771 49.9022 56.1631 16.7988 7.72272 6.51083 3.01225 11.0512 3.03604 4.09833 2.78823 3.26739 32.5966 2.78066
threshold=0.58335000000000015 1.0000000180025095e-35 10.500000000000002 1.0000000180025095e-35 15.500000000000002 1.0000000180025095e-35 1.0000000180025095e-35 1.5000000000000002 9.5000000000000018 16.500000000000004 1.0000000180025095e-35 2.5000000000000004 1.0000000180025095e-35 13.500000000000002
decision_type=2 2 2 2 2 2 2 2 2 2 2 2 2 2
left_child=1 6 5 13 -5 -3 7 -1 -9 -10 11 -2 -13 -4
right_child=10 2 3 4 -6 -7 -8 8 9 -11 -12 12 -14 -15
leaf_value=-0.12022491553255908 0.11155626279848563 -0.11978674280576723 -0.026785095407795133 0.091298486152936092 -0.060119341749051987 0.024399791060294912 -0.12074834334889571 -0.12007017737200888 -0.052578013650917951 -0.12238657370100957 0.10897483794393947 -0.21923452594683771 0.11155626279848563 -0.13587428817706776
leaf_weight=69.237528502941132 11.359928727149963 25.95354983210564 7.3131477385759336 23.016513958573345 2.3785121142864218 2.1720609068870536 67.195977732539177 6.8926545381546012 36.529557704925537 6.3124077320098868 180.33469462394714 2.3174962401390067 10.75136111676693 1.8798162788152692
leaf_count=311 56 117 31 109 10 9 301 31 152 28 888 10 53 8
internal_value=0.000227089 -0.0864166 -0.0246967 0.0435722 0.0771166 -0.108652 -0.107208 -0.0995601 -0.0707919 -0.0628637 0.105539 0.080175 0.0528972 -0.0490921
internal_weight=453.645 248.882 62.7136 34.588 25.395 28.1256 186.168 118.972 49.7346 42.842 204.763 24.4288 13.0689 9.19296
internal_count=2114 1107 284 158 119 126 823 522 211 180 1007 119 63 39
is_linear=0
shrinkage=0.08


Tree=7
num_leaves=15
num_cat=0
split_feature=6 11 1 14 15 10 4 0 1 1 1 10 0 2
split_gain=573.503 44.1241 49.5957 14.7328 7.14779 5.9056 2.94323 10.6754 2.88167 3.8236 2.64385 2.611 3.02699 27.6263
threshold=0.58335000000000015 1.0000000180025095e-35 10.500000000000002 1.0000000180025095e-35 1.0000000180025095e-35 1.0000000180025095e-35 1.0000000180025095e-35 1.5000000000000002 9.5000000000000018 16.500000000000004 12.500000000000002 1.0000000180025095e-35 2.5000000000000004 1.0000000180025095e-35
decision_type=2 2 2 2 2 2 2 2 2 2 2 2 2 2
left_child=1 6 5 -4 10 -3 7 -1 -9 -10 -5 12 -2 -14
right_child=11 2 3 4 -6 -7 -8 8 9 -11 -12 -13 13 -15
leaf_value=-0.11566842385953276 0.10822520433824322 -0.11529520623310005 -0.045539164983890948 0.11164202495417275 -0.12305777392800225 0.022557756967109013 -0.11612284538419113 -0.11553672166740495 -0.048854109728605093 -0.11752548092733095 0.057773151076671435 0.10557315511214349 -0.1918238999338725 0.1082252043382432
leaf_weight=66.326709821820259 10.795887112617493 24.852442815899852 9.1241190582513791 10.967121362686163 1.1293373405933369 2.1619092822074881 64.397108539938927 6.6019394844770423 36.183484569191933 6.0580080151557913 12.45075076818466 171.61110806465149 2.4311916530132285 10.217536017298698
leaf_count=311 56 117 39 54 5 9 301 31 152 28 60 888 10 53
internal_value=0.000242701 -0.0824951 -0.0235207 0.0412586 0.0735211 -0.104263 -0.102426 -0.0947672 -0.0663845 -0.0587025 0.0830012 0.102152 0.0771103 0.0505532
internal_weight=435.309 240.253 60.6857 33.6713 24.5472 27.0144 179.567 115.17 48.8434 42.2415 23.4179 195.056 23.4446 12.6487
internal_count=2114 1107 284 158 119 126 823 522 211 180 114 1007 119 63
is_linear=0
shrinkage=0.08


Tree=8
num_leaves=15
num_cat=0
split_feature=6 11 1 14 1 10 4 0 1 1 0 13 10 0
split_gain=510.229 39.2157 43.9611 12.9491 6.40611 5.39595 2.91223 10.4119 2.75605 3.59653 2.67245 3.39175 2.42624 2.79662
threshold=0.58335000000000015 1.0000000180025095e-35 10.500000000000002 1.0000000180025095e-35 15.500000000000002 1.0000000180025095e-35 1.0000000180025095e-35 1.5000000000000002 9.5000000000000018 16.500000000000004 1.5000000000000002 1.0000000180025095e-35 1.0000000180025095e-35 2.5000000000000004
decision_type=2 2 2 2 2 2 2 2 2 2 2 2 2 2
left_child=1 6 5 10 -5 -3 7 -1 -9 -10 -4 -12 13 -2
right_child=12 2 3 4 -6 -7 -8 8 9 -11 11 -13 -14 -15
leaf_value=-0.1117724976297847 0.10533002835738543 -0.11145166475329241 -0.11572079490310548 0.08399556715149388 -0.055895376762531049 0.020852628473520957 -0.1121705442525283 -0.11165935574593901 -0.045416904124438516 -0.11338238375146159 0.014598878638322004 -0.12011798351712298 0.10258019362608535 0.048577611677571804
leaf_weight=63.272425875067711 10.228435873985291 23.699893981218342 2.3428185582160932 21.347084954380993 2.3230416476726523 2.1520186364650717 61.453242808580399 6.2971625775098792 35.823375672101974 5.7880619168281546 5.1778534203767776 1.5553681105375288 162.84781157970428 12.16773347556591
leaf_count=311 56 117 11 109 10 9 301 31 152 28 21 7 888 63
internal_value=0.000254512 -0.0790002 -0.0224522 0.0391149 0.0702663 -0.100438 -0.0981946 -0.0904696 -0.0623351 -0.0548708 -0.0421274 -0.0165206 0.0991849 0.0744967
internal_weight=416.476 231.232 58.5981 32.7462 23.6701 25.8519 172.634 111.181 47.9086 41.6114 9.07604 6.73322 185.244 22.3962
internal_count=2114 1107 284 158 119 126 823 522 211 180 39 28 1007 119
is_linear=0
shrinkage=0.08


Tree=9
num_leaves=15
num_cat=0
split_feature=6 11 1 14 15 10 4 0 1 1 1 13 1 1
split_gain=454.873 34.9074 39.0898 11.4057 5.99211 4.96205 2.90984 10.2275 2.65024 3.40316 2.57002 3.29646 4.99194 3.5649
threshold=0.58335000000000015 1.0000000180025095e-35 10.500000000000002 1.0000000180025095e-35 1.0000000180025095e-35 1.0000000180025095e-35 1.0000000180025095e-35 1.5000000000000002 9.5000000000000018 16.500000000000004 13.500000000000002 1.0000000180025095e-35 12.500000000000002 11.500000000000002
decision_type=2 2 2 2 2 2 2 2 2 2 2 2 2 2
left_child=1 6 5 10 -5 -3 7 -1 -9 -10 11 12 13 -4
right_child=-2 2 3 4 -6 -7 -8 8 9 -11 -12 -13 -14 -15
leaf_value=-0.10841257697580062 0.096406718498503671 -0.10813461093034114 0.014253011896045427 0.076246028480349212 -0.11766204767173513 0.019273784663972504 -0.10876385066164948 -0.10831461710666941 -0.042234201174274136 -0.10981886742101261 -0.12613427584448275 -0.11545195833819115 0.13845329606392803 -0.15250546391786646
leaf_weight=60.14274774491787 175.73434248566628 22.520979166030887 2.813091993331911 21.756384998559955 1.0700888633728016 2.1424520015716544 58.431473389267921 5.9850587397813788 35.456690028309822 5.50921806693077 1.7623751908540723 1.7008876204490659 1.4636716246604917 1.1582595258951189
leaf_count=311 1007 117 12 114 5 9 301 31 152 28 8 8 6 5
internal_value=0.000256763 -0.0758849 -0.0215229 0.0372065 0.0671558 -0.097067 -0.094404 -0.086569 -0.0585882 -0.0513232 -0.0396214 -0.0182551 0.0121627 -0.0343827
internal_weight=397.648 221.913 56.3882 31.7248 22.8265 24.6634 165.525 107.094 46.951 40.9659 8.89829 7.13591 5.43502 3.97135
internal_count=2114 1107 284 158 119 126 823 522 211 180 39 31 23 17
is_linear=0
shrinkage=0.08


Tree=10
num_leaves=15
num_cat=0
split_feature=6 11 1 14 1 10 0 4 10 2 0 1 1 0
split_gain=406.32 31.1453 34.8491 10.0534 5.45353 4.5891 2.93472 10.0931 2.64627 3.11954 24.8361 2.55798 3.2338 2.34329
threshold=0.58335000000000015 1.0000000180025095e-35 10.500000000000002 1.0000000180025095e-35 15.500000000000002 1.0000000180025095e-35 1.5000000000000002 1.0000000180025095e-35 1.0000000180025095e-35 1.0000000180025095e-35 2.5000000000000004 9.5000000000000018 16.500000000000004 1.5000000000000002
decision_type=2 2 2 2 2 2 2 2 2 2 2 2 2 2
left_child=1 6 5 13 -5 -3 -1 11 9 10 -2 -8 -13 -4
right_child=8 2 3 4 -6 -7 7 -9 -10 -11 -12 12 -14 -15
leaf_value=-0.10549347616670089 0.10070248133331693 -0.10525099829680558 -0.1096906097970371 0.077723420721183614 -0.053509250319589405 0.017811638563936701 -0.10540807802341716 -0.10580539863592234 0.097632154917903557 0.10188969809283301 -0.18670687938581718 -0.039279767313248053 -0.10672987995194047 -0.013524833021830465
leaf_weight=56.991329804062843 8.9824486523866636 21.335458472371105 2.1567065119743365 19.728120490908626 2.2586544752120963 2.133254572749137 5.6709357053041449 55.384722605347633 145.92463481426239 9.1085205674171448 2.4488475918769845 35.089307948946953 5.2267316281795493 6.5369811952114105
leaf_count=311 55 117 11 109 10 9 31 301 888 54 10 152 28 28
internal_value=0.000253648 -0.0730603 -0.0206852 0.0354459 0.0642422 -0.0940649 -0.090969 -0.0828033 0.0938479 0.0669627 0.0391328 -0.0551006 -0.0480243 -0.0373814
internal_weight=378.977 212.512 54.1492 30.6805 21.9868 23.4687 158.363 101.372 166.464 20.5398 11.4313 45.987 40.316 8.69369
internal_count=2114 1107 284 158 119 126 823 512 1007 119 65 211 180 39
is_linear=0
shrinkage=0.08


Tree=11
num_leaves=15
num_cat=0
split_feature=6 11 1 14 15 5 0 4 1 10 2 0 1 1
split_gain=364.003 27.945 31.1344 8.86191 5.05126 4.40456 2.98729 9.98582 2.72784 2.47533 2.88286 21.4884 2.47477 3.08165
threshold=0.58335000000000015 1.0000000180025095e-35 10.500000000000002 1.0000000180025095e-35 1.0000000180025095e-35 1.0000000180025095e-35 1.5000000000000002 1.0000000180025095e-35 12.500000000000002 1.0000000180025095e-35 1.0000000180025095e-35 2.5000000000000004 9.5000000000000018 16.500000000000004
decision_type=2 2 2 2 2 2 2 2 2 2 2 2 2 2
left_child=1 6 5 -4 8 -3 -1 12 -5 10 11 -2 -8 -14
right_child=9 2 3 4 -6 -7 7 -9 -10 -11 -12 -13 13 -15
leaf_value=-0.10294114642517553 0.098719230586476123 -0.098579227390126395 -0.034909909202173024 0.10230652620767262 -0.11339460530495886 0.083996441523743276 -0.10286625225601245 -0.10321957915473905 0.043244636844523898 0.095487251423676422 0.099769263875989639 -0.1685332957257305 -0.036531929946437364 -0.10403421773590864
leaf_weight=53.86008808016777 8.4515638649463636 21.4027553498745 8.5783524960279482 9.2068066298961693 1.0069589018821705 0.88044947385787864 5.3589392304420462 52.35436575114727 10.965639173984526 137.60686755180359 8.5795577466487885 2.4935908615589151 34.72582720220089 4.9447257816791526
leaf_count=311 55 122 39 54 5 4 31 301 60 888 54 10 152 28
internal_value=0.000259759 -0.070424 -0.0198583 0.0336876 0.0614719 -0.0913653 -0.087823 -0.0794615 0.0702008 0.091705 0.0650486 0.0378322 -0.0518388 -0.0449457
internal_weight=360.416 203.285 52.041 29.7578 21.1794 22.2832 151.244 97.3839 20.1724 157.132 19.5247 10.9452 45.0295 39.6706
internal_count=2114 1107 284 158 119 126 823 512 114 1007 119 65 211 180
is_linear=0
shrinkage=0.08


Tree=12
num_leaves=15
num_cat=0
split_feature=6 11 1 14 1 10 0 4 15 1 1 1 13 1
split_gain=326.546 25.231 27.7569 7.81904 4.5538 4.33188 3.05103 9.90489 2.44152 2.38587 2.55231 2.36182 3.03385 4.17992
threshold=0.58335000000000015 1.0000000180025095e-35 10.500000000000002 1.0000000180025095e-35 15.500000000000002 1.0000000180025095e-35 1.5000000000000002 1.0000000180025095e-35 1.0000000180025095e-35 9.5000000000000018 16.500000000000004 13.500000000000002 1.0000000180025095e-35 12.500000000000002
decision_type=2 2 2 2 2 2 2 2 2 2 2 2 2 2
left_child=1 6 5 11 -5 -3 -1 8 9 -8 -11 12 13 -4
right_child=-2 2 3 4 -6 -7 7 -9 -10 10 -12 -13 -14 -15
leaf_value=-0.10069710379600214 0.089774050216070211 -0.10063375771138883 -0.026156323883173439 0.072086269446596241 -0.049814004294208444 0.019419258851757295 -0.1006696284945391 -0.1009467582451484 -0.10705480413451574 -0.02920816642051181 -0.10224736080374351 -0.11866444337496082 -0.10952175768891687 0.13342129740719405
leaf_weight=50.78139092028141 148.05995677411556 19.066930353641514 3.880554139614107 18.167968779802326 2.1986578106880179 2.1394185572862616 4.0788924545049658 49.37238672375679 4.1659660637378684 32.462722897529602 3.3808694779872885 1.6378447711467741 1.5696931481361387 1.4404737353324888
leaf_count=311 1007 117 17 109 10 9 25 301 23 143 20 8 8 6
internal_value=0.000266578 -0.0679243 -0.0190149 0.0319969 0.0589267 -0.0885221 -0.0849127 -0.0763363 -0.0487762 -0.0426948 -0.0360974 -0.0323127 -0.0117878 0.0170435
internal_weight=342.404 194.344 50.1015 28.8952 20.3666 21.2063 144.242 93.4608 44.0885 39.9225 35.8436 8.52857 6.89072 5.32103
internal_count=2114 1107 284 158 119 126 823 512 211 188 163 39 31 23
is_linear=0
shrinkage=0.08


Tree=13
num_leaves=15
num_cat=0
split_feature=6 11 1 0 1 13 10 0 4 10 2 0 1 1
split_gain=292.972 22.6883 24.8902 6.96001 6.84569 5.91442 4.04525 3.11819 9.82696 2.54294 2.87784 19.3847 2.31718 2.80104
threshold=0.58335000000000015 1.0000000180025095e-35 10.500000000000002 1.5000000000000002 15.500000000000002 1.0000000180025095e-35 1.0000000180025095e-35 1.5000000000000002 1.0000000180025095e-35 1.0000000180025095e-35 1.0000000180025095e-35 2.5000000000000004 9.5000000000000018 16.500000000000004
decision_type=2 2 2 2 2 2 2 2 2 2 2 2 2 2
left_child=1 7 6 -4 5 -5 -3 -1 12 10 11 -2 -9 -14
right_child=9 2 3 4 -6 -7 -8 8 -10 -11 -12 -13 13 -15
leaf_value=-0.09871450846334813 0.0955033755251605 -0.098658575685123776 -0.10691025998674755 0.06755688459145133 -0.069230364603990679 -0.1070190367986078 0.017946137454524561 -0.098632822825213518 -0.098939210491792787 0.091836106774707313 0.096355888052973959 -0.16182801686430609 -0.031638483787999494 -0.099546506679972224
leaf_weight=47.779827177524567 7.4789652973413485 17.938855975866321 2.1750843524932888 21.330720782279975 3.1075128316879264 1.3187929391860951 2.1302269846200934 4.7495905309915534 46.46313139796257 122.1265994310379 7.6099977046251288 2.4996809661388397 34.01271878182888 4.3890102803707114
leaf_count=311 55 117 12 125 14 7 9 31 301 888 54 10 152 28
internal_value=0.000259014 -0.0656674 -0.0183196 0.0305107 0.0421154 0.057392 -0.0862816 -0.0822092 -0.0734091 0.0877402 0.0593005 0.0310411 -0.0459195 -0.0393998
internal_weight=325.111 185.395 48.0012 27.9321 25.757 22.6495 20.0691 137.394 89.6145 139.715 17.5886 9.97865 43.1513 38.4017
internal_count=2114 1107 284 158 146 132 126 823 512 1007 119 65 211 180
is_linear=0
shrinkage=0.08


Tree=14
num_leaves=15
num_cat=0
split_feature=6 11 1 14 1 10 0 4 15 10 2 0 15 1
split_gain=263.647 20.4017 22.3455 6.34358 3.97732 3.79173 3.19677 9.76994 2.65274 2.35991 2.65854 17.0343 2.33634 2.2101
threshold=0.58335000000000015 1.0000000180025095e-35 10.500000000000002 1.0000000180025095e-35 12.500000000000002 1.0000000180025095e-35 1.5000000000000002 1.0000000180025095e-35 1.0000000180025095e-35 1.0000000180025095e-35 1.0000000180025095e-35 2.5000000000000004 1.0000000180025095e-35 9.5000000000000018
decision_type=2 2 2 2 2 2 2 2 2 2 2 2 2 2
left_child=1 6 5 -4 -5 -3 -1 12 -6 10 11 -2 13 -8
right_child=9 2 3 4 8 -7 7 -9 -10 -11 -12 -13 -14 -15
leaf_value=-0.09695541059564923 0.094091251708419824 -0.096905824683985411 -0.030211033716975044 0.097512755563853026 0.03503942615770865 0.016581854815462156 -0.096934756992505117 -0.097158301343079026 -0.1076220307266318 0.090198214665010101 0.094853468883057096 -0.14960187626308932 -0.10317470172888092 -0.031132587428578273
leaf_weight=44.873658835887909 7.0033182948827761 16.846847578883175 8.0820750445127505 7.9563776850700405 10.027674883604046 2.1214320659637442 3.6043304055929175 43.644718632102013 0.90987452864646989 114.70052576065063 7.1316146403551093 2.4879226088523865 3.7841136306524268 34.875877186655998
leaf_count=311 55 117 39 54 60 9 25 301 5 888 54 10 23 163
internal_value=0.000259564 -0.0635389 -0.0176792 0.0291045 0.0544773 -0.0842132 -0.0796495 -0.0706099 0.0231717 0.0861156 0.057945 0.0302124 -0.0431945 -0.0372961
internal_weight=308.05 176.727 45.9443 26.976 18.8939 18.9683 130.783 85.909 10.9375 131.323 16.6229 9.49124 42.2643 38.4802
internal_count=2114 1107 284 158 119 126 823 512 65 1007 119 65 211 188
is_linear=0
shrinkage=0.08


Tree=15
num_leaves=15
num_cat=0
split_feature=6 11 1 0 1 13 5 0 4 15 1 10 2 0
split_gain=237.37 18.4457 20.0858 5.84301 5.70954 5.00599 3.72364 3.28819 9.7331 2.2239 2.18346 2.17934 2.45411 15.0867
threshold=0.58335000000000015 1.0000000180025095e-35 10.500000000000002 1.5000000000000002 15.500000000000002 1.0000000180025095e-35 1.0000000180025095e-35 1.5000000000000002 1.0000000180025095e-35 1.0000000180025095e-35 17.500000000000004 1.0000000180025095e-35 1.0000000180025095e-35 2.5000000000000004
decision_type=2 2 2 2 2 2 2 2 2 2 2 2 2 2
left_child=1 7 6 -4 5 -5 -3 -1 9 -9 -6 12 13 -2
right_child=11 2 3 4 10 -7 -8 8 -10 -11 -12 -13 -14 -15
leaf_value=-0.095388696086689526 0.092825856665794695 -0.090351332388632632 -0.10316434986846501 0.062873267150587928 -0.14682933641232693 -0.10355771728301705 0.082733764499992576 -0.034888928217203984 -0.095572404245100342 -0.10096946656224326 -0.0082154243176871151 0.088682272673287085 0.09350934531512925 -0.13993074412185844
leaf_weight=42.076021283864975 6.5493942424654943 17.074496507644657 2.017428711056712 19.942573428153999 1.2231850773096078 1.2278640419244755 0.83434984087943931 37.88265885412693 40.930230095982552 3.5663248449563971 1.7939830571413038 107.61800050735474 6.6740596517920485 2.4485747516155243
leaf_count=311 55 122 12 125 6 7 4 188 301 23 8 888 54 10
internal_value=0.000262546 -0.0614383 -0.0169887 0.0276373 0.0385471 0.0532204 -0.0822875 -0.0771936 -0.0679003 -0.0405746 -0.0644107 0.0846234 0.0567514 0.0294869
internal_weight=291.859 168.569 44.1139 26.205 24.1876 21.1704 17.9088 124.455 82.3792 41.449 3.01717 123.29 15.672 8.99797
internal_count=2114 1107 284 158 146 132 126 823 512 211 14 1007 119 65
is_linear=0
shrinkage=0.08


Tree=16
num_leaves=15
num_cat=0
split_feature=6 14 15 12 5 10 2 1 1 10 2 0 1 1
split_gain=213.894 16.6707 20.116 13.8079 5.89131 7.19898 4.54751 2.93913 4.18603 2.00387 2.26421 13.4431 1.7776 1.65569
threshold=0.58335000000000015 1.0000000180025095e-35 1.0000000180025095e-35 1.5000000000000002 1.0000000180025095e-35 1.0000000180025095e-35 1.0000000180025095e-35 9.5000000000000018 10.500000000000002 1.0000000180025095e-35 1.0000000180025095e-35 2.5000000000000004 15.500000000000002 9.5000000000000018
decision_type=2 2 2 2 2 2 2 2 2 2 2 2 2 2
left_child=1 4 3 7 6 -6 -1 -3 -9 10 11 -2 -10 -5
right_child=9 2 -4 13 5 -7 -8 8 12 -11 -12 -13 -14 -15
leaf_value=-0.085551976065615806 0.091688875019064878 -0.09414967851271891 -0.09507039675489265 -0.028281091624038947 -0.10982270797797318 0.16078406725837138 0.12229078571489735 0.053988453132863282 -0.047297168908762989 0.087269360154725764 0.092303370601726373 -0.132104896621799 0.040581977486895286 0.060541595627706002
leaf_weight=92.198383465409279 6.1177545413374883 4.5946570336818722 20.020150303840637 1.4558534324169183 1.1411684900522223 1.4023648202419281 0.67868694663047691 3.6850697547197369 16.60532467067242 100.8867843747139 6.2381301373243323 2.3885299265384674 1.616549715399741 17.343908026814461
leaf_count=680 55 36 154 6 6 6 3 15 75 888 54 10 9 117
internal_value=0.00026424 -0.0594274 -0.0282891 0.00122377 -0.0807436 0.039375 -0.0840332 -0.0359758 -0.0237747 0.0832433 0.0556953 0.0288485 -0.039501 0.0536632
internal_weight=276.373 160.742 65.3215 45.3014 95.4206 2.54353 92.8771 26.5016 21.9069 115.631 14.7444 8.50628 18.2219 18.7998
internal_count=2114 1107 412 258 695 12 683 135 99 1007 119 65 84 123
is_linear=0
shrinkage=0.08


Tree=17
num_leaves=15
num_cat=0
split_feature=6 14 15 12 5 10 2 1 1 10 2 0 1 4
split_gain=192.899 15.4219 18.5017 12.0614 5.33016 6.25781 4.0763 2.80592 3.56917 1.83525 2.08824 12.0364 1.73683 3.19846
threshold=0.58335000000000015 1.0000000180025095e-35 1.0000000180025095e-35 1.5000000000000002 1.0000000180025095e-35 1.0000000180025095e-35 1.0000000180025095e-35 9.5000000000000018 10.500000000000002 1.0000000180025095e-35 1.0000000180025095e-35 2.5000000000000004 12.500000000000002 1.0000000180025095e-35
decision_type=2 2 2 2 2 2 2 2 2 2 2 2 2 2
left_child=1 4 3 7 6 -6 -1 -3 -9 10 11 -2 13 -5
right_child=9 2 -4 12 5 -7 -8 8 -10 -11 -12 -13 -14 -15
leaf_value=-0.083448881262835978 0.090664793786359721 -0.0928785188730301 -0.093722212087316098 0.10072379814902455 -0.10680524072840653 0.15003901905023784 0.1174227278644846 0.049338929245168403 -0.036855671822353435 0.085943168251160121 0.091218579900271268 -0.12565686309117827 0.026724568077251824 -0.016768824481320423
leaf_weight=87.167345434427261 5.7085782662034017 4.2970725595951107 18.735874071717262 7.097746744751932 1.0819594115018836 1.3832868486642838 0.65139193832874198 3.708679452538493 17.982635244727135 94.508848965167999 5.824198715388774 2.3132556676864624 9.2119153439998609 1.8744722753763197
leaf_count=680 55 36 154 51 6 6 3 15 84 888 54 10 60 12
internal_value=0.000266969 -0.0575142 -0.0271059 0.00114954 -0.0787021 0.0373139 -0.0819589 -0.0338184 -0.0221185 0.0819581 0.0547569 0.0282841 0.051125 0.0761773
internal_weight=261.547 153.192 62.9084 44.1725 90.284 2.46525 87.8187 25.9884 21.6913 108.355 13.846 8.02183 18.1841 8.97222
internal_count=2114 1107 412 258 695 12 683 135 99 1007 119 65 123 63
is_linear=0
shrinkage=0.08


Tree=18
num_leaves=15
num_cat=0
split_feature=6 14 15 12 5 10 2 1 1 10 2 0 1 4
split_gain=174.05 14.2938 17.0484 10.5303 4.819 5.48254 3.65904 2.67468 3.04651 1.67463 1.92548 10.8193 1.63475 3.00384
threshold=0.58335000000000015 1.0000000180025095e-35 1.0000000180025095e-35 1.5000000000000002 1.0000000180025095e-35 1.0000000180025095e-35 1.0000000180025095e-35 9.5000000000000018 10.500000000000002 1.0000000180025095e-35 1.0000000180025095e-35 2.5000000000000004 12.500000000000002 1.0000000180025095e-35
decision_type=2 2 2 2 2 2 2 2 2 2 2 2 2 2
left_child=1 4 3 7 6 -6 -1 -3 -9 10 11 -2 13 -5
right_child=9 2 -4 12 5 -7 -8 8 -10 -11 -12 -13 -14 -15
leaf_value=-0.081426456180448636 0.089740416613182758 -0.091736453470376497 -0.092510530291314105 0.098974305895043052 -0.10416000856180418 0.14126152498222466 0.11327663954222067 0.045175161514659744 -0.034403436228715091 0.084689503153573015 0.090240529796253993 -0.12026558778653736 0.024977852905466346 -0.015296381810326764
leaf_weight=82.382795870304108 5.3217441216111165 4.0140589624643352 17.512644715607166 6.6631101742386836 1.0230902731418601 1.3529079258441925 0.62240056693553825 3.7256902456283596 17.733872830867767 88.481647074222565 5.4323008805513382 2.2271078824996948 9.0735452324151975 1.889842629432678
leaf_count=680 55 36 154 51 6 6 3 15 84 888 54 10 60 12
internal_value=0.000272347 -0.05566 -0.0259505 0.00109451 -0.0767509 0.0355845 -0.0799665 -0.0317989 -0.0205874 0.0807529 0.0539201 0.0277832 0.0486317 0.0737253
internal_weight=247.457 145.994 60.6128 43.1001 85.3812 2.376 83.0052 25.4736 21.4596 101.463 12.9812 7.54885 17.6265 8.55295
internal_count=2114 1107 412 258 695 12 683 135 99 1007 119 65 123 63
is_linear=0
shrinkage=0.08


Tree=19
num_leaves=15
num_cat=0
split_feature=6 14 15 12 5 10 2 1 1 1 1 1 0 1
split_gain=157.11 13.2596 15.7291 9.18983 4.35307 4.83401 3.28794 2.54687 2.60127 1.57153 1.53996 2.96986 1.6827 4.46612
threshold=0.58335000000000015 1.0000000180025095e-35 1.0000000180025095e-35 1.5000000000000002 1.0000000180025095e-35 1.0000000180025095e-35 1.0000000180025095e-35 9.5000000000000018 10.500000000000002 15.500000000000002 9.5000000000000018 12.500000000000002 2.5000000000000004 16.500000000000004
decision_type=2 2 2 2 2 2 2 2 2 2 2 2 2 2
left_child=1 4 3 7 6 -6 -1 -3 -9 -10 -5 -12 13 -13
right_child=-2 2 -4 10 5 -7 -8 8 9 -11 11 12 -14 -15
leaf_value=-0.079468441306570825 0.079614715916727724 -0.090707872508780318 -0.09141881844862601 -0.033030704254372309 -0.10182858816799994 0.13396381677872704 0.10971282934634861 0.041425325854941381 -0.039686372261897626 0.04368280138992521 0.093724870322883874 0.031595354184009203 0.13940870847057166 -0.1737844061377922
leaf_weight=77.846467845141888 94.951785661280155 3.7457423061132458 16.351364098489285 1.4367150217294717 0.96516226232051772 1.3140517473220825 0.59243461489677329 3.7373692542314556 15.903796255588533 1.5919284671545018 6.7137383222579947 7.4656042456626857 0.73363754153251726 0.7452813684940337
leaf_count=680 1007 36 154 6 6 6 3 15 75 9 57 54 3 3
internal_value=0.000277686 -0.0538621 -0.0248347 0.0010423 -0.0748727 0.0341145 -0.0780396 -0.0298881 -0.0191589 -0.0321006 0.0462372 0.0535104 0.0233255 0.0129536
internal_weight=234.095 139.143 58.4252 42.0738 80.7181 2.27921 78.4389 24.9788 21.2331 17.4957 17.095 15.6583 8.94452 8.21089
internal_count=2114 1107 412 258 695 12 683 135 99 84 123 117 60 57
is_linear=0
shrinkage=0.08


Tree=20
num_leaves=15
num_cat=0
split_feature=6 14 15 12 5 10 2 1 1 10 2 0 1 4
split_gain=141.395 12.2811 14.5218 8.04961 3.9283 4.28478 2.95676 2.42285 2.22095 1.73773 1.95567 9.97609 1.45602 2.88276
threshold=0.58335000000000015 1.0000000180025095e-35 1.0000000180025095e-35 1.5000000000000002 1.0000000180025095e-35 1.0000000180025095e-35 1.0000000180025095e-35 9.5000000000000018 10.500000000000002 1.0000000180025095e-35 1.0000000180025095e-35 2.5000000000000004 12.500000000000002 1.0000000180025095e-35
decision_type=2 2 2 2 2 2 2 2 2 2 2 2 2 2
left_child=1 4 3 7 6 -6 -1 -3 -9 10 11 -2 13 -5
right_child=9 2 -4 12 5 -7 -8 8 -10 -11 -12 -13 -14 -15
leaf_value=-0.077560991522286682 0.088222943194027348 -0.08977947534768449 -0.090433014595043645 0.096825560285635298 -0.099764060042970282 0.12781049304848632 0.10662540632155613 0.038032554912218311 -0.029924995458454916 0.082403889492834295 0.088640846021262154 -0.11866158218968664 0.021915825669282289 -0.018077144271109506
leaf_weight=73.556830078363419 4.6485449373722059 3.4920504838228252 15.252025425434111 5.8872927501797703 0.90863500535488051 1.2689681053161621 0.56206449866294761 3.744762763381007 17.28151698410511 77.695360779762268 4.7506413385272026 2.1965916454792023 8.7738168239593488 1.8323531001806257
leaf_count=680 55 36 154 51 6 6 3 15 84 888 54 10 60 12
internal_value=0.000274782 -0.0521423 -0.0237866 0.000998768 -0.0730528 0.0328519 -0.0761643 -0.0280705 -0.0178218 0.0780924 0.049204 0.0218341 0.0442116 0.069552
internal_weight=221.851 132.56 56.2638 41.0118 76.2965 2.1776 74.1189 24.5183 21.0263 89.2911 11.5958 6.84514 16.4935 7.71965
internal_count=2114 1107 412 258 695 12 683 135 99 1007 119 65 123 63
is_linear=0
shrinkage=0.08


Tree=21
num_leaves=15
num_cat=0
split_feature=6 1 10 10 0 1 11 13 1 10 10 11 1 13
split_gain=127.68 11.8516 18.3654 9.37374 5.37917 5.05847 3.22939 3.00377 2.44489 1.64199 10.9072 6.66626 4.862 4.60656
threshold=0.58335000000000015 9.5000000000000018 0.67500000000000016 1.0000000180025095e-35 1.5000000000000002 16.500000000000004 1.0000000180025095e-35 1.0000000180025095e-35 15.500000000000002 0.68500000000000016 0.67500000000000016 1.0000000180025095e-35 14.500000000000002 1.0000000180025095e-35
decision_type=2 2 2 2 2 2 2 2 2 2 2 2 2 2
left_child=1 -1 3 4 -3 6 8 -8 -6 10 -2 12 13 -12
right_child=9 2 -4 -5 5 -7 7 -9 -10 -11 11 -13 -14 -15
leaf_value=-0.087133913525641857 0.07658386158483857 -0.090310131818987713 -0.08932484689588123 0.10325846702324601 -0.0205580322408523 -0.076899863480484332 0.040481564474123724 -0.092983528861219314 0.09773281211977608 0.087903040240944308 -0.1565264366461748 0.087903040240944211 -0.020732282819997529 -0.49872770428814051
leaf_weight=38.950990855693817 37.683497697114944 5.9686764478683463 26.739492267370224 4.359853394329547 28.040856376290325 6.3242184519767752 13.694084465503689 1.1715519726276404 1.1646923422813404 43.120822466909885 0.65458554029464655 0.90005511790513981 0.73640873283147801 0.40911596268415451
leaf_count=413 447 61 286 30 146 48 106 10 7 527 8 11 9 5
internal_value=0.000280649 -0.0504281 -0.0340815 -0.00975538 -0.0184972 -0.00999188 -0.000390578 0.0299633 -0.0158407 0.0770468 0.0654547 -0.0898639 -0.178747 -0.288142
internal_weight=209.919 126.414 87.4634 60.7239 56.3641 50.3954 44.0712 14.8656 29.2055 83.5045 40.3837 2.70017 1.80011 1.0637
internal_count=2114 1107 694 408 378 317 269 116 153 1007 480 33 22 13
is_linear=0
shrinkage=0.08


Tree=22
num_leaves=15
num_cat=0
split_feature=6 1 10 10 0 1 11 13 1 10 2 0 1 1
split_gain=114.986 11.2666 17.2304 8.4025 5.00993 4.48758 2.78571 2.66696 2.00275 1.80026 1.97884 9.17927 1.51572 1.31808
threshold=0.58335000000000015 9.5000000000000018 0.67500000000000016 1.0000000180025095e-35 1.5000000000000002 16.500000000000004 1.0000000180025095e-35 1.0000000180025095e-35 15.500000000000002 1.0000000180025095e-35 1.0000000180025095e-35 2.5000000000000004 14.500000000000002 13.500000000000002
decision_type=2 2 2 2 2 2 2 2 2 2 2 2 2 2
left_child=1 -1 3 4 -3 6 8 -8 12 10 11 -2 13 -6
right_child=9 2 -4 -5 5 -7 7 -9 -10 -11 -12 -13 -14 -15
leaf_value=-0.085928475013641245 0.086973533712386267 -0.089430202409195123 -0.088528022947189339 0.10126469351753919 -0.021917272932023245 -0.073763406497022135 0.038038674753543139 -0.091837911602444269 0.085610314559443193 0.080314152404164507 0.087324881806135166 -0.11706854105314202 -0.10570399907566497 0.031243190896417417
leaf_weight=36.440287791192532 4.0563108772039396 5.5617805942893019 24.896764054894447 4.1006368920207015 23.133674666285525 6.0760508328676215 13.41936735808849 1.094417221844197 1.2206789851188649 68.219161570072174 4.1494244858622551 2.1637897193431854 1.2355098128318776 3.4272094666957846
leaf_count=413 55 61 286 30 121 48 106 10 7 888 54 10 7 18
internal_value=0.000296398 -0.0487682 -0.0326793 -0.00921946 -0.0174316 -0.00935938 -0.000369847 0.0282453 -0.0146826 0.0755935 0.044537 0.0159933 -0.019087 -0.0150579
internal_weight=199.195 120.606 84.1661 59.2693 55.1687 49.6069 43.5309 14.5138 29.0171 78.5887 10.3695 6.2201 27.7964 26.5609
internal_count=2114 1107 694 408 378 317 269 116 153 1007 119 65 146 139
is_linear=0
shrinkage=0.08


Tree=23
num_leaves=15
num_cat=0
split_feature=6 1 10 10 0 1 15 11 13 1 10 10 11 0
split_gain=103.869 10.7071 16.1712 7.5435 4.66636 4.17371 2.55017 1.92836 2.26182 2.07953 1.74229 10.222 5.11217 2.81174
threshold=0.58335000000000015 9.5000000000000018 0.67500000000000016 1.0000000180025095e-35 1.5000000000000002 18.500000000000004 1.0000000180025095e-35 1.0000000180025095e-35 1.0000000180025095e-35 15.500000000000002 0.68500000000000016 0.67500000000000016 1.0000000180025095e-35 2.5000000000000004
decision_type=2 2 2 2 2 2 2 2 2 2 2 2 2 2
left_child=1 -1 3 4 -3 6 7 9 -9 -6 11 13 -13 -2
right_child=10 2 -4 -5 5 -7 -8 8 -10 -11 -12 12 -14 -15
leaf_value=-0.084755995901749592 0.086701552023441417 -0.088632361262604376 -0.087805510224732541 0.099466473021568164 -0.015449594256310628 -0.092489304771810568 -0.094306849445459126 0.032366368222031344 -0.090805195672285455 0.093549145742405818 0.086679410316867267 -0.15512971402563311 0.08667941031686717 0.030671859279340078
leaf_weight=34.085156157612801 25.88064531236887 5.178500033915042 23.16400557756424 3.8509915173053733 26.774758592247967 3.5352128744125357 1.8469675704836834 14.513632401823994 1.0212941020727164 1.1691302657127369 37.480649076402187 1.9649809673428529 0.78232853859662999 7.3629451990127555
leaf_count=413 363 61 286 30 140 34 15 110 10 8 527 22 11 84
internal_value=0.000287902 -0.0471359 -0.0313158 -0.00871235 -0.0164215 -0.00876823 -0.00223835 0.00167269 0.0242688 -0.0108893 0.0746073 0.0620355 -0.0862717 0.0742918
internal_weight=188.611 115.14 81.0545 57.8905 54.0395 48.861 45.3258 43.4788 15.5349 27.9439 73.4715 35.9909 2.74731 33.2436
internal_count=2114 1107 694 408 378 317 283 268 120 148 1007 480 33 447
is_linear=0
shrinkage=0.08


Tree=24
num_leaves=15
num_cat=0
split_feature=6 1 10 10 0 1 15 10 10 11 0 2 1 11
split_gain=93.6003 10.1575 15.1709 6.78415 4.34421 3.83159 2.32135 1.80711 8.9984 3.83867 2.87668 9.35549 2.51631 1.65842
threshold=0.58335000000000015 9.5000000000000018 0.67500000000000016 1.0000000180025095e-35 1.5000000000000002 18.500000000000004 1.0000000180025095e-35 0.68500000000000016 0.67500000000000016 1.0000000180025095e-35 2.5000000000000004 1.0000000180025095e-35 14.500000000000002 1.0000000180025095e-35
decision_type=2 2 2 2 2 2 2 2 2 2 2 2 2 2
left_child=1 -1 3 4 -3 6 13 8 10 12 -2 -12 -10 -6
right_child=7 2 -4 -5 5 -7 -8 -9 9 -11 11 -13 -14 -15
leaf_value=-0.083607156662410212 0.086145019007176277 -0.087907811604214875 -0.087149365533660914 0.097839581988801105 -0.010074523359306966 -0.091423688672751691 -0.093036172625488106 0.086124829450475532 -0.18947837135650744 0.086124829450475421 -0.11400038944511191 0.086526052514690865 -0.011828566124850712 0.022755630994246174
leaf_weight=31.87945980578661 24.038902662694458 4.8181511759757987 21.537498474121094 3.6116024851799002 27.81748628616333 3.2998953089117995 1.7272980138659466 34.812716476619244 1.422213166952133 0.72664114087820042 2.092961221933364 5.1603165417909622 0.79583005607128132 15.244045384228228
leaf_count=413 363 61 286 30 148 34 15 527 13 11 10 74 9 120
internal_value=0.000292698 -0.0455565 -0.030016 -0.00824412 -0.0154858 -0.00822958 -0.0021001 0.0732903 0.0602399 -0.0734579 0.0728212 0.0286634 -0.125738 0.00154755
internal_weight=178.985 109.935 78.056 56.5185 52.9069 48.0887 44.7888 69.0496 34.2369 2.94468 31.2922 7.25328 2.21804 43.0615
internal_count=2114 1107 694 408 378 317 283 1007 480 33 447 84 22 268
is_linear=0
shrinkage=0.08


Tree=25
num_leaves=15
num_cat=0
split_feature=6 1 10 10 0 1 0 15 1 13 10 10 0 0
split_gain=84.6005 9.65633 14.2547 6.10497 4.04865 3.54874 2.19272 1.89535 1.95604 3.36878 1.76315 8.08425 2.99767 2.67209
threshold=0.58335000000000015 9.5000000000000018 0.67500000000000016 1.0000000180025095e-35 1.5000000000000002 16.500000000000004 2.5000000000000004 1.0000000180025095e-35 13.500000000000002 1.0000000180025095e-35 0.68500000000000016 0.67500000000000016 2.5000000000000004 2.5000000000000004
decision_type=2 2 2 2 2 2 2 2 2 2 2 2 2 2
left_child=1 -1 3 4 -3 6 7 8 -6 -10 11 13 -13 -2
right_child=10 2 -4 -5 5 -7 -8 -9 9 -11 -12 12 -14 -15
leaf_value=-0.082473751125445957 0.085637839128665419 -0.087248870048693292 -0.086552683832270425 0.096363760640480203 -0.0011990556924044128 -0.068944437277688717 -0.096146546244224695 -0.092795420978628945 0.069221890226466312 -0.1041551826578313 0.085619408096880109 -0.1043794585457246 0.087329992429092715 0.028310236700163301
leaf_weight=29.816563338041306 22.316772717982534 4.4799354001879683 20.013091817498207 3.3828984573483458 32.967314437031746 5.3689718246459952 1.4618573412299145 1.2654089033603657 5.6062146574258795 0.82247354835271824 32.318164393305779 2.445120200514793 0.66370125114917744 6.7858409062027922
leaf_count=413 363 61 286 30 209 48 11 11 33 5 527 24 9 84
internal_value=0.000304402 -0.0439361 -0.0286902 -0.00777056 -0.0145487 -0.00769092 0.000116362 0.0035772 0.00667271 0.0470404 0.0724175 0.0591718 -0.0634515 0.0722708
internal_weight=169.714 105.185 75.3682 55.3551 51.9722 47.4922 42.1233 40.6614 39.396 6.42869 64.5296 32.2114 3.10882 29.1026
internal_count=2114 1107 694 408 378 317 269 258 247 38 1007 480 33 447
is_linear=0
shrinkage=0.08


Tree=26
num_leaves=15
num_cat=0
split_feature=6 1 10 10 0 1 15 10 10 0 2 11 12 11
split_gain=76.1047 9.20109 13.4122 5.49756 3.77585 3.31566 1.9404 1.82395 7.2486 2.72986 8.55289 2.71184 1.67602 1.47549
threshold=0.58335000000000015 9.5000000000000018 0.67500000000000016 1.0000000180025095e-35 1.5000000000000002 18.500000000000004 1.0000000180025095e-35 0.68500000000000016 0.67500000000000016 2.5000000000000004 1.0000000180025095e-35 1.0000000180025095e-35 2.5000000000000004 1.0000000180025095e-35
decision_type=2 2 2 2 2 2 2 2 2 2 2 2 2 2
left_child=1 12 3 4 -3 6 13 8 9 -2 -11 -10 -1 -6
right_child=7 2 -4 -5 5 -7 -8 -9 11 10 -12 -13 -14 -15
leaf_value=-0.086005512207699461 0.085175142844142751 -0.08664882832456143 -0.086009381317754818 0.095021913310176051 -0.0095130693141740556 -0.089782053316640784 -0.090866665066359695 0.08515829712011902 -0.093180114569672123 -0.1112082343803953 0.085818059971275798 0.085787466750110453 0.001238788149808657 0.021636154425545135
leaf_weight=26.400829598307613 20.708331588655717 4.1629727929830542 18.586355537176132 3.1651038229465476 27.683405630290508 2.9164675846695891 1.5090739279985417 29.988387998193502 2.5694074109196658 2.0187625288963309 4.6767053604125977 0.68668812513351429 1.4887023121118534 15.009106770157812
leaf_count=407 363 61 286 30 148 34 15 527 22 10 74 11 6 120
internal_value=0.000303321 -0.0422596 -0.0273323 -0.00730168 -0.0136172 -0.00716468 -0.0017135 0.0711303 0.0574095 0.0708178 0.0264123 -0.0554371 -0.0813485 0.00143784
internal_weight=161.57 100.922 73.0325 54.4461 51.281 47.1181 44.2016 60.6483 30.6599 27.4038 6.69547 3.2561 27.8895 42.6925
internal_count=2114 1107 694 408 378 317 283 1007 480 447 84 33 413 268
is_linear=0
shrinkage=0.08


Tree=27
num_leaves=15
num_cat=0
split_feature=6 1 10 10 0 1 10 10 0 2 11 15 12 8
split_gain=68.796 8.80966 12.6001 4.95952 3.51755 3.05048 1.78037 6.62838 2.53621 7.7628 2.21016 1.77229 1.64649 1.41159
threshold=0.58335000000000015 9.5000000000000018 0.67500000000000016 1.0000000180025095e-35 1.5000000000000002 18.500000000000004 0.68500000000000016 0.67500000000000016 2.5000000000000004 1.0000000180025095e-35 1.0000000180025095e-35 1.0000000180025095e-35 2.5000000000000004 1.0000000180025095e-35
decision_type=2 2 2 2 2 2 2 2 2 2 2 2 2 2
left_child=1 12 3 4 -3 11 7 8 -2 -10 -9 13 -1 -6
right_child=6 2 -4 -5 5 -7 -8 10 9 -11 -12 -13 -14 -15
leaf_value=-0.085510682382791081 0.084752614549271979 -0.086101768577253768 -0.085514117874097795 0.093799469841023927 0.0032825919675006404 -0.08896590634207012 0.084737212588013477 -0.080076125057994205 -0.10792362985819011 0.085339588721412535 0.085312147877432618 -0.089932519132669878 0.0011396790589828416 -0.10777908651375062
leaf_weight=24.506322428584102 19.207623071968563 3.86633002385497 17.252690158784389 2.9582808315753928 41.702784284949303 2.7159288674592963 27.814737308770418 2.7426650226116176 1.9179126620292652 4.340362336486578 0.63728096708655346 1.4069293290376652 1.4887157231569279 0.74551199376582999
leaf_count=407 363 61 286 30 264 34 527 22 10 74 11 15 6 4
internal_value=0.000305106 -0.0407294 -0.026078 -0.00687365 -0.0127784 -0.00669108 0.0702958 0.0563706 0.0703416 0.0261121 -0.0488926 -0.00159584 -0.0805483 0.00133204
internal_weight=153.304 96.6435 70.6485 53.3958 50.4375 46.5712 56.6606 28.8458 25.4659 6.25827 3.37995 43.8552 25.995 42.4483
internal_count=2114 1107 694 408 378 317 1007 480 447 84 33 283 413 268
is_linear=0
shrinkage=0.08


Tree=28
num_leaves=15
num_cat=0
split_feature=6 1 10 10 0 1 10 10 0 2 0 15 12 11
split_gain=62.1337 8.4583 11.853 4.47628 3.27925 2.80879 1.73817 6.09786 2.35458 7.05879 2.04584 1.62006 1.61873 1.23995
threshold=0.58335000000000015 9.5000000000000018 0.67500000000000016 1.0000000180025095e-35 1.5000000000000002 18.500000000000004 0.68500000000000016 0.67500000000000016 2.5000000000000004 1.0000000180025095e-35 2.5000000000000004 1.0000000180025095e-35 2.5000000000000004 1.0000000180025095e-35
decision_type=2 2 2 2 2 2 2 2 2 2 2 2 2 2
left_child=1 12 3 4 -3 11 7 8 -2 -10 -9 13 -1 -6
right_child=6 2 -4 -5 5 -7 -8 10 9 -11 -12 -13 -14 -15
leaf_value=-0.085059120094114288 0.084366432045019799 -0.085602492442634293 -0.085062185489198347 0.092683914145593529 -0.0088191972161934511 -0.088222900269749452 0.084352328277111394 -0.072088455403967189 -0.10506693466782688 0.084902809772689714 0.087543304361366411 -0.089086453986039232 0.0010484957763078008 0.019849298128324953
leaf_weight=22.737394124269489 17.80873096361757 3.5890414752066127 16.007412038743496 2.7623637467622748 27.567248217761517 2.5273718610405913 25.788627129048109 2.8606076017022128 1.8165993690490712 4.0264324061572552 0.6263236142694949 1.3105902075767506 1.4887270778417576 14.860333144664763
leaf_count=407 363 61 286 30 148 34 527 24 10 74 9 15 6 120
internal_value=0.000303346 -0.0391293 -0.0247829 -0.00644442 -0.011937 -0.00622238 0.0694801 0.0553477 0.0699081 0.0258412 -0.0434154 -0.00148405 -0.0797677 0.00122199
internal_weight=145.778 92.8505 68.6244 52.6169 49.8546 46.2655 52.9273 27.1387 23.6518 5.84303 3.48693 43.7382 24.2261 42.4276
internal_count=2114 1107 694 408 378 317 1007 480 447 84 33 283 413 268
is_linear=0
shrinkage=0.08


Tree=29
num_leaves=15
num_cat=0
split_feature=6 1 10 10 0 1 10 10 0 2 6 12 15 11
split_gain=56.1474 8.0849 11.1304 4.04732 3.05332 2.58653 1.69863 5.63773 2.18459 6.42889 1.71391 1.59248 1.48231 1.05735
threshold=0.58335000000000015 9.5000000000000018 0.67500000000000016 1.0000000180025095e-35 1.5000000000000002 18.500000000000004 0.68500000000000016 0.67500000000000016 2.5000000000000004 1.0000000180025095e-35 0.70835000000000015 2.5000000000000004 1.0000000180025095e-35 1.0000000180025095e-35
decision_type=2 2 2 2 2 2 2 2 2 2 2 2 2 2
left_child=1 11 3 4 -3 12 7 8 -2 -10 -9 -1 13 -6
right_child=6 2 -4 -5 5 -7 -8 10 9 -11 -12 -13 -14 -15
leaf_value=-0.084646655738106813 0.084013170376544238 -0.085146378337185954 -0.084649388789974744 0.09166443036041555 -0.0081466178534096451 -0.087545665606718184 0.084000257912852552 0.086921738331127762 -0.10256687348567364 0.084503732595600456 -0.063068284501960142 0.00096460818602821566 -0.088318895769125355 0.01841354737048384
leaf_weight=21.087374005466703 16.505844168365009 3.3301280923187724 14.845830075442789 2.5771863721311083 27.460349284112453 2.3503705896437159 23.90162343159318 0.5821355022490019 1.7161178588867176 3.7337046973407269 3.0017285197973251 1.4887366443872441 1.2199124321341503 14.742588572204111
leaf_count=407 363 61 286 30 148 34 527 9 10 74 24 6 15 120
internal_value=0.00030271 -0.0376341 -0.023596 -0.00605767 -0.0111866 -0.00580583 0.0686722 0.0543271 0.069513 0.0255963 -0.0387051 -0.0790012 -0.00138146 0.00113154
internal_weight=138.544 89.1025 66.5264 51.6805 49.1033 45.7732 49.4412 25.5395 21.9557 5.44982 3.58386 22.5761 43.4229 42.2029
internal_count=2114 1107 694 408 378 317 1007 480 447 84 33 413 283 268
is_linear=0
shrinkage=0.08


Tree=30
num_leaves=15
num_cat=0
split_feature=6 1 10 10 0 1 0 1 10 10 0 2 11 12
split_gain=50.7254 7.72101 10.4493 3.66323 2.84224 2.41814 1.94228 2.04541 1.66081 5.23479 2.02577 5.86332 1.60618 1.5675
threshold=0.58335000000000015 9.5000000000000018 0.67500000000000016 1.0000000180025095e-35 1.5000000000000002 16.500000000000004 2.5000000000000004 15.500000000000002 0.68500000000000016 0.67500000000000016 2.5000000000000004 1.0000000180025095e-35 1.0000000180025095e-35 2.5000000000000004
decision_type=2 2 2 2 2 2 2 2 2 2 2 2 2 2
left_child=1 13 3 4 -3 6 7 -6 9 10 -2 -12 -11 -1
right_child=8 2 -4 -5 5 -7 -8 -9 -10 12 11 -13 -14 -15
leaf_value=-0.084269571525578083 0.083689799565802997 -0.084729334989524521 -0.084272018482069319 0.090731570582652771 0.0008777330284758044 -0.06196382041261092 -0.094253546515114514 0.1159550516841738 0.08367795818318019 -0.058046519695525739 -0.10036700464529841 0.084138785374408762 0.085191731637283705 0.00088743429690910243
leaf_weight=19.549661621451381 15.293295260518795 3.0886109322309485 13.763300046324728 2.4025054089725009 38.591638475656509 4.3725095801055422 1.3358173370361317 1.0144938156008709 22.145506180822849 3.0693399384617801 1.6174660623073567 3.4609853513538837 0.59875908866524685 1.4887447804212559
leaf_count=407 363 61 286 30 252 48 11 6 527 22 10 74 11 6
internal_value=0.000300948 -0.0361538 -0.0224397 -0.00568928 -0.0104752 -0.00541404 0.000625357 0.00382539 0.067872 0.0533115 0.0691524 0.0253744 -0.0346651 -0.0782436
internal_weight=131.793 85.6073 64.5689 50.8056 48.4031 45.3145 40.9419 39.6061 46.1854 24.0398 20.3717 5.07845 3.6681 21.0384
internal_count=2114 1107 694 408 378 317 269 258 1007 480 447 84 33 413
is_linear=0
shrinkage=0.08


Tree=31
num_leaves=15
num_cat=0
split_feature=6 1 10 10 0 1 10 10 0 2 12 15 0 11
split_gain=45.7714 7.39423 9.82264 3.31642 2.64761 2.25484 1.62375 4.87678 1.8776 5.35399 1.5436 1.39101 1.37371 0.950955
threshold=0.58335000000000015 9.5000000000000018 0.67500000000000016 1.0000000180025095e-35 1.5000000000000002 18.500000000000004 0.68500000000000016 0.67500000000000016 2.5000000000000004 1.0000000180025095e-35 2.5000000000000004 1.0000000180025095e-35 2.5000000000000004 1.0000000180025095e-35
decision_type=2 2 2 2 2 2 2 2 2 2 2 2 2 2
left_child=1 10 3 4 -3 11 7 8 -2 -10 -1 13 -9 -6
right_child=6 2 -4 -5 5 -7 -8 12 9 -11 -12 -13 -14 -15
leaf_value=-0.083924569884995318 0.083393577355193468 -0.084347705924722474 -0.083926758553981781 0.089877054243557242 -0.0075297737500450625 -0.086520570840233971 0.083382717623275523 -0.051139677019751549 -0.098422061400746594 0.083804802723516245 0.00081643558557264128 -0.087972148748577242 0.086687121012754539 0.01776001239115424
leaf_weight=18.117782421410087 14.16559879109264 2.8635223954915991 12.755268290638922 2.2380183488130561 27.308595284819603 2.0728051252663127 20.512320376932621 3.1967838183045383 1.5213997662067402 3.2071068584918976 1.4887516647577275 1.1481136456131924 0.54116147384047497 14.605192966759203
leaf_count=407 363 61 286 30 148 34 527 24 10 74 6 15 9 120
internal_value=0.000297174 -0.0345866 -0.0212326 -0.00531422 -0.00975271 -0.00502012 0.0670807 0.0523055 0.0688231 0.0251732 -0.0774901 -0.00109705 -0.0311858 0.00128265
internal_weight=125.742 82.5981 62.9915 50.2362 47.9982 45.1347 43.1444 22.6321 18.8941 4.72851 19.6065 43.0619 3.73795 41.9138
internal_count=2114 1107 694 408 378 317 1007 480 447 84 413 283 33 268
is_linear=0
shrinkage=0.08


Tree=32
num_leaves=15
num_cat=0
split_feature=6 1 10 10 0 1 10 10 0 2 12 11 15 11
split_gain=41.3307 7.04196 9.21292 3.00793 2.46275 2.07783 1.58952 4.55852 1.73954 4.89411 1.52058 1.30339 1.27375 0.810305
threshold=0.58335000000000015 9.5000000000000018 0.67500000000000016 1.0000000180025095e-35 1.5000000000000002 18.500000000000004 0.68500000000000016 0.67500000000000016 2.5000000000000004 1.0000000180025095e-35 2.5000000000000004 1.0000000180025095e-35 1.0000000180025095e-35 1.0000000180025095e-35
decision_type=2 2 2 2 2 2 2 2 2 2 2 2 2 2
left_child=1 10 3 4 -3 12 7 8 -2 -10 -1 -9 13 -6
right_child=6 2 -4 -5 5 -7 -8 11 9 -11 -12 -13 -14 -15
leaf_value=-0.083608684900117414 0.08312205859691138 -0.08399823856322898 -0.083610647745355704 0.089093576406692604 -0.0069516316953576029 -0.085991101100077363 0.083112099215614535 -0.047526474670012767 -0.096695296958696497 0.08349893707399049 0.00075112165018699094 0.084938633387895202 -0.087309275381713583 0.016460977747227455
leaf_weight=16.785440586507324 13.117474239319568 2.6539146676659575 11.817303672432898 2.0833787731826297 27.217324152588844 1.9247421287000168 18.994407467544079 3.2447450757026668 1.4284774661064137 2.9709365628659725 1.4887574762105931 0.55699564144015301 1.0675610043108452 14.501627773046492
leaf_count=407 363 61 286 30 148 34 527 22 10 74 6 11 15 120
internal_value=0.00029365 -0.0331514 -0.0201511 -0.0049854 -0.00912351 -0.00467919 0.0662827 0.0512882 0.0685221 0.0249904 -0.0767361 -0.0281189 -0.00102139 0.00118666
internal_weight=119.853 79.5401 61.2659 49.4485 47.3652 44.7113 40.313 21.3186 17.5169 4.39941 18.2742 3.80174 42.7865 41.719
internal_count=2114 1107 694 408 378 317 1007 480 447 84 413 33 283 268
is_linear=0
shrinkage=0.08


Tree=33
num_leaves=15
num_cat=0
split_feature=6 1 10 10 0 1 10 10 0 2 12 15 1 1
split_gain=37.31 6.69786 8.6376 2.73064 2.29012 1.91524 1.55615 4.2712 1.61104 4.47794 1.49828 1.16715 1.08292 1.47775
threshold=0.58335000000000015 9.5000000000000018 0.67500000000000016 1.0000000180025095e-35 1.5000000000000002 18.500000000000004 0.68500000000000016 0.67500000000000016 2.5000000000000004 1.0000000180025095e-35 2.5000000000000004 1.0000000180025095e-35 14.500000000000002 18.500000000000004
decision_type=2 2 2 2 2 2 2 2 2 2 2 2 2 2
left_child=1 10 3 4 -3 11 7 8 -2 -10 -1 -6 -9 -14
right_child=6 2 -4 -5 5 -7 -8 12 9 -11 -12 -13 13 -15
leaf_value=-0.083319270557267802 0.08287304365828338 -0.083677999841487036 -0.083321037915851298 0.088374647161236247 0.0010974062062034549 -0.085506773194128458 0.082863902212574045 -0.056739496744382639 -0.095156534105451038 0.0832186465033673 0.00069102617655061014 -0.086705355133823422 0.091899907924224089 -0.084165736472686034
leaf_weight=15.546549137681723 12.143860597163444 2.4588665626943103 10.945122085511683 1.9382090605795372 41.538998082280159 1.7864152528345574 17.584432832896709 2.4946993924677368 1.3390988111495961 2.7513817436993122 1.4887623935937888 0.99206738919019599 0.89695090800523736 0.46236363425850868
leaf_count=407 363 61 286 30 268 34 527 16 10 74 6 15 10 7
internal_value=0.00028957 -0.0317349 -0.0191018 -0.00467309 -0.00852858 -0.00435907 0.0654855 0.0502733 0.0682467 0.024824 -0.0759774 -0.000950656 -0.0254367 0.0320121
internal_weight=114.368 76.695 59.6597 48.7146 46.7763 44.3175 37.6728 20.0884 16.2343 4.09048 17.0353 42.5311 3.85401 1.35931
internal_count=2114 1107 694 408 378 317 1007 480 447 84 413 283 33 17
is_linear=0
shrinkage=0.08


Tree=34
num_leaves=15
num_cat=0
split_feature=6 1 10 10 0 1 10 10 0 2 12 8 15 1
split_gain=33.6446 6.37751 8.10279 2.47996 2.13016 1.76617 1.52476 4.00751 1.49155 4.10057 1.47655 1.16146 1.11347 0.896495
threshold=0.58335000000000015 9.5000000000000018 0.67500000000000016 1.0000000180025095e-35 1.5000000000000002 18.500000000000004 0.68500000000000016 0.67500000000000016 2.5000000000000004 1.0000000180025095e-35 2.5000000000000004 1.0000000180025095e-35 1.0000000180025095e-35 14.500000000000002
decision_type=2 2 2 2 2 2 2 2 2 2 2 2 2 2
left_child=1 10 3 4 -3 11 7 8 -2 -10 -1 12 -6 -9
right_child=6 2 -4 -5 5 -7 -8 13 9 -11 -12 -13 -14 -15
leaf_value=-0.083053947510706008 0.082644555347371293 -0.083384368578921397 -0.083055547437320978 0.087714494635568227 0.00277498000128933 -0.085063390144281201 0.082636154685568203 -0.050551783593763833 -0.093780778348342642 0.082961635561090416 0.0006357453627878081 -0.10411496449328199 -0.086154536877805235 0.030318208883433468
leaf_weight=14.395256560295817 11.239930965006353 2.2774880453944197 10.13460563123226 1.8021099641919125 40.859764747321606 1.6573149412870396 16.275396583601832 2.5725563950836654 1.2535342574119561 2.5473940633237362 1.4887665957212455 0.6862323135137548 0.92141013592481513 1.3313270285725591
leaf_count=407 363 61 286 30 264 34 527 16 10 74 6 4 15 17
internal_value=0.000286177 -0.0302687 -0.0180324 -0.00436181 -0.00793776 -0.0040436 0.0646775 0.0492492 0.0679946 0.0246725 -0.0752099 -0.000881751 0.000813796 -0.022973
internal_weight=109.443 74.2229 58.3389 48.2043 46.4022 44.1247 35.2201 18.9447 15.0409 3.80093 15.884 42.4674 41.7812 3.90388
internal_count=2114 1107 694 408 378 317 1007 480 447 84 413 283 279 33
is_linear=0
shrinkage=0.08


Tree=35
num_leaves=15
num_cat=0
split_feature=6 1 10 10 0 1 0 14 0 1 10 10 12 0
split_gain=30.331 6.05817 7.59431 2.25473 1.98016 1.64033 1.77946 1.82179 1.73529 2.08362 1.49506 3.77284 1.45525 1.38053
threshold=0.58335000000000015 9.5000000000000018 0.67500000000000016 1.0000000180025095e-35 1.5000000000000002 16.500000000000004 2.5000000000000004 1.0000000180025095e-35 2.5000000000000004 15.500000000000002 0.68500000000000016 0.67500000000000016 2.5000000000000004 2.5000000000000004
decision_type=2 2 2 2 2 2 2 2 2 2 2 2 2 2
left_child=1 12 3 4 -3 8 -7 -8 9 -6 11 13 -1 -2
right_child=10 2 -4 -5 5 6 7 -9 -10 -11 -12 -13 -14 -15
leaf_value=-0.082810578346018959 0.082434787875689794 -0.083114991581686198 -0.082812008446863858 0.08710794716435942 0.00087930764276460452 -0.11438277031356817 -0.088798343674541147 0.067378240982396517 -0.092830706180142886 0.11914338224454295 0.082427076575250141 -0.020886586079554698 0.00058488032824931019 0.02453439305539146
leaf_weight=13.325963372364637 10.401093641296031 2.1089233681559554 9.3818143382668477 1.6746694073081005 38.062225297093391 1.7168172895908349 0.8648334406316277 1.0687494650483131 1.2256608270108689 0.97793497145175834 15.060646321624516 3.941850632429122 1.4887700825929648 3.5299216620624057
leaf_count=407 363 61 286 30 252 20 15 13 11 6 527 33 6 84
internal_value=0.000277983 -0.0288464 -0.0170158 -0.00407469 -0.00739246 -0.00375615 -0.0551062 -0.00247485 0.000899123 0.00384176 0.0638587 0.0482119 -0.07443 0.0677636
internal_weight=104.83 71.8964 57.0816 47.6998 46.0251 43.9162 3.6504 1.93358 40.2658 39.0402 32.9335 17.8729 14.8147 13.931
internal_count=2114 1107 694 408 378 317 48 28 269 258 1007 480 413 447
is_linear=0
shrinkage=0.08


Tree=36
num_leaves=15
num_cat=0
split_feature=6 1 10 10 0 10 10 1 12 0 2 15 1 1
split_gain=27.1815 5.7431 7.11196 2.05213 1.83961 1.53387 3.48432 1.51246 1.43424 1.41669 3.7838 1.02647 0.733697 1.30095
threshold=0.58335000000000015 9.5000000000000018 0.67500000000000016 1.0000000180025095e-35 1.5000000000000002 0.68500000000000016 0.67500000000000016 18.500000000000004 2.5000000000000004 2.5000000000000004 1.0000000180025095e-35 1.0000000180025095e-35 14.500000000000002 18.500000000000004
decision_type=2 2 2 2 2 2 2 2 2 2 2 2 2 2
left_child=1 8 3 4 -3 6 9 11 -1 -2 -11 -6 -8 -14
right_child=5 2 -4 -5 7 -7 12 -9 -10 10 -12 -13 13 -15
leaf_value=-0.082587228581004979 0.082242130605234234 -0.082867735985263188 -0.082588527949121249 0.086550355339811869 0.0010658694446921797 0.082235039535076881 -0.043097911802717485 -0.084233259419141643 0.00053808976416174544 -0.092858802918077854 0.082659788035500253 -0.086028194561531351 0.090791770014431908 -0.07347957176910376
leaf_weight=12.333331055939194 9.622998267412191 1.9523543547838915 8.6829898916184884 1.555468875914811 41.408096447587013 13.933876158669589 2.6698831021785732 1.4362445175647724 1.4887731224298484 1.1930108815431588 2.3045029006898403 0.88456375524401565 0.83079044148325898 0.49083500355482101
leaf_count=407 363 61 286 30 268 527 16 34 6 10 74 15 10 7
internal_value=0.000260756 -0.0274583 -0.0160447 -0.00381276 -0.00688966 0.0625291 0.0464831 -0.00349749 -0.0736338 0.0663941 0.0227899 -0.000755729 -0.0189662 0.0297835
internal_weight=100.788 69.7418 55.9197 47.2367 45.6813 31.0459 17.112 43.7289 13.8221 13.1205 3.49751 42.2927 3.99151 1.32163
internal_count=2114 1107 694 408 378 1007 480 317 413 447 84 283 33 17
is_linear=0
shrinkage=0.08


Tree=37
num_leaves=15
num_cat=0
split_feature=6 1 10 10 0 10 10 12 1 0 2 15 11 13
split_gain=24.4818 5.43665 6.65853 1.86875 1.70901 1.50246 3.28482 1.41341 1.39537 1.31136 3.46915 0.941626 0.702965 1.87025
threshold=0.58335000000000015 9.5000000000000018 0.67500000000000016 1.0000000180025095e-35 1.5000000000000002 0.68500000000000016 0.67500000000000016 2.5000000000000004 18.500000000000004 2.5000000000000004 1.0000000180025095e-35 1.0000000180025095e-35 1.0000000180025095e-35 1.0000000180025095e-35
decision_type=2 2 2 2 2 2 2 2 2 2 2 2 2 2
left_child=1 7 3 4 -3 6 9 -1 11 -2 -11 12 -6 -14
right_child=5 2 -4 -5 8 -7 -8 -9 -10 10 -12 -13 13 -15
leaf_value=-0.082382159440187175 0.08206511341859693 -0.082640682408658683 -0.082383331557515066 0.086037535685221461 -0.0065993777612566341 0.082058596062416611 -0.017217300208723647 0.00049504213495418282 -0.083895549963545965 -0.091718514864704115 0.082448768918937307 -0.085538070744719405 0.023211089016640821 -0.090460422320979617
leaf_weight=11.412288641557094 8.9015300925821119 1.8070007544010867 8.0345630906522256 1.4440890960395325 27.08829141408205 12.88912278972566 4.0224186405539504 1.4887756258249289 1.3309407234191883 1.1144190281629556 2.1325477138161659 0.82104354724287887 13.330985851585861 0.99553265422582704
leaf_count=407 363 61 286 30 148 527 33 6 34 10 74 15 110 10
internal_value=0.000256249 -0.0260904 -0.0151003 -0.0035536 -0.00640497 0.0616835 0.0454435 -0.0728182 -0.00324297 0.0661908 0.0226713 -0.000701441 0.000980435 0.0153122
internal_weight=96.8135 67.7535 54.8524 46.8179 45.3738 29.06 16.1709 12.9011 43.5668 12.1485 3.24697 42.2359 41.4148 14.3265
internal_count=2114 1107 694 408 378 1007 480 413 317 447 84 283 268 120
is_linear=0
shrinkage=0.08


Tree=38
num_leaves=15
num_cat=0
split_feature=6 1 10 10 0 10 10 12 1 0 14 0 1 1
split_gain=22.0564 5.11596 6.22035 1.70442 1.5857 1.47812 3.11127 1.39264 1.30802 1.74751 1.61591 1.54873 1.88497 1.31781
threshold=0.58335000000000015 9.5000000000000018 0.67500000000000016 1.0000000180025095e-35 1.5000000000000002 0.68500000000000016 0.67500000000000016 2.5000000000000004 16.500000000000004 2.5000000000000004 1.0000000180025095e-35 2.5000000000000004 15.500000000000002 14.500000000000002
decision_type=2 2 2 2 2 2 2 2 2 2 2 2 2 2
left_child=1 7 3 4 -3 6 -2 -1 11 -10 -11 12 13 -6
right_child=5 2 -4 -5 8 -7 -8 -9 9 10 -12 -13 -14 -15
leaf_value=-0.082193794791875108 0.066004262841158678 -0.082432091332775848 -0.082194858721224284 0.085565706375587261 0.0030320420266491542 0.08189641574150823 -0.015674808043518253 0.0004554346486296662 -0.11410354834077061 -0.088293111889372847 0.067616693036412018 -0.09159329662759523 0.11331860810145292 -0.10002917691016194
leaf_weight=10.558032875880595 11.245759634301068 1.6721214950084675 7.4331527836620799 1.3401141576468933 36.916369117796421 11.920765493065117 4.0630051009356967 1.4887777715921409 1.5283668003976338 0.72707223519682851 1.0255725253373384 1.1242278181016434 0.97783472388982673 0.811497051268815
leaf_count=407 447 61 286 30 246 527 33 6 20 15 13 11 6 6
internal_value=0.000247099 -0.0248755 -0.01428 -0.00333491 -0.00599522 0.0607741 0.0443263 -0.0719798 -0.00303051 -0.0515822 0.00293862 0.000968963 0.00365748 0.000815275
internal_weight=92.8327 65.6031 53.5563 46.1232 44.7831 27.2295 15.3088 12.0468 43.1109 3.28101 1.75264 39.8299 38.7057 37.7279
internal_count=2114 1107 694 408 378 1007 480 413 317 48 28 269 258 252
is_linear=0
shrinkage=0.08


Tree=39
num_leaves=15
num_cat=0
split_feature=6 4 0 10 10 10 0 2 15 8 1 5 1 1
split_gain=19.6814 4.94479 5.47218 5.71033 1.53092 2.84425 1.36749 3.23547 1.31368 1.1879 1.01719 0.847587 0.756255 3.11006
threshold=0.58335000000000015 1.0000000180025095e-35 1.5000000000000002 1.0000000180025095e-35 0.68500000000000016 0.67500000000000016 2.5000000000000004 1.0000000180025095e-35 1.0000000180025095e-35 1.0000000180025095e-35 9.5000000000000018 1.0000000180025095e-35 16.500000000000004 15.500000000000002
decision_type=2 2 2 2 2 2 2 2 2 2 2 2 2 2
left_child=1 2 3 -1 5 6 -2 -8 9 10 -4 12 13 -12
right_child=4 -3 8 -5 -6 -7 7 -9 -10 -11 11 -13 -14 -15
leaf_value=-0.082048685389516096 0.081780896380438797 -0.079056708772939688 -0.082120874092085239 0.14762185372372813 0.081747293207017971 -0.014285002526257503 -0.091421020814718854 0.082110934302761368 -0.08424732655908676 -0.097930834443094208 0.001659045080621057 0.086617046944505449 -0.040630084959329828 0.16631099625578785
leaf_weight=9.9436208698898518 7.7298732195049542 8.8654822558164579 0.90348539315163989 0.74472682178020555 11.023512387648223 4.1000117287039748 1.0932080447673798 1.8535007480531931 1.2165971770882595 0.77760932222008605 37.359362632036209 0.7739788144826879 2.4877933468669644 0.7489200085401525
leaf_count=412 363 321 36 3 527 33 10 74 33 10 246 15 28 3
internal_value=0.00022131 -0.023615 -0.0146712 -0.066046 0.059185 0.0423533 0.0641035 0.0177318 -0.00226682 4.98956e-05 0.00185222 0.00368612 0.00210501 0.00489485
internal_weight=89.6217 63.8216 54.9561 10.6883 25.8001 14.7766 10.6766 2.94671 44.2677 43.0511 42.2735 41.3701 40.5961 38.1083
internal_count=2114 1107 786 415 1007 480 447 84 371 338 328 292 277 249
is_linear=0
shrinkage=0.08


Tree=40
num_leaves=15
num_cat=0
split_feature=6 1 10 10 10 10 0 0 2 12 1 15 1 13
split_gain=17.6846 4.61883 5.46293 1.5067 1.50308 2.69762 1.36494 1.26526 2.96847 1.2491 1.13361 0.828042 0.698772 2.56751
threshold=0.58335000000000015 9.5000000000000018 0.67500000000000016 1.0000000180025095e-35 0.68500000000000016 0.67500000000000016 1.5000000000000002 2.5000000000000004 1.0000000180025095e-35 2.5000000000000004 18.500000000000004 1.0000000180025095e-35 13.500000000000002 1.0000000180025095e-35
decision_type=2 2 2 2 2 2 2 2 2 2 2 2 2 2
left_child=1 9 3 6 5 7 -3 -2 -9 -1 11 12 -8 -14
right_child=4 2 -4 -5 -6 -7 10 8 -10 -11 -12 -13 13 -15
leaf_value=-0.08186104352492779 0.081641052127912311 -0.08206452774243557 -0.081867993945044265 0.084773382542011458 0.081610147218143289 -0.013030187984742699 -0.0043372103522635371 -0.090423210211773034 0.081944530227801793 -0.0023239132928297426 -0.083102990241338243 -0.085017954756393802 0.038246919140958985 -0.095802461414294882
leaf_weight=9.0294610820710623 7.1472990792244691 1.4312776830047358 6.3768084347248069 1.2237297948449839 10.192391598597167 4.1337780952453604 32.51120525598526 1.0198387503623962 1.7143302969634533 1.4693082869052894 1.0920248758047808 0.72943439334630866 7.3454151302576047 1.0444882065057752
leaf_count=407 363 61 286 30 527 33 216 10 74 6 34 15 43 9
internal_value=0.000213582 -0.0223482 -0.0125337 -0.00279028 0.0582343 0.0412345 -0.00521711 0.0639354 0.0176518 -0.0707298 -0.0026426 -0.000532013 0.000974717 0.0215586
internal_weight=86.4608 62.2532 51.7544 45.3776 24.2076 14.0152 44.1538 9.88147 2.73417 10.4988 42.7226 41.6305 40.9011 8.3899
internal_count=2114 1107 694 408 1007 480 378 447 84 413 317 283 268 52
is_linear=0
shrinkage=0.08


Tree=41
num_leaves=15
num_cat=0
split_feature=6 4 0 10 10 10 0 2 15 8 1 12 13 1
split_gain=15.8897 4.48411 4.63129 5.10628 1.4763 2.56043 1.17043 2.72499 1.11476 1.06254 0.858089 0.720909 1.71257 1.18701
threshold=0.58335000000000015 1.0000000180025095e-35 1.5000000000000002 1.0000000180025095e-35 0.68500000000000016 0.67500000000000016 2.5000000000000004 1.0000000180025095e-35 1.0000000180025095e-35 1.0000000180025095e-35 9.5000000000000018 1.5000000000000002 1.0000000180025095e-35 12.500000000000002
decision_type=2 2 2 2 2 2 2 2 2 2 2 2 2 2
left_child=1 2 3 -1 5 6 -2 -8 9 10 -4 -12 13 -13
right_child=4 -3 8 -5 -6 -7 7 -9 -10 -11 11 12 -14 -15
leaf_value=-0.081739106000392622 0.081512399189538828 -0.077834346600479457 -0.08180014675764867 0.13847698385546781 0.081483960074314257 -0.011895168797113918 -0.089522059388357569 0.081791544609006603 -0.083602346867435354 -0.096482342660269005 -0.0046210366343735531 0.049812681536225159 -0.089326255392367354 0.0027783174649158382
leaf_weight=8.5041391812264884 6.607779426500203 7.7885807063430539 0.77286543324589629 0.73188190162181932 9.4227424226701242 4.1646084301173678 0.95051914453506481 1.5853662211447954 1.0441900733858336 0.71729594096541305 26.424907306209207 6.3654494918882811 0.90213479846716005 7.4568727891892195
leaf_count=412 363 321 36 3 527 33 10 74 33 10 156 61 10 65
internal_value=0.000201882 -0.0211604 -0.0128193 -0.0642887 0.0572547 0.0400994 0.0637811 0.0175785 -0.00193712 6.27582e-05 0.00171466 0.00328323 0.0174684 0.0244386
internal_weight=83.4393 60.7083 52.9197 9.23602 22.731 13.3083 9.14366 2.53589 43.6837 42.6395 41.9222 41.1494 14.7245 13.8223
internal_count=2114 1107 786 415 1007 480 447 84 371 338 328 292 136 126
is_linear=0
shrinkage=0.08


Tree=42
num_leaves=15
num_cat=0
split_feature=6 1 10 10 10 10 0 12 0 2 1 11 11 13
split_gain=14.2728 4.13446 4.78561 1.45039 2.43153 1.39967 1.17072 1.12599 1.08251 2.5027 1.00749 0.958979 0.533886 1.41733
threshold=0.58335000000000015 9.5000000000000018 0.67500000000000016 0.68500000000000016 0.67500000000000016 1.0000000180025095e-35 1.5000000000000002 2.5000000000000004 2.5000000000000004 1.0000000180025095e-35 18.500000000000004 1.0000000180025095e-35 1.0000000180025095e-35 1.0000000180025095e-35
decision_type=2 2 2 2 2 2 2 2 2 2 2 2 2 2
left_child=1 7 5 4 8 6 -3 -1 -2 -10 12 -6 -8 -14
right_child=3 2 -4 -5 11 -7 10 -9 9 -11 -12 -13 13 -15
leaf_value=-0.081579838073250227 0.081394013578298771 -0.081753549159172392 -0.081592269596874475 0.081367827210105603 -0.02609258639390746 0.084414121981661552 -0.0070232052422961591 -0.0045655919677398092 -0.088706671061495976 0.081650844433638528 -0.082770513662662332 0.085274250547941549 0.018657862901267527 -0.088535336043543703
leaf_weight=7.7179391048848611 6.1082609500736016 1.2243007421493519 5.4723740592598906 8.7101976592093688 3.619551107287406 1.1598430741578329 27.192989610135555 1.4419879317283628 0.88517576456069957 1.4658969379961491 0.97501842677593131 0.57322377339005459 13.135815585032102 0.83991118520498353
leaf_count=407 363 61 286 527 22 30 157 6 10 74 34 11 116 10
internal_value=0.000194417 -0.0200449 -0.0109929 0.0562446 0.0389488 -0.00231639 -0.00463593 -0.069456 0.0636394 0.0175115 -0.00239562 -0.0108668 -0.000492061 0.0122158
internal_weight=80.5225 59.1602 50.0003 21.3623 12.6521 44.5279 43.368 9.15993 8.45933 2.35107 42.1437 4.19277 41.1687 13.9757
internal_count=2114 1107 694 1007 480 408 378 413 447 84 317 33 283 126
is_linear=0
shrinkage=0.08


Tree=43
num_leaves=15
num_cat=0
split_feature=6 4 0 10 10 10 15 0 2 8 10 1 1 1
split_gain=12.8271 4.03151 3.88828 4.59082 1.41942 2.30337 1.00303 1.00102 2.29957 0.952335 0.674677 0.705455 0.658654 2.56708
threshold=0.58335000000000015 1.0000000180025095e-35 1.5000000000000002 1.0000000180025095e-35 0.68500000000000016 0.67500000000000016 1.0000000180025095e-35 2.5000000000000004 1.0000000180025095e-35 1.0000000180025095e-35 1.0000000180025095e-35 9.5000000000000018 16.500000000000004 15.500000000000002
decision_type=2 2 2 2 2 2 2 2 2 2 2 2 2 2
left_child=1 2 3 -1 5 7 9 -2 -9 10 11 -4 13 -13
right_child=4 -3 6 -5 -6 -7 -8 8 -10 -11 -12 12 -14 -15
leaf_value=-0.081477154990243494 0.081285040739361311 -0.076526416982414316 -0.08152883674461274 0.13114791178952989 0.081260945453037969 -0.0099344759550830317 -0.083310052635012802 -0.087967600806976701 0.081521403119599364 -0.095104770564426178 0.085146607305695649 0.0014117263970892067 -0.039156247419983733 0.15116799114255566
leaf_weight=7.2690714672207823 5.6458880268037337 6.8653434291481963 0.66074622794985671 0.71370117366313923 8.0506728123873454 4.1998537220060825 0.94149567559361358 0.82370519638061535 1.3552547954022884 0.66063064709305663 0.61110329255461593 36.820461019873619 2.3626521062105885 0.74743987619876762
leaf_count=412 363 321 36 3 527 33 33 10 74 10 15 246 28 3
internal_value=0.000189677 -0.0189876 -0.0112096 -0.0624674 0.0552633 0.0378576 -0.00165041 0.0635091 0.01745 0.000186111 0.00171399 0.000457905 0.00181457 0.00439123
internal_weight=77.728 57.6526 50.7873 7.98277 20.0754 12.0247 42.8045 7.82485 2.17896 41.863 41.2024 40.5913 39.9306 37.5679
internal_count=2114 1107 786 415 1007 480 371 447 84 338 328 313 277 249
is_linear=0
shrinkage=0.08


Tree=44
num_leaves=15
num_cat=0
split_feature=6 4 0 10 10 10 0 2 15 8 1 1 0 1
split_gain=11.4973 3.69303 3.62211 4.16134 1.3947 2.18881 0.925527 2.11377 0.923959 0.865547 0.667252 0.598264 2.56563 2.1691
threshold=0.58335000000000015 1.0000000180025095e-35 1.5000000000000002 1.0000000180025095e-35 0.68500000000000016 0.67500000000000016 2.5000000000000004 1.0000000180025095e-35 1.0000000180025095e-35 1.0000000180025095e-35 9.5000000000000018 16.500000000000004 2.5000000000000004 15.500000000000002
decision_type=2 2 2 2 2 2 2 2 2 2 2 2 2 2
left_child=1 2 3 -1 5 6 -2 -8 9 10 -4 13 -13 -12
right_child=4 -3 8 -5 -6 -7 7 -9 -10 -11 11 12 -14 -15
leaf_value=-0.081361636890496886 0.08118472416323122 -0.074676195469626463 -0.081409150306451517 0.1248612229433788 0.081162529351371304 -0.0090874335422215079 -0.087296648227818047 0.081402300113200446 -0.083051302359319221 -0.093811589487482291 0.0025630664474780855 -0.11489636268587405 0.0532244184399372 0.14118335098993265
leaf_weight=6.7193392720073453 5.2179904263466614 6.4882593564689151 0.61080598831176658 0.69060100615024556 7.4403533302247515 4.2230044864118099 0.76598152518272411 1.2528140433132648 0.87170783057808776 0.61790153011679549 37.394680812954903 1.245515909045934 1.0887720379978416 0.73667773604392905
leaf_count=412 363 321 36 3 527 33 10 74 33 10 261 16 12 3
internal_value=0.000183894 -0.0178941 -0.0105222 -0.0621418 0.054192 0.0366812 0.0633894 0.0173937 -0.00153625 0.000167989 0.0015817 0.0028344 -0.0364805 0.00524114
internal_weight=75.3644 56.4643 49.976 7.40994 18.9001 11.4598 7.23679 2.0188 42.5661 41.6944 41.0765 40.4656 2.33429 38.1314
internal_count=2114 1107 786 415 1007 480 447 84 371 338 328 292 28 264
is_linear=0
shrinkage=0.08


Tree=45
num_leaves=15
num_cat=0
split_feature=6 1 10 10 10 10 15 12 0 2 0 1 0 14
split_gain=10.2991 3.50802 3.93543 1.37027 2.08009 1.29008 0.959995 0.927419 0.855608 1.94368 0.726088 0.559727 1.9649 2.25344
threshold=0.58335000000000015 9.5000000000000018 0.67500000000000016 0.68500000000000016 0.67500000000000016 1.0000000180025095e-35 1.0000000180025095e-35 2.5000000000000004 2.5000000000000004 1.0000000180025095e-35 1.5000000000000002 16.500000000000004 2.5000000000000004 1.0000000180025095e-35
decision_type=2 2 2 2 2 2 2 2 2 2 2 2 2 2
left_child=1 7 5 4 8 6 10 -1 -2 -10 -3 -12 -13 -14
right_child=3 2 -4 -5 -6 -7 -8 -9 9 -11 11 12 13 -15
leaf_value=-0.081236879888140642 0.081092349079219167 -0.081367544550916285 -0.081261586421806808 0.081071905308359157 -0.0083169027314208416 0.083927586947402336 -0.082625883734013181 -0.0084019108560105023 -0.086686688036097831 0.081292675560137334 0.0017634348589475779 -0.11203839294729105 -0.088289783795496748 0.12727103322812533
leaf_weight=6.0933724883943787 4.8220767797902244 0.72504563443362613 4.3712106719613066 6.8756779171526423 4.2441855035722256 1.0993245849385846 0.96751267183571954 1.3705141693353651 0.71186259388923612 1.1579894348978996 38.308240704238415 1.1778830438852304 0.55736526567488887 0.70040170848369598
leaf_count=407 363 45 286 527 33 30 42 6 10 74 257 16 15 3
internal_value=0.000173503 -0.016848 -0.0088999 0.0530877 0.0354936 -0.00163443 -0.00385093 -0.067863 0.0632793 0.017342 -0.00201303 -0.000600896 -0.0377874 0.0317477
internal_weight=73.1827 55.3709 47.907 17.8118 10.9361 43.5358 42.4364 7.46389 6.69193 1.86985 41.4689 40.7439 2.43565 1.25777
internal_count=2114 1107 694 1007 480 408 378 413 447 84 336 291 34 18
is_linear=0
shrinkage=0.08


Tree=46
num_leaves=15
num_cat=0
split_feature=6 4 0 10 10 10 0 2 15 8 12 13 1 14
split_gain=9.22259 3.29467 3.0177 3.77174 1.34596 1.97663 0.790872 1.78787 0.785341 0.782085 0.555358 1.51743 0.95915 1.85192
threshold=0.58335000000000015 1.0000000180025095e-35 1.5000000000000002 1.0000000180025095e-35 0.68500000000000016 0.67500000000000016 2.5000000000000004 1.0000000180025095e-35 1.0000000180025095e-35 1.0000000180025095e-35 1.5000000000000002 1.0000000180025095e-35 12.500000000000002 1.0000000180025095e-35
decision_type=2 2 2 2 2 2 2 2 2 2 2 2 2 2
left_child=1 2 3 -1 5 6 -2 -8 9 10 -4 12 13 -12
right_child=4 -3 8 -5 -6 -7 7 -9 -10 -11 11 -13 -14 -15
leaf_value=-0.081157296155032019 0.081007265082380292 -0.073119544191450003 -0.005369963747447839 0.11992947001871927 0.080988429587347061 -0.0076152441334229725 -0.086131459932851831 0.081191747828951347 -0.082594137239112644 -0.092780810779787989 -0.00097179105261699177 -0.087096674758559589 0.0010241769499210666 0.08660562634435412
leaf_weight=5.739385941065847 4.4558235537260789 5.7527053877711287 26.534759411588311 0.66627413034439076 6.3533272454515091 4.2635725811123848 0.66119544208049741 1.0702338553965092 0.74707488343119521 0.57136433199047942 3.007670216262337 0.8872096464037903 7.1652555670589209 3.1782960500568151
leaf_count=412 363 321 181 3 527 33 10 74 33 10 17 17 65 48
internal_value=0.00016394 -0.015877 -0.00908695 -0.0602416 0.05195 0.0342968 0.063178 0.0172946 -0.00130205 0.000166857 0.00146935 0.0142151 0.0209474 0.0440247
internal_weight=71.0541 54.25 48.4973 6.40566 16.8042 10.4508 6.18725 1.73143 42.0916 41.3446 40.7732 14.2384 13.3512 6.18597
internal_count=2114 1107 786 415 1007 480 447 84 371 338 328 147 130 65
is_linear=0
shrinkage=0.08


Tree=47
num_leaves=15
num_cat=0
split_feature=6 1 10 10 10 10 12 15 0 2 0 1 1 13
split_gain=8.25288 3.11625 3.44553 1.32159 1.87794 1.20257 0.845623 0.822277 0.730951 1.64504 0.619786 0.550406 1.07574 1.01492
threshold=0.58335000000000015 9.5000000000000018 0.67500000000000016 0.68500000000000016 0.67500000000000016 1.0000000180025095e-35 2.5000000000000004 1.0000000180025095e-35 2.5000000000000004 1.0000000180025095e-35 1.5000000000000002 14.500000000000002 18.500000000000004 1.0000000180025095e-35
decision_type=2 2 2 2 2 2 2 2 2 2 2 2 2 2
left_child=1 6 5 4 8 7 -1 10 -2 -10 -3 13 -13 -6
right_child=3 2 -4 -5 11 -7 -8 -9 9 -11 -12 12 -14 -15
leaf_value=-0.081058511263060615 0.080928887409085562 -0.081162597039618159 -0.081081108249646761 0.08091153429198121 0.012730732105697867 0.083685617053692526 -0.0096059528848544302 -0.082233398231065152 -0.085625445959441215 0.081098813400592801 -0.00052422356051492558 0.091300352209718452 -0.052030217723374184 -0.083728581058124835
leaf_weight=5.2324761664494863 4.1170655321329814 0.61940308939665456 3.7625828552991143 5.8702077586203805 1.6969151943922043 1.0414537154138077 1.3293464630842207 0.82884865812957187 0.61382036656141259 0.98903657775372267 40.23184106964618 0.84137833863496758 0.55697359889745712 1.1860578879714012
leaf_count=407 363 45 286 527 10 30 6 42 10 74 291 10 7 6
internal_value=0.000168243 -0.0149747 -0.00768954 0.0507794 0.0330934 -0.00122578 -0.0665831 -0.00334745 0.0630849 0.0172511 -0.0017469 -0.00697571 0.0342108 -0.0269527
internal_weight=68.9174 53.046 46.4841 15.8715 10.0012 42.7215 6.56182 41.6801 5.71992 1.60286 40.8512 4.28133 1.39835 2.88297
internal_count=2114 1107 694 1007 480 408 413 378 447 84 336 33 17 16
is_linear=0
shrinkage=0.08


Tree=48
num_leaves=15
num_cat=0
split_feature=6 4 0 10 10 10 8 15 0 2 1 1 13 12
split_gain=7.38949 2.93109 2.49804 3.42578 1.28873 1.77495 0.687608 0.688091 0.675501 1.51403 0.471463 0.967211 0.828902 0.468391
threshold=0.58335000000000015 1.0000000180025095e-35 1.5000000000000002 1.0000000180025095e-35 0.68500000000000016 0.67500000000000016 1.0000000180025095e-35 1.0000000180025095e-35 2.5000000000000004 1.0000000180025095e-35 14.500000000000002 18.500000000000004 1.0000000180025095e-35 1.5000000000000002
decision_type=2 2 2 2 2 2 2 2 2 2 2 2 2 2
left_child=1 2 3 -1 5 8 7 13 -2 -10 12 -12 -7 -4
right_child=4 -3 6 -5 -6 10 -8 -9 9 -11 11 -13 -14 -15
leaf_value=-0.080983998082592032 0.08085666952558708 -0.071482570251483302 -0.0048323134769740345 0.11575861307181542 0.08084068405488519 0.011790826000460122 -0.091795425820063808 -0.082206256718770312 -0.085163812333601763 0.08101321706226132 0.090346873937255781 -0.045956240608923712 -0.07477533200842465 0.013307878009415821
leaf_weight=4.9005840364843598 3.8037871550768596 5.1284755682572714 26.437704774551094 0.64045004546642292 5.4234413644298902 1.686077356338501 0.52767891064286132 0.63972224295139213 0.56957401335239388 0.9139213440939784 0.7845521382987497 0.57914138212800026 1.2202737107872963 13.898916605859993
leaf_count=412 363 321 181 3 527 10 10 33 10 74 10 7 6 147
internal_value=0.000168026 -0.0140521 -0.00779145 -0.0582439 0.0496923 0.0320168 -0.00105575 0.000112764 0.0629991 0.0172111 -0.00634641 0.0324609 -0.0245552 0.00141831
internal_weight=67.1543 52.1735 47.0451 5.54103 14.9808 9.55733 41.504 40.9763 5.28728 1.4835 4.27004 1.36369 2.90635 40.3366
internal_count=2114 1107 786 415 1007 480 371 361 447 84 33 17 16 328
is_linear=0
shrinkage=0.08


Tree=49
num_leaves=15
num_cat=0
split_feature=6 1 10 10 10 10 12 15 0 2 0 1 0 14
split_gain=6.6135 2.76832 3.0169 1.25576 1.67751 1.12889 0.772294 0.704403 0.624199 1.3938 0.529102 0.506902 1.79692 1.95227
threshold=0.58335000000000015 9.5000000000000018 0.67500000000000016 0.68500000000000016 0.67500000000000016 1.0000000180025095e-35 2.5000000000000004 1.0000000180025095e-35 2.5000000000000004 1.0000000180025095e-35 1.5000000000000002 16.500000000000004 2.5000000000000004 1.0000000180025095e-35
decision_type=2 2 2 2 2 2 2 2 2 2 2 2 2 2
left_child=1 6 5 4 8 7 -1 10 -2 -10 -3 -12 -13 -14
right_child=3 2 -4 -5 -6 -7 -8 -9 9 -11 11 12 13 -15
leaf_value=-0.08090976846073708 0.080790133318597482 -0.08098871149382196 -0.080928141794146799 0.080775401334059402 -0.0057839729939889997 0.083456608280970873 -0.010611145043428357 -0.081900212738075337 -0.084742249547218457 0.080934364084085594 0.0017618888238391669 -0.10988761016537098 -0.08793676994946481 0.12105115246806403
leaf_weight=4.5029016248881808 3.5141126401722413 0.52895372454076905 3.2424163445830336 5.0103497290983787 4.2547018937766552 0.99250335339456697 1.2857393771409986 0.70961783640086551 0.52829220890998818 0.84444429725408554 37.763361364603043 1.1119553800672286 0.497933344915509 0.67235514521598816
leaf_count=407 363 45 286 527 33 30 6 42 10 74 257 16 15 3
internal_value=0.000168533 -0.0131862 -0.00655948 0.0485861 0.0309436 -0.000855761 -0.0652954 -0.0028827 0.0629202 0.0171744 -0.00150074 -0.0004508 -0.0370633 0.0321312
internal_weight=65.4596 51.3077 45.5191 14.1519 9.14155 42.2767 5.78864 41.2842 4.88685 1.37274 40.5746 40.0456 2.28224 1.17029
internal_count=2114 1107 694 1007 480 408 413 378 447 84 336 291 34 18
is_linear=0
shrinkage=0.08


Tree=50
num_leaves=15
num_cat=0
split_feature=6 4 0 10 10 10 0 2 15 1 12 13 0 1
split_gain=5.903 2.58618 2.04905 3.11612 1.2309 1.59242 0.576745 1.28341 0.568684 0.515154 0.454254 1.23226 0.961659 0.920379
threshold=0.58335000000000015 1.0000000180025095e-35 1.5000000000000002 1.0000000180025095e-35 0.68500000000000016 0.67500000000000016 2.5000000000000004 1.0000000180025095e-35 1.0000000180025095e-35 9.5000000000000018 1.5000000000000002 1.0000000180025095e-35 2.5000000000000004 12.500000000000002
decision_type=2 2 2 2 2 2 2 2 2 2 2 2 2 2
left_child=1 2 3 -1 5 6 -2 -8 9 -4 12 13 -11 -12
right_child=4 -3 8 -5 -6 -7 7 -9 -10 10 11 -13 -14 -15
leaf_value=-0.08083692276100149 0.0807288093750827 -0.06971874235032495 -0.08097285968840312 0.11218961147848962 0.080715228498687161 -0.0053044289676639021 -0.084356933633894404 0.080861727872995129 -0.081876939388001058 -0.0021428919094553934 0.042313336369294401 -0.08731538413676887 -0.089558962216251106 -0.0007021062168907949
leaf_weight=4.1830843724310389 3.2462990880012494 4.5782726509496561 0.49412124510854383 0.61379259824752797 4.6284439703449598 4.2676343135535717 0.48981208354234673 0.7801921796053648 0.54740210808813472 25.613723681308333 5.8478093976154888 0.73936991021037179 0.83156049065291782 6.9871242381632328
leaf_count=412 363 321 42 3 527 33 10 74 33 146 61 10 14 65
internal_value=0.000158096 -0.0123858 -0.0066619 -0.0561379 0.0473284 0.0297362 0.0628475 0.0171406 -0.000881976 0.00021239 0.00121478 0.0131113 -0.00489165 0.0188964
internal_weight=63.8486 50.4363 45.858 4.79688 13.4124 8.78394 4.5163 1.27 41.0611 40.5137 40.0196 13.5743 26.4453 12.8349
internal_count=2114 1107 786 415 1007 480 447 84 371 338 296 136 160 126
is_linear=0
shrinkage=0.08


Tree=51
num_leaves=15
num_cat=0
split_feature=6 1 10 10 10 10 12 15 0 2 1 13 1 1
split_gain=5.26421 2.41452 2.6335 1.20546 1.51075 1.06609 0.703964 0.601776 0.532857 1.182 0.432598 2.20961 1.64598 1.41276
threshold=0.58335000000000015 9.5000000000000018 0.67500000000000016 0.68500000000000016 0.67500000000000016 1.0000000180025095e-35 2.5000000000000004 1.0000000180025095e-35 2.5000000000000004 1.0000000180025095e-35 13.500000000000002 1.0000000180025095e-35 12.500000000000002 16.500000000000004
decision_type=2 2 2 2 2 2 2 2 2 2 2 2 2 2
left_child=1 6 5 4 8 7 -1 10 -2 -10 12 13 -3 -12
right_child=3 2 -4 -5 -6 -7 -8 -9 9 -11 11 -13 -14 -15
leaf_value=-0.080773964515247931 0.080672289257749774 0.0026083386853021423 -0.080798338831340591 0.080659764880698884 -0.004865963387897315 0.083277291026510825 -0.011462233726845746 -0.08161721351989025 -0.084004470937307188 0.080794783977252399 0.050480030080266983 -0.091902904265299151 -0.045852221611332108 -0.029610992069494003
leaf_weight=3.843578139320015 2.9987261863425356 26.183530397713188 2.7979368641972533 4.2754109147936097 4.2794924564659595 0.9472618130967011 1.2404872477054594 0.60723267588764329 0.45397352427244164 0.72078067902475595 5.5570979882031661 1.0876988042145965 5.4130094312131396 1.8885904029011724
leaf_count=407 363 203 286 527 33 30 6 42 10 74 36 24 51 22
internal_value=0.000150149 -0.0116347 -0.00566539 0.0460422 0.0285331 -0.00062233 -0.0638622 -0.00257325 0.0627806 0.0171095 -0.00137718 0.0146058 -0.00569376 0.030165
internal_weight=62.2948 49.5664 44.4824 12.7284 8.45297 41.6844 5.08407 40.7372 4.17348 1.17475 40.1299 8.53339 31.5965 7.44569
internal_count=2114 1107 694 1007 480 408 413 378 447 84 336 82 254 58
is_linear=0
shrinkage=0.08


Tree=52
num_leaves=15
num_cat=0
split_feature=6 4 10 0 10 10 1 0 2 1 1 13 1 0
split_gain=4.68478 2.26702 1.71563 3.24056 1.17937 1.43231 0.499631 0.492274 1.08881 0.400725 0.862409 0.678833 0.379163 1.73645
threshold=0.58335000000000015 1.0000000180025095e-35 1.0000000180025095e-35 1.5000000000000002 0.68500000000000016 0.67500000000000016 9.5000000000000018 2.5000000000000004 1.0000000180025095e-35 14.500000000000002 18.500000000000004 1.0000000180025095e-35 16.500000000000004 2.5000000000000004
decision_type=2 2 2 2 2 2 2 2 2 2 2 2 2 2
left_child=1 2 3 -1 5 7 -5 -2 -9 11 -11 -7 -8 -14
right_child=4 -3 -4 6 -6 9 12 8 -10 10 -12 -13 13 -15
leaf_value=-0.080720316404468348 0.080620182199337212 -0.067831384479275392 0.09867737285575677 -0.080799890078607245 0.080608639443768268 0.012098807986431811 0.0013333335267784688 -0.083681817598083977 0.08073309892008633 0.089627961545376444 -0.039060024332271334 -0.065587112644075476 -0.10614946786767307 0.038972960195233941
leaf_weight=3.6011875094845882 2.7698897193185972 4.0969563424587241 0.98633756674826045 0.50233845785260101 3.9491032818332306 1.6896249353885651 37.699974334798753 0.42062047868967034 0.66585218347609043 0.74023129418492295 0.6062454991042614 1.2542668730020523 1.0542257493361824 1.0565130449831484
leaf_count=412 363 321 18 52 527 10 265 10 74 10 7 6 20 19
internal_value=0.000142875 -0.0108641 -0.00566612 -0.00800973 0.0447297 0.0273375 -0.00151446 0.062719 0.017081 -0.00446485 0.0316867 -0.0209999 -0.000514018 -0.0335096
internal_weight=61.0934 48.9975 44.9006 43.9142 12.0958 8.14673 40.3131 3.85636 1.08647 4.29037 1.34648 2.94389 39.8107 2.11074
internal_count=2114 1107 786 768 1007 480 356 447 84 33 17 16 304 39
is_linear=0
shrinkage=0.08


Tree=53
num_leaves=15
num_cat=0
split_feature=6 1 10 10 10 10 12 15 0 2 1 13 1 1
split_gain=4.17866 2.09172 2.30025 1.14517 1.35107 0.969573 0.650231 0.546994 0.454753 1.00314 0.395931 1.96354 1.36806 1.10033
threshold=0.58335000000000015 9.5000000000000018 0.67500000000000016 0.68500000000000016 0.67500000000000016 1.0000000180025095e-35 2.5000000000000004 1.0000000180025095e-35 2.5000000000000004 1.0000000180025095e-35 13.500000000000002 1.0000000180025095e-35 12.500000000000002 16.500000000000004
decision_type=2 2 2 2 2 2 2 2 2 2 2 2 2 2
left_child=1 6 5 4 8 7 -1 10 -2 -10 12 13 -3 -12
right_child=3 2 -4 -5 -6 -7 -8 -9 9 -11 11 -13 -14 -15
leaf_value=-0.080658632537418812 0.08057214230223135 0.0023929423422917834 -0.080688078027940868 0.080561503053946201 -0.0040636220157239909 0.082977501506875287 -0.011777022279079822 -0.081498146279975966 -0.083386256540021936 0.080676240906763438 0.046096596205303771 -0.091073910574043015 -0.041518730259155347 -0.025502632437631116
leaf_weight=3.2801302163861683 2.5583931435830878 26.179469367489222 2.4181038644164792 3.6475283950567245 4.2689045518636703 0.87338649295270343 1.1972099393606184 0.54938369896262784 0.38960196077823617 0.61507465969771147 5.587277250364421 0.99734323006123293 5.4935720507055512 1.8215286228805778
leaf_count=407 363 203 286 527 33 30 6 42 10 74 36 24 51 22
internal_value=0.000142234 -0.0101505 -0.00484029 0.0435361 0.0262925 -0.000421035 -0.0622402 -0.00221384 0.0626622 0.0170547 -0.00112705 0.0143072 -0.00522338 0.0284932
internal_weight=59.8769 48.3974 43.9201 11.4795 7.83197 41.502 4.47734 40.6286 3.56307 1.00468 40.0792 8.40615 31.673 7.40881
internal_count=2114 1107 694 1007 480 408 413 378 447 84 336 82 254 58
is_linear=0
shrinkage=0.08


Tree=54
num_leaves=15
num_cat=0
split_feature=6 4 10 0 10 10 1 11 13 0 1 14 1 1
split_gain=3.7115 1.98137 1.50878 2.83692 1.11794 1.27926 0.427523 0.421406 1.05086 0.839124 0.733655 1.73188 0.723985 1.24125
threshold=0.58335000000000015 1.0000000180025095e-35 1.0000000180025095e-35 1.5000000000000002 0.68500000000000016 0.67500000000000016 9.5000000000000018 1.0000000180025095e-35 1.0000000180025095e-35 2.5000000000000004 12.500000000000002 1.0000000180025095e-35 17.500000000000004 15.500000000000002
decision_type=2 2 2 2 2 2 2 2 2 2 2 2 2 2
left_child=1 2 3 -1 5 -2 -5 9 10 -8 11 -9 13 -12
right_child=4 -3 -4 6 -6 -7 7 8 -10 -11 12 -13 -14 -15
leaf_value=-0.080621694792021276 0.062609843558377398 -0.065866089727480343 0.097731679999198351 -0.080680651891557154 0.080518039887975776 -0.0037304350412801636 -0.0036860311834746601 -0.0044224468109724697 -0.086541270367787998 -0.08797394988635647 0.002167025670385658 0.084279432311019017 0.068397086215801151 -0.11295857264287013
leaf_weight=3.1017446904443196 3.291853014379738 3.6801745397970071 0.90030597941949864 0.42870520520955224 3.3688368937000632 4.2777844853699207 25.849197299219671 2.9514262303709948 0.66638359427452165 0.77869067341089149 5.3358056545257568 2.6951834987848997 0.84309972263872612 0.67521471343934525
leaf_count=412 447 321 18 52 527 33 159 13 10 18 48 44 6 6
internal_value=0.00013473 -0.00946581 -0.00477255 -0.0069026 0.0421811 0.0251194 -0.00121794 -0.000361905 0.0113452 -0.0061509 0.0165633 0.0379159 -0.00102754 -0.010765
internal_weight=58.8444 47.9059 44.2258 43.3255 10.9385 7.56964 40.2237 39.795 13.1671 26.6279 12.5007 5.64661 6.85412 6.01102
internal_count=2114 1107 786 768 1007 480 356 304 127 177 117 57 60 54
is_linear=0
shrinkage=0.08


Tree=55
num_leaves=15
num_cat=0
split_feature=2 10 1 9 1 4 12 12 10 5 13 1 1 13
split_gain=3.41528 2.07172 2.10369 1.76205 1.76172 1.39475 1.22482 0.936537 0.601231 0.834765 0.683718 0.552675 1.58313 1.39147
threshold=1.0000000180025095e-35 0.68500000000000016 18.500000000000004 1.0000000180025095e-35 9.5000000000000018 1.5000000000000002 2.5000000000000004 2.5000000000000004 0.67500000000000016 1.0000000180025095e-35 1.0000000180025095e-35 13.500000000000002 12.500000000000002 1.0000000180025095e-35
decision_type=2 2 2 2 2 2 2 2 2 2 2 2 2 2
left_child=1 2 3 -1 5 7 8 -5 11 -10 -11 12 -6 -13
right_child=-2 -3 -4 4 6 -7 -8 -9 9 10 -12 13 -14 -15
leaf_value=0.076692093902628947 0.084993995186364926 0.080477967144175808 -0.09605500626303845 -0.089629306147670715 0.0019240009328380921 0.13080977754396958 0.083003248851397426 -0.0065787237603662473 -0.080594278588765209 0.020270202521201323 -0.067075375061271425 0.028240563413890602 -0.045983547930715921 -0.07769026613097374
leaf_weight=1.6619860623031844 2.88320284243673 1.7829542150720943 1.6519836843945075 3.0102574573829761 26.192124219145629 0.24463382735848416 1.0521165677346278 1.2216712757945059 1.5151021303609002 1.8773313611745837 0.82587318122386921 7.4713599099777621 5.309465752914547 0.88792857527732838
leaf_count=269 312 302 133 404 242 2 55 7 207 11 4 79 61 26
internal_value=0.000132246 -0.00434037 -0.00719793 -0.00433484 -0.00704944 -0.054918 -0.00230137 -0.0656543 -0.00433749 -0.0330584 -0.0064153 -0.00129807 -0.00615062 0.0169885
internal_weight=57.588 54.7048 52.9218 51.2699 49.6079 4.47656 45.1313 4.23193 44.0792 4.21831 2.7032 39.8609 31.5016 8.35929
internal_count=2114 1802 1500 1367 1098 413 685 411 630 222 15 408 303 105
is_linear=0
shrinkage=0.08


Tree=56
num_leaves=15
num_cat=0
split_feature=2 10 1 9 1 1 10 12 12 6 10 5 13 0
split_gain=3.13057 1.89453 1.91367 1.59855 1.59973 1.30188 2.67955 1.12091 0.535666 0.6157 0.529468 0.802504 0.570396 0.481632
threshold=1.0000000180025095e-35 0.68500000000000016 18.500000000000004 1.0000000180025095e-35 9.5000000000000018 6.5000000000000009 1.0000000180025095e-35 2.5000000000000004 2.5000000000000004 0.70835000000000015 0.67500000000000016 1.0000000180025095e-35 1.0000000180025095e-35 1.5000000000000002
decision_type=2 2 2 2 2 2 2 2 2 2 2 2 2 2
left_child=1 2 3 -1 5 6 -5 10 9 -4 13 -12 -13 -6
right_child=-2 -3 8 4 7 -7 -8 -9 -10 -11 11 12 -14 -15
leaf_value=0.076049626006749749 0.084665894534024858 0.080441009941188482 -0.081263376702329776 -0.080505455373223872 -0.080690691253831603 -0.094821159252097914 0.11077355813166168 0.082771418162192328 0.08712721848334791 -0.21432572120705462 -0.08054826009883842 0.018857379608233939 -0.060556054559234483 -0.00022089871277816914
leaf_weight=1.5466576949693251 2.6714286669157437 1.6465996494516719 1.1829957989975799 1.2024793806485821 0.48183693923056026 2.270021362695843 0.76811726391315449 0.97383585013449092 0.097783044911920913 0.27412678161635984 1.3993822247721244 1.8574012890458109 0.84092561900615681 39.465655381791294
leaf_count=269 312 302 120 193 60 216 4 55 3 10 207 11 4 348
internal_value=0.000129085 -0.00405242 -0.00670948 -0.00403394 -0.00654841 -0.0535217 -0.00594696 -0.0021237 -0.0941325 -0.106296 -0.00400073 -0.0313871 -0.00589158 -0.00119151
internal_weight=56.6792 54.0078 52.3612 50.8063 49.2597 4.24062 1.9706 45.019 1.55491 1.45712 44.0452 4.09771 2.69833 39.9475
internal_count=2114 1802 1500 1367 1098 413 197 685 133 130 630 222 15 408
is_linear=0
shrinkage=0.08


Tree=57
num_leaves=15
num_cat=0
split_feature=2 10 1 9 1 1 10 12 8 10 5 13 12 0
split_gain=2.8706 1.73374 1.70592 1.44991 1.467 1.168 2.43317 1.02669 0.523755 0.497123 0.76933 0.477309 0.475637 0.45595
threshold=1.0000000180025095e-35 0.68500000000000016 18.500000000000004 1.0000000180025095e-35 9.5000000000000018 6.5000000000000009 1.0000000180025095e-35 2.5000000000000004 1.0000000180025095e-35 0.67500000000000016 1.0000000180025095e-35 1.0000000180025095e-35 2.5000000000000004 1.5000000000000002
decision_type=2 2 2 2 2 2 2 2 2 2 2 2 2 2
left_child=1 2 3 -1 5 6 -5 8 9 13 -11 -12 -4 -6
right_child=-2 -3 12 4 7 -7 -8 -9 -10 10 11 -13 -14 -15
leaf_value=0.075323131758973594 0.084355308440884097 0.080406927067510292 -0.10238185640045525 -0.080466360338304496 -0.080637204944490934 -0.092888125526116888 0.10766022058013847 0.082557574011647025 -0.092290112113428246 -0.080505832121330112 0.017531748350520029 -0.05486204998342406 0.08654452211321742 0.00079454655061995992
leaf_weight=1.4409735230728973 2.4747519087977699 1.5206213062629093 1.3926099515520025 1.1105458079837256 0.44507461087778111 2.1373606296256185 0.72871617972850788 0.90119780972599883 0.42302034422755141 1.292445837054401 1.8388172760605814 0.85338869690895069 0.090848118998110183 39.041314544156194
leaf_count=269 312 302 130 193 60 216 4 55 4 207 11 4 3 344
internal_value=0.000130487 -0.00378623 -0.00626273 -0.00376486 -0.00610153 -0.0526686 -0.00593055 -0.00196761 -0.00370302 -0.00284097 -0.0297718 -0.00541599 -0.0908119 -0.000123319
internal_weight=55.6917 53.2169 51.6963 50.2129 48.7719 3.97662 1.83926 44.7953 43.8941 43.471 3.98465 2.69221 1.48346 39.4864
internal_count=2114 1802 1500 1367 1098 413 197 685 630 626 222 15 133 404
is_linear=0
shrinkage=0.08


Tree=58
num_leaves=15
num_cat=0
split_feature=2 10 1 9 1 1 10 12 8 10 5 12 0 13
split_gain=2.63366 1.58779 1.56419 1.31404 1.34317 1.04391 2.21346 0.940973 0.47986 0.435567 0.735662 0.433257 0.420337 0.400378
threshold=1.0000000180025095e-35 0.68500000000000016 18.500000000000004 1.0000000180025095e-35 9.5000000000000018 6.5000000000000009 1.0000000180025095e-35 2.5000000000000004 1.0000000180025095e-35 0.67500000000000016 1.0000000180025095e-35 2.5000000000000004 1.5000000000000002 1.0000000180025095e-35
decision_type=2 2 2 2 2 2 2 2 2 2 2 2 2 2
left_child=1 2 3 -1 5 6 -5 8 9 12 -11 -4 -6 -12
right_child=-2 -3 11 4 7 -7 -8 -9 -10 10 13 -13 -14 -15
leaf_value=0.074502899969020139 0.084061903679608835 0.080375486011910247 -0.10106796442956224 -0.080430304179812534 -0.08058788697534558 -0.090822343987970414 0.10493236927284327 0.082360300091360111 -0.091219707601547531 -0.080466705461344115 0.016289133561746098 0.086011937185651657 0.000730895331727555 -0.049843568675254815
leaf_weight=1.3442536513321091 2.2921350095421067 1.4042371436953534 1.3016139739193011 1.0256039258092635 0.41109688812866707 2.0161143401637673 0.68945387005805958 0.83382217958569427 0.39489177986979385 1.1936344178393477 1.8215085342526438 0.084361517801880725 39.045820625498891 0.86370563507080067
leaf_count=269 312 302 130 193 60 216 4 55 4 207 11 3 344 4
internal_value=0.000123985 -0.0035456 -0.00585512 -0.00351466 -0.00568619 -0.0517939 -0.00591444 -0.00182581 -0.00343101 -0.00263104 -0.0282113 -0.0896808 -0.000116355 -0.00498261
internal_weight=54.7223 52.4301 51.0259 49.6399 48.2957 3.73117 1.71506 44.5645 43.7307 43.3358 3.87885 1.38598 39.4569 2.68521
internal_count=2114 1802 1500 1367 1098 413 197 685 630 626 222 133 404 15
is_linear=0
shrinkage=0.08


Tree=59
num_leaves=15
num_cat=0
split_feature=2 10 1 9 1 4 12 12 8 12 10 5 1 1
split_gain=2.41697 1.45467 1.42739 1.18957 1.228 0.943406 0.862833 0.788346 0.440006 0.392986 0.381196 0.701844 0.410604 1.41852
threshold=1.0000000180025095e-35 0.68500000000000016 18.500000000000004 1.0000000180025095e-35 9.5000000000000018 1.5000000000000002 2.5000000000000004 2.5000000000000004 1.0000000180025095e-35 2.5000000000000004 0.67500000000000016 1.0000000180025095e-35 13.500000000000002 12.500000000000002
decision_type=2 2 2 2 2 2 2 2 2 2 2 2 2 2
left_child=1 2 3 -1 5 7 8 -5 10 -4 12 -12 13 -6
right_child=-2 -3 9 4 6 -7 -8 -9 -10 -11 11 -13 -14 -15
leaf_value=0.073579116408478487 0.083785248301844167 0.080346484927502224 -0.099353978867612908 -0.088675978955294443 0.0034889668702944719 0.11201645372138504 0.082178308557564611 -0.0050908717383692939 -0.090252373716918619 0.08552480056781539 -0.080430626055384188 -0.004586586438932453 0.015660810209395346 -0.041646405969730703
leaf_weight=1.2558673727326084 2.1226112223230293 1.296723200008272 1.2214662819169451 2.2189957471564412 25.705710554961119 0.21362707717344154 0.77135033207014103 1.0705911368131635 0.36827842518687148 0.078301011584699043 1.1023377100937062 2.6776463240385056 8.3329899022355658 5.390961257275193
leaf_count=269 312 302 130 404 238 2 55 7 4 3 207 15 105 61
internal_value=0.000118233 -0.0033165 -0.00546869 -0.00327858 -0.00529568 -0.0508939 -0.00169381 -0.0614733 -0.00317838 -0.0882165 -0.00243625 -0.0267046 -0.000109725 -0.00433576
internal_weight=53.8275 51.7048 50.4081 49.1084 47.8525 3.50321 44.3493 3.28959 43.5779 1.29977 43.2096 3.77998 39.4297 31.0967
internal_count=2114 1802 1500 1367 1098 413 685 411 630 133 626 222 404 299
is_linear=0
shrinkage=0.08


Tree=60
num_leaves=15
num_cat=0
split_feature=2 10 1 9 1 1 10 12 8 15 12 10 5 1
split_gain=2.21833 1.33261 1.29663 1.07492 1.10824 0.92699 1.9039 0.791297 0.40389 0.378484 0.354878 0.353411 0.669295 0.403438
threshold=1.0000000180025095e-35 0.68500000000000016 18.500000000000004 1.0000000180025095e-35 9.5000000000000018 6.5000000000000009 1.0000000180025095e-35 2.5000000000000004 1.0000000180025095e-35 1.0000000180025095e-35 2.5000000000000004 0.67500000000000016 1.0000000180025095e-35 13.500000000000002
decision_type=2 2 2 2 2 2 2 2 2 2 2 2 2 2
left_child=1 2 3 -1 5 6 -5 8 9 11 -4 13 -13 -6
right_child=-2 -3 10 4 7 -7 -8 -9 -10 -11 -12 12 -14 -15
leaf_value=0.072542196524390867 0.083524846300689889 0.080319741733690581 -0.097233508449813807 -0.080363358368605711 -0.0034724862032978129 -0.087842805645607674 0.10134424634626077 0.082010397174152205 -0.089376600820656266 -0.081594427003545147 0.08507891307208322 -0.080397342966808269 -0.0042109878998091007 0.01650697636000048
leaf_weight=1.1752282236702729 1.9652787349186827 1.1974088121205557 1.151183025445788 0.86748309712856941 31.004694763571024 1.8207915453240273 0.6422853022813797 0.71344483038410444 0.34315896779298682 0.38129777554422517 0.072644345462322124 1.0179900862276547 2.6829271391034126 8.173459477722643
leaf_count=269 312 302 130 193 277 216 4 55 4 31 3 207 15 96
internal_value=0.000114686 -0.00308421 -0.00507972 -0.00304099 -0.00490526 -0.0494107 -0.00306135 -0.00156053 -0.00292793 -0.00224218 -0.0864117 -0.00153655 -0.0251671 0.000695687
internal_weight=53.2093 51.244 50.0466 48.8228 47.6475 3.33056 1.50977 44.317 43.6035 43.2604 1.22383 42.8791 3.70092 39.1782
internal_count=2114 1802 1500 1367 1098 413 197 685 630 626 133 595 222 373
is_linear=0
shrinkage=0.08


Tree=61
num_leaves=15
num_cat=0
split_feature=2 10 1 9 1 1 10 12 8 0 1 13 1 11
split_gain=2.03702 1.22182 1.17117 0.970332 1.01019 0.820944 1.7375 0.72625 0.370839 0.362429 0.337174 1.50554 1.07675 0.683169
threshold=1.0000000180025095e-35 0.68500000000000016 18.500000000000004 1.0000000180025095e-35 9.5000000000000018 6.5000000000000009 1.0000000180025095e-35 2.5000000000000004 1.0000000180025095e-35 1.5000000000000002 12.500000000000002 1.0000000180025095e-35 13.500000000000002 1.0000000180025095e-35
decision_type=2 2 2 2 2 2 2 2 2 2 2 2 2 2
left_child=1 2 3 -1 5 6 -5 8 9 -6 13 12 -12 -11
right_child=-2 -3 -4 4 7 -7 -8 -9 -10 10 11 -13 -14 -15
leaf_value=0.07138316345600397 0.083280124442097259 0.080295058528959282 -0.084271796343642263 -0.080335302893073085 -0.080535341678042313 -0.08541799162260251 0.099326822566204259 0.081855468319671124 -0.088582392973028751 -0.0027107876265639852 -0.028737128116845756 -0.066465654954009454 0.017109080103353189 0.02820398717741858
leaf_weight=1.1017900272272516 1.8192961630411435 1.1056735920719791 1.1571829852182407 0.80105616012588077 0.37354056397452851 1.7265968034043906 0.60445049405097961 0.65978852566331525 0.31949984654784103 20.276865444611762 5.2260897341184345 2.5805417010560623 8.7980684475041908 5.9077400723472229
leaf_count=269 312 302 133 193 60 216 4 55 4 130 66 118 179 73
internal_value=0.000109221 -0.00287885 -0.00473544 -0.00283289 -0.00456259 -0.048465 -0.00307003 -0.0014475 -0.00271152 -0.00207588 -0.00139095 -0.0103087 2.45325e-05 0.00426417
internal_weight=52.4582 50.6389 49.5332 48.376 47.2742 3.1321 1.40551 44.1421 43.4823 43.1628 42.7893 16.6047 14.0242 26.1846
internal_count=2114 1802 1500 1367 1098 413 197 685 630 626 566 363 245 203
is_linear=0
shrinkage=0.08


Tree=62
num_leaves=15
num_cat=0
split_feature=2 10 1 9 1 1 10 12 15 12 10 5 11 14
split_gain=1.87082 1.12049 1.0352 0.874277 0.919518 0.72414 1.58747 0.666748 0.340661 0.333106 0.296372 0.296207 0.283754 0.919053
threshold=1.0000000180025095e-35 0.68500000000000016 18.500000000000004 1.0000000180025095e-35 9.5000000000000018 6.5000000000000009 1.0000000180025095e-35 2.5000000000000004 1.0000000180025095e-35 2.5000000000000004 0.67500000000000016 1.0000000180025095e-35 1.0000000180025095e-35 1.0000000180025095e-35
decision_type=2 2 2 2 2 2 2 2 2 2 2 2 2 2
left_child=1 2 3 -1 5 6 -5 8 12 10 -4 -12 -6 -14
right_child=-2 -3 9 4 7 -7 -8 -9 -10 -11 11 -13 13 -15
leaf_value=0.070094129372202468 0.083050476646324811 0.080272294115110943 -0.047854327034762029 -0.080309418254571052 -0.006122652735146436 -0.082885928178386456 0.097532840882150126 0.081712513401167849 -0.081494103779937072 0.085074874730244179 -0.08030665428562081 -0.19947135409558558 -0.023201772017965184 0.022636935162696617
leaf_weight=1.0350428528618056 1.6838779030367721 1.0209431378170837 0.50131781538948306 0.73969672829843991 30.118735394440591 1.6405775281600652 0.5678192675113678 0.610083875246345 0.34665475133806367 0.072592673823237308 0.30051271500997245 0.2402108907699585 4.1052459478378269 8.800011970102787
leaf_count=269 312 302 50 193 432 216 4 55 31 3 79 1 71 96
internal_value=0.000108809 -0.00267892 -0.00440449 -0.0026333 -0.00423734 -0.0474898 -0.00307728 -0.00133806 -0.00250632 -0.0806209 -0.0921639 -0.133244 -0.00186989 0.00805535
internal_weight=51.7833 50.0994 49.0785 47.9639 46.9288 2.94809 1.30752 43.9807 43.3706 1.11463 1.04204 0.540724 43.024 12.9053
internal_count=2114 1802 1500 1367 1098 413 197 685 630 133 130 80 599 167
is_linear=0
shrinkage=0.08


Tree=63
num_leaves=15
num_cat=0
split_feature=2 10 1 9 1 4 12 12 0 12 1 13 1 5
split_gain=1.71855 1.02801 0.906087 0.786267 0.835436 0.640938 0.66351 0.612366 0.322868 0.291539 0.276558 1.27805 0.970752 0.934908
threshold=1.0000000180025095e-35 0.68500000000000016 18.500000000000004 1.0000000180025095e-35 9.5000000000000018 1.5000000000000002 2.5000000000000004 2.5000000000000004 1.5000000000000002 2.5000000000000004 12.500000000000002 1.0000000180025095e-35 13.500000000000002 1.0000000180025095e-35
decision_type=2 2 2 2 2 2 2 2 2 2 2 2 2 2
left_child=1 2 3 -1 5 6 -5 8 -6 -4 -10 12 13 -12
right_child=-2 -3 9 4 7 -7 -8 -9 10 -11 11 -13 -14 -15
leaf_value=0.068668779213780812 0.0828352672428989 0.08025129040535138 -0.087255885715936135 -0.086764639148168371 -0.080482296515164559 0.1009860974088234 -0.0025587857667539711 0.08158059825238094 0.0033876749227313503 0.084666823617935191 -0.036894613276940623 -0.06255341764435797 0.015848758092433742 0.096689574224588584
leaf_weight=0.97450928506441314 1.5582901830784965 0.94268593937158485 1.0130223147571076 1.6660935999825595 0.33558453829027612 0.17663005460053671 0.93495930731296528 0.56405211659148236 26.299621389247477 0.067321309819817432 4.8704511560499695 2.4967678226530543 8.7685618004761618 0.36009435821324576
leaf_count=269 312 302 130 404 60 2 7 55 207 3 60 118 179 6
internal_value=0.000114859 -0.00249079 -0.00409812 -0.0024486 -0.0039399 -0.0464823 -0.0564965 -0.00123549 -0.00231853 -0.0765426 -0.0017056 -0.00982589 -0.000421829 -0.0276981
internal_weight=51.0286 49.4704 48.5277 47.4473 46.4728 2.77768 2.60105 43.6951 43.1311 1.08034 42.7955 16.4959 13.9991 5.23055
internal_count=2114 1802 1500 1367 1098 413 411 685 630 133 570 363 245 66
is_linear=0
shrinkage=0.08


Tree=64
num_leaves=15
num_cat=0
split_feature=2 10 1 6 9 1 12 12 10 1 5 1 14 1
split_gain=1.57913 0.943259 0.808125 0.720491 0.696974 1.02543 0.638998 0.51803 0.375297 0.567264 0.383473 0.296014 1.11719 1.10934
threshold=1.0000000180025095e-35 0.68500000000000016 18.500000000000004 1.2500000000000002 1.0000000180025095e-35 9.5000000000000018 2.5000000000000004 2.5000000000000004 0.67500000000000016 10.500000000000002 1.0000000180025095e-35 17.500000000000004 1.0000000180025095e-35 16.500000000000004
decision_type=2 2 2 2 2 2 2 2 2 2 2 2 2 2
left_child=1 2 3 4 -1 6 -6 8 11 -10 -11 13 -13 -7
right_child=-2 -3 -4 -5 5 7 -8 -9 9 10 -12 12 -14 -15
leaf_value=0.066724876693944668 0.082633825706648262 0.080231906967718966 -0.073808419857812266 0.098795019655134875 -0.086095876085182224 0.00036128197518119667 -0.0023537097102384612 0.081222794782371932 0.10685417243145075 -0.080353008151259828 -0.01881459795625199 -0.079016178539645834 0.10519255194796574 -0.098086973794996674
leaf_weight=0.89404573361389239 1.4418477762956161 0.87041049590334196 1.0325685259886075 0.44721182435750861 1.5494752014055841 37.830533404136077 0.93510101735591877 0.47647945769131084 0.18815627694129888 0.90044287033379111 2.3122527152299881 0.31626335578039189 0.63135036639869213 0.7469992155674835
leaf_count=261 312 302 133 16 404 373 7 54 1 207 13 8 6 17
internal_value=0.000114087 -0.00230761 -0.00379625 -0.00226555 -0.00323166 -0.00459466 -0.0545785 -0.00173334 -0.00265415 -0.0281553 -0.0360624 -0.00045996 0.0437134 -0.00154503
internal_weight=50.5731 49.1313 48.2609 47.2283 46.7811 45.8871 2.48458 43.4025 42.926 3.40085 3.2127 39.5251 0.947614 38.5775
internal_count=2114 1802 1500 1367 1351 1090 411 679 625 221 220 404 14 390
is_linear=0
shrinkage=0.08


Tree=65
num_leaves=15
num_cat=0
split_feature=2 10 1 6 9 1 12 12 10 5 4 12 1 1
split_gain=1.45158 0.866027 0.706448 0.651748 0.622682 0.916791 0.613329 0.475756 0.325396 0.502455 0.294819 0.273378 0.831865 0.746083
threshold=1.0000000180025095e-35 0.68500000000000016 18.500000000000004 1.2500000000000002 1.0000000180025095e-35 9.5000000000000018 2.5000000000000004 2.5000000000000004 0.67500000000000016 1.0000000180025095e-35 1.0000000180025095e-35 1.5000000000000002 15.500000000000002 14.500000000000002
decision_type=2 2 2 2 2 2 2 2 2 2 2 2 2 2
left_child=1 2 3 4 10 6 -6 8 11 -10 -1 12 13 -7
right_child=-2 -3 -4 -5 5 7 -8 -9 9 -11 -12 -13 -14 -15
leaf_value=-0.081096906757118392 0.082445493760766042 0.080214036059045937 -0.069928111823521141 0.097171220047368015 -0.085341730408666439 -0.0057134319135957561 -0.0021650943368418606 0.081128257436632281 -0.080325757504117426 -0.0085629060680489678 0.080241925039179485 0.009030112744286254 0.065819352123366814 -0.091784191301175447
leaf_weight=0.080057825893162682 1.3339105523191381 0.80366194061934848 1.0039089368656267 0.41944448975846071 1.4424876063130789 24.697332986397676 0.93523238599300373 0.44033773615956207 0.83148410939611439 2.5074330046772957 0.76647729612886906 13.083440840709953 1.0172987040132273 0.66182099841534991
leaf_count=6 312 302 133 16 404 185 7 54 207 14 255 191 21 7
internal_value=0.000111811 -0.00214378 -0.00352596 -0.00210408 -0.00300028 -0.00426189 -0.0526257 -0.00160237 -0.00245355 -0.0264339 0.0649839 -0.00042444 -0.00511416 -0.0079597
internal_weight=50.0243 48.6904 47.8868 46.8828 46.4634 45.6169 2.37772 43.2391 42.7988 3.33892 0.846535 39.4599 26.3765 25.3592
internal_count=2114 1802 1500 1367 1351 1090 411 679 625 221 261 404 213 192
is_linear=0
shrinkage=0.08


Tree=66
num_leaves=15
num_cat=0
split_feature=2 10 6 10 6 1 11 1 1 5 1 10 1 0
split_gain=1.33483 0.795551 0.625091 0.688565 1.33006 0.781716 0.576133 0.576655 0.6346 0.612096 0.423058 1.07082 0.32971 1.13104
threshold=1.0000000180025095e-35 0.68500000000000016 1.2500000000000002 0.67500000000000016 0.70835000000000015 9.5000000000000018 1.0000000180025095e-35 16.500000000000004 14.500000000000002 1.0000000180025095e-35 6.5000000000000009 1.0000000180025095e-35 16.500000000000004 2.5000000000000004
decision_type=2 2 2 2 2 2 2 2 2 2 2 2 2 2
left_child=1 2 3 4 5 10 7 8 -5 -10 11 -1 -7 -14
right_child=-2 -3 -4 6 -6 12 -8 -9 9 -11 -12 -13 13 -15
leaf_value=-0.080317685616556597 0.082269599744640626 0.080197535843266152 0.095114620606750896 -0.04533859070347105 0.078716425651026517 0.00047520442494912207 0.087140509665285942 -0.10757979776319782 -0.080320718039721947 0.092768392458533494 -0.088698074516898734 0.093242898362154991 -0.10476194969506143 0.021946822084642454
leaf_weight=0.60242453846149047 1.2338807100895781 0.74201993132010002 0.40962286479771037 2.6372061136644334 1.295719820074736 37.695453516673297 0.23359884694218624 0.70835293643176545 0.18294293247163285 0.45836425572633743 1.0148509347345678 0.36556340754032135 0.81112040509469707 1.0151237472891805
leaf_count=199 312 302 17 107 349 358 5 145 46 4 211 3 22 34
internal_value=0.000107055 -0.00199745 -0.00328334 -0.00414054 -0.00110053 -0.00359231 -0.0349696 -0.0421243 -0.0279821 0.043392 -0.0526087 -0.014772 -0.00113312 -0.0343305
internal_weight=49.4062 48.1724 47.4303 47.0207 42.8003 41.5045 4.22047 3.98687 3.27851 0.641307 1.98284 0.967988 39.5217 1.82624
internal_count=2114 1802 1500 1483 1176 827 307 302 157 50 413 202 414 56
is_linear=0
shrinkage=0.08


Tree=67
num_leaves=15
num_cat=0
split_feature=2 10 15 1 6 9 1 12 12 11 4 10 1 5
split_gain=1.22763 0.73093 0.605293 0.560277 0.524342 0.50754 0.589305 0.507375 0.418007 0.271207 0.25125 0.2434 0.497356 0.364823
threshold=1.0000000180025095e-35 0.68500000000000016 1.0000000180025095e-35 18.500000000000004 1.2500000000000002 1.0000000180025095e-35 9.5000000000000018 2.5000000000000004 2.5000000000000004 1.0000000180025095e-35 1.0000000180025095e-35 0.67500000000000016 10.500000000000002 1.0000000180025095e-35
decision_type=2 2 2 2 2 2 2 2 2 2 2 2 2 2
left_child=1 2 3 4 5 10 7 -7 11 -5 -1 -8 -13 -14
right_child=-2 -3 -4 9 -6 6 8 -9 -10 -11 -12 12 13 -15
leaf_value=-0.080933402556321629 0.08210547182450785 0.080182312808431355 -0.080878406665891911 -0.086909436689653688 0.094369850087484025 -0.08577049317811232 0.00029168058429488407 -0.0023087847233099908 0.081011359783330253 0.024445196841188423 0.080206368533824679 0.10546915917349928 -0.080279588241856242 -0.01493874334780265
leaf_weight=0.068399878218769028 1.1412000977434207 0.68509548623114724 0.63096515345387061 0.71158484136685629 0.36778072873130341 0.99221316725015529 38.922075770329684 0.87924429029226303 0.39704001927748223 0.174258585087955 0.65440937527455389 0.18316969275474493 0.71440062415786121 2.3322078287601471
leaf_count=6 312 302 155 110 16 292 373 7 54 11 255 1 207 13
internal_value=0.000106179 -0.00185509 -0.0030502 -0.00199179 -0.000765287 -0.00154035 -0.00262241 -0.0465587 -0.000689929 -0.0650043 0.0649576 -0.0014595 -0.0225629 -0.0302605
internal_weight=48.854 47.7128 47.0277 46.3968 45.5109 45.1432 44.4204 1.87146 42.5489 0.885843 0.722809 42.1519 3.22978 3.04661
internal_count=2114 1802 1500 1345 1224 1208 947 299 648 121 261 594 221 220
is_linear=0
shrinkage=0.08


Tree=68
num_leaves=15
num_cat=0
split_feature=2 10 15 6 10 6 4 10 0 11 1 1 5 1
split_gain=1.12934 0.671733 0.560873 0.504392 0.566198 1.13686 0.503172 0.692389 0.863587 0.483924 0.535466 0.563371 0.530636 0.299813
threshold=1.0000000180025095e-35 0.68500000000000016 1.0000000180025095e-35 1.2500000000000002 0.67500000000000016 0.70835000000000015 1.0000000180025095e-35 1.0000000180025095e-35 1.5000000000000002 1.0000000180025095e-35 16.500000000000004 14.500000000000002 1.0000000180025095e-35 13.500000000000002
decision_type=2 2 2 2 2 2 2 2 2 2 2 2 2 2
left_child=1 2 3 4 5 6 7 8 -1 10 11 -6 -13 -10
right_child=-2 -3 -4 -5 9 -7 -8 -9 13 -11 -12 12 -14 -15
leaf_value=-0.080314945127152065 0.081952460594634083 0.080168267640794696 -0.080811612687542042 0.092659565126070223 -0.040376035905776639 0.078504940963273248 -0.057519731040353468 0.088683730429644045 -0.0036161552141522574 0.086622731002708356 -0.10535307750677682 -0.080273131297706218 0.091823601985043121 0.014087237119962138
leaf_weight=0.87787430826574464 1.0553476642817248 0.63252915581688185 0.58291615219786663 0.3586387129034837 2.6154036538209766 1.1533357787411649 1.0200199247337867 0.54803806124254961 30.485313541255891 0.21151319332420815 0.62601064541377116 0.15598489576950658 0.43286890536546707 7.660860846284776
leaf_count=297 312 302 155 17 107 349 37 18 252 5 145 46 4 68
internal_value=0.000102567 -0.00172129 -0.00282976 -0.00184469 -0.00258492 0.000183197 -0.00204214 -0.000612139 -0.00186617 -0.0311753 -0.0376803 -0.0244592 0.0462359 -6.07993e-05
internal_weight=48.4167 47.3613 46.7288 46.1459 45.7872 41.7454 40.5921 39.5721 39.024 4.04178 3.83027 3.20426 0.588854 38.1462
internal_count=2114 1802 1500 1345 1328 1021 672 635 617 307 302 157 50 320
is_linear=0
shrinkage=0.08


Tree=69
num_leaves=15
num_cat=0
split_feature=2 10 15 1 9 4 1 12 12 11 14 1 1 0
split_gain=1.03904 0.617488 0.519599 0.468255 0.436313 0.426294 0.513615 0.440759 0.38076 0.227944 0.835771 2.9022 2.01031 1.12476
threshold=1.0000000180025095e-35 0.68500000000000016 1.0000000180025095e-35 18.500000000000004 1.0000000180025095e-35 1.5000000000000002 9.5000000000000018 2.5000000000000004 2.5000000000000004 1.0000000180025095e-35 1.0000000180025095e-35 11.500000000000002 12.500000000000002 2.5000000000000004
decision_type=2 2 2 2 2 2 2 2 2 2 2 2 2 2
left_child=1 2 3 4 -1 6 7 -6 9 -8 11 -11 -12 -14
right_child=-2 -3 -4 -5 5 -7 8 -9 -10 10 12 -13 13 -15
leaf_value=0.065325160881067129 0.081809925436887726 0.080155302538879369 -0.08074984641247443 -0.061680128760621143 -0.084652336029240743 0.092677543334676968 -0.0050471599640183329 -0.0034955301017588294 0.080951937089602743 0.024991496686588909 0.085049776979122652 -0.11975949865642545 -0.012388127110484815 0.10642623620384903
leaf_weight=0.63317492208443482 0.97583726060110976 0.58398859691806038 0.53849434468429436 0.81828068778850038 0.87961629137862363 0.30512741068377991 29.340611195191741 0.83469571173191071 0.36440667952410777 2.7156679658219192 2.3456608504056931 1.3160762931220231 5.706965456251055 0.55994988977909077
leaf_count=269 312 302 155 121 292 8 429 7 54 36 42 33 51 3
internal_value=0.000104567 -0.00159391 -0.00262372 -0.00170555 -0.000615023 -0.00155604 -0.00220858 -0.0451372 -0.000470815 -0.00117752 0.00780181 -0.0222594 0.0218741 -0.00177204
internal_weight=47.9186 46.9427 46.3587 45.8202 45.002 44.3688 44.0637 1.71431 42.3493 41.9849 12.6443 4.03174 8.61258 6.26692
internal_count=2114 1802 1500 1345 1224 955 947 299 648 594 165 69 96 54
is_linear=0
shrinkage=0.08


Tree=70
num_leaves=15
num_cat=0
split_feature=2 10 15 1 1 0 0 14 11 1 1 14 1 13
split_gain=0.956007 0.567701 0.481314 0.446814 1.19935 0.83213 0.79841 1.2212 0.476601 0.906285 0.718045 1.16661 2.93423 1.28784
threshold=1.0000000180025095e-35 0.68500000000000016 1.0000000180025095e-35 16.500000000000004 15.500000000000002 2.5000000000000004 2.5000000000000004 1.0000000180025095e-35 1.0000000180025095e-35 13.500000000000002 12.500000000000002 1.0000000180025095e-35 11.500000000000002 1.0000000180025095e-35
decision_type=2 2 2 2 2 2 2 2 2 2 2 2 2 2
left_child=1 2 3 4 5 8 -5 -8 -1 10 11 12 13 -10
right_child=-2 -3 -4 6 -6 -7 7 -9 9 -11 -12 -13 -14 -15
leaf_value=-0.0057828528776428722 0.081677244843054511 0.08014333537083404 -0.080692735309140409 -0.067540758381432808 0.091619021526244585 -0.087012666630474217 -0.088269197194929316 0.10375827840421593 0.051755736426615968 0.080522756639223925 -0.019569765523455285 0.057838437492468107 -0.14579548731317871 -0.084189092525584028
leaf_weight=28.812896166928113 0.90221538383047928 0.53916663909330864 0.4974304938223203 1.6302088936790817 0.9020947344833975 0.71769677475094695 0.35336342942900945 0.52963994443416595 2.5157832386903456 1.1523502392228682 4.326429768349044 3.1656291178660467 0.7842814658069982 0.54207636357750733
leaf_count=683 312 302 155 195 37 12 21 3 146 33 50 95 14 56
internal_value=0.000114887 -0.00146868 -0.00242671 -0.0015698 0.000350016 -0.0016095 -0.0343553 0.026912 -0.000125374 0.0129293 0.0060571 0.0218785 -0.00774969 0.0276564
internal_weight=47.3713 46.469 45.9299 45.4325 42.9192 42.0171 2.51321 0.883003 41.2994 12.4866 11.3342 7.00777 3.84214 3.05786
internal_count=2114 1802 1500 1345 1126 1089 219 24 1077 394 361 311 216 202
is_linear=0
shrinkage=0.08


Tree=71
num_leaves=15
num_cat=0
split_feature=2 10 15 6 10 6 4 10 0 11 1 1 5 13
split_gain=0.879963 0.522176 0.445648 0.419392 0.435288 1.02837 0.480671 0.603217 0.759476 0.418994 0.469168 0.452521 0.498789 0.234502
threshold=1.0000000180025095e-35 0.68500000000000016 1.0000000180025095e-35 1.2500000000000002 0.67500000000000016 0.70835000000000015 1.0000000180025095e-35 1.0000000180025095e-35 1.5000000000000002 1.0000000180025095e-35 16.500000000000004 14.500000000000002 1.0000000180025095e-35 1.0000000180025095e-35
decision_type=2 2 2 2 2 2 2 2 2 2 2 2 2 2
left_child=1 2 3 4 5 6 7 8 -1 10 11 13 -13 -6
right_child=-2 -3 -4 -5 9 -7 -8 -9 -10 -11 -12 12 -14 -15
leaf_value=-0.080300268165478625 0.081553822527142744 0.080132301384418306 -0.080639938394977476 0.090662290159600742 -0.015514605464201412 0.078476400869646024 -0.057822756556357213 0.087611508840326521 0.00013956429294660153 0.085996613471947203 -0.10206202819821941 -0.080263270659306996 0.090763187291575564 -0.064077378881424826
leaf_weight=0.76653421472292294 0.83405912143643846 0.49777931580319901 0.45947467628866334 0.31412776280194421 1.5345521469134842 1.0504239031579334 0.95385918859392305 0.49275051313452323 37.534594254451804 0.19741399958729733 0.54655524308327574 0.15003994666039933 0.40032835304737091 1.0872861267998815
leaf_count=297 312 302 155 17 59 349 37 18 320 5 145 46 4 48
internal_value=0.000117039 -0.00136001 -0.00225179 -0.00145191 -0.00209903 0.00034646 -0.0017183 -0.000338811 -0.00147031 -0.0275758 -0.0336049 -0.0218101 0.0441384 -0.0356538
internal_weight=46.8198 45.9857 45.4879 45.0285 44.7143 40.7982 39.7477 38.7939 38.3011 3.91618 3.71876 3.17221 0.550368 2.62184
internal_count=2114 1802 1500 1345 1328 1021 672 635 617 307 302 157 50 107
is_linear=0
shrinkage=0.08


Tree=72
num_leaves=15
num_cat=0
split_feature=2 10 15 6 1 1 0 0 14 11 1 1 14 1
split_gain=0.810153 0.480408 0.412548 0.382294 0.383024 1.06952 0.749126 0.723996 1.09957 0.428021 0.813323 0.616521 1.06574 2.5054
threshold=1.0000000180025095e-35 0.68500000000000016 1.0000000180025095e-35 1.2500000000000002 16.500000000000004 15.500000000000002 2.5000000000000004 2.5000000000000004 1.0000000180025095e-35 1.0000000180025095e-35 13.500000000000002 12.500000000000002 1.0000000180025095e-35 11.500000000000002
decision_type=2 2 2 2 2 2 2 2 2 2 2 2 2 2
left_child=1 2 3 4 5 6 9 -6 -9 -1 11 12 13 -11
right_child=-2 -3 -4 -5 7 -7 -8 8 -10 10 -12 -13 -14 -15
leaf_value=-0.0060446145766865902 0.081439081477875389 0.080122114998355601 -0.08059113105806287 0.089788031649273847 -0.066162775806386687 0.087728994432631227 -0.086452707467594508 -0.08773897018080741 0.10141375422208572 0.025731145548445491 0.07907910319643903 -0.017836535606763737 0.056135878089183258 -0.13583953291702386
leaf_weight=28.378319494309835 0.77097442431840946 0.45956428232602675 0.42439504282083262 0.29268478008452703 1.5195951794739806 0.86728717619553108 0.66203824058174987 0.32435891614295531 0.49970108270645142 2.9542104838183136 1.0532032042974595 4.3815876771695912 3.0087242809822783 0.77546223253011692
leaf_count=675 312 302 155 17 193 37 12 21 3 198 31 50 94 14
internal_value=0.000116153 -0.00125877 -0.00208727 -0.00134221 -0.00194261 -0.000189554 -0.00203969 -0.0334192 0.0269612 -0.000661574 0.0118875 0.00552355 0.0207133 -0.00786214
internal_weight=46.3721 45.6011 45.1416 44.7172 44.4245 42.0808 41.2135 2.34366 0.82406 40.5515 12.1732 11.12 6.7384 3.72967
internal_count=2114 1802 1500 1345 1328 1111 1074 217 24 1062 387 356 306 212
is_linear=0
shrinkage=0.08


Tree=73
num_leaves=15
num_cat=0
split_feature=2 10 15 6 10 6 1 5 1 10 1 1 0 14
split_gain=0.745952 0.442055 0.381856 0.348774 0.358669 0.953951 0.506312 0.394418 0.388268 0.670786 0.258158 1.08596 0.936868 0.975242
threshold=1.0000000180025095e-35 0.68500000000000016 1.0000000180025095e-35 1.2500000000000002 0.67500000000000016 0.70835000000000015 9.5000000000000018 1.0000000180025095e-35 6.5000000000000009 1.0000000180025095e-35 16.500000000000004 15.500000000000002 2.5000000000000004 1.0000000180025095e-35
decision_type=2 2 2 2 2 2 2 2 2 2 2 2 2 2
left_child=1 2 3 4 5 6 8 -6 9 -1 11 -8 -12 -14
right_child=-2 -3 -4 -5 7 -7 10 -9 -10 -11 12 -13 13 -15
leaf_value=-0.080289712140491465 0.081332468960234564 0.080112714822648826 -0.080546019945578057 0.088988928294985267 -0.080207624739512817 0.078346696931031273 -0.00041582121315264362 -0.013196096854826039 -0.090575858475518523 0.089077081127929766 -0.10054237745200212 0.10196158607103543 -0.087434803787221696 0.099348585690989893
leaf_weight=0.32900177489500382 0.71259420248679717 0.42427905788645048 0.39197652111761172 0.27250937942881037 0.68576409562956486 0.98095770075451483 35.870459183468483 3.1180146168917418 0.70807901804801077 0.27455268055200577 0.68856254639103898 0.67559933476149936 0.28867244184948504 0.47047564387321472
leaf_count=151 312 302 155 17 286 349 325 21 147 3 17 6 20 3
internal_value=0.000119366 -0.00116159 -0.00193208 -0.00123746 -0.00179513 0.00042202 -0.00152277 -0.0252773 -0.0503906 -0.00324595 0.00016426 0.00147675 -0.0329684 0.0283226
internal_weight=45.8915 45.1789 44.7546 44.3626 44.0901 40.2864 39.3054 3.80378 1.31163 0.603554 37.9938 36.5461 1.44771 0.759148
internal_count=2114 1802 1500 1345 1328 1021 672 307 301 154 371 331 40 23
is_linear=0
shrinkage=0.08


Tree=74
num_leaves=15
num_cat=0
split_feature=2 10 15 8 1 1 0 0 14 5 10 14 11 1
split_gain=0.687117 0.406944 0.353298 0.346359 0.328735 0.803169 0.677349 0.552959 0.911506 0.417763 0.442933 0.384391 0.31273 0.751943
threshold=1.0000000180025095e-35 0.68500000000000016 1.0000000180025095e-35 1.0000000180025095e-35 16.500000000000004 15.500000000000002 2.5000000000000004 2.5000000000000004 1.0000000180025095e-35 1.0000000180025095e-35 0.67500000000000016 1.0000000180025095e-35 1.0000000180025095e-35 13.500000000000002
decision_type=2 2 2 2 2 2 2 2 2 2 2 2 2 2
left_child=1 2 3 4 5 6 12 9 -9 -6 -11 -7 -1 -14
right_child=-2 -3 -4 -5 7 11 -8 8 -10 10 -12 -13 13 -15
leaf_value=-0.0039268851189768177 0.081233471368986482 0.080104030891890055 -0.080504327238067594 -0.087411597419881651 -0.093672851223784492 -0.01678285710283247 -0.086101983471743873 -0.086599817748790123 0.097518737351497575 0.080887910773231667 -0.066347112081885359 0.11056772527846231 0.0054236319188958534 0.07756869357052662
leaf_weight=28.184021106921136 0.65857655240688373 0.39169965451583166 0.36201973352581163 0.29589544027112324 0.88830004644114458 0.20087546180002291 0.58402622118592162 0.28175182559061784 0.44211767613887787 0.22614074358716607 0.31005845963954926 0.61947443906683475 10.980834528920239 1.0096046287799243
leaf_count=680 312 302 155 10 161 30 11 21 3 30 4 7 355 33
internal_value=0.000112765 -0.00108036 -0.00179681 -0.00114957 -0.000565845 0.00101088 -0.000566545 -0.0310812 0.0258542 -0.0600134 -0.00425109 0.0793839 0.000676905 0.0114983
internal_weight=45.4354 44.7768 44.3851 44.0231 43.7272 41.5788 40.7585 2.14837 0.72387 1.4245 0.536199 0.82035 40.1745 11.9904
internal_count=2114 1802 1500 1345 1335 1116 1079 219 24 195 34 37 1068 388
is_linear=0
shrinkage=0.08


Tree=75
num_leaves=15
num_cat=0
split_feature=2 10 15 8 6 1 1 0 0 14 5 10 14 9
split_gain=0.632996 0.37468 0.326835 0.31782 0.312277 0.298665 0.720819 0.613897 0.511047 0.830102 0.367319 0.37698 0.35226 0.286251
threshold=1.0000000180025095e-35 0.68500000000000016 1.0000000180025095e-35 1.0000000180025095e-35 1.2500000000000002 16.500000000000004 15.500000000000002 2.5000000000000004 2.5000000000000004 1.0000000180025095e-35 1.0000000180025095e-35 0.67500000000000016 1.0000000180025095e-35 1.0000000180025095e-35
decision_type=2 2 2 2 2 2 2 2 2 2 2 2 2 2
left_child=1 2 3 4 5 6 7 13 10 -10 -7 -12 -8 -1
right_child=-2 -3 -4 -5 -6 8 12 -9 9 -11 11 -13 -14 -15
leaf_value=0.060638105596504392 0.081141572457015809 0.080096024503126084 -0.080465795312214136 -0.086799596645059374 0.088357374268546549 -0.092642466136835286 -0.01551323589975412 -0.08560859333854498 -0.086107925930099555 0.095890994738113092 0.080822347760620014 -0.060960795900430464 0.10740197792751188 -0.000658457308775592
leaf_weight=0.49371305701788415 0.60860341787338157 0.36161903012543817 0.33433987153693934 0.27499331755097856 0.25152400846127321 0.82875344180501931 0.19996965024620195 0.54210484027862449 0.26151515310630191 0.414769247174263 0.19566400477197021 0.31044087745249271 0.58800313365645707 39.319261630647816
leaf_count=261 312 302 155 10 17 161 30 11 21 3 28 4 7 792
internal_value=0.000107906 -0.00100343 -0.00166973 -0.00106661 -0.000523454 -0.0010415 0.00042995 -0.00104971 -0.0311437 0.0255131 -0.0598479 -0.00614635 0.0762089 0.00010167
internal_weight=44.9853 44.3767 44.0151 43.6807 43.4057 43.1542 41.1431 40.3551 2.01114 0.676284 1.33486 0.506105 0.787973 39.813
internal_count=2114 1802 1500 1345 1335 1318 1101 1064 217 24 193 32 37 1053
is_linear=0
shrinkage=0.08


Tree=76
num_leaves=15
num_cat=0
split_feature=2 10 15 8 6 10 6 1 11 1 1 5 1 10
split_gain=0.583226 0.345025 0.30232 0.291786 0.28563 0.273499 0.803978 0.476366 0.37788 0.378979 0.388676 0.44052 0.349198 0.617615
threshold=1.0000000180025095e-35 0.68500000000000016 1.0000000180025095e-35 1.0000000180025095e-35 1.2500000000000002 0.67500000000000016 0.70835000000000015 9.5000000000000018 1.0000000180025095e-35 16.500000000000004 14.500000000000002 1.0000000180025095e-35 6.5000000000000009 1.0000000180025095e-35
decision_type=2 2 2 2 2 2 2 2 2 2 2 2 2 2
left_child=1 2 3 4 5 6 7 12 9 10 -7 -12 13 -1
right_child=-2 -3 -4 -5 -6 8 -8 -9 -10 -11 11 -13 -14 -15
leaf_value=-0.080285954196667883 0.081056314587265185 0.080088637585714703 -0.08043019365324415 -0.086241239890257643 0.087679278682782899 -0.03061945339574482 0.07815303009257249 0.00091136091288594029 0.085671922264058675 -0.099340878948288511 -0.080231106832962612 0.090000073337873174 -0.089987691910197079 0.088264021071114668
leaf_weight=0.3068184572039161 0.56237874564248969 0.33384599862620135 0.30876567726954718 0.25542738207150151 0.23390845721587439 2.6005473311524843 0.84582171647343685 37.16120400337968 0.19863782823085774 0.41707015724387009 0.13126400066539634 0.37589238584041595 0.64994413719978184 0.25458633899688721
leaf_count=151 312 302 155 10 17 107 349 367 5 145 46 4 141 3
internal_value=0.00010186 -0.000931115 -0.0015495 -0.000988713 -0.000484359 -0.000964596 0.00100263 -0.000697949 -0.0216852 -0.0277353 -0.0181254 0.0459402 -0.0500676 -0.00385176
internal_weight=44.6361 44.0737 43.7399 43.4311 43.1757 42.9418 39.2184 38.3726 3.72341 3.52477 3.1077 0.507156 1.21135 0.561405
internal_count=2114 1802 1500 1345 1335 1318 1011 662 307 302 157 50 295 154
is_linear=0
shrinkage=0.08


Tree=77
num_leaves=15
num_cat=0
split_feature=2 10 15 8 1 1 0 0 14 5 10 14 11 1
split_gain=0.537413 0.317754 0.279619 0.268023 0.26253 0.636457 0.571322 0.449525 0.758633 0.351507 0.321635 0.317638 0.262173 0.684223
threshold=1.0000000180025095e-35 0.68500000000000016 1.0000000180025095e-35 1.0000000180025095e-35 16.500000000000004 15.500000000000002 2.5000000000000004 2.5000000000000004 1.0000000180025095e-35 1.0000000180025095e-35 0.67500000000000016 1.0000000180025095e-35 1.0000000180025095e-35 13.500000000000002
decision_type=2 2 2 2 2 2 2 2 2 2 2 2 2 2
left_child=1 2 3 4 5 6 12 9 -9 -6 -11 -7 -1 -14
right_child=-2 -3 -4 -5 7 11 -8 8 -10 10 -12 -13 13 -15
leaf_value=-0.0036087011764853135 0.080977236994265206 0.080081812421183396 -0.080397295433349197 -0.085731370476809649 -0.091983376256151314 -0.015704442688004496 -0.085161508578652262 -0.085642250385027416 0.094424816530138345 0.08069871125722991 -0.05528620453137801 0.10465012075499538 0.0049217512491098415 0.075883266331709276
leaf_weight=28.030403240118176 0.51962743169860814 0.30820389394648273 0.28513854870106925 0.23713440028950472 0.75415183987934031 0.18778705527074535 0.50337577611207862 0.24374033336061973 0.38828368484973907 0.17855849268380553 0.29560074955224991 0.55546803283505142 10.863683787290935 0.94529504352249283
leaf_count=680 312 302 155 10 161 30 11 21 3 30 4 7 355 33
internal_value=9.82324e-05 -0.000861795 -0.00143571 -0.000914327 -0.000445997 0.000884962 -0.000466531 -0.0298406 0.0249819 -0.0580493 -0.00407712 0.0742419 0.000603601 0.0106021
internal_weight=44.2965 43.7768 43.4686 43.1835 42.9463 41.086 40.3428 1.86034 0.632024 1.22831 0.474159 0.743255 39.8394 11.809
internal_count=2114 1802 1500 1345 1335 1116 1079 219 24 195 34 37 1068 388
is_linear=0
shrinkage=0.08


Tree=78
num_leaves=15
num_cat=0
split_feature=2 10 6 15 9 1 12 1 0 1 0 14 1 10
split_gain=0.495278 0.292704 0.265323 0.255676 0.2456 0.46887 0.402216 0.34182 0.599649 0.655535 0.545324 0.692514 0.310231 0.504517
threshold=1.0000000180025095e-35 0.68500000000000016 1.2500000000000002 1.0000000180025095e-35 1.0000000180025095e-35 9.5000000000000018 2.5000000000000004 16.500000000000004 2.5000000000000004 15.500000000000002 2.5000000000000004 1.0000000180025095e-35 6.5000000000000009 1.0000000180025095e-35
decision_type=2 2 2 2 2 2 2 2 2 2 2 2 2 2
left_child=1 2 3 4 -1 12 7 8 9 -7 -9 -12 13 -6
right_child=-2 -3 -4 -5 5 6 -8 10 -10 -11 11 -13 -14 -15
leaf_value=0.05839446523981752 0.080903928303155737 0.080075512049714984 0.087137448411128901 -0.080366902768604087 -0.080124215947420835 0.00014841467898420711 0.081657745089464592 -0.071428575622474497 -0.084514948700520162 0.079887834247116693 -0.08521915575559047 0.093125084612426828 -0.074613244605951937 0.087528726819475433
leaf_weight=0.43669781996868451 0.48009360843570803 0.2845295153092583 0.21586564520839502 0.26331156294327129 0.22396766894962528 37.629305964801461 0.37911126494873215 1.0513230962678779 0.52525982074439426 0.67160340794362028 0.22607241838704784 0.36322849988937378 0.91952287091407925 0.23584748804569244
leaf_count=261 312 302 17 155 145 456 57 185 13 33 21 3 151 3
internal_value=9.4118e-05 -0.000799277 -0.00133267 -0.00177758 -0.00129252 -0.00190981 -0.000360667 -0.00112905 0.000382355 0.00154664 -0.0368973 0.0247072 -0.0477841 0.005868
internal_weight=43.9057 43.4256 43.1411 42.9253 42.6619 42.2252 40.8459 40.4668 38.8262 38.3009 1.64062 0.589301 1.37934 0.459815
internal_count=2114 1802 1500 1483 1328 1067 768 711 502 489 209 24 299 148
is_linear=0
shrinkage=0.08


Tree=79
num_leaves=15
num_cat=0
split_feature=2 10 8 6 15 9 1 12 1 0 1 0 14 1
split_gain=0.456507 0.269668 0.244415 0.240288 0.236507 0.213864 0.423026 0.366232 0.311877 0.534267 0.569108 0.476263 0.632783 0.267819
threshold=1.0000000180025095e-35 0.68500000000000016 1.0000000180025095e-35 1.2500000000000002 1.0000000180025095e-35 1.0000000180025095e-35 9.5000000000000018 2.5000000000000004 16.500000000000004 2.5000000000000004 15.500000000000002 2.5000000000000004 1.0000000180025095e-35 6.5000000000000009
decision_type=2 2 2 2 2 2 2 2 2 2 2 2 2 2
left_child=1 2 3 4 5 -1 13 8 9 10 -8 -10 -13 -7
right_child=-2 -3 -4 -5 -6 6 7 -9 11 -11 -12 12 -14 -15
leaf_value=0.056119650458867028 0.080835988443140105 0.080069706627851539 -0.085226120817439244 0.086561705894833529 -0.080341870690170014 0.0058338278144723036 0.00057474184350379224 0.081533620550895067 -0.06799524823982557 -0.084262236665194126 0.076106648747702663 -0.084826756238372977 0.091957995897588976 -0.071486031414952689
leaf_weight=0.41880224656779219 0.4435396344633763 0.26267212524544348 0.22060587053419922 0.2005405246745785 0.24038511671824281 0.42600294295698293 37.439315915573388 0.35047498595667903 1.0174916700925667 0.4666252788156261 0.64950615679845114 0.20961733965668816 0.33938337117433548 0.87682751473039389
leaf_count=261 312 302 13 17 152 148 453 57 185 12 33 21 3 145
internal_value=8.92453e-05 -0.000741363 -0.00123667 -0.000802087 -0.00121496 -0.000764163 -0.00133443 0.00010994 -0.000601316 0.000820397 0.00186274 -0.0355934 0.0244587 -0.0462038
internal_weight=43.5618 43.1183 42.8556 42.635 42.4344 42.194 41.7752 40.4724 40.1219 38.5554 38.0888 1.56649 0.549001 1.30283
internal_count=2114 1802 1500 1487 1470 1318 1057 764 707 498 486 209 24 293
is_linear=0
shrinkage=0.08


Tree=80
num_leaves=15
num_cat=0
split_feature=2 10 8 15 6 10 6 1 5 1 10 1 13 1
split_gain=0.420824 0.248481 0.224828 0.220759 0.217955 0.196545 0.70678 0.388375 0.363069 0.269671 0.530223 0.191954 0.946605 0.869585
threshold=1.0000000180025095e-35 0.68500000000000016 1.0000000180025095e-35 1.0000000180025095e-35 1.2500000000000002 0.67500000000000016 0.70835000000000015 9.5000000000000018 1.0000000180025095e-35 6.5000000000000009 1.0000000180025095e-35 12.500000000000002 1.0000000180025095e-35 13.500000000000002
decision_type=2 2 2 2 2 2 2 2 2 2 2 2 2 2
left_child=1 2 3 4 5 6 7 9 -7 10 -1 -9 13 -13
right_child=-2 -3 -4 -5 -6 8 -8 11 -10 -11 -12 12 -14 -15
leaf_value=-0.080304045490020501 0.080773041487210831 0.080064343701493942 -0.08480373626201182 -0.080315695046591071 0.086034229591741201 -0.080180996206124414 0.078253609890806694 0.0048662462479535503 -0.0080941941851680674 -0.088134481504815412 0.08685762949877264 -0.025405807932350644 -0.0872126900461455 0.019318328873542793
leaf_weight=0.2739277034997929 0.40974483930040051 0.2424925179220726 0.20461790997069229 0.22197281662374635 0.18621102790348132 0.52360176137881298 0.74258272297447447 24.549832544056699 3.0626617819070816 0.53822872857563198 0.21815722435712814 5.1337010781280661 0.88268920069094825 6.0745935151353478
leaf_count=151 312 302 13 152 17 286 349 214 21 141 3 54 34 65
internal_value=8.34923e-05 -0.000687991 -0.00114752 -0.000743882 -0.000325196 -0.000708079 0.000964067 -0.000559484 -0.018619 -0.049 -0.00619585 0.00080263 -0.00744824 -0.00116653
internal_weight=43.265 42.8553 42.6128 42.4082 42.1862 42 38.4137 37.6711 3.58626 1.03031 0.492085 36.6408 12.091 11.2083
internal_count=2114 1802 1500 1487 1335 1318 1011 662 307 295 154 367 153 119
is_linear=0
shrinkage=0.08


Tree=81
num_leaves=15
num_cat=0
split_feature=2 10 1 0 1 0 14 5 10 11 13 1 1 14
split_gain=0.388011 0.229006 0.207554 0.480723 0.435636 0.281473 0.504984 0.32631 0.282194 0.267977 0.660445 0.619265 0.703338 0.65697
threshold=1.0000000180025095e-35 0.68500000000000016 16.500000000000004 2.5000000000000004 15.500000000000002 2.5000000000000004 1.0000000180025095e-35 1.0000000180025095e-35 0.67500000000000016 1.0000000180025095e-35 1.0000000180025095e-35 13.500000000000002 12.500000000000002 1.0000000180025095e-35
decision_type=2 2 2 2 2 2 2 2 2 2 2 2 2 2
left_child=1 2 3 4 9 7 -7 -4 -9 -1 11 12 13 -11
right_child=-2 -3 5 -5 -6 6 -8 8 -10 10 -12 -13 -14 -15
leaf_value=-0.0043477109404331318 0.080714741707207577 0.080059389836023842 -0.090147415435219799 -0.083694326085230517 0.065780097992620162 -0.084603795019585842 0.077011349103349766 0.080683389308671152 -0.051028902442093543 0.0028541997822299089 -0.06892323219389819 0.082480995075285168 -0.014730823265444309 0.056918927073863604
leaf_weight=28.137477868003771 0.37850429036188771 0.22386208747047831 0.62659142864867934 0.43414594954810937 0.65242565015796472 0.19476286508142937 0.33929161727428436 0.16947517765220255 0.26990225352346897 3.1315216043731144 0.63986026920611117 0.79957326047588217 4.4033284073229879 2.6605986191425472
leaf_count=788 312 302 166 14 39 21 14 30 4 159 94 26 47 98
internal_value=7.30992e-05 -0.000642018 -0.00106751 3.93443e-05 0.00093861 -0.0293327 0.0180724 -0.0530828 -0.000225282 -0.000125049 0.0100869 0.014685 0.00936808 0.0276887
internal_weight=43.0613 42.6828 42.459 40.8589 40.4248 1.60002 0.534054 1.06597 0.439377 39.7724 11.6349 10.995 10.1954 5.79212
internal_count=2114 1802 1500 1265 1251 235 35 200 34 1212 424 330 304 257
is_linear=0
shrinkage=0.08


Tree=82
num_leaves=15
num_cat=0
split_feature=2 6 15 11 6 13 1 1 14 1 1 0 1 1
split_gain=0.357698 0.219672 0.209768 0.204697 0.530172 0.78048 0.456982 0.638877 1.18298 3.00935 0.488971 0.331606 0.266327 0.68343
threshold=1.0000000180025095e-35 1.2500000000000002 1.0000000180025095e-35 1.0000000180025095e-35 0.70835000000000015 1.0000000180025095e-35 10.500000000000002 12.500000000000002 1.0000000180025095e-35 11.500000000000002 7.5000000000000009 2.5000000000000004 13.500000000000002 14.500000000000002
decision_type=2 2 2 2 2 2 2 2 2 2 2 2 2 2
left_child=1 2 3 11 5 6 10 8 9 -8 -5 -1 -9 -14
right_child=-2 -3 -4 4 -6 -7 7 12 -10 -11 -12 -13 13 -15
leaf_value=-0.0033296967868692209 0.080660754727415823 0.085079882641265633 -0.080308711710605662 0.044174392549381623 0.081981154679471521 -0.084405741580267646 0.053129746904563548 -0.013809270041806557 0.083706614356078277 -0.13626996268848854 -0.088108059138857983 -0.083146223128680724 0.083419371554766045 -0.02353326283444182
leaf_weight=28.96784205589211 0.34962787508265947 0.19069271447369729 0.21224887075368215 0.25745987333356879 0.58991464227438051 0.60295999638037834 1.978445947170256 4.4251759839244187 1.9256621534004805 0.73686846811324347 0.58562643826007843 0.33700773818418284 0.6974292038939891 0.8464626744389534
leaf_count=985 312 42 155 9 345 62 12 42 54 5 38 23 13 17
internal_value=7.47195e-05 -0.000590513 -0.000977978 -0.000576607 0.00793024 0.00430687 0.00897722 0.0134818 0.0357451 0.0017314 -0.0477119 -0.00424759 -0.00382796 0.0247809
internal_weight=42.7034 42.3538 42.1631 41.9509 12.646 12.0561 11.4531 10.61 4.64098 2.71531 0.843086 29.3048 5.96907 1.54389
internal_count=2114 1802 1760 1605 597 252 190 143 71 17 47 1008 72 30
is_linear=0
shrinkage=0.08


Tree=83
num_leaves=15
num_cat=0
split_feature=10 8 15 2 6 1 1 0 0 14 14 5 10 11
split_gain=0.33312 0.204493 0.195279 0.193349 0.183907 0.172438 0.409684 0.358659 0.319635 0.519194 0.277908 0.271797 0.248941 0.196117
threshold=0.68500000000000016 1.0000000180025095e-35 1.0000000180025095e-35 1.0000000180025095e-35 1.2500000000000002 16.500000000000004 15.500000000000002 2.5000000000000004 2.5000000000000004 1.0000000180025095e-35 1.0000000180025095e-35 1.0000000180025095e-35 0.67500000000000016 1.0000000180025095e-35
decision_type=2 2 2 2 2 2 2 2 2 2 2 2 2 2
left_child=1 2 3 4 5 6 7 13 11 -10 -8 -7 -13 -1
right_child=-2 -3 -4 -5 -6 8 10 -9 9 -11 -12 12 -14 -15
leaf_value=-0.0034509882057582753 0.08005041662678633 -0.084423591032840958 -0.08028759291960208 0.081011758556909841 0.085132113223005762 -0.089159871101809451 -0.021557272104734425 -0.083317305147566093 -0.084218039743680626 0.090141598313988533 0.097568912907443683 0.080631779479405169 -0.050082591128635903 0.0091140037514575931
leaf_weight=27.639582901843823 0.33076004358008404 0.18522046104771916 0.19384263001847912 0.18860250705620174 0.16111380635993455 0.57272756635211297 0.17319222027435799 0.33219653367996116 0.17209247377468273 0.29954847693443298 0.45355465781176463 0.14459060964873061 0.26258855685591698 11.160106660681775
leaf_count=672 527 13 152 87 17 161 30 11 21 3 7 28 4 381
internal_value=8.03157e-05 -0.000550385 -0.000178321 0.000195322 -0.000173102 -0.000506608 0.000482183 -0.000545548 -0.0275901 0.0265212 0.0646502 -0.0536345 -0.0036655 0.00016313
internal_weight=42.2697 41.939 41.7537 41.5599 41.3713 41.2102 39.7586 39.1319 1.45155 0.471641 0.626747 0.979907 0.407179 38.7997
internal_count=2114 1587 1574 1422 1335 1318 1101 1064 217 24 37 193 32 1053
is_linear=0
shrinkage=0.08


Tree=84
num_leaves=15
num_cat=0
split_feature=10 8 15 2 6 1 1 0 0 14 12 14 6 11
split_gain=0.307361 0.188056 0.180213 0.178307 0.168827 0.155723 0.36584 0.33011 0.287057 0.475449 0.276955 0.257183 0.171935 0.166601
threshold=0.68500000000000016 1.0000000180025095e-35 1.0000000180025095e-35 1.0000000180025095e-35 1.2500000000000002 16.500000000000004 15.500000000000002 2.5000000000000004 2.5000000000000004 1.0000000180025095e-35 2.5000000000000004 1.0000000180025095e-35 0.70835000000000015 1.0000000180025095e-35
decision_type=2 2 2 2 2 2 2 2 2 2 2 2 2 2
left_child=1 2 3 4 5 6 7 13 10 -10 -7 12 -8 -1
right_child=-2 -3 -4 -5 -6 8 11 -9 9 -11 -12 -13 -14 -15
leaf_value=-0.0031791607403462811 0.080046532210359109 -0.084068537279458497 -0.080265562454289036 0.080934143488508803 0.084723166084326423 -0.066305422314994922 -0.080655136348439585 -0.08305552969669662 -0.083898223200671695 0.089267407733068432 0.083526898891057022 0.095943282280002221 0.085438974382644445 0.0084208261193762114
leaf_weight=27.604168534744531 0.30534421012271096 0.17167278658598562 0.17898642091313277 0.1742622462916178 0.14941547712078218 0.84066607593558618 0.10917645180597801 0.30758331250399251 0.15944237174699083 0.27911536395549774 0.087138910253997892 0.4254862554371357 0.0628490443341434 11.114451013796495
leaf_count=672 527 13 152 87 17 185 27 11 21 3 8 7 3 381
internal_value=7.52297e-05 -0.000510853 -0.00016514 0.000181885 -0.000160172 -0.000469586 0.00044607 -0.000505089 -0.0270231 0.0263112 -0.0522333 0.0625706 -0.0199731 0.000150697
internal_weight=41.9698 41.6644 41.4927 41.3138 41.1395 40.9901 39.6237 39.0262 1.36636 0.438558 0.927805 0.597512 0.172025 38.7186
internal_count=2114 1587 1574 1422 1335 1318 1101 1064 217 24 193 37 30 1053
is_linear=0
shrinkage=0.08


Tree=85
num_leaves=15
num_cat=0
split_feature=10 8 15 2 9 1 12 1 10 4 1 0 14 1
split_gain=0.283596 0.173 0.166318 0.164443 0.155037 0.306646 0.314965 0.268835 0.443589 0.227086 0.212307 0.330619 0.435686 0.325103
threshold=0.68500000000000016 1.0000000180025095e-35 1.0000000180025095e-35 1.0000000180025095e-35 1.0000000180025095e-35 9.5000000000000018 2.5000000000000004 6.5000000000000009 1.0000000180025095e-35 1.0000000180025095e-35 16.500000000000004 2.5000000000000004 1.0000000180025095e-35 15.500000000000002
decision_type=2 2 2 2 2 2 2 2 2 2 2 2 2 2
left_child=1 2 3 4 9 7 10 8 -6 -1 13 -12 -13 -7
right_child=-2 -3 -4 -5 5 6 -8 -9 -10 -11 11 12 -14 -15
leaf_value=-0.08093433520271108 0.080042958097449643 -0.083743063314775823 -0.080245216371874581 0.080862469444998003 -0.08010411317920775 0.00011892668156318581 0.081345000456279362 -0.067928957605605716 0.085325947354056228 0.08009575294331292 -0.062033811521122591 -0.083602223542634024 0.08847598900245833 0.061768940577277172
leaf_weight=0.068466525524853661 0.28188031743047659 0.15906483260914583 0.16526548791443829 0.16100113175343622 0.1876270092325274 37.25364961771993 0.30673941626446222 0.78681476903147995 0.23201438039541245 0.3089939943747595 0.82038813340477534 0.14768382877809927 0.25986660271883011 0.55560121813323249
leaf_count=6 527 13 152 87 145 468 58 146 4 263 187 21 3 34
internal_value=7.14983e-05 -0.00047283 -0.000151763 0.000170385 -0.00014704 -0.000622086 0.000596141 -0.0403499 0.0113601 0.0508869 -3.8353e-05 -0.0327757 0.0261201 0.00102486
internal_weight=41.6951 41.4132 41.2541 41.0888 40.9278 40.5504 39.3439 1.20646 0.419641 0.377461 39.0372 1.22794 0.40755 37.8093
internal_count=2114 1587 1574 1422 1335 1066 771 295 149 269 713 211 24 502
is_linear=0
shrinkage=0.08


Tree=86
num_leaves=15
num_cat=0
split_feature=10 8 15 2 9 1 12 1 10 4 1 0 14 1
split_gain=0.261672 0.159198 0.1535 0.151665 0.142916 0.27348 0.290519 0.232765 0.408208 0.20957 0.187611 0.287716 0.399495 0.282786
threshold=0.68500000000000016 1.0000000180025095e-35 1.0000000180025095e-35 1.0000000180025095e-35 1.0000000180025095e-35 9.5000000000000018 2.5000000000000004 6.5000000000000009 1.0000000180025095e-35 1.0000000180025095e-35 16.500000000000004 2.5000000000000004 1.0000000180025095e-35 15.500000000000002
decision_type=2 2 2 2 2 2 2 2 2 2 2 2 2 2
left_child=1 2 3 4 9 7 10 8 -6 -1 13 -12 -13 -7
right_child=-2 -3 -4 -5 5 6 -8 -9 -10 -11 11 12 -14 -15
leaf_value=-0.080861688248418398 0.080039655950754213 -0.083444551268963066 -0.080226420077041449 0.080796286529580555 -0.080096096162617272 0.00010940989027938639 0.08124379583535099 -0.064808962671986881 0.084890766948529262 0.080088378857228443 -0.058742015201180477 -0.083328346065080744 0.087758275784218617 0.058311794859845563
leaf_weight=0.063257044181226685 0.26021862827474151 0.14733928808709507 0.15259356517344613 0.14873958204407145 0.17321818508207687 37.254305152338929 0.28349458813317951 0.75985830835998058 0.21522951498627663 0.28526258748024702 0.79800866579171159 0.13675924838753417 0.24176891148090363 0.54203877795953204
leaf_count=6 527 13 152 87 145 468 58 146 4 263 187 21 3 34
internal_value=6.87669e-05 -0.000436305 -0.0001384 0.000160386 -0.000133916 -0.00057391 0.00055176 -0.0390564 0.0113192 0.0508756 -3.52063e-05 -0.0314953 0.025946 0.000944092
internal_weight=41.4621 41.2019 41.0545 40.9019 40.7532 40.4047 39.2564 1.14831 0.388448 0.34852 38.9729 1.17654 0.378528 37.7963
internal_count=2114 1587 1574 1422 1335 1066 771 295 149 269 713 211 24 502
is_linear=0
shrinkage=0.08


Tree=87
num_leaves=15
num_cat=0
split_feature=10 8 6 1 12 9 12 4 1 13 1 1 11 14
split_gain=0.241449 0.146535 0.145056 0.154511 0.283218 0.280535 0.206178 0.185927 0.155927 0.761034 5.97475 0.754519 0.716645 3.52471
threshold=0.68500000000000016 1.0000000180025095e-35 1.2500000000000002 9.5000000000000018 2.5000000000000004 1.0000000180025095e-35 2.5000000000000004 1.0000000180025095e-35 12.500000000000002 1.0000000180025095e-35 11.500000000000002 11.500000000000002 1.0000000180025095e-35 1.0000000180025095e-35
decision_type=2 2 2 2 2 2 2 2 2 2 2 2 2 2
left_child=1 2 3 5 8 7 -7 -1 9 11 -11 -5 -13 -14
right_child=-2 -3 -4 4 -6 6 -8 -9 -10 10 -12 12 13 -15
leaf_value=-0.080794756292877606 0.080036604981406453 -0.08317061510988108 0.084156665315269955 0.011730283428410383 0.081083269564302188 -0.078345516213059962 -0.0092704162855328197 0.08008206043454745 -0.0066862680890816687 -0.089194472410341175 0.21887671838090453 -0.031284564142872132 -0.12727221822511692 0.083476484037699555
leaf_weight=0.058440025895833858 0.24022085673641314 0.13644107076106493 0.13027294370112841 14.033018730173357 0.27735408826265384 0.56675452133640536 0.54009959846735001 0.21558000292861834 14.32807625128771 0.84972151805413776 0.76619573624338955 6.7012709421105683 0.7286722124554218 1.6762958765029907
leaf_count=6 527 13 17 145 79 395 7 213 571 25 12 55 7 42
internal_value=6.61988e-05 -0.000402258 -0.000125954 -0.000395452 0.000527326 -0.0266984 -0.0446397 0.045772 -4.43389e-05 0.00379995 0.0568791 9.31967e-05 -0.0178399 0.0196225
internal_weight=41.2484 41.0082 40.8718 40.7415 39.3606 1.38087 1.10685 0.27402 39.0833 24.7552 1.61592 23.1393 9.10624 2.40497
internal_count=2114 1587 1574 1557 936 621 402 219 857 286 37 249 104 49
is_linear=0
shrinkage=0.08


Tree=88
num_leaves=15
num_cat=0
split_feature=2 6 15 8 9 1 12 0 12 4 1 1 0 14
split_gain=0.230104 0.144924 0.136821 0.133392 0.120584 0.261078 0.311406 0.211679 0.181226 0.178334 0.160041 0.272209 0.246862 0.365915
threshold=1.0000000180025095e-35 1.2500000000000002 1.0000000180025095e-35 1.0000000180025095e-35 1.0000000180025095e-35 9.5000000000000018 2.5000000000000004 1.5000000000000002 2.5000000000000004 1.0000000180025095e-35 16.500000000000004 15.500000000000002 2.5000000000000004 1.0000000180025095e-35
decision_type=2 2 2 2 2 2 2 2 2 2 2 2 2 2
left_child=1 2 3 4 9 8 7 -7 -6 -1 11 -9 -12 -14
right_child=-2 -3 -4 -5 5 6 -8 10 -10 -11 12 -13 13 -15
leaf_value=-0.080733072159642968 0.080462011102953715 0.083523950063915942 -0.080209984209923563 -0.08295167256332496 -0.075935727946310788 -0.080424519137541284 0.080834701018929353 0.00039828064960142906 -0.0085311662078463441 0.080077084383710917 -0.05444494223023786 0.058241478596849319 -0.083055485479378008 0.087154113509463227
leaf_weight=0.053986491635440781 0.22643797186901693 0.13124425784917448 0.13796509121311729 0.12490702298236911 0.4842120824032452 0.20892715128138561 0.30653428111690928 36.884962094773073 0.53995509073138237 0.24187722563510761 0.7791952195111651 0.52814454567851399 0.12583091133274138 0.22604332119226456
leaf_count=6 312 42 155 10 288 45 226 491 7 255 206 47 21 3
internal_value=4.00437e-05 -0.000406581 -0.000677613 -0.000406712 -0.000151375 -0.000526966 0.000518506 -0.00011679 -0.0403991 0.0507339 0.000318515 0.00121483 -0.0293294 0.0262868
internal_weight=41.0002 40.7738 40.6425 40.5046 40.3797 40.0838 39.0596 38.7531 1.02417 0.295864 38.5442 37.4131 1.13107 0.351874
internal_count=2114 1802 1760 1605 1595 1334 1039 813 295 261 768 538 230 24
is_linear=0
shrinkage=0.08


Tree=89
num_leaves=15
num_cat=0
split_feature=2 6 4 10 10 0 11 1 1 13 1 1 1 1
split_gain=0.212242 0.136826 0.721925 0.47523 0.353288 0.518814 0.271052 0.213481 0.495167 0.187546 0.345644 0.237143 0.390932 0.145137
threshold=1.0000000180025095e-35 0.70835000000000015 1.0000000180025095e-35 0.67500000000000016 1.0000000180025095e-35 1.5000000000000002 1.0000000180025095e-35 18.500000000000004 14.500000000000002 1.0000000180025095e-35 11.500000000000002 12.500000000000002 13.500000000000002 12.500000000000002
decision_type=2 2 2 2 2 2 2 2 2 2 2 2 2 2
left_child=1 2 4 -3 5 -1 7 8 9 10 -5 -12 -13 -7
right_child=-2 3 -4 6 -6 13 -8 -9 -10 -11 11 12 -14 -15
leaf_value=-0.080246248780930035 0.080426868044903982 0.078864467549609435 -0.067640359491771884 0.10539270422541719 0.083945801051261773 0.003986351206049921 0.084122773684682073 -0.094423964738847732 0.088754365906877339 -0.040351052305096266 -0.054063203988573331 0.11124043154202061 -0.015328987289798967 -0.0070869072798213448
leaf_weight=0.51729453745065157 0.20911622923449513 0.60843925701919888 1.0380143984220911 0.1918555082811525 0.31828716688323666 23.804458260477986 0.23676293567405071 0.16095125992433157 0.35408654680941243 0.94675643203663629 0.48414470348507144 0.20832626865012571 0.62393753844662569 11.111536340555174
leaf_count=412 312 363 330 14 18 222 192 10 46 28 15 11 10 131
internal_value=3.78522e-05 -0.000376154 -0.00187165 0.0140445 3.78844e-05 -0.000715837 0.00174607 -0.00482072 0.00031321 -0.0124426 0.00507586 -0.00954448 0.016353 0.000462439
internal_weight=40.814 40.6049 36.7896 3.81526 35.7516 35.4333 3.20682 2.97006 2.80911 2.45502 1.50826 1.31641 0.832264 34.916
internal_count=2114 1802 1113 689 783 765 326 134 124 78 50 36 21 353
is_linear=0
shrinkage=0.08


Tree=90
num_leaves=15
num_cat=0
split_feature=10 8 15 11 13 6 1 14 1 4 1 1 1 1
split_gain=0.19579 0.124634 0.121782 0.114639 0.419285 0.321101 0.26496 0.605221 2.11793 0.834772 0.360545 0.456102 0.387458 0.185072
threshold=0.68500000000000016 1.0000000180025095e-35 1.0000000180025095e-35 1.0000000180025095e-35 1.0000000180025095e-35 0.70835000000000015 12.500000000000002 1.0000000180025095e-35 11.500000000000002 1.0000000180025095e-35 13.500000000000002 14.500000000000002 17.500000000000004 10.500000000000002
decision_type=2 2 2 2 2 2 2 2 2 2 2 2 2 2
left_child=1 2 3 13 6 -6 7 8 -5 -9 -8 -12 -13 -1
right_child=-2 -3 -4 4 5 -7 10 9 -10 -11 11 12 -14 -15
leaf_value=0.010370503555358604 0.080030054726360447 -0.082700684326012228 -0.080197553681433609 0.037956798451598474 -0.082722921968993432 0.08041533031940766 -0.012162178728698809 0.078959455560545261 -0.11990105532837488 -0.059445190875036476 0.082919951032915704 -0.065420180909464276 0.051763923593138382 -0.0057811121692101786
leaf_weight=5.6610044690314707 0.19490197839331713 0.11726455960888316 0.12113618516013858 2.3170816692290797 0.5118571455532227 0.09093449340434745 4.4925806488026865 1.7515453497762794 0.71082027768716205 0.33171808160841454 0.65577543585095532 0.37638907294603996 0.34711224076454528 22.9357744580484
leaf_count=388 527 13 152 144 68 48 50 57 13 12 20 28 44 550
internal_value=4.0708e-05 -0.000344985 -0.000105369 0.00013608 0.00684931 -0.0581126 0.0104147 0.0237329 0.000898609 0.0569213 -0.0011782 0.0345988 -0.00919908 -0.00258375
internal_weight=40.6159 40.421 40.3037 40.1826 11.5858 0.602792 10.983 5.11117 3.0279 2.08326 5.87186 1.37928 0.723501 28.5968
internal_count=2114 1587 1574 1422 484 116 368 226 157 69 142 92 72 938
is_linear=0
shrinkage=0.08


Tree=91
num_leaves=15
num_cat=0
split_feature=2 6 1 12 6 13 10 1 10 1 0 1 0 14
split_gain=0.190191 0.134266 0.126081 0.2798 0.209107 0.326324 0.197574 0.153864 0.341713 0.139286 0.338326 0.243796 0.178478 0.293511
threshold=1.0000000180025095e-35 1.2500000000000002 9.5000000000000018 2.5000000000000004 0.70835000000000015 1.0000000180025095e-35 0.67500000000000016 6.5000000000000009 1.0000000180025095e-35 16.500000000000004 2.5000000000000004 15.500000000000002 2.5000000000000004 1.0000000180025095e-35
decision_type=2 2 2 2 2 2 2 2 2 2 2 2 2 2
left_child=1 2 4 9 7 -6 -7 8 -1 10 11 -4 -11 -14
right_child=-2 -3 3 -5 5 6 -8 -9 -10 12 -12 -13 13 -15
leaf_value=-0.0802209559661924 0.080411321572730177 0.083556507524562007 0.0003602525507560885 0.080721115093780063 0.082993281982241054 0.080468203908728511 -0.099516811101092631 -0.085519074342918333 0.084073721855498343 -0.051559874662873151 -0.082703701955826533 0.056021726433402759 -0.083013744849547086 0.073906498857984254
leaf_weight=0.19558308145496883 0.18758329396950912 0.1217399328306773 36.667342307482613 0.2742151276615904 0.23045810259645805 0.051877934136427939 0.15765433013439178 0.40488176792860031 0.1383189931511879 0.71837519199470878 0.3107044214848419 0.51062557738623482 0.11722832766827196 0.21842876629671082
leaf_count=199 312 42 590 226 171 47 1 211 3 212 14 51 21 14
internal_value=4.4866e-05 -0.000330916 -0.000586255 0.000196476 -0.0263615 0.0172998 -0.0549545 -0.0523644 -0.0121619 -0.000376423 0.000429976 0.00112474 -0.0290575 0.0191021
internal_weight=40.305 40.1174 39.9957 38.8169 1.17877 0.43999 0.209532 0.738784 0.333902 38.5427 37.4887 37.178 1.05403 0.335657
internal_count=2114 1802 1760 1128 632 219 48 413 202 902 655 641 247 35
is_linear=0
shrinkage=0.08


Tree=92
num_leaves=15
num_cat=0
split_feature=2 6 1 12 6 13 10 1 10 1 0 1 14 0
split_gain=0.175455 0.123422 0.115801 0.258069 0.192576 0.299291 0.179434 0.140886 0.314833 0.12208 0.311032 0.211381 0.172737 0.153578
threshold=1.0000000180025095e-35 1.2500000000000002 9.5000000000000018 2.5000000000000004 0.70835000000000015 1.0000000180025095e-35 0.67500000000000016 6.5000000000000009 1.0000000180025095e-35 16.500000000000004 2.5000000000000004 15.500000000000002 1.0000000180025095e-35 2.5000000000000004
decision_type=2 2 2 2 2 2 2 2 2 2 2 2 2 2
left_child=1 2 4 9 7 -6 -7 8 -1 10 11 -4 -13 -11
right_child=-2 -3 3 -5 5 6 -8 -9 -10 13 -12 12 -14 -15
leaf_value=-0.080204049626117366 0.080379977697939614 0.083278298569324213 0.00033141243902580102 0.080666514946314077 0.08277817880394174 0.080432633133538739 -0.097668076284064043 -0.085094600201914491 0.083745228683964584 -0.048457015531780362 -0.082491772389424428 -0.023714960006558095 0.08166234432932358 0.018696534314466495
leaf_weight=0.18058245448628329 0.17322599442559194 0.11274030021740955 36.669334006350255 0.25329685892211173 0.21327006671344861 0.047909690765663981 0.14817465841770172 0.3755416207422968 0.12816499918699265 0.70385132104274706 0.28752326790708949 0.13726096192840387 0.36243825848214328 0.31572604621760547
leaf_count=199 312 42 590 226 171 47 1 211 3 212 14 40 11 35
internal_value=4.10733e-05 -0.000307406 -0.000544039 0.000180891 -0.0262162 0.0171872 -0.0541524 -0.0521809 -0.0121466 -0.000348963 0.000394505 0.00103568 0.0527166 -0.027662
internal_weight=40.109 39.9358 39.8231 38.7294 1.09364 0.409354 0.196084 0.684289 0.308747 38.4761 37.4566 37.169 0.499699 1.01958
internal_count=2114 1802 1760 1128 632 219 48 413 202 902 655 641 51 247
is_linear=0
shrinkage=0.08


Tree=93
num_leaves=15
num_cat=0
split_feature=2 6 8 15 11 13 6 1 14 1 4 1 1 1
split_gain=0.161864 0.113485 0.112452 0.109806 0.0994558 0.36638 0.313788 0.257418 0.60734 1.82746 0.671317 0.340342 0.421182 0.278654
threshold=1.0000000180025095e-35 1.2500000000000002 1.0000000180025095e-35 1.0000000180025095e-35 1.0000000180025095e-35 1.0000000180025095e-35 0.70835000000000015 12.500000000000002 1.0000000180025095e-35 11.500000000000002 1.0000000180025095e-35 13.500000000000002 14.500000000000002 17.500000000000004
decision_type=2 2 2 2 2 2 2 2 2 2 2 2 2 2
left_child=1 2 3 4 -1 7 -7 8 9 -6 -10 -9 -13 -14
right_child=-2 -3 -4 -5 5 6 -8 11 10 -11 -12 12 13 -15
leaf_value=-0.0025783683334579983 0.080351000619156634 0.083022173966043541 -0.082517847042095666 -0.08021860346749872 0.035244200304826667 -0.083718217168438733 0.080370385184249826 -0.012110044137850636 0.078632333048370195 -0.11332201418603538 -0.055753363246756504 0.082225597583501453 -0.060494368236499931 0.046025020622209249
leaf_weight=28.323155626043444 0.15996307297609647 0.10438044139300373 0.10670895001385261 0.10967719298787315 2.2759924051933891 0.46225423109717745 0.088936729298438877 4.4818564057350159 1.6059358682250602 0.69070183124858875 0.27927606599405397 0.615640171599807 0.33666497832746245 0.29481526656309143
leaf_count=1004 312 42 13 152 157 59 90 70 57 29 12 43 43 31
internal_value=3.84854e-05 -0.000284499 -0.000503688 -0.000282491 -6.02858e-05 0.00634643 -0.0572419 0.00965894 0.023218 0.000655211 0.0587244 -0.00182433 0.0351401 -0.0107643
internal_weight=39.936 39.776 39.6716 39.5649 39.4552 11.1321 0.551191 10.5809 4.85191 2.96669 1.88521 5.72898 1.24712 0.63148
internal_count=2114 1802 1760 1747 1595 591 149 442 255 186 69 187 117 74
is_linear=0
shrinkage=0.08


Tree=94
num_leaves=15
num_cat=0
split_feature=10 11 13 6 1 14 1 1 1 1 1 4 1 4
split_gain=0.155007 0.0904986 0.339096 0.266465 0.215092 0.549226 1.61682 0.666619 0.282548 0.39362 0.256156 0.199165 0.19074 0.382319
threshold=0.68500000000000016 1.0000000180025095e-35 1.0000000180025095e-35 0.70835000000000015 12.500000000000002 1.0000000180025095e-35 11.500000000000002 10.500000000000002 13.500000000000002 14.500000000000002 17.500000000000004 1.0000000180025095e-35 10.500000000000002 1.0000000180025095e-35
decision_type=2 2 2 2 2 2 2 2 2 2 2 2 2 2
left_child=1 -1 4 -4 5 6 12 11 -6 -10 -11 -7 13 -3
right_child=-2 2 3 -5 8 7 -8 -9 9 10 -12 -13 -14 -15
leaf_value=-0.0026436995939741119 0.080024863482926423 -0.091828847718826725 -0.082159034025683461 0.080387249973321653 -0.010493135100695317 0.027828591838351627 -0.10973050338093451 0.082626060017764014 0.081566495434117522 -0.059177248091610485 0.042227876554389074 -0.086797423347307043 0.042193183065205205 0.083515500117610192
leaf_weight=28.534174482163507 0.154473852715454 0.20355532816028854 0.43248336351825933 0.075868440137128346 4.5486295271839481 0.17574836750281941 0.6609306870959698 1.3919197793584317 0.5671474461269097 0.32889376539969817 0.30941350059583783 0.2165418416261673 1.9264180227182806 0.13067159836646169
leaf_count=1062 527 32 71 48 51 41 13 54 20 31 46 3 25 90
internal_value=4.30897e-05 -0.000269678 0.00590641 -0.0579 0.00900742 0.021693 0.000334855 0.0566662 -0.00136708 0.0330689 -0.0100221 -0.0354443 0.032514 -0.023275
internal_weight=39.6569 39.5024 10.9682 0.508352 10.4599 4.70579 2.92158 1.78421 5.75408 1.20545 0.638307 0.39229 2.26064 0.334227
internal_count=2114 1587 525 119 406 258 160 98 148 97 77 44 147 122
is_linear=0
shrinkage=0.08


Tree=95
num_leaves=15
num_cat=0
split_feature=2 8 15 6 4 10 10 0 11 1 1 13 1 1
split_gain=0.145343 0.103719 0.102069 0.0941644 0.552785 0.418123 0.267802 0.395539 0.182097 0.174677 0.443334 0.147923 0.308362 0.214304
threshold=1.0000000180025095e-35 1.0000000180025095e-35 1.0000000180025095e-35 0.70835000000000015 1.0000000180025095e-35 0.67500000000000016 1.0000000180025095e-35 1.5000000000000002 1.0000000180025095e-35 18.500000000000004 14.500000000000002 1.0000000180025095e-35 11.500000000000002 12.500000000000002
decision_type=2 2 2 2 2 2 2 2 2 2 2 2 2 2
left_child=1 2 3 4 6 -5 7 -1 9 10 11 12 -7 -14
right_child=-2 -3 -4 5 -6 8 -8 -9 -10 -11 -12 -13 13 -15
leaf_value=-0.080273070030287649 0.08033677518255497 -0.08231733946162588 -0.080201936413552832 0.078604924013518609 -0.063973430944046075 0.10287437927509871 0.083023831247332439 0.00082637913798964805 0.082823418209324706 -0.090086769160500388 0.088173725710941953 -0.036301586490561172 -0.05106784191527429 0.015879836926428196
leaf_weight=0.38930022803833608 0.14376858751347654 0.098305791791061803 0.10139619096298602 0.52342878215131294 0.87235109490575169 0.17971029486216306 0.24989923514658485 33.949901717482135 0.16538754054636218 0.14176431513624255 0.32843115809373546 0.9120131449017207 0.48535597015870713 0.82816034572897479
leaf_count=297 312 13 152 363 323 14 18 310 192 10 46 28 15 21
internal_value=4.68872e-05 -0.000247391 -4.1192e-05 0.000167081 -0.00107876 0.0125622 0.000507465 -9.30375e-05 0.00119405 -0.00350106 0.000989157 -0.0109157 0.00458909 -0.00885793
internal_weight=39.3692 39.2254 39.1271 39.0257 35.4615 3.56425 34.5891 34.3392 3.04082 2.87544 2.73367 2.40524 1.49323 1.31352
internal_count=2114 1802 1789 1637 948 689 625 607 326 134 124 78 50 36
is_linear=0
shrinkage=0.08


Tree=96
num_leaves=15
num_cat=0
split_feature=2 6 4 10 10 0 11 1 1 1 13 1 1 1
split_gain=0.13409 0.0882128 0.490787 0.387682 0.249093 0.396933 0.16718 0.157533 0.402876 0.13725 0.559407 3.55237 0.48961 0.413412
threshold=1.0000000180025095e-35 0.70835000000000015 1.0000000180025095e-35 0.67500000000000016 1.0000000180025095e-35 1.5000000000000002 1.0000000180025095e-35 18.500000000000004 14.500000000000002 14.500000000000002 1.0000000180025095e-35 11.500000000000002 15.500000000000002 16.500000000000004
decision_type=2 2 2 2 2 2 2 2 2 2 2 2 2 2
left_child=1 2 4 -3 5 -1 7 8 -5 10 -7 -12 -11 -14
right_child=-2 3 -4 6 -6 9 -8 -9 -10 12 11 -13 13 -15
leaf_value=-0.080231928590024731 0.080311059893718131 0.078275536457050141 -0.061885333257152113 -0.010066616352675743 0.082784368029218 -0.00098279185779925828 0.082610982061900234 -0.087896042223031809 0.087501243139993787 -0.088793442962821253 -0.091475638242066726 0.14415420403395465 0.080521439823724755 -0.031842728887522521
leaf_weight=0.39511756034335022 0.13275590768898737 0.48513916096999254 0.83871983256540161 2.3936520849674721 0.23132624564459447 31.036310313444119 0.1530486203264444 0.13399415044113983 0.30541524921136431 0.48715422279201337 0.70018023284501285 0.98630114272236824 0.33873026503715664 0.5495377165498212
leaf_count=412 312 363 330 78 18 259 192 10 46 8 26 14 7 39
internal_value=4.65471e-05 -0.000226431 -0.00141458 0.0119463 4.59935e-05 -0.000508883 0.00117014 -0.00322948 0.000973757 0.000414918 0.00145549 0.0463272 -0.0243415 0.011006
internal_weight=39.1674 39.0346 35.5634 3.47125 34.7247 34.4933 2.98611 2.83306 2.69907 34.0982 32.7228 1.68648 1.37542 0.888268
internal_count=2114 1802 1113 689 783 765 326 134 124 353 299 40 54 46
is_linear=0
shrinkage=0.08


Tree=97
num_leaves=15
num_cat=0
split_feature=2 1 12 6 13 1 1 14 14 12 1 1 1 13
split_gain=0.123775 0.0826284 0.230816 0.16196 0.196079 0.15337 0.0910843 2.55541 0.577975 0.856242 2.47766 0.871875 2.20052 0.977178
threshold=1.0000000180025095e-35 9.5000000000000018 2.5000000000000004 0.70835000000000015 1.0000000180025095e-35 8.5000000000000018 10.500000000000002 1.0000000180025095e-35 1.0000000180025095e-35 1.5000000000000002 11.500000000000002 12.500000000000002 13.500000000000002 1.0000000180025095e-35
decision_type=2 2 2 2 2 2 2 2 2 2 2 2 2 2
left_child=1 3 6 -1 -5 -6 7 -3 9 10 -8 13 -13 -12
right_child=-2 2 -4 4 5 -7 8 -9 -10 -11 11 12 -14 -15
leaf_value=-0.053092703626552523 0.080287296462610611 -0.072672955983489884 0.080563056937436969 0.081863045247662358 0.081558304305123827 -0.077545199352645547 -0.095847265942914095 0.046285488654241966 -0.0096406394486086896 -0.0084385926956001504 0.051790976333391109 -0.089006603212575502 0.079763232795736244 0.15488910765721919
leaf_weight=0.5193842248263526 0.12258395004027889 1.6738656898669422 0.22813107365800434 0.16256932803662494 0.052383728965651244 0.14926847588503733 0.7879065732995495 3.7334816630173009 20.952939256327227 5.8918596516159596 1.6237009417673109 0.76497246965300325 1.3981206364405805 0.92274165619164694
leaf_count=413 312 56 241 180 42 8 14 30 241 482 21 16 51 7
internal_value=2.62054e-05 -0.00022697 0.000335709 -0.0244111 0.0164891 -0.0362145 -0.000149126 0.00946143 -0.00175593 0.0127496 0.0354579 0.0574253 0.0200782 0.0891501
internal_weight=38.9839 38.8613 37.9777 0.883606 0.364222 0.201652 37.7496 5.40735 32.3422 11.3893 5.49744 4.70954 2.16309 2.54644
internal_count=2114 1802 1159 643 230 50 918 86 832 591 109 95 67 28
is_linear=0
shrinkage=0.08


Tree=98
num_leaves=15
num_cat=0
split_feature=2 11 13 6 0 1 14 1 1 1 1 1 14 1
split_gain=0.114295 0.104881 0.286965 0.239053 0.222921 0.212121 0.55628 1.42454 0.529812 0.261257 0.362863 0.214775 0.175587 2.97381
threshold=1.0000000180025095e-35 1.0000000180025095e-35 1.0000000180025095e-35 0.70835000000000015 2.5000000000000004 12.500000000000002 1.0000000180025095e-35 11.500000000000002 10.500000000000002 13.500000000000002 14.500000000000002 17.500000000000004 1.0000000180025095e-35 11.500000000000002
decision_type=2 2 2 2 2 2 2 2 2 2 2 2 2 2
left_child=1 4 5 -4 12 6 7 -3 -8 -7 -11 -12 13 -1
right_child=-2 2 3 -5 -6 9 8 -9 -10 10 11 -13 -14 -15
leaf_value=-0.070510216341062665 0.080265333702832231 0.031485277606791651 -0.082902225088316434 0.080268208094108451 -0.082093663751824503 -0.0094305531605006331 -0.031889097578051674 -0.10485530179017057 0.08244052060837008 0.081334999951310827 -0.056484893498336498 0.039941725465684946 -0.0068724617423109261 0.031060547685836434
leaf_weight=2.4382460965716799 0.1131889548705648 2.1848747396288641 0.36498848279006857 0.068200730500393547 0.22502372472081233 4.5761828632530523 0.32399038213770803 0.63242871288093727 1.3013824215740897 0.53481187281431608 0.30395341591793112 0.28781573532614857 18.007095333668985 7.5800403881003149
leaf_count=355 312 166 62 98 30 72 44 31 54 46 48 36 292 468
internal_value=-7.78515e-06 -0.000241786 0.00655272 -0.0572129 -0.00278605 0.00927538 0.0223813 0.000879523 0.0596509 -0.000934622 0.0335759 -0.00958637 -0.00214927 0.0063403
internal_weight=38.9422 38.829 10.5786 0.433189 28.2504 10.1454 4.44268 2.8173 1.62537 5.70276 1.12658 0.591769 28.0254 10.0183
internal_count=2114 1802 657 160 1145 497 295 197 98 202 130 84 1115 823
is_linear=0
shrinkage=0.08


Tree=99
num_leaves=15
num_cat=0
split_feature=2 1 14 12 14 12 12 5 1 1 1 1 13 13
split_gain=0.105464 0.102142 0.916607 2.03223 0.769078 1.93056 1.68828 1.11903 1.03817 0.629322 1.85333 0.804782 0.708458 0.607986
threshold=1.0000000180025095e-35 11.500000000000002 1.0000000180025095e-35 1.5000000000000002 1.0000000180025095e-35 1.5000000000000002 1.5000000000000002 1.0000000180025095e-35 12.500000000000002 12.500000000000002 13.500000000000002 14.500000000000002 1.0000000180025095e-35 1.0000000180025095e-35
decision_type=2 2 2 2 2 2 2 2 2 2 2 2 2 2
left_child=1 2 3 -1 5 9 -6 -7 -8 12 -11 -12 -3 -5
right_child=-2 4 -4 13 6 7 8 -9 -10 10 11 -13 -14 -15
leaf_value=-0.08621279900695733 0.08024504465706031 0.042741928694061841 0.018046641054752045 0.035174898754079802 -0.0402614367399751 -0.095461244290896211 0.082268171013888586 -2.3429024717756967e-05 -9.9793249264650517e-05 -0.088252970286377172 0.097707408563334028 -0.051245637400100755 0.12723673900423005 -0.070500162177248138
leaf_weight=1.9803831260942359 0.1045119212649287 1.7102220127708279 10.517690836815746 2.3846704199677338 7.7750598519633058 1.0988970698090272 1.1902076693368142 2.7640045950538479 5.5274537663499359 0.72358088381588492 1.1742860873346215 0.28934591644792806 1.0102376313880086 0.40806539935874742
leaf_count=326 312 21 287 187 73 297 53 312 103 16 14 37 7 69
internal_value=-9.73047e-06 -0.000227284 0.0048517 -0.0242237 -0.00356567 0.0151326 -0.0148813 -0.0271731 0.0144938 0.0484319 0.0164824 0.0682608 0.0741189 0.019734
internal_weight=38.6586 38.5541 15.2908 4.77312 23.2633 8.77057 14.4927 3.8629 6.71766 4.90767 2.18721 1.46363 2.72046 2.79274
internal_count=2114 1802 869 582 933 704 229 609 156 95 67 51 28 256
is_linear=0
shrinkage=0.08


Tree=100
num_leaves=15
num_cat=0
split_feature=6 2 1 13 14 12 12 5 1 1 1 1 13 6
split_gain=0.104689 0.0979088 0.0878995 0.873796 0.625996 1.67329 1.45685 0.994859 0.968694 0.49295 1.59511 0.647496 0.5427 0.418904
threshold=1.2500000000000002 1.0000000180025095e-35 11.500000000000002 1.0000000180025095e-35 1.0000000180025095e-35 1.5000000000000002 1.5000000000000002 1.0000000180025095e-35 12.500000000000002 12.500000000000002 13.500000000000002 14.500000000000002 1.0000000180025095e-35 0.70835000000000015
decision_type=2 2 2 2 2 2 2 2 2 2 2 2 2 2
left_child=1 2 3 13 5 9 -6 -7 -8 12 -11 -12 -4 -1
right_child=-2 -3 4 -5 6 7 8 -9 -10 10 11 -13 -14 -15
leaf_value=0.0065549453034117328 0.083112325334438367 0.080226297805589694 0.03825398975474386 -0.07699380551602221 -0.037695674998750629 -0.094338808767115576 0.082089966171403891 -0.0018238265824791881 -9.5942681826935444e-05 -0.087049670902551016 0.085869115353772174 -0.048763356625110638 0.11060964602256426 0.091708603531392333
leaf_weight=13.988780291983852 0.096646840538595735 0.096498295621130548 1.7553636986995116 0.80206848199304737 7.6454546177119482 1.0259886703861414 1.1006076697958631 2.7057109987363219 5.5275223802018445 0.67680910218041423 1.2268754894030278 0.28098090004641552 1.06651278026402 0.37977067095926109
leaf_count=371 42 312 20 247 73 297 51 290 102 16 14 36 7 236
internal_value=-4.4666e-05 -0.000254621 -0.00045802 0.00426941 -0.00357459 0.0132892 -0.0138985 -0.0272598 0.0135511 0.0435129 0.0149831 0.0607811 0.0656004 0.00880561
internal_weight=38.3756 38.2789 38.1824 15.1706 23.0118 8.73824 14.2736 3.7317 6.62813 5.00654 2.18467 1.50786 2.82188 14.3686
internal_count=2114 2072 1760 854 906 680 226 587 153 93 66 50 27 607
is_linear=0
shrinkage=0.08


Tree=101
num_leaves=15
num_cat=0
split_feature=8 6 2 1 14 12 13 14 12 12 5 1 1 1
split_gain=0.0965573 0.0959084 0.0899059 0.0851332 0.829894 1.77849 0.581613 0.532734 1.40737 1.25671 0.927402 0.903465 0.395335 1.38166
threshold=1.0000000180025095e-35 1.2500000000000002 1.0000000180025095e-35 11.500000000000002 1.0000000180025095e-35 1.5000000000000002 1.0000000180025095e-35 1.0000000180025095e-35 1.5000000000000002 1.5000000000000002 1.0000000180025095e-35 12.500000000000002 12.500000000000002 13.500000000000002
decision_type=2 2 2 2 2 2 2 2 2 2 2 2 2 2
left_child=1 2 3 4 5 -1 -7 8 12 -9 -10 -11 -5 -14
right_child=-2 -3 -4 7 -6 6 -8 9 10 11 -12 -13 13 -15
leaf_value=-0.08453288861145597 -0.082154678085668009 0.082867981273521088 0.080208978558234847 0.058771146450883383 0.016743732694604982 0.031574428665456712 -0.081439388723526032 -0.035270219105400784 -0.093285929115038885 0.081925418432858541 -0.0016769951024001946 -8.8260383668231339e-05 -0.085870274374207162 0.054456412264385162
leaf_weight=1.8500095017661777 0.091475157430976561 0.089468652746289901 0.089097608928567662 2.9018651910591871 10.521235134932795 2.340184727829183 0.3328997375210746 7.522755218698876 0.95736193982884321 1.0179467609850688 2.7071472593815997 5.5278621763864066 0.63300828170031342 1.5452756308659443
leaf_count=322 13 42 312 26 280 177 63 73 297 51 290 102 16 50
internal_value=-6.10531e-05 0.000136378 -5.86819e-05 -0.000247592 0.00442406 -0.0242329 0.0175 -0.00332834 0.0121779 -0.0129666 -0.0256101 0.0126658 0.0394358 0.0136775
internal_weight=38.1276 38.0361 37.9466 37.8576 15.0443 4.52309 2.67308 22.8132 8.74466 14.0686 3.66451 6.54581 5.08015 2.17828
internal_count=2114 2101 2059 1747 842 562 240 905 679 226 587 153 92 66
is_linear=0
shrinkage=0.08


Tree=102
num_leaves=15
num_cat=0
split_feature=15 4 11 1 14 6 14 1 10 1 1 1 13 1
split_gain=0.0891351 0.0684254 0.0630062 0.245827 1.44603 0.764672 0.605687 1.05795 0.789244 0.665397 0.307468 0.647954 0.303008 0.296003
threshold=1.0000000180025095e-35 1.5000000000000002 1.0000000180025095e-35 10.500000000000002 1.0000000180025095e-35 0.70835000000000015 1.0000000180025095e-35 11.500000000000002 0.67500000000000016 11.500000000000002 12.500000000000002 15.500000000000002 1.0000000180025095e-35 14.500000000000002
decision_type=2 2 2 2 2 2 2 2 2 2 2 2 2 2
left_child=1 2 3 4 5 -1 7 -5 13 -8 -11 -12 -7 -9
right_child=-2 -3 -4 6 -6 12 9 8 -10 10 11 -13 -14 -15
leaf_value=-0.090847222408792186 -0.080182764192844314 0.070582364537303932 0.0054018400608691688 -0.087432972537434928 0.039479704830190927 0.094080179965348121 0.0027146181110743249 0.041443337113248394 -0.016296313990975479 -0.046540709488095702 -0.026770969697008179 0.085340747389198321 -0.058571999442625186 -0.041628965099100579
leaf_weight=1.0359535654133676 0.088703478235401145 0.087961917786741561 9.9509039563272363 0.64650271969730955 3.7777501598757226 0.24750005395617325 6.4935605033824686 5.0077904258505441 2.6934273727383697 4.2175020810682327 2.8095758212875812 0.37382905758568075 0.12537717627128586 0.29043464083224524
leaf_count=212 155 41 782 31 71 106 41 69 461 25 23 32 4 61
internal_value=-8.23923e-05 0.000105784 -5.87828e-05 -0.00201909 0.0136838 -0.0554873 -0.0056336 0.0110012 0.0189643 -0.0159754 -0.0323741 -0.0136056 0.042752 0.0368895
internal_weight=37.8468 37.7581 37.6701 27.7192 5.18658 1.40883 22.5326 8.63816 7.99165 13.8945 7.40091 3.1834 0.372877 5.29823
internal_count=2114 1959 1918 1136 393 322 743 622 591 121 80 55 110 130
is_linear=0
shrinkage=0.08


Tree=103
num_leaves=15
num_cat=0
split_feature=8 2 6 4 10 10 0 11 1 1 1 13 14 1
split_gain=0.0892821 0.0822388 0.0685455 0.362087 0.350161 0.225083 0.307266 0.128086 0.143641 0.363421 0.106377 0.623203 0.405238 0.301945
threshold=1.0000000180025095e-35 1.0000000180025095e-35 0.70835000000000015 1.0000000180025095e-35 0.67500000000000016 1.0000000180025095e-35 1.5000000000000002 1.0000000180025095e-35 18.500000000000004 14.500000000000002 13.500000000000002 1.0000000180025095e-35 1.0000000180025095e-35 12.500000000000002
decision_type=2 2 2 2 2 2 2 2 2 2 2 2 2 2
left_child=1 2 3 5 -4 6 -1 8 9 -6 13 12 -12 -8
right_child=-2 -3 4 -5 7 -7 10 -9 -10 -11 11 -13 -14 -15
leaf_value=-0.080236111647535996 -0.081989101292058483 0.080190341033158627 0.077789069850690978 -0.0596607329437727 -0.0091090703772012272 0.082538705174873897 0.0022183022837093547 0.081786353052774138 -0.085907708029312885 0.086870776505462183 0.054051613921014131 -0.087125306325783289 0.0038615461712858063 -0.019292998659647575
leaf_weight=0.30652482710138329 0.085005482207633487 0.081856829594470493 0.4351769544591656 0.66368371111457136 2.3356648009357754 0.21018425957299669 22.306663671217397 0.11967767763417203 0.12683108606142912 0.28308243645005848 1.4229030528804276 0.39022726035909716 3.7244953590561636 5.1380609017796806
leaf_count=412 13 312 363 327 78 18 212 192 10 46 14 15 55 47
internal_value=-9.40474e-05 9.13707e-05 -8.36451e-05 -0.00114726 0.0109259 1.20047e-05 -0.000509065 0.000770643 -0.00276077 0.0012662 0.000231887 0.0103463 0.0177357 -0.00180893
internal_weight=37.63 37.545 37.4632 34.1627 3.30043 33.4991 33.2889 2.86526 2.74558 2.61875 32.9824 5.53763 5.1474 27.4447
internal_count=2114 2101 1789 1100 689 773 755 326 134 124 343 84 69 259
is_linear=0
shrinkage=0.08


Tree=104
num_leaves=15
num_cat=0
split_feature=6 4 10 10 0 1 1 1 1 13 0 1 1 1
split_gain=0.0646949 0.288582 0.246231 0.207911 0.282583 0.135993 0.249851 0.141195 0.127565 0.251989 0.111934 0.107145 0.458639 0.0922666
threshold=0.58335000000000015 1.0000000180025095e-35 0.67500000000000016 1.0000000180025095e-35 1.5000000000000002 14.500000000000002 18.500000000000004 19.500000000000004 11.500000000000002 1.0000000180025095e-35 2.5000000000000004 12.500000000000002 13.500000000000002 13.500000000000002
decision_type=2 2 2 2 2 2 2 2 2 2 2 2 2 2
left_child=1 3 10 4 -1 8 -7 -8 9 -4 -2 -10 -13 -6
right_child=2 -3 5 -5 13 6 7 -9 11 -11 -12 12 -14 -15
leaf_value=-0.080218000050146995 0.080347708431269288 -0.055946048698724236 0.095561043576586721 0.082338478154214953 -0.001830288272369827 0.085596239394628973 -0.082107831516475813 0.080691743340928726 -0.045574524629157502 -0.047424666388927818 -0.040759833145234917 0.1065385166779405 -0.019861699654868857 0.0094803567391080982
leaf_weight=0.28301938121148751 0.3965667176234996 0.6036683159036319 0.20403243110922709 0.19447717975708556 27.606552532161004 0.29742477985564608 0.12117914299597032 0.047444171854294837 0.49477406582445849 0.12860018351057079 0.055703615347738378 0.21214770062942978 1.3710327489243355 5.5425452995696096
leaf_count=412 363 321 34 18 272 191 36 128 42 17 84 47 65 84
internal_value=-8.77415e-05 -0.00112315 0.0105591 -0.000138965 -0.000618743 0.00193196 0.0414915 -0.0363022 -0.00571624 0.0402809 0.0654316 -0.0130793 -0.00292395 6.08571e-05
internal_weight=37.5592 34.2303 3.32891 33.6266 33.4321 2.87664 0.466048 0.168623 2.41059 0.332633 0.45227 2.07795 1.58318 33.1491
internal_count=2114 1107 1007 786 768 560 355 164 205 51 447 154 112 356
is_linear=0
shrinkage=0.08


Tree=105
num_leaves=15
num_cat=0
split_feature=11 1 6 1 14 6 14 1 1 1 10 1 1 13
split_gain=0.0646939 0.255982 0.219524 0.213688 1.21675 0.713956 0.528006 0.941386 0.599753 0.661048 0.550752 0.285699 0.833952 0.426962
threshold=1.0000000180025095e-35 10.500000000000002 0.70835000000000015 10.500000000000002 1.0000000180025095e-35 0.70835000000000015 1.0000000180025095e-35 11.500000000000002 11.500000000000002 15.500000000000002 0.67500000000000016 12.500000000000002 13.500000000000002 1.0000000180025095e-35
decision_type=2 2 2 2 2 2 2 2 2 2 2 2 2 2
left_child=3 2 -2 4 5 -1 7 -5 -8 -10 11 13 -13 -9
right_child=1 -3 -4 6 -6 -7 8 10 9 -11 -12 12 -14 -15
leaf_value=-0.090097865824910917 -0.060834489588710981 0.0088394757441698068 0.081544602319855747 -0.086302897151026875 0.035564421002126874 0.042979744585778808 0.0024784236064860675 0.024853810991085534 -0.036543027633685096 0.073713543957015112 -0.012452281102987014 -0.062940408240800536 0.042126232108263266 0.086569230298624109
leaf_weight=0.95046442851890123 0.56423476319468946 9.2869612653666973 0.079010906367329881 0.60334560190676789 3.8024971587001346 0.35415056948841084 6.5004500659997575 1.9024076764762849 6.893067174431053 0.3665249614350613 2.6600130673905369 0.68837455952598281 1.6244847504422066 1.1517987148836255
leaf_count=212 126 586 126 31 166 112 46 22 54 47 475 23 79 9
internal_value=-7.55943e-05 0.00545909 -0.0433458 -0.00207433 0.0126921 -0.0539726 -0.00544246 0.0100697 -0.0151718 -0.0309764 0.0173134 0.0320658 0.0108553 0.0481279
internal_weight=37.4278 9.93021 0.643246 27.4976 5.10711 1.30461 22.3905 8.63042 13.76 7.25959 8.02708 5.36707 2.31286 3.05421
internal_count=2114 838 252 1276 490 324 786 639 147 101 608 133 102 31
is_linear=0
shrinkage=0.08


Tree=106
num_leaves=15
num_cat=0
split_feature=12 1 1 0 1 0 14 5 10 14 5 9 1 13
split_gain=0.0698688 0.203725 0.0629421 0.20803 0.214048 0.158273 0.183437 0.153908 0.222868 0.0931004 0.0868394 0.0786842 0.0604325 0.550117
threshold=2.5000000000000004 8.5000000000000018 16.500000000000004 2.5000000000000004 15.500000000000002 2.5000000000000004 1.0000000180025095e-35 1.0000000180025095e-35 0.67500000000000016 1.0000000180025095e-35 1.0000000180025095e-35 0.7250000000000002 11.500000000000002 1.0000000180025095e-35
decision_type=2 2 2 2 2 2 2 2 2 2 2 2 2 2
left_child=2 -2 3 4 12 7 11 -4 -9 10 -6 -7 13 -1
right_child=1 -3 5 -5 9 6 -8 8 -10 -11 -12 -13 -14 -15
leaf_value=0.0072838083747852472 -0.023060218077601689 0.080802705465131144 -0.084894221981473145 -0.078450604530484511 -0.080165294755963248 -0.082546637204069032 0.073730704310659687 0.080514103211774352 -0.076782105315286481 0.079369199548618458 0.082525558850322173 0.080083304417868303 -0.0029127746963712921 -0.067073279891657137
leaf_weight=13.704848708643109 0.2360757159331105 0.24766489153989824 0.31038874539080907 0.21490707303018908 0.051802221918477609 0.10067723318934441 0.18635358203755459 0.1146036988357082 0.11600033918512054 0.31049769331002608 0.035310456980369054 0.023480598567402922 20.861220799706643 0.66781013573927417
leaf_count=580 7 393 166 45 26 21 27 25 23 11 14 115 417 244
internal_value=-8.98028e-05 0.0301154 -0.000487958 2.26767e-05 0.000495979 -0.0219845 0.0235412 -0.0481148 0.00138967 0.0588647 -0.0142198 -0.0517902 -0.000162706 0.00382889
internal_weight=37.1816 0.483741 36.6979 35.8464 35.6315 0.851504 0.310511 0.540993 0.230604 0.39761 0.0871127 0.124158 35.2339 14.3727
internal_count=2114 400 1714 1337 1292 377 163 214 48 51 40 136 1241 824
is_linear=0
shrinkage=0.08


Tree=107
num_leaves=15
num_cat=0
split_feature=15 4 11 1 1 6 1 14 6 14 1 1 10 13
split_gain=0.0818625 0.0651427 0.0610996 0.209238 0.19963 0.193333 0.181809 1.09208 0.596227 0.455592 0.844549 0.501933 0.492061 0.249821
threshold=1.0000000180025095e-35 1.5000000000000002 1.0000000180025095e-35 10.500000000000002 7.5000000000000009 0.70835000000000015 10.500000000000002 1.0000000180025095e-35 0.70835000000000015 1.0000000180025095e-35 11.500000000000002 11.500000000000002 0.67500000000000016 1.0000000180025095e-35
decision_type=2 2 2 2 2 2 2 2 2 2 2 2 2 2
left_child=1 2 6 4 -4 -6 7 8 -1 10 -8 -11 -12 -10
right_child=-2 -3 3 -5 5 -7 9 -9 13 11 12 -13 -14 -15
leaf_value=-0.089182191350002021 -0.080207559882135598 0.069561413338585357 0.040829875482947177 0.0083370029381173959 -0.085293125327879374 0.081786307321887255 -0.084693967488011168 0.032819738079660599 0.091739481106239376 0.0017452380877674796 0.029833591424156782 -0.029038666113513658 -0.012510340422827865 -0.05638965398182659
leaf_weight=0.87287227046909055 0.081432866732938147 0.086186367218032411 0.14582791819702734 9.1778963489487051 0.40134364180266857 0.049826924056105781 0.57079364132368926 3.783838748728158 0.20409208096680231 6.5268685875926167 5.3884113606472965 7.0528305906336755 2.6057134889779263 0.11332779203075916
leaf_count=212 155 41 113 562 61 46 31 71 106 41 130 80 461 4
internal_value=-8.49756e-05 9.14614e-05 -7.08257e-05 0.00535183 -0.0405404 -0.066841 -0.00202541 0.0117956 -0.0550385 -0.00512988 0.00931877 -0.0142429 0.0160314 0.0388532
internal_weight=37.0613 36.9798 36.8936 9.77489 0.596998 0.451171 27.1187 4.97413 1.19029 22.1446 8.56492 13.5797 7.99412 0.31742
internal_count=2114 1959 1918 782 220 107 1136 393 322 743 622 121 591 110
is_linear=0
shrinkage=0.08


Tree=108
num_leaves=15
num_cat=0
split_feature=8 12 1 1 0 1 0 14 5 10 14 5 9 1
split_gain=0.0826186 0.0673559 0.175186 0.060535 0.186811 0.204678 0.143514 0.17015 0.142027 0.198712 0.0837454 0.0803727 0.0727643 0.0553401
threshold=1.0000000180025095e-35 2.5000000000000004 8.5000000000000018 16.500000000000004 2.5000000000000004 15.500000000000002 2.5000000000000004 1.0000000180025095e-35 1.0000000180025095e-35 0.67500000000000016 1.0000000180025095e-35 1.0000000180025095e-35 0.7250000000000002 11.500000000000002
decision_type=2 2 2 2 2 2 2 2 2 2 2 2 2 2
left_child=1 3 -3 4 5 13 8 12 -5 -10 11 -7 -8 -1
right_child=-2 2 -4 6 -6 10 7 -9 9 -11 -12 -13 -14 -15
leaf_value=0.0038441417498233117 -0.081858397581796097 -0.019629588248638238 0.080691811782164072 -0.084561864221155719 -0.07771222059693346 -0.080152015282614605 -0.082357970144308401 0.072661030351735698 0.08046696198752433 -0.073689521723568976 0.078546067340194384 0.08235567684319009 0.080078525521465119 -0.0026395189311153862
leaf_weight=14.167467618884983 0.078921233493018828 0.22076498882233764 0.22488121553033125 0.28918750684533634 0.19591602201398828 0.047412418993188932 0.094987900927662849 0.17422731419355841 0.10431731748394668 0.10988991043996066 0.29908210877329111 0.033059087887522765 0.021677248834748752 20.786809254852415
leaf_count=812 13 7 393 166 44 26 21 27 25 23 11 14 115 417
internal_value=-9.36168e-05 8.18804e-05 0.0309944 -0.000297374 0.000190928 0.000622879 -0.0221399 0.0225939 -0.0479899 0.00138353 0.0590539 -0.013391 -0.0521761 -1.15987e-05
internal_weight=36.8486 36.7697 0.445646 36.324 35.5297 35.3338 0.794287 0.290892 0.503395 0.214207 0.379554 0.0804715 0.116665 34.9543
internal_count=2114 2101 400 1701 1324 1280 377 163 214 48 51 40 136 1229
is_linear=0
shrinkage=0.08


Tree=109
num_leaves=15
num_cat=0
split_feature=12 1 1 0 1 0 14 5 10 14 5 9 12 1
split_gain=0.0605622 0.162838 0.0543492 0.174825 0.18571 0.130839 0.153788 0.131734 0.180122 0.0742188 0.0741121 0.0670458 0.0570026 0.344877
threshold=2.5000000000000004 8.5000000000000018 16.500000000000004 2.5000000000000004 15.500000000000002 2.5000000000000004 1.0000000180025095e-35 1.0000000180025095e-35 0.67500000000000016 1.0000000180025095e-35 1.0000000180025095e-35 0.7250000000000002 1.5000000000000002 14.500000000000002
decision_type=2 2 2 2 2 2 2 2 2 2 2 2 2 2
left_child=2 -2 3 4 12 7 11 -4 -9 10 -6 -7 13 -1
right_child=1 -3 5 -5 9 6 -8 8 -10 -11 -12 -13 -14 -15
leaf_value=-0.0013210501837724608 -0.018127383526630569 0.080639287488672218 -0.084204992768181261 -0.077003958003796807 -0.080140308433741522 -0.082177332251981372 0.07075676051571364 0.080430954293946866 -0.0710010792339279 0.076417854787039941 0.082170356492779359 0.080072502792891687 0.0044387262392025393 -0.087161150528607456
leaf_weight=23.202608496358156 0.21996978535025746 0.20772125708754174 0.26803913220646691 0.18765972313121793 0.043773313402197256 0.08786980778677389 0.16498698416398838 0.096338385017588735 0.105126488750102 0.28346667843288742 0.03058341694122646 0.020012066626804881 11.526971651866914 0.30346381000708689
leaf_count=634 7 393 166 45 26 21 27 25 23 11 14 115 602 5
internal_value=-8.67474e-05 0.0298417 -0.000439165 7.85372e-06 0.000416208 -0.0218627 0.0221918 -0.0474666 0.00141213 0.0577574 -0.0133809 -0.05208 -0.000169468 -0.00242925
internal_weight=36.7486 0.427691 36.3209 35.5785 35.3909 0.742373 0.272869 0.469504 0.201465 0.357823 0.0743567 0.107882 35.033 23.5061
internal_count=2114 400 1714 1337 1292 377 163 214 48 51 40 136 1241 639
is_linear=0
shrinkage=0.08


end of trees

feature_importances:
Column_1=420
Column_10=249
Column_0=166
Column_6=106
Column_2=90
Column_14=83
Column_12=82
Column_15=74
Column_11=64
Column_13=62
Column_4=47
Column_5=43
Column_8=31
Column_9=23

parameters:
[boosting: gbdt]
[objective: binary]
[metric: binary_logloss]
[tree_learner: serial]
[device_type: cpu]
[data_sample_strategy: bagging]
[data: ]
[valid: ]
[num_iterations: 150]
[learning_rate: 0.08]
[num_leaves: 15]
[num_threads: 0]
[seed: 0]
[deterministic: 0]
[force_col_wise: 0]
[force_row_wise: 0]
[histogram_pool_size: -1]
[max_depth: -1]
[min_data_in_leaf: 5]
[min_sum_hessian_in_leaf: 0.001]
[bagging_fraction: 1]
[pos_bagging_fraction: 1]
[neg_bagging_fraction: 1]
[bagging_freq: 0]
[bagging_seed: 3]
[bagging_by_query: 0]
[feature_fraction: 1]
[feature_fraction_bynode: 1]
[feature_fraction_seed: 2]
[extra_trees: 0]
[extra_seed: 6]
[early_stopping_round: 0]
[early_stopping_min_delta: 0]
[first_metric_only: 0]
[max_delta_step: 0]
[lambda_l1: 0]
[lambda_l2: 0]
[linear_lambda: 0]
[min_gain_to_split: 0]
[drop_rate: 0.1]
[max_drop: 50]
[skip_drop: 0.5]
[xgboost_dart_mode: 0]
[uniform_drop: 0]
[drop_seed: 4]
[top_rate: 0.2]
[other_rate: 0.1]
[min_data_per_group: 100]
[max_cat_threshold: 32]
[cat_l2: 10]
[cat_smooth: 10]
[max_cat_to_onehot: 4]
[top_k: 20]
[monotone_constraints: ]
[monotone_constraints_method: basic]
[monotone_penalty: 0]
[feature_contri: ]
[forcedsplits_filename: ]
[refit_decay_rate: 0.9]
[cegb_tradeoff: 1]
[cegb_penalty_split: 0]
[cegb_penalty_feature_lazy: ]
[cegb_penalty_feature_coupled: ]
[path_smooth: 0]
[interaction_constraints: ]
[verbosity: -1]
[saved_feature_importance_type: 0]
[use_quantized_grad: 0]
[num_grad_quant_bins: 4]
[quant_train_renew_leaf: 0]
[stochastic_rounding: 1]
[linear_tree: 0]
[max_bin: 255]
[max_bin_by_feature: ]
[min_data_in_bin: 3]
[bin_construct_sample_cnt: 200000]
[data_random_seed: 1]
[is_enable_sparse: 1]
[enable_bundle: 1]
[use_missing: 1]
[zero_as_missing: 0]
[feature_pre_filter: 0]
[pre_partition: 0]
[two_round: 0]
[header: 0]
[label_column: ]
[weight_column: ]
[group_column: ]
[ignore_column: ]
[categorical_feature: ]
[forcedbins_filename: ]
[precise_float_parser: 0]
[parser_config_file: ]
[objective_seed: 5]
[num_class: 1]
[is_unbalance: 0]
[scale_pos_weight: 1]
[sigmoid: 1]
[boost_from_average: 1]
[reg_sqrt: 0]
[alpha: 0.9]
[fair_c: 1]
[poisson_max_delta_step: 0.7]
[tweedie_variance_power: 1.5]
[lambdarank_truncation_level: 30]
[lambdarank_norm: 1]
[label_gain: ]
[lambdarank_position_bias_regularization: 0]
[eval_at: ]
[multi_error_top_k: 1]
[auc_mu_weights: ]
[num_machines: 1]
[local_listen_port: 12400]
[time_out: 120]
[machine_list_filename: ]
[machines: ]
[gpu_platform_id: -1]
[gpu_device_id: -1]
[gpu_device_id_list: ]
[gpu_use_dp: 0]
[num_gpu: 1]

end of parameters

pandas_categorical:null
