tree
version=v4
num_class=1
num_tree_per_iteration=1
label_index=0
max_feature_idx=15
objective=binary sigmoid:1
feature_names=Column_0 Column_1 Column_2 Column_3 Column_4 Column_5 Column_6 Column_7 Column_8 Column_9 Column_10 Column_11 Column_12 Column_13 Column_14 Column_15
feature_infos=[1:7] [3:54] [0:1] [0:1] [0:3] [0:3] [0:2] [0.5:1] [0:3] [0:0.90000000000000002] [0:0.84999999999999998] [0:0.5] [1:3] [0:1] [0:1] [0:1]
tree_sizes=1687 1725 1729 1721 1725 1726 1732 1731 1734 1724 1739 1735 1728 1739 1737 1735 1729 1731 1736 1725 1745 1755 1755 1748 1759 1748 1758 1751 1742 1758 1744 1738 1743 1746 1749 1765 1746 1750 1752 1757 1744 1757 1736 1737 1740 1757 1732 1745 1735 1753 1720 1740 1747 1724 1739 1750 1727 1749 1742 1757 1752 1738 1736 1725 1738 1747 1731 1739 1747 1738 1753 1759 1752 1734 1744 1747 1745 1734 1750 1730 1750 1752 1738 1760 1740 1732 1763 1731 1760 1741 1743 1712 1735 1730 1755 1756 1747 1760 1756 1746 1728 1757 1732 1738 1737 1757 1771 1741 1754 1733 1751 1744 1752 1750 1758 1730 1759 1745 1738 1754 1760 1741 1763 1758 1774 1741 1758 1763 1771

Tree=0
num_leaves=15
num_cat=0
split_feature=6 11 0 9 7 10 13 1 5 8 1 1 6 1
split_gain=706.106 828.87 174.561 115.435 75.4981 66.3654 50.4216 49.0775 25.1143 23.6529 27.6972 20.3284 27.5485 22.0502
threshold=0.58335000000000015 1.0000000180025095e-35 1.5000000000000002 1.0000000180025095e-35 0.87500000000000011 1.0000000180025095e-35 1.0000000180025095e-35 10.500000000000002 1.5000000000000002 1.0000000180025095e-35 9.5000000000000018 9.5000000000000018 1.0000000180025095e-35 15.500000000000002
decision_type=2 2 2 2 2 2 2 2 2 2 2 2 2 2
left_child=1 4 3 6 -1 7 -3 -2 -9 10 -4 -6 13 -13
right_child=5 2 9 -5 11 -7 -8 8 -10 -11 -12 12 -14 -15
leaf_value=0.43454373376168398 0.15145623848318387 0.37282131940567553 0.27512090127799105 0.14779805677398683 0.13971154983786702 0.46212960774658918 0.23643251515224134 0.42745642164813064 0.24494396009990627 0.45078708693004393 0.39893480651876667 0.2350784216378401 0.14373830023054709 0.14901866159453322
leaf_weight=7.0548605322837821 6.8115894794464102 57.655239522457123 12.406823694705961 29.679068446159363 93.902626395225525 211.40254491567612 24.813647389411926 23.354021072387699 6.0817763209342948 54.006173729896545 170.04646593332291 72.981315851211548 59.601407945156097 25.786731600761414
leaf_count=29 28 237 51 122 386 869 102 96 25 222 699 300 245 106
internal_value=0.331113 0.284727 0.365295 0.283094 0.176422 0.444981 0.331784 0.344968 0.389747 0.404281 0.390515 0.169204 0.18669 0.21261
internal_weight=855.584 607.934 348.607 112.148 259.327 247.65 82.4689 36.2474 29.4358 236.459 182.453 252.272 158.369 98.768
internal_count=3517 2499 1433 461 1066 1018 339 149 121 972 750 1037 651 406
is_linear=0
shrinkage=1


Tree=1
num_leaves=15
num_cat=0
split_feature=6 11 0 9 7 10 13 1 5 8 1 0 6 1
split_gain=606.962 686.691 149.415 94.8537 62.1669 58.9621 42.3559 41.0304 21.5543 21.0967 23.7528 17.4933 25.916 19.266
threshold=0.58335000000000015 1.0000000180025095e-35 1.5000000000000002 1.0000000180025095e-35 0.87500000000000011 1.0000000180025095e-35 1.0000000180025095e-35 10.500000000000002 1.5000000000000002 1.0000000180025095e-35 9.5000000000000018 1.5000000000000002 1.0000000180025095e-35 15.500000000000002
decision_type=2 2 2 2 2 2 2 2 2 2 2 2 2 2
left_child=1 4 3 6 -1 7 -3 -2 -9 10 -4 -6 13 -13
right_child=5 2 9 -5 11 -7 -8 8 -10 -11 -12 12 -14 -15
leaf_value=0.097113890083869919 -0.16158795042442128 0.038663464298963314 -0.051061349942369667 -0.16483039885185588 -0.17312518155435411 0.12379496966544466 -0.085898679829358685 0.090318082305480496 -0.078260341384226328 0.11277909853920953 0.063197136035864729 -0.082171294133760717 -0.16868472537640408 -0.16339144655226637
leaf_weight=6.9182388782501212 6.9600099325180045 57.237899154424667 12.511744424700735 30.334041923284531 95.179910406470299 206.05151982605457 25.146929025650024 22.936228752136234 6.157183274626731 52.773290365934372 167.97753256559372 71.091597035527229 65.66161435842514 25.358956128358841
leaf_count=29 28 237 51 122 383 869 102 96 25 222 699 288 264 102
internal_value=0.000102399 -0.0424226 0.0317402 -0.0438883 -0.139538 0.107281 0.000642442 0.0128986 0.054641 0.068286 0.0552766 -0.145901 -0.129918 -0.103526
internal_weight=852.297 610.192 345.981 112.719 264.21 242.105 82.3848 36.0534 29.0934 233.263 180.489 257.292 162.112 96.4506
internal_count=3517 2499 1433 461 1066 1018 339 149 121 972 750 1037 654 390
is_linear=0
shrinkage=0.08


Tree=2
num_leaves=15
num_cat=0
split_feature=6 11 0 9 10 7 13 1 0 8 1 0 6 1
split_gain=525.665 577.611 128.313 79.6506 52.7836 52.0716 35.7207 34.7582 20.7796 19.0587 20.981 14.7622 21.9681 16.2801
threshold=0.58335000000000015 1.0000000180025095e-35 1.5000000000000002 1.0000000180025095e-35 1.0000000180025095e-35 0.87500000000000011 1.0000000180025095e-35 10.500000000000002 3.5000000000000004 1.0000000180025095e-35 7.5000000000000009 1.5000000000000002 1.0000000180025095e-35 15.500000000000002
decision_type=2 2 2 2 2 2 2 2 2 2 2 2 2 2
left_child=1 5 3 6 7 -1 -3 -2 -9 10 -4 -7 13 -13
right_child=4 2 9 -5 -6 11 -8 8 -10 -11 -12 12 -14 -15
leaf_value=0.091512081093170466 -0.14776469678614995 0.035849083342248157 -0.18009164433499916 -0.15077953227244176 0.11771438046198043 -0.15832811775130382 -0.078344528331546912 0.072860598382792005 -0.16191529104974095 0.10682658400357868 0.054752399162458339 -0.075008879959657437 -0.15436946253489189 -0.14944614237234174
leaf_weight=6.7608825862407675 6.9998201727867118 56.811065912246704 2.4688839912414542 30.497787564992905 199.62132893502712 95.715424716472626 25.356083482503891 26.008023932576183 2.6594569683074942 51.316398561000824 175.86458770930767 71.624493464827538 65.98947486281395 25.498683750629425
leaf_count=29 28 237 10 122 869 383 102 110 11 222 740 288 264 102
internal_value=0.000166848 -0.0391306 0.0295576 -0.0403704 0.101698 -0.127662 0.000609906 0.0120566 0.0510806 0.0638639 0.0515012 -0.133387 -0.118752 -0.0945516
internal_weight=843.192 607.904 342.315 112.665 235.289 265.589 82.1671 35.6673 28.6675 229.65 178.333 258.828 163.113 97.1232
internal_count=3517 2499 1433 461 1018 1066 339 149 121 972 750 1037 654 390
is_linear=0
shrinkage=0.08


Tree=3
num_leaves=15
num_cat=0
split_feature=6 11 0 9 10 7 13 1 5 8 1 14 6 1
split_gain=457.838 491.507 110.421 67.9835 47.6873 44.176 30.2155 29.7029 18.0094 17.4035 19.2519 15.5427 14.1596 13.6155
threshold=0.58335000000000015 1.0000000180025095e-35 1.5000000000000002 1.0000000180025095e-35 1.0000000180025095e-35 0.87500000000000011 1.0000000180025095e-35 10.500000000000002 1.5000000000000002 1.0000000180025095e-35 9.5000000000000018 1.0000000180025095e-35 1.4166500000000002 9.5000000000000018
decision_type=2 2 2 2 2 2 2 2 2 2 2 2 2 2
left_child=1 5 3 6 7 -1 -3 -2 -9 10 11 -4 -10 -7
right_child=4 2 9 -5 -6 13 -8 8 12 -11 -12 -13 -14 -15
leaf_value=0.086476696513994228 -0.13681510486193485 0.033242904818446904 -0.13791792143841111 -0.13971664851740614 0.11251510394220526 -0.1472184814571956 -0.071748379815099142 0.081496825809444659 -0.14085547132042173 0.10160595421471123 0.055329028422579495 0.040147104879202561 0.14295891412835632 -0.1091584271922101
leaf_weight=6.589304342865943 6.9565510749816886 56.382032498717308 6.1768483370542508 30.286277323961258 192.43222960829735 95.701417371630669 25.466806501150131 22.087068021297458 4.7038113772869101 49.703207641839981 163.57875765860081 6.3752974569797516 1.4786860942840574 161.95857274532318
leaf_count=29 28 237 25 122 869 386 102 96 19 222 699 26 6 651
internal_value=0.000205744 -0.0363288 0.0275778 -0.0373157 0.0968496 -0.118064 0.000575456 0.0112728 0.0477142 0.0597999 0.0480024 -0.0474778 -0.0729748 -0.123295
internal_weight=829.877 602.219 337.969 112.135 227.658 264.249 81.8488 35.2261 28.2696 225.834 176.131 12.5521 6.1825 257.66
internal_count=3517 2499 1433 461 1018 1066 339 149 121 972 750 51 25 1037
is_linear=0
shrinkage=0.08


Tree=4
num_leaves=15
num_cat=0
split_feature=6 11 0 9 10 7 13 1 0 8 14 1 1 1
split_gain=400.706 421.204 95.2399 58.7616 43.1831 37.7684 25.6171 25.6059 16.5667 15.9873 18.2996 19.7872 13.1011 12.6163
threshold=0.58335000000000015 1.0000000180025095e-35 1.5000000000000002 1.0000000180025095e-35 1.0000000180025095e-35 0.87500000000000011 1.0000000180025095e-35 10.500000000000002 3.5000000000000004 1.0000000180025095e-35 1.0000000180025095e-35 9.5000000000000018 10.500000000000002 9.5000000000000018
decision_type=2 2 2 2 2 2 2 2 2 2 2 2 2 2
left_child=1 5 3 6 7 -1 12 -2 -9 10 11 -4 -3 -7
right_child=4 2 9 -5 -6 13 -8 8 -10 -11 -12 -13 -14 -15
leaf_value=0.081896428491643011 -0.12790117684361305 0.037064673549760896 -0.12583191069129307 -0.13076458884243203 0.10800860369207362 -0.13802811233974788 -0.065917626551318359 0.065059323122425988 -0.14403116157686108 0.096961999710128532 0.063753955641305926 0.0247575647349699 -0.2093605409581431 -0.10113430066805917
leaf_weight=6.4087117910385123 6.8501776456832877 54.539871767163277 6.2259424477815619 29.790090143680573 184.73979841172695 93.97437310218811 25.499998480081558 25.050919532775882 2.6851566582918158 47.987797737121582 113.3371573984623 54.191665202379227 1.4166200459003437 160.86436270177364
leaf_count=29 28 231 25 122 869 386 102 110 11 222 490 235 6 651
internal_value=0.000234374 -0.0338749 0.025783 -0.034621 0.0926492 -0.109916 0.000540397 0.0106084 0.0448171 0.0560872 0.0447983 0.00923955 0.0308261 -0.114739
internal_weight=813.563 594.237 332.989 111.247 219.326 261.247 81.4565 34.5863 27.7361 221.743 173.755 60.4176 55.9565 254.839
internal_count=3517 2499 1433 461 1018 1066 339 149 121 972 750 260 237 1037
is_linear=0
shrinkage=0.08


Tree=5
num_leaves=15
num_cat=0
split_feature=6 11 0 9 10 7 1 13 5 8 14 1 0 6
split_gain=351.912 363.375 82.2548 51.303 39.4185 32.523 22.173 21.765 15.1717 14.7592 15.9849 16.7886 12.2117 21.3252
threshold=0.58335000000000015 1.0000000180025095e-35 1.5000000000000002 1.0000000180025095e-35 1.0000000180025095e-35 0.87500000000000011 10.500000000000002 1.0000000180025095e-35 1.5000000000000002 1.0000000180025095e-35 1.0000000180025095e-35 9.5000000000000018 1.5000000000000002 1.0000000180025095e-35
decision_type=2 2 2 2 2 2 2 2 2 2 2 2 2 2
left_child=1 5 3 7 6 -1 -2 -3 -8 10 11 -4 -7 -14
right_child=4 2 9 -5 -6 12 8 -9 -10 -11 -12 -13 13 -15
leaf_value=0.077686560812497571 -0.12048009337477018 0.028604805164870156 -0.11587732489902525 -0.12335808171207999 0.10405449193133351 -0.13086246315913491 0.0741077712591591 -0.060711113445750454 -0.068865752515743256 0.092777699699140792 0.05978098754170949 0.0229447639073357 -0.070369696779553847 -0.13011353290834513
leaf_weight=6.2232512533664694 6.6965209245681754 55.520612373948097 6.2198385596275321 29.080883830785751 176.74740110337734 90.892845630645752 21.142449364066128 25.472688585519791 6.126588210463523 46.213236451148987 111.2861256301403 53.811645805835724 96.154373407363892 63.481713488698006
leaf_count=29 28 237 25 122 869 383 96 102 25 222 490 235 390 264
internal_value=0.000252703 -0.0317076 0.0241407 -0.0322117 0.0888862 -0.102968 0.0099545 0.000514623 0.0419856 0.052656 0.0418331 0.00856146 -0.107455 -0.0941277
internal_weight=795.07 584.357 327.605 110.074 210.713 256.752 33.9656 80.9933 27.269 217.531 171.318 60.0315 250.529 159.636
internal_count=3517 2499 1433 461 1018 1066 149 339 121 972 750 260 1037 654
is_linear=0
shrinkage=0.08


Tree=6
num_leaves=15
num_cat=0
split_feature=6 11 0 9 10 7 0 13 8 14 1 0 1 6
split_gain=310.15 315.464 71.129 45.1455 36.0611 28.1959 19.3317 18.5089 13.6702 13.973 14.3264 13.3094 11.9169 17.741
threshold=0.58335000000000015 1.0000000180025095e-35 1.5000000000000002 1.0000000180025095e-35 1.0000000180025095e-35 0.87500000000000011 1.5000000000000002 1.0000000180025095e-35 1.0000000180025095e-35 1.0000000180025095e-35 9.5000000000000018 3.5000000000000004 9.5000000000000018 1.0000000180025095e-35
decision_type=2 2 2 2 2 2 2 2 2 2 2 2 2 2
left_child=1 5 3 7 6 -1 -2 -3 9 10 -4 -8 -7 -14
right_child=4 2 8 -5 -6 12 11 -9 -10 -11 -12 -13 13 -15
leaf_value=0.073781855765717053 -0.12647590014253959 0.026518768924792397 -0.10747568430923617 -0.11711543530007465 0.10054585894180278 -0.12468112792457968 0.054887250962275459 -0.056023129376964687 0.088963227900956024 0.056087122145117727 0.021258840489829033 -0.13321307269139307 -0.067453952993559524 -0.12338588767780127
leaf_weight=6.0362004637718192 5.5784490108489981 55.11437501013279 6.1713720858097068 28.21571084856987 168.61604690551758 88.58276954293251 25.001783400774006 25.398756712675095 44.413603395223618 109.21352049708366 53.448434919118881 2.6639819890260688 99.024806305766106 57.293239608407021
leaf_count=29 24 237 25 122 869 386 114 102 222 490 235 11 406 245
internal_value=0.000259766 -0.0297851 0.0226221 -0.0300366 0.085532 -0.0970284 0.00938096 0.000480015 0.0494714 0.0390826 0.00793326 0.0367748 -0.101239 -0.087954
internal_weight=774.773 572.913 321.976 108.729 201.86 250.937 33.2442 80.5131 213.247 168.833 59.6198 27.6658 244.901 156.318
internal_count=3517 2499 1433 461 1018 1066 149 339 972 750 260 125 1037 651
is_linear=0
shrinkage=0.08


Tree=7
num_leaves=15
num_cat=0
split_feature=6 11 0 9 10 10 1 13 5 8 0 6 1 14
split_gain=273.912 275.025 61.5536 39.9837 33.2306 25.06 17.137 15.7551 12.8422 12.6889 12.5439 18.4701 15.0068 12.2185
threshold=0.58335000000000015 1.0000000180025095e-35 1.5000000000000002 1.0000000180025095e-35 1.0000000180025095e-35 0.68500000000000016 10.500000000000002 1.0000000180025095e-35 1.5000000000000002 1.0000000180025095e-35 1.5000000000000002 0.36665000000000009 15.500000000000002 1.0000000180025095e-35
decision_type=2 2 2 2 2 2 2 2 2 2 2 2 2 2
left_child=1 5 3 7 6 10 -2 -3 -8 13 -1 12 -12 -4
right_child=4 2 9 -5 -6 -7 8 -9 -10 -11 11 -13 -14 -15
leaf_value=-0.119797679812213 -0.10950625052381478 0.024579840620261827 0.0073506521847746418 -0.11176884983644614 0.097399668964110411 0.11115626212809814 0.067924254230376208 -0.051773032593026153 -0.064696889224022919 0.085448472203282971 -0.04091878970527673 -0.1165372912966825 -0.11259630891434379 0.052637235187557051
leaf_weight=84.73969928920269 6.3174532055854788 54.721826657652855 59.193542972207069 27.240126997232437 160.47236515581608 3.8328436315059653 20.19775623083115 25.289511054754257 6.0795741379261008 42.615687221288681 70.74239207804203 59.613555699586868 25.408132433891296 107.1489422917366
leaf_count=383 28 237 260 122 869 19 96 102 25 222 290 265 109 490
internal_value=0.000260256 -0.0280452 0.0212129 -0.0280542 0.0824415 -0.0917928 0.00879857 0.000446675 0.0372408 0.0465001 -0.0950271 -0.0815513 -0.0598598 0.0365218
internal_weight=753.613 560.546 316.21 107.251 193.067 244.337 32.5948 80.0113 26.2773 208.958 240.504 155.764 96.1505 166.342
internal_count=3517 2499 1433 461 1018 1066 149 339 121 972 1047 664 399 750
is_linear=0
shrinkage=0.08


Tree=8
num_leaves=15
num_cat=0
split_feature=6 11 0 9 10 7 0 13 8 1 6 1 0 1
split_gain=242.493 240.685 53.217 35.5982 30.6006 22.2876 15.088 13.4203 11.829 11.737 16.0043 14.8514 13.3644 11.4402
threshold=0.58335000000000015 1.0000000180025095e-35 1.5000000000000002 1.0000000180025095e-35 1.0000000180025095e-35 0.87500000000000011 1.5000000000000002 1.0000000180025095e-35 1.0000000180025095e-35 9.5000000000000018 1.0000000180025095e-35 15.500000000000002 1.5000000000000002 9.5000000000000018
decision_type=2 2 2 2 2 2 2 2 2 2 2 2 2 2
left_child=1 5 3 7 6 -1 -2 -3 13 -7 11 12 -11 -4
right_child=4 2 8 -5 -6 9 -8 -9 -10 10 -12 -13 -14 -15
leaf_value=0.068514130907668599 -0.11670641472377433 0.022777153835114673 -0.040709369127155795 -0.10712452100769433 0.094550300406906734 -0.11538695043582722 0.032574601919960575 -0.047898221606225637 0.082178026394713902 -0.1228302656940977 -0.11291773723792922 -0.11273171093236541 -0.025884879957874668 0.040029334491955074
leaf_weight=5.744748890399932 5.1743259429931667 54.344720542430878 12.127591013908384 26.190494745969772 152.41488562524319 81.725905120372772 26.65402926504612 25.154137998819351 40.840305536985397 10.674015149474142 53.200233265757561 24.050238162279129 61.743616044521332 152.06636501848698
leaf_count=29 24 237 51 122 869 386 125 102 222 47 245 106 253 699
internal_value=0.000256604 -0.0264435 0.0198791 -0.0262341 0.0796514 -0.0871401 0.00830603 0.000414843 0.0436492 -0.0910045 -0.0776905 -0.0582634 -0.0401742 0.0340659
internal_weight=732.106 547.862 310.724 105.689 184.243 237.139 31.8284 79.4989 205.034 231.394 149.668 96.4679 72.4176 164.194
internal_count=3517 2499 1433 461 1018 1066 149 339 972 1037 651 406 300 750
is_linear=0
shrinkage=0.08


Tree=9
num_leaves=15
num_cat=0
split_feature=6 11 0 9 10 10 2 0 1 1 1 6 1 0
split_gain=214.809 211.514 46.0324 31.8294 28.5271 19.9655 13.6514 21.9117 21.8039 12.8952 12.1458 14.7783 12.0593 12.0203
threshold=0.58335000000000015 1.0000000180025095e-35 1.5000000000000002 1.0000000180025095e-35 1.0000000180025095e-35 0.68500000000000016 1.0000000180025095e-35 2.5000000000000004 11.500000000000002 8.5000000000000018 9.5000000000000018 0.36665000000000009 15.500000000000002 1.5000000000000002
decision_type=2 2 2 2 2 2 2 2 2 2 2 2 2 2
left_child=1 5 3 9 6 10 7 8 -2 -3 -1 12 13 -12
right_child=4 2 -4 -5 -6 -7 -8 -9 -10 -11 11 -13 -14 -15
leaf_value=-0.11154638933208406 -0.076811741749621673 0.016402756168995673 0.040987452619836023 -0.10303841535480135 0.091945085551617484 0.10603248013863358 0.11479786602585175 -0.14540515451116903 0.098263469908260237 -0.064846610058080956 -0.1178796798346123 -0.10731133247397499 -0.10247666648494018 -0.024345891264665159
leaf_weight=77.931776344776154 7.7922262400388815 63.412778332829475 201.10758720338345 25.095772087574005 144.51933470368385 3.5195025354623786 6.1310990899801245 6.456895485520362 10.950634554028509 15.571557596325873 10.249819487333296 51.124083936214447 24.623647674918175 61.885952100157738
leaf_count=386 37 273 972 122 869 19 30 28 54 66 47 246 113 255
internal_value=0.000244215 -0.0249884 0.0186359 -0.0245527 0.0769423 -0.0830414 0.00773947 -0.0183078 0.0254771 0.000384654 -0.0859883 -0.0725196 -0.054137 -0.0376362
internal_weight=710.373 534.522 305.188 104.08 175.85 229.335 31.3309 25.1998 18.7429 78.9843 225.815 147.884 96.7594 72.1358
internal_count=3517 2499 1433 461 1018 1066 149 119 91 339 1047 661 415 302
is_linear=0
shrinkage=0.08


Tree=10
num_leaves=15
num_cat=0
split_feature=6 11 0 9 10 7 0 8 10 6 14 1 6 1
split_gain=190.807 186.208 39.6709 28.5957 26.2895 17.9058 12.2561 11.4034 11.4964 22.1831 12.8676 11.318 14.5183 12.6153
threshold=0.58335000000000015 1.0000000180025095e-35 1.5000000000000002 1.0000000180025095e-35 1.0000000180025095e-35 0.87500000000000011 1.5000000000000002 1.0000000180025095e-35 1.0000000180025095e-35 0.29165000000000002 1.0000000180025095e-35 9.5000000000000018 1.0000000180025095e-35 15.500000000000002
decision_type=2 2 2 2 2 2 2 2 2 2 2 2 2 2
left_child=1 5 3 -3 6 -1 -2 8 9 10 -4 -7 13 -13
right_child=4 2 7 -5 -6 11 -8 -9 -10 -11 -12 12 -14 -15
leaf_value=0.063977367884996666 -0.11024810423847914 0.00035891394876993559 -0.0061483541798393075 -0.099401019626696341 0.089541199821376025 -0.1082299429222396 0.029267334641284073 0.077597125591401528 0.098619622641896068 -0.21510303269568565 0.044072192084550474 -0.034702419343626313 -0.10509668524042992 -0.1036781409203557
leaf_weight=5.4477926045656195 4.7781207561492947 78.890976950526237 50.320129603147507 23.978912353515625 136.84280501306057 74.052936494350433 25.731856763362885 38.230658143758774 13.84529536962509 2.4754486680030814 92.997417211532593 71.026975527405739 48.6192856580019 22.297499507665634
leaf_count=29 24 339 227 122 869 386 125 222 65 11 447 300 245 106
internal_value=0.000232646 -0.0235913 0.0174022 -0.0228951 0.0745694 -0.0792637 0.00741804 0.0383524 0.0289539 0.0223381 0.0264393 -0.0828765 -0.0696494 -0.0511824
internal_weight=689.536 522.183 300.739 102.87 167.353 221.444 30.51 197.869 159.638 145.793 143.318 215.997 141.944 93.3245
internal_count=3517 2499 1433 461 1018 1066 149 972 750 685 674 1037 651 406
is_linear=0
shrinkage=0.08


Tree=11
num_leaves=15
num_cat=0
split_feature=6 11 0 9 10 10 0 6 2 0 1 13 1 8
split_gain=169.309 164.261 34.3154 25.7646 24.6139 16.0913 11.995 15.3833 11.9041 19.1034 17.9853 11.2321 10.5836 10.5716
threshold=0.58335000000000015 1.0000000180025095e-35 1.5000000000000002 1.0000000180025095e-35 1.0000000180025095e-35 0.68500000000000016 1.5000000000000002 0.36665000000000009 1.0000000180025095e-35 2.5000000000000004 11.500000000000002 1.0000000180025095e-35 15.500000000000002 1.0000000180025095e-35
decision_type=2 2 2 2 2 2 2 2 2 2 2 2 2 2
left_child=1 5 3 11 8 6 -1 12 9 10 -2 -3 -8 -4
right_child=4 2 13 -5 -6 -7 7 -9 -10 -11 -12 -13 -14 -15
leaf_value=-0.10556717674422475 -0.069783533842864343 0.020876973340709842 0.027022471153001479 -0.096127424796312727 0.087303363504122378 0.10196246932834352 -0.02983321096285315 -0.10063285466919726 0.11030411074323634 -0.13472120805676854 0.093543273184128903 -0.044020104250259977 -0.093658707732644994 0.074764090651166945
leaf_weight=69.890645518898964 7.4044920802116492 53.910605415701866 157.58114367723465 22.857987701892853 129.42725166678429 3.2110280245542517 68.495552361011505 49.968480542302132 5.7594682276248923 6.5212350934743872 10.341761484742163 24.975870475172997 21.95769739151001 36.573754549026489
leaf_count=383 37 237 750 122 869 19 290 265 30 28 54 102 109 222
internal_value=0.000222879 -0.0222954 0.0162941 -0.02134 0.0721641 -0.0757725 -0.0784861 -0.0650073 0.00690829 -0.0176309 0.0253964 0.000330219 -0.045327 0.0360158
internal_weight=668.877 509.423 295.899 101.744 159.454 213.523 210.312 140.422 30.027 24.2675 17.7463 78.8865 90.4532 194.155
internal_count=3517 2499 1433 461 1018 1066 1047 664 149 119 91 339 399 972
is_linear=0
shrinkage=0.08


Tree=12
num_leaves=15
num_cat=0
split_feature=6 11 0 9 10 7 1 6 1 1 2 0 1 0
split_gain=150.733 144.981 29.6174 23.2322 22.7051 14.5333 11.5056 13.663 11.1511 10.7466 10.6296 16.1367 16.248 10.6022
threshold=0.58335000000000015 1.0000000180025095e-35 1.5000000000000002 1.0000000180025095e-35 1.0000000180025095e-35 0.87500000000000011 9.5000000000000018 1.0000000180025095e-35 15.500000000000002 8.5000000000000018 1.0000000180025095e-35 2.5000000000000004 10.500000000000002 1.5000000000000002
decision_type=2 2 2 2 2 2 2 2 2 2 2 2 2 2
left_child=1 5 3 9 10 -1 -7 8 13 -3 11 12 -2 -8
right_child=4 2 -4 -5 -6 6 7 -9 -10 -11 -12 -13 -14 -15
leaf_value=0.06007057931616714 -0.092650648510925818 0.015048690370144507 0.033727685096595836 -0.093150665564866411 0.085202193356668163 -0.10310143326107322 -0.10926128538161335 -0.098987672952961653 -0.096524590137934629 -0.05921518773393885 0.10725846337027781 -0.12334373330450732 0.076133939552197397 -0.017148826966872022
leaf_weight=5.1603318303823462 5.2697614431381323 62.818704843521118 190.93361596763134 21.747088998556137 122.30241876840591 66.520088031888008 9.2161311507225019 43.926788613200188 20.444622069597244 15.559839829802511 5.4613702893257132 6.5512802451848975 11.876899763941763 60.46625167131424
leaf_count=29 28 273 972 122 869 386 47 245 106 66 30 28 63 253
internal_value=0.000213267 -0.021087 0.0152476 -0.0199928 0.070078 -0.0724908 -0.0759013 -0.0624041 -0.0445738 0.000305701 0.00664306 -0.0165445 0.0242606 -0.0293315
internal_weight=648.255 496.793 291.059 100.126 151.462 205.734 200.574 134.054 90.127 78.3785 29.1593 23.6979 17.1467 69.6824
internal_count=3517 2499 1433 461 1018 1066 1037 651 406 339 149 119 91 300
is_linear=0
shrinkage=0.08


Tree=13
num_leaves=15
num_cat=0
split_feature=6 11 0 9 10 1 6 8 10 6 1 14 2 0
split_gain=134.359 128.325 25.4932 21.0083 20.8911 14.0857 13.701 10.1225 10.6526 18.4895 11.7799 12.7974 9.52992 13.7236
threshold=0.58335000000000015 1.0000000180025095e-35 1.5000000000000002 1.0000000180025095e-35 1.0000000180025095e-35 9.5000000000000018 0.36665000000000009 1.0000000180025095e-35 1.0000000180025095e-35 0.29165000000000002 15.500000000000002 1.0000000180025095e-35 1.0000000180025095e-35 2.5000000000000004
decision_type=2 2 2 2 2 2 2 2 2 2 2 2 2 2
left_child=1 5 3 -3 12 -1 -7 8 9 10 11 -4 13 -2
right_child=4 2 7 -5 -6 6 -8 -9 -10 -11 -12 -13 -14 -15
leaf_value=-0.10085165406676776 0.023253605544307741 0.00028477217253017285 -0.0023692855904147527 -0.090417075291210042 0.08321297733013347 -0.037728436273898117 -0.092615432486755925 0.070833819164932865 0.092159188920736212 -0.19761267886217776 -0.025390722354654702 0.053797005714578308 0.10458896623774887 -0.11374505079031985
leaf_weight=62.719078674912453 16.475957319140441 78.260240837931633 42.159652844071388 20.657071173191071 115.48813140392303 92.634676888585091 42.442490175366402 34.263387143611908 12.960707694292067 2.5377986431121817 28.645457416772842 67.579674363136292 5.1648359298706046 6.5361585319042197
leaf_count=386 91 339 193 122 869 431 249 222 65 11 142 339 30 28
internal_value=0.000193639 -0.0199403 0.0142228 -0.0186566 0.0681444 -0.0695216 -0.0549744 0.031509 0.022753 0.0163697 0.0202939 0.032219 0.00638304 -0.0156583
internal_weight=628.525 484.86 287.064 98.9173 143.665 197.796 135.077 188.147 153.883 140.923 138.385 109.739 28.177 23.0121
internal_count=3517 2499 1433 461 1018 1066 680 972 750 685 674 532 149 119
is_linear=0
shrinkage=0.08


Tree=14
num_leaves=15
num_cat=0
split_feature=6 11 1 10 0 6 14 9 8 10 6 15 0 1
split_gain=119.348 113.053 22.1227 19.6117 14.1896 14.918 13.669 12.7757 12.2072 14.7776 12.9109 9.51208 9.33222 9.1401
threshold=0.58335000000000015 1.0000000180025095e-35 9.5000000000000018 1.0000000180025095e-35 1.5000000000000002 0.36665000000000009 1.0000000180025095e-35 1.0000000180025095e-35 1.0000000180025095e-35 1.0000000180025095e-35 0.29165000000000002 1.0000000180025095e-35 1.5000000000000002 15.500000000000002
decision_type=2 2 2 2 2 2 2 2 2 2 2 2 2 2
left_child=1 4 6 12 -1 -6 7 -3 9 10 13 -8 -2 -4
right_child=3 2 8 -5 5 -7 11 -9 -10 -11 -12 -13 -14 -15
leaf_value=-0.099028428632368104 -0.10357070828656963 -0.010929212508403601 0.027390990354552027 0.08131478520599926 -0.033063085041482691 -0.090355510281680443 0.023924673903930431 -0.090343744628735012 0.079793468532174935 0.10755825525056349 -0.20778500621134174 -0.10852256718996277 0.025632797753284607 -0.023093896691753719
leaf_weight=58.867973357439041 4.2189073562622097 30.657042950391769 110.60486604273319 108.9962509572506 88.908873319625854 43.229321643710136 45.821578398346901 22.465249747037888 27.012686133384705 11.776254802942274 1.655974656343459 3.7546849697828284 23.544365808367729 28.960966914892197
leaf_count=383 24 132 547 869 415 268 208 129 183 62 7 23 125 142
internal_value=0.000192033 -0.0188137 0.0133101 0.0660251 -0.0663602 -0.0518064 -0.0163182 -0.0445134 0.0302134 0.0214598 0.0142801 0.0138937 0.00599903 0.016915
internal_weight=610.475 473.715 282.709 136.76 191.006 132.138 102.699 53.1223 180.011 152.998 141.222 49.5763 27.7633 139.566
internal_count=3517 2499 1433 1018 1066 683 492 261 941 758 696 231 149 689
is_linear=0
shrinkage=0.08


Tree=15
num_leaves=15
num_cat=0
split_feature=6 11 0 10 9 1 6 13 1 10 1 0 8 1
split_gain=105.992 99.661 20.2127 18.429 17.1835 14.3555 12.5969 9.36254 10.0164 8.69967 9.96365 9.36359 8.65925 8.56273
threshold=0.58335000000000015 1.0000000180025095e-35 1.5000000000000002 1.0000000180025095e-35 1.0000000180025095e-35 9.5000000000000018 0.36665000000000009 1.0000000180025095e-35 10.500000000000002 0.52500000000000013 15.500000000000002 1.5000000000000002 1.0000000180025095e-35 9.5000000000000018
decision_type=2 2 2 2 2 2 2 2 2 2 2 2 2 2
left_child=1 5 4 -2 7 -1 9 8 -3 10 11 -7 13 -4
right_child=3 2 12 -5 -6 6 -8 -9 -10 -11 -12 -13 -14 -15
leaf_value=-0.097315970928422341 0.0055782224013676161 0.024141472886053256 -0.045683616494375592 0.079489737458097842 -0.08591680485635203 -0.10287963681737494 -0.087120157605499848 -0.041183265228152993 -0.18783187937298024 0.10201314470810266 -0.086819974960975252 -0.011331832796240839 0.066232081747593541 0.025681924932763573
leaf_weight=55.655891120433807 27.327862083911896 51.826721280813217 11.664116919040678 102.83235849440098 18.728277578949928 8.1278956979513151 38.334153488278389 24.815121039748192 1.4670664966106404 2.980398178100585 19.842002183198929 59.451372966170311 31.573433205485344 138.82692827284336
leaf_count=386 149 231 51 869 122 47 249 102 6 18 112 254 222 699
internal_value=0.000185981 -0.0177343 0.0124353 0.0639716 -0.017095 -0.0633674 -0.0486905 -0.000593481 0.0183063 -0.0323946 -0.0369769 -0.0223425 0.028142 0.0201506
internal_weight=593.454 463.293 278.902 130.16 96.8372 184.392 128.736 78.1089 53.2938 90.4017 87.4213 67.5793 182.064 150.491
internal_count=3517 2499 1433 1018 461 1066 680 339 237 431 413 301 972 750
is_linear=0
shrinkage=0.08


Tree=16
num_leaves=15
num_cat=0
split_feature=6 11 10 0 9 1 6 1 2 0 1 8 10 6
split_gain=94.0071 88.2334 17.5364 17.4377 15.5804 14.1193 11.8293 8.69145 8.43342 12.1824 13.8097 7.96607 8.4595 12.9953
threshold=0.58335000000000015 1.0000000180025095e-35 1.0000000180025095e-35 1.5000000000000002 1.0000000180025095e-35 9.5000000000000018 0.36665000000000009 8.5000000000000018 1.0000000180025095e-35 2.5000000000000004 11.500000000000002 1.0000000180025095e-35 1.0000000180025095e-35 0.29165000000000002
decision_type=2 2 2 2 2 2 2 2 2 2 2 2 2 2
left_child=1 5 8 4 7 -1 -7 -3 9 10 -2 12 13 -5
right_child=2 3 -4 11 -6 6 -8 -9 -10 -11 -12 -13 -14 -15
leaf_value=-0.095722321729546658 -0.064407256362960991 0.012867820716250394 0.077722491704191293 0.016613018421063743 -0.083658667096697725 -0.030427879081700811 -0.084587952074540562 -0.054015005573934349 0.10157789150528922 -0.10769699669080701 0.085933022102481951 0.06379744903765576 0.084210967649868587 -0.1638610333239095
leaf_weight=52.197080194950104 6.7921590656042197 62.004985257983208 96.996959030628204 134.68269614875317 17.735952213406563 88.690441533923149 36.402923211455345 15.554292753338812 4.78580617904663 6.5034078955650321 9.2162717282772046 30.212728455662727 11.644637152552603 2.602848306298255
leaf_count=386 37 273 869 674 122 431 249 66 30 28 54 222 65 11
internal_value=0.000169752 -0.0167829 0.0617814 0.0116348 -0.016014 -0.0607722 -0.0461888 -0.00054534 0.00513789 -0.0153643 0.0221457 0.0263426 0.0187443 0.0131913
internal_weight=576.023 451.729 124.295 274.438 95.2952 177.29 125.093 77.5593 27.2976 22.5118 16.0084 179.143 148.93 137.286
internal_count=3517 2499 1018 1433 461 1066 680 339 149 119 91 972 750 685
is_linear=0
shrinkage=0.08


Tree=17
num_leaves=15
num_cat=0
split_feature=6 11 10 1 0 6 14 9 10 8 6 1 0 0
split_gain=83.8149 77.7095 16.1414 15.6156 14.1956 12.8649 10.8443 10.6258 10.2885 12.2119 9.11296 8.44117 7.75317 7.52592
threshold=0.58335000000000015 1.0000000180025095e-35 1.0000000180025095e-35 9.5000000000000018 1.5000000000000002 0.36665000000000009 1.0000000180025095e-35 1.0000000180025095e-35 1.0000000180025095e-35 1.0000000180025095e-35 0.29165000000000002 15.500000000000002 1.5000000000000002 1.5000000000000002
decision_type=2 2 2 2 2 2 2 2 2 2 2 2 2 2
left_child=1 4 12 6 -1 -6 7 -3 9 10 11 13 -2 -5
right_child=2 3 -4 8 5 -7 -8 -9 -10 -11 -12 -13 -14 -15
leaf_value=-0.094452509567689788 -0.10003749202868779 -0.010453852968946487 0.07599983109590959 -0.034543177988340765 -0.026395722495628979 -0.082899616064357723 0.01273869643285807 -0.085230351093067702 0.10218299304781495 0.073788972531604463 -0.17050300218203027 -0.024827893913456849 0.02288274694898396 0.031671059774639854
leaf_weight=48.858322530984879 3.844315409660342 30.499795004725456 91.486679323017597 12.424893736839293 85.466984242200851 36.932720549404621 48.129534065723419 20.228718087077141 10.499011814594267 23.472177475690842 1.7410693019628514 28.722743898630142 22.534863397479057 94.859168469905853
leaf_count=383 24 132 869 59 415 268 231 129 62 183 7 142 125 488
internal_value=0.000163803 -0.0158258 0.0601027 0.010866 -0.0579971 -0.0434451 -0.0144635 -0.040272 0.0254481 0.0204509 0.0113622 0.0136903 0.00496922 0.0240026
internal_weight=559.701 441.835 117.866 270.577 171.258 122.4 98.858 50.7285 171.719 161.22 137.748 136.007 26.3792 107.284
internal_count=3517 2499 1018 1433 1066 683 492 261 941 879 696 689 149 547
is_linear=0
shrinkage=0.08


Tree=18
num_leaves=15
num_cat=0
split_feature=6 11 10 1 1 6 10 8 14 9 6 4 10 1
split_gain=74.3963 68.4722 15.1566 14.2677 13.4836 10.7432 9.5232 11.1817 9.28608 9.44607 7.70025 7.62777 7.57992 9.69961
threshold=0.58335000000000015 1.0000000180025095e-35 1.0000000180025095e-35 9.5000000000000018 9.5000000000000018 0.36665000000000009 1.0000000180025095e-35 1.0000000180025095e-35 1.0000000180025095e-35 1.0000000180025095e-35 0.29165000000000002 1.5000000000000002 0.52500000000000013 15.500000000000002
decision_type=2 2 2 2 2 2 2 2 2 2 2 2 2 2
left_child=1 3 -2 -1 8 12 7 10 9 -3 -6 -7 13 -5
right_child=2 4 -4 5 6 11 -8 -9 -10 -11 -12 -13 -14 -15
leaf_value=-0.09322219499735164 0.0046124941759363514 -0.0096028785692999861 0.074310337699368262 -0.016031075060967258 0.012719054228025089 -0.087019693986996091 0.10003232819589633 0.071680800841088174 0.011750804104389025 -0.080667616408737153 -0.15635401905933852 0.1259174888669386 0.10105566382167666 -0.0818822197465255
leaf_weight=45.960593186318874 25.980001911520958 30.544424280524254 86.295090138912201 65.488916993141174 134.83749622106552 31.673437789082527 9.8915860354900342 22.278858751058578 48.007022649049759 19.686014279723167 1.7463219016790379 1.1145359277725209 2.903393641114234 18.320240646600723
leaf_count=386 149 132 869 301 689 244 62 183 231 129 7 5 18 112
internal_value=0.000159093 -0.0149052 0.0581825 -0.0553422 0.0101546 -0.0407733 0.0238714 0.0191293 -0.0134085 -0.0374541 0.0105573 -0.0797815 -0.0260234 -0.0304258
internal_weight=544.728 432.453 112.275 165.461 266.992 119.501 168.754 158.863 98.2375 50.2304 136.584 32.788 86.7126 83.8092
internal_count=3517 2499 1018 1066 1433 680 941 879 492 261 696 249 431 413
is_linear=0
shrinkage=0.08


Tree=19
num_leaves=15
num_cat=0
split_feature=6 11 10 0 0 9 6 13 1 2 0 1 1 4
split_gain=65.8683 60.6257 14.3861 14.1718 12.0888 12.49 11.7558 7.69828 7.76966 7.49704 10.8571 11.5264 6.91956 6.89426
threshold=0.58335000000000015 1.0000000180025095e-35 1.0000000180025095e-35 1.5000000000000002 1.5000000000000002 1.0000000180025095e-35 0.36665000000000009 1.0000000180025095e-35 10.500000000000002 1.0000000180025095e-35 2.5000000000000004 11.500000000000002 4.5000000000000009 1.5000000000000002
decision_type=2 2 2 2 2 2 2 2 2 2 2 2 2 2
left_child=1 3 9 -1 5 7 -5 8 -3 10 11 -2 -9 -8
right_child=2 4 -4 6 -6 -7 13 12 -10 -11 -12 -13 -14 -15
leaf_value=-0.092250865168358814 -0.059108086909834053 0.021907233485557391 0.072644168336258877 -0.022479938064793783 0.022083211477722912 -0.079014561065424357 -0.085614138098628875 -0.13900035198134678 -0.16283927459357395 0.099055084359591247 -0.10207066416916424 0.082317103262551775 -0.019795258957659594 0.12066750210051874
leaf_weight=43.044224992394447 6.4369936436414781 51.23096439242363 81.413476727902889 83.16159400343895 171.05423420667648 15.618519350886343 31.925357677042484 3.6625777781009701 1.4995439350605 4.4275201410055152 6.4545343667268744 8.6370756626129133 20.903018921613693 1.0717318952083577
leaf_count=383 37 231 869 415 972 122 263 15 6 30 28 54 87 5
internal_value=0.000148512 -0.0140503 0.0561096 -0.0530409 0.00946551 -0.0137635 -0.0385112 -0.000578764 0.0166534 0.00424757 -0.0152503 0.0219251 -0.037568 -0.0789142
internal_weight=530.541 423.172 107.37 159.203 263.969 92.9146 116.159 77.2961 52.7305 25.9561 21.5286 15.0741 24.5656 32.9971
internal_count=3517 2499 1018 1066 1433 461 683 339 237 149 119 91 102 268
is_linear=0
shrinkage=0.08


Tree=20
num_leaves=15
num_cat=0
split_feature=10 11 9 10 10 6 14 0 15 10 8 14 6 0
split_gain=60.37 48.4603 52.3318 21.6447 19.4058 29.4198 32.3281 22.4519 13.1031 11.7796 10.8493 12.4686 9.77579 6.62296
threshold=0.68500000000000016 1.0000000180025095e-35 1.0000000180025095e-35 1.0000000180025095e-35 0.67500000000000016 0.90000000000000013 1.0000000180025095e-35 1.5000000000000002 1.0000000180025095e-35 1.0000000180025095e-35 1.0000000180025095e-35 1.0000000180025095e-35 0.29165000000000002 3.5000000000000004
decision_type=2 2 2 2 2 2 2 2 2 2 2 2 2 2
left_child=1 2 -1 8 7 -6 -7 -4 10 -9 11 -3 -5 -12
right_child=-2 3 4 12 5 6 -8 9 -10 -11 13 -13 -14 -15
leaf_value=0.08869395344525742 0.090034820688073336 -0.017250942715622421 -0.091527950637941655 0.46838501095698504 -0.085998696530452057 -0.50293087542667558 0.088693953445257309 -0.027294788581214174 -0.12970493222193963 0.13327674220889163 0.065091756436137432 0.020136008492540079 0.080948036899688686 -0.14246088285102984
leaf_weight=18.390032649040222 43.754127100110054 105.1218087375164 42.655029147863388 0.42488139867782848 20.304841183125976 2.2987540811300273 0.7957225665450095 101.80354109406471 4.457720458507537 3.0104258954524985 25.503553301095966 124.94381423294544 21.919049195945263 1.0234409719705571
leaf_count=208 468 539 400 3 179 26 9 552 30 30 213 636 215 9
internal_value=0.000133521 -0.00818877 -0.0395346 0.0127448 -0.0533355 -0.121018 -0.350799 -0.0425962 0.00627657 -0.0226829 0.00863895 0.00305313 0.0883154 0.0570841
internal_weight=516.407 472.653 189.258 283.394 170.868 23.3993 3.09448 147.469 261.05 104.814 256.593 230.066 22.3439 26.527
internal_count=3517 3049 1404 1645 1196 214 35 982 1427 582 1397 1175 218 222
is_linear=0
shrinkage=0.08


Tree=21
num_leaves=15
num_cat=0
split_feature=10 11 9 10 10 1 10 6 14 15 8 14 2 15
split_gain=54.889 42.09 46.3155 19.5615 15.8142 21.9992 13.1271 12.5755 15.0663 11.7519 9.69497 10.6004 6.10944 6.00655
threshold=0.68500000000000016 1.0000000180025095e-35 1.0000000180025095e-35 1.0000000180025095e-35 0.67500000000000016 9.5000000000000018 1.0000000180025095e-35 0.90000000000000013 1.0000000180025095e-35 1.0000000180025095e-35 1.0000000180025095e-35 1.0000000180025095e-35 1.0000000180025095e-35 1.0000000180025095e-35
decision_type=2 2 2 2 2 2 2 2 2 2 2 2 2 2
left_child=1 2 -1 9 5 -4 13 -6 -9 10 11 12 -3 -7
right_child=-2 3 4 -5 7 6 -8 8 -10 -11 -12 -13 -14 -15
leaf_value=0.087956052590040773 0.089190310514542764 -0.018953184682554271 -0.090736224567547027 0.085799982527263202 -0.084243212294414199 -0.020761096576157882 0.15973264347174093 -0.31072303988593108 0.087956052590040662 -0.12681880173128451 0.054853551137164461 0.018682427104706183 0.10308755455070884 -0.1079836122414839
leaf_weight=17.112746596336365 40.756974786520004 102.67078684270382 39.986010335385799 21.179190263152122 19.118497394025329 95.706964135169983 2.5131076723337165 3.3572038710117331 0.74045538157224644 4.2048143148422232 25.464580200612545 123.93525405228138 2.6941454708576194 5.3346361219882956
leaf_count=208 468 522 401 218 179 521 27 26 9 30 222 636 17 33
internal_value=0.000177949 -0.00764044 -0.0373811 0.0118792 -0.0502434 -0.0403355 -0.0208741 -0.111502 -0.238681 0.00583381 0.0080232 0.00282253 -0.0158326 -0.0253661
internal_weight=504.775 464.018 183.87 280.149 166.757 143.541 103.555 23.2162 4.09766 258.97 254.765 229.3 105.365 101.042
internal_count=3517 3049 1404 1645 1196 982 581 214 35 1427 1397 1175 539 554
is_linear=0
shrinkage=0.08


Tree=22
num_leaves=15
num_cat=0
split_feature=10 11 9 10 1 10 10 15 0 9 4 13 14 1
split_gain=49.9803 36.7064 41.124 17.9439 13.5548 20.9354 11.9506 10.5514 9.06184 13.6025 8.00459 6.513 6.65975 8.87628
threshold=0.68500000000000016 1.0000000180025095e-35 1.0000000180025095e-35 1.0000000180025095e-35 9.5000000000000018 0.67500000000000016 1.0000000180025095e-35 1.0000000180025095e-35 1.5000000000000002 1.0000000180025095e-35 1.0000000180025095e-35 1.0000000180025095e-35 1.0000000180025095e-35 6.5000000000000009
decision_type=2 2 2 2 2 2 2 2 2 2 2 2 2 2
left_child=1 2 -1 7 -4 6 -6 8 9 11 -8 -3 13 -13
right_child=-2 3 4 -5 5 -7 10 -9 -10 -11 -12 12 -14 -15
leaf_value=0.087286163564273989 0.088422952398793733 0.015137163254032651 -0.089819073242967423 0.084306649489357746 -0.023575901497343291 -0.10418176506443767 0.47695436504759559 -0.1241064635775139 0.018560832412762972 -0.092697488741204564 0.090398333273624926 -0.057263822252466297 -0.076509472136545992 0.079875962858792754
leaf_weight=15.913347959518431 37.936614587903023 52.173501268029213 37.273248620331287 19.883148580789566 100.09467454254627 22.805037252604961 0.41879180073738043 3.9629021733999243 164.40387964993715 11.917221337556837 1.8904604762792585 6.4363286197185516 12.264289051294327 5.6915578544139862
leaf_count=208 468 237 401 218 554 214 3 30 956 102 24 27 51 24
internal_value=0.000201378 -0.00715221 -0.0354487 0.0110891 -0.0474692 -0.0348621 -0.0194249 0.00542118 0.00745097 -0.0131915 0.160502 -0.000816627 -0.0349409 0.00709521
internal_weight=493.065 455.128 178.396 276.733 162.482 125.209 102.404 256.85 252.887 88.4829 2.30925 76.5657 24.3922 12.1279
internal_count=3517 3049 1404 1645 1196 795 581 1427 1397 441 27 339 102 51
is_linear=0
shrinkage=0.08


Tree=23
num_leaves=15
num_cat=0
split_feature=10 11 9 10 0 10 15 8 14 10 14 6 0 1
split_gain=45.5992 32.1132 36.6256 16.4484 13.739 19.1498 9.48136 8.42953 8.92101 7.8833 6.19866 8.59338 5.82729 5.99538
threshold=0.68500000000000016 1.0000000180025095e-35 1.0000000180025095e-35 1.0000000180025095e-35 1.5000000000000002 0.67500000000000016 1.0000000180025095e-35 1.0000000180025095e-35 1.0000000180025095e-35 1.0000000180025095e-35 1.0000000180025095e-35 0.90000000000000013 3.5000000000000004 8.5000000000000018
decision_type=2 2 2 2 2 2 2 2 2 2 2 2 2 2
left_child=1 2 -1 6 -4 9 7 8 -3 -6 11 -7 13 -9
right_child=-2 3 4 -5 5 10 -8 12 -10 -11 -12 -13 -14 -15
leaf_value=0.086677151914857198 0.087724669527224339 -0.01506234663815887 -0.089153237064241289 0.082836091014792473 -0.021373073586634185 -0.083140567207871788 -0.12153488269574365 -0.03243028182578446 0.016818284394002726 0.11940533929210111 0.096390424016578324 -0.20931290219168677 -0.13006773211662553 0.078312607080795488
leaf_weight=14.788878321647642 35.287297561764717 104.22139053046703 35.063069455325603 18.667130522429943 98.640735760331154 16.468789361417301 3.7324714213609687 3.7336064726114335 121.85211244225502 2.613193877041339 0.97876928001642127 4.3718463480472556 1.0763745009899128 19.311253689229488
leaf_count=208 468 539 400 218 552 178 30 27 636 30 10 26 9 186
internal_value=0.000184461 -0.00674914 -0.0337158 0.0103577 -0.044975 -0.0323887 0.00502951 0.00691764 0.0021211 -0.0177398 -0.100368 -0.109608 0.0518726 0.0603706
internal_weight=480.807 445.52 172.925 272.594 158.136 123.073 253.927 250.195 226.074 101.254 21.8194 20.8406 24.1212 23.0449
internal_count=3517 3049 1404 1645 1196 796 1427 1397 1175 582 214 204 222 213
is_linear=0
shrinkage=0.08


Tree=24
num_leaves=15
num_cat=0
split_feature=10 11 9 10 1 10 10 15 8 14 15 14 2 0
split_gain=41.5944 27.9942 32.5771 15.0654 13.686 16.7689 9.11801 8.52727 7.53213 7.57801 5.67349 5.37851 5.33481 4.88404
threshold=0.68500000000000016 1.0000000180025095e-35 1.0000000180025095e-35 1.0000000180025095e-35 9.5000000000000018 0.67500000000000016 1.0000000180025095e-35 1.0000000180025095e-35 1.0000000180025095e-35 1.0000000180025095e-35 1.0000000180025095e-35 1.0000000180025095e-35 1.0000000180025095e-35 3.5000000000000004
decision_type=2 2 2 2 2 2 2 2 2 2 2 2 2 2
left_child=1 2 -1 7 -4 6 10 8 9 12 -6 -7 -3 -10
right_child=-2 3 4 -5 5 11 -8 -9 13 -11 -12 -13 -14 -15
leaf_value=0.086122763910185349 0.087088427174314448 -0.016678697425538982 -0.08844419146492119 0.081377322931446575 -0.015655432003972982 -0.10313634835556063 0.14512960038144115 -0.11908211525200259 0.058363054737760704 0.015586718654017074 -0.10447332950823901 0.095171444383952364 0.10086427792797392 -0.108707787834822
leaf_weight=13.736153006553648 32.802560366690159 101.89975620806217 32.639469906687737 17.528360933065414 93.392229847609997 20.366546593606476 2.1868513599038115 3.5135853067040435 21.993518337607387 120.99850128591061 4.8414918780326834 0.9146186038851728 2.5326065868139258 1.179923191666602
leaf_count=208 468 522 401 218 521 204 27 30 213 636 33 10 17 9
internal_value=0.000200091 -0.00631123 -0.0319364 0.00966159 -0.0424435 -0.0301065 -0.0164361 0.00467559 0.00642469 0.00196009 -0.0200329 -0.0946135 -0.0138281 0.0498563
internal_weight=470.526 437.724 168.077 269.646 154.341 121.702 100.421 252.118 248.604 225.431 98.2337 21.2812 104.432 23.1734
internal_count=3517 3049 1404 1645 1196 795 581 1427 1397 1175 554 214 539 222
is_linear=0
shrinkage=0.08


Tree=25
num_leaves=15
num_cat=0
split_feature=10 11 9 10 0 10 15 0 9 1 1 2 7 2
split_gain=37.9864 24.5039 29.0802 13.7865 13.6201 15.3471 7.67428 6.92031 12.1128 6.42747 14.6583 8.45441 7.71485 7.0188
threshold=0.68500000000000016 1.0000000180025095e-35 1.0000000180025095e-35 1.0000000180025095e-35 1.5000000000000002 0.67500000000000016 1.0000000180025095e-35 1.5000000000000002 1.0000000180025095e-35 12.500000000000002 15.500000000000002 1.0000000180025095e-35 0.70835000000000015 1.0000000180025095e-35
decision_type=2 2 2 2 2 2 2 2 2 2 2 2 2 2
left_child=1 2 -1 6 -4 9 7 8 -3 -6 13 12 -12 -11
right_child=-2 3 4 -5 5 -7 -8 -9 -10 10 11 -13 -14 -15
leaf_value=0.085617523528039197 0.086508013209217943 -0.00091971488800622419 -0.087848137186620032 0.079920744688561793 -0.038205797253549993 -0.091396969602477771 -0.11673450452593134 0.015825415472054637 -0.091217415271024727 0.04631387911386417 0.13362029580704518 0.09485003436692567 -0.075796682774456656 -0.10423414613955556
leaf_weight=12.751846313476561 30.47546623647213 75.967632070183754 30.594308577477932 16.463718879967928 43.306715555489063 20.306926585733891 3.3060230687260619 160.15445195138454 10.867777973413466 31.100308924913406 1.1962838768959105 2.4153357297182074 19.124332822859287 2.1168512850999823
leaf_count=208 468 339 400 218 252 214 30 956 102 162 5 22 131 10
internal_value=0.000200431 -0.00592112 -0.0303679 0.00900878 -0.0402175 -0.0280299 0.0043444 0.00596507 -0.0122208 -0.0150661 0.00284362 -0.0466494 -0.0634682 0.0367198
internal_weight=460.148 429.673 162.913 266.76 150.161 119.567 250.296 246.99 86.8354 99.2598 55.9531 22.736 20.3206 33.2172
internal_count=3517 3049 1404 1645 1196 796 1427 1397 441 582 330 158 136 172
is_linear=0
shrinkage=0.08


Tree=26
num_leaves=15
num_cat=0
split_feature=10 11 9 1 10 10 10 8 15 14 0 1 1 2
split_gain=34.7325 21.459 26.0073 13.2891 13.6453 12.6076 7.81997 7.0068 6.43665 6.06827 5.18648 5.75652 8.21344 6.09553
threshold=0.68500000000000016 1.0000000180025095e-35 1.0000000180025095e-35 9.5000000000000018 0.67500000000000016 1.0000000180025095e-35 1.0000000180025095e-35 1.0000000180025095e-35 1.0000000180025095e-35 1.0000000180025095e-35 1.5000000000000002 15.500000000000002 12.500000000000002 1.0000000180025095e-35
decision_type=2 2 2 2 2 2 2 2 2 2 2 2 2 2
left_child=1 2 -1 -4 6 7 10 8 9 -3 -5 12 -12 -13
right_child=-2 5 3 4 -6 -7 -8 -9 -10 -11 11 13 -14 -15
leaf_value=0.085156584835198057 0.08597797300977203 -0.012767337388317763 -0.087238418250253788 -0.091276161040392823 -0.087194360025650508 0.078458008308535804 0.14241369726270148 0.047081785574390862 -0.11448432645365475 0.013694949202734136 -0.027293254733890215 -0.062075995592330242 0.027995247204579559 0.094933331534748935
leaf_weight=11.832561254501341 28.298768743872643 103.46681886911392 28.432348810136318 5.7123872935771933 19.612331762909889 15.469850439578293 2.0016363225877276 22.035810224711895 3.1093887835741034 119.53649269044399 36.865608863532543 19.371345035731796 32.23061441630125 1.7232672125101078
leaf_count=208 468 539 401 53 214 218 27 222 30 636 197 133 158 13
internal_value=0.000183197 -0.00557827 -0.0289132 -0.0381611 -0.0262873 0.00838824 -0.0140864 0.00402001 -0.000176575 0.00141725 -0.0173527 -0.0126707 -0.00150339 -0.0492495
internal_weight=449.699 421.4 157.782 145.95 117.517 263.618 97.9049 248.149 226.113 223.003 95.9032 90.1908 69.0962 21.0946
internal_count=3517 3049 1404 1196 795 1645 581 1427 1205 1175 554 501 355 146
is_linear=0
shrinkage=0.08


Tree=27
num_leaves=15
num_cat=0
split_feature=10 11 9 1 10 10 10 15 8 0 14 15 1 0
split_gain=31.7663 18.787 23.2729 12.9157 12.0686 11.5158 7.02048 6.22544 5.78213 5.31253 5.15081 4.99805 4.95402 5.48914
threshold=0.68500000000000016 1.0000000180025095e-35 1.0000000180025095e-35 9.5000000000000018 0.67500000000000016 1.0000000180025095e-35 1.0000000180025095e-35 1.0000000180025095e-35 1.0000000180025095e-35 2.5000000000000004 1.0000000180025095e-35 1.0000000180025095e-35 8.5000000000000018 3.5000000000000004
decision_type=2 2 2 2 2 2 2 2 2 2 2 2 2 2
left_child=1 2 -1 -4 6 7 11 8 10 -6 -3 -5 -10 -14
right_child=-2 5 3 4 9 -7 -8 -9 12 -11 -12 -13 13 -15
leaf_value=0.084735640961410341 0.085493468954459181 -0.011725095315964469 -0.086643646362334764 -0.012232414692852678 -0.092552158804701967 0.076981939027887067 0.1399583330841726 -0.11232787434395823 -0.04176732269404388 0.10295272886236985 0.012677225926171811 -0.1011889919657734 0.074269655918788979 -0.10174967456863339
leaf_weight=10.974883794784544 26.265072785317898 103.64313451200724 26.419195912778378 90.415996469557285 18.062999956309799 14.543256495147942 1.8788869082927693 2.9231914207339278 3.5156596004962948 0.93561814725398917 118.83262494206429 4.2314404025673857 16.516670130193237 1.2174481004476536
leaf_count=208 468 539 401 521 208 218 27 30 27 6 636 33 186 9
internal_value=0.000177502 -0.00523368 -0.0275031 -0.0361812 -0.0246411 0.00780433 -0.0131696 0.00372538 0.00511729 -0.0829242 0.0013091 -0.0162094 0.0449874 0.0621859
internal_weight=440.376 414.111 152.919 141.944 115.525 261.192 96.5263 246.649 243.726 18.9986 222.476 94.6474 21.2498 17.7341
internal_count=3517 3049 1404 1196 795 1645 581 1427 1397 214 1175 554 222 195
is_linear=0
shrinkage=0.08


Tree=28
num_leaves=15
num_cat=0
split_feature=10 11 9 0 10 10 15 0 9 1 1 1 0 1
split_gain=29.0637 16.3885 20.8023 12.7554 10.8773 10.5033 5.61382 5.36107 10.8778 5.99628 5.17347 5.54578 5.68783 5.18673
threshold=0.68500000000000016 1.0000000180025095e-35 1.0000000180025095e-35 1.5000000000000002 0.67500000000000016 1.0000000180025095e-35 1.0000000180025095e-35 1.5000000000000002 1.0000000180025095e-35 11.500000000000002 7.5000000000000009 15.500000000000002 3.5000000000000004 12.500000000000002
decision_type=2 2 2 2 2 2 2 2 2 2 2 2 2 2
left_child=1 2 -1 -4 -5 6 7 8 9 -3 -9 12 13 -12
right_child=-2 5 3 4 -6 -7 -8 10 -10 -11 11 -13 -14 -15
leaf_value=0.084350891760376426 0.085050204669435983 0.0028200792243572295 -0.086209656157787723 -0.012023769771413241 -0.079362148027496873 0.075486497739121333 -0.11026392796367357 -0.073694860635925064 -0.089996012151681348 -0.13307450037053956 0.0085447629278293732 -0.010978197775725793 -0.17936899584856478 0.042607131136868585
leaf_weight=10.175425469875334 24.366940356791019 73.689972549676895 24.750475995242596 95.554774925112724 18.291199281811714 13.680366698652504 2.7469023093581191 4.232417903840541 9.9453340321779233 2.1383597999811164 55.333116464316845 37.004719264805317 0.8683045506477346 59.241718143224716
leaf_count=208 468 330 400 582 214 218 30 25 102 9 327 231 6 367
internal_value=0.000179319 -0.00489373 -0.0260532 -0.0341588 -0.0228428 0.00726602 0.00345983 0.00474828 -0.0113297 -0.00101215 0.0135501 0.0159723 0.0246111 0.0261569
internal_weight=432.02 407.653 148.772 138.596 113.846 258.881 245.201 242.454 85.7737 75.8283 156.68 152.448 115.443 114.575
internal_count=3517 3049 1404 1196 796 1645 1427 1397 441 339 956 931 700 694
is_linear=0
shrinkage=0.08


Tree=29
num_leaves=15
num_cat=0
split_feature=10 11 9 1 10 10 10 8 1 14 15 15 1 13
split_gain=26.6109 14.2256 18.5732 12.5059 9.61326 9.56672 6.23606 5.64774 6.01735 5.26808 4.81141 4.61689 4.17334 4.6949
threshold=0.68500000000000016 1.0000000180025095e-35 1.0000000180025095e-35 9.5000000000000018 0.67500000000000016 1.0000000180025095e-35 1.0000000180025095e-35 1.0000000180025095e-35 23.500000000000004 1.0000000180025095e-35 1.0000000180025095e-35 1.0000000180025095e-35 8.5000000000000018 1.0000000180025095e-35
decision_type=2 2 2 2 2 2 2 2 2 2 2 2 2 2
left_child=1 2 -1 -4 6 7 11 8 10 -6 -3 -5 13 -9
right_child=-2 5 3 4 9 -7 -8 12 -10 -11 -12 -13 -14 -15
leaf_value=0.083998948323232861 0.084644354277351438 0.0015974650794699618 -0.085789573093101784 -0.010147732937624164 -0.086117621707300265 0.073966710738514241 0.13739793541738873 0.013753487992082116 -0.21463473867438809 0.096313524375297693 -0.10829260563581464 -0.099254189185144032 0.060391541535114328 -0.20523624348046923
leaf_weight=9.4308567047119123 22.59698536247015 219.14242238551378 23.055602863430977 89.412928745150566 16.731793608516458 12.877597928047178 1.7777572087943543 2.9113882631063492 0.83662703633308311 1.0783491730689991 2.5799926109611979 3.8830602243542662 16.773235246539116 0.79836948215961445
leaf_count=208 468 1171 401 521 204 218 27 21 4 10 30 33 195 6
internal_value=0.000175045 -0.00458149 -0.0245668 -0.0320986 -0.0211326 0.00677076 -0.0110282 0.00321038 -0.000489268 -0.075072 0.000318769 -0.0138564 0.0434091 -0.0333749
internal_weight=423.887 401.29 145.37 135.939 112.884 255.92 95.0737 243.042 222.559 17.8101 221.722 93.296 20.483 3.70976
internal_count=3517 3049 1404 1196 795 1645 581 1427 1205 214 1201 554 222 27
is_linear=0
shrinkage=0.08


Tree=30
num_leaves=15
num_cat=0
split_feature=10 11 9 0 10 10 8 1 0 1 10 1 1 7
split_gain=24.3735 12.3824 16.6268 12.2145 8.70483 8.61073 4.99695 4.94506 4.78662 4.69395 5.26167 5.00142 7.06971 6.08696
threshold=0.68500000000000016 1.0000000180025095e-35 1.0000000180025095e-35 1.5000000000000002 1.0000000180025095e-35 0.67500000000000016 1.0000000180025095e-35 23.500000000000004 2.5000000000000004 9.5000000000000018 1.0000000180025095e-35 15.500000000000002 12.500000000000002 0.70835000000000015
decision_type=2 2 2 2 2 2 2 2 2 2 2 2 2 2
left_child=1 2 -1 -4 6 9 7 -3 -7 -5 11 12 -11 -13
right_child=-2 4 3 5 -6 8 -8 -9 -10 10 -12 13 -14 -15
leaf_value=0.083676763602965998 0.084272490559655078 0.0002905353172383046 -0.085400339394573241 -0.088773187761303274 0.072418626131086142 -0.081909987272765689 0.041512878691121281 -0.19198114490448906 0.10227506806603937 -0.022782483969637397 0.13432638575067521 0.1316764519332613 0.028861314322237663 -0.055137261957497311
leaf_weight=8.7379354834556562 20.947948791086674 221.45980494841933 21.535981938242912 4.6151553168892852 12.131404120475052 16.231552340090278 19.774444453418255 0.85941527783870597 0.95622442662715812 35.938772991299629 1.6771040409803379 1.187052890658381 32.132662266492844 18.715550027787685
leaf_count=208 468 1201 400 54 218 208 222 4 6 197 27 5 158 141
internal_value=0.000174981 -0.00427421 -0.0232217 -0.0302454 0.00628885 -0.0195879 0.00297507 -0.000452726 -0.071663 -0.0100929 -0.00604255 -0.00871849 0.00159562 -0.0439951
internal_weight=416.901 395.953 141.728 132.99 254.225 111.454 242.094 222.319 17.1878 94.2663 89.6511 87.974 68.0714 19.9026
internal_count=3517 3049 1404 1196 1645 796 1427 1205 214 582 528 501 355 146
is_linear=0
shrinkage=0.08


Tree=31
num_leaves=15
num_cat=0
split_feature=10 15 6 6 13 1 12 11 0 9 1 1 10 14
split_gain=22.3393 11.9069 10.015 12.1373 11.731 10.4149 11.4656 7.64726 7.36798 17.5546 12.355 10.1117 8.48062 6.70002
threshold=0.68500000000000016 1.0000000180025095e-35 0.58335000000000015 0.36665000000000009 1.0000000180025095e-35 8.5000000000000018 2.5000000000000004 1.0000000180025095e-35 1.5000000000000002 1.0000000180025095e-35 15.500000000000002 12.500000000000002 1.0000000180025095e-35 1.0000000180025095e-35
decision_type=2 2 2 2 2 2 2 2 2 2 2 2 2 2
left_child=1 2 3 8 -4 -5 -7 13 9 -1 11 -10 -11 -6
right_child=-2 -3 4 5 7 6 -8 -9 10 12 -12 -13 -14 -15
leaf_value=-0.001088240490152747 0.083931547985555549 -0.09563256927339929 0.060701894123958614 -0.4028514659072352 -0.10223803749402854 -0.077222658044140566 0.087170352806365994 0.050920512338088572 -0.0031281371171559486 -0.086347931651660381 -0.031338247031203283 0.036136024633899658 0.1901738535318464 0.089953378966125083
leaf_weight=75.703197330236435 19.412751622498035 8.8682631775736791 31.26093334145844 0.56182736903429287 7.482136143371461 19.333575863391165 3.1588840037584296 5.0527759268879882 86.611231416463852 24.366831183433536 44.898784667253494 81.454523697495461 0.73111917078494926 1.3740742579102514
leaf_count=339 468 124 448 4 46 266 42 58 503 416 303 474 3 23
internal_value=0.000167961 -0.00399232 -0.00186481 -0.00660848 0.0335075 -0.0626331 -0.054135 -0.0276128 -0.00249201 -0.020311 0.00594212 0.0159016 -0.0782927 -0.0724188
internal_weight=410.271 390.858 381.99 336.82 45.1699 23.0543 22.4925 13.909 313.766 100.801 212.965 168.066 25.098 8.85621
internal_count=3517 3049 2925 2350 575 312 308 127 2038 758 1280 977 419 69
is_linear=0
shrinkage=0.08


Tree=32
num_leaves=15
num_cat=0
split_feature=10 15 10 10 1 1 11 2 1 0 0 0 7 8
split_gain=20.4874 10.9055 9.13588 19.6109 8.37724 11.3945 8.93387 7.54775 6.37772 6.37177 5.91441 5.7903 5.36129 4.04008
threshold=0.68500000000000016 1.0000000180025095e-35 0.67500000000000016 1.0000000180025095e-35 12.500000000000002 15.500000000000002 1.0000000180025095e-35 1.0000000180025095e-35 9.5000000000000018 1.5000000000000002 2.5000000000000004 3.5000000000000004 0.70835000000000015 1.0000000180025095e-35
decision_type=2 2 2 2 2 2 2 2 2 2 2 2 2 2
left_child=1 2 3 4 6 9 8 12 -1 -6 -4 -11 -7 -14
right_child=-2 -3 10 -5 5 7 -8 -9 -10 11 -12 -13 13 -15
leaf_value=-0.084728783398780247 0.083618781406061965 -0.094599302439874175 -0.073746671966942012 0.079388202925940718 -0.11982730359133793 0.12857725790017796 -0.0038299432568303067 0.095043605020322136 -0.02422462283050425 0.033486493685297825 0.094577272840586202 -0.17140292760793036 -0.037398610825837321 0.039162565787049096
leaf_weight=15.874094098806379 17.984532631933689 8.2722225449979288 15.456199608743193 19.308618063107133 1.8186801075935353 1.4046682864427555 141.98718308657408 3.5507224202156058 37.466667123138905 88.172488659620285 1.4623828306794155 0.89168518781661887 45.030465804040432 4.8901979550719252
leaf_count=340 468 124 216 433 11 6 787 28 225 522 18 6 273 60
internal_value=0.000157515 -0.00373529 -0.00174319 0.000953967 -0.00348612 0.0110274 -0.0143165 -0.0177579 -0.0422305 0.0284082 -0.0591973 0.0314352 -0.0255616 -0.0298987
internal_weight=403.571 385.586 377.314 360.395 341.087 145.759 195.328 54.8761 53.3408 90.8829 16.9186 89.0642 51.3253 49.9207
internal_count=3517 3049 2925 2691 2258 906 1352 367 565 539 234 528 339 333
is_linear=0
shrinkage=0.08


Tree=33
num_leaves=15
num_cat=0
split_feature=10 15 6 6 13 1 12 14 0 9 1 1 10 13
split_gain=18.7921 9.99541 8.01932 11.0882 10.1418 7.77468 9.65986 6.45341 5.78817 15.9461 9.18244 7.15691 7.06681 5.56149
threshold=0.68500000000000016 1.0000000180025095e-35 0.58335000000000015 0.36665000000000009 1.0000000180025095e-35 8.5000000000000018 2.5000000000000004 1.0000000180025095e-35 1.5000000000000002 1.0000000180025095e-35 15.500000000000002 12.500000000000002 1.0000000180025095e-35 1.0000000180025095e-35
decision_type=2 2 2 2 2 2 2 2 2 2 2 2 2 2
left_child=1 2 3 8 -4 -5 -7 -6 9 -1 11 13 -11 -10
right_child=-2 -3 4 5 7 6 -8 -9 10 12 -12 -13 -14 -15
leaf_value=-0.00052558420015210762 0.083331698146770106 -0.093628989914061891 0.057600227311150526 -0.34292893671623398 -0.053128145343415943 -0.075322000937961736 0.086067964122755983 0.08795797803938657 -0.010188806815470431 -0.085719994967329627 -0.026564066207318163 0.031370037761080834 0.16414129668764019 0.047619575893250082
leaf_weight=75.719294786453247 16.656686201691628 7.7121465429663649 29.128118822351098 0.61237210035324352 10.920303024351595 17.66024832427502 2.7420840859413138 2.5616400931030503 73.837226733565331 21.652008876204494 45.117506757378578 79.977637425065041 0.74952256679534812 12.446353949606417
leaf_count=339 468 124 448 4 77 266 42 50 429 416 303 474 3 74
internal_value=0.000157668 -0.00348012 -0.00161683 -0.0058279 0.0310473 -0.0620613 -0.0536311 -0.026321 -0.00200971 -0.0180673 0.00544413 0.01413 -0.07736 -0.00184998
internal_weight=397.493 380.836 373.124 330.514 42.6101 21.0147 20.4023 13.4819 309.5 98.1208 211.379 166.261 22.4015 86.2836
internal_count=3517 3049 2925 2350 575 312 308 127 2038 758 1280 977 419 503
is_linear=0
shrinkage=0.08


Tree=34
num_leaves=15
num_cat=0
split_feature=10 15 10 10 1 11 14 0 1 2 0 7 0 11
split_gain=17.2491 9.1623 7.62171 16.8159 6.18179 7.30779 7.12207 7.02147 7.89714 6.24948 5.16832 4.65842 4.39336 3.90511
threshold=0.68500000000000016 1.0000000180025095e-35 0.67500000000000016 1.0000000180025095e-35 11.500000000000002 1.0000000180025095e-35 1.0000000180025095e-35 1.5000000000000002 15.500000000000002 1.0000000180025095e-35 2.5000000000000004 0.70835000000000015 3.5000000000000004 1.0000000180025095e-35
decision_type=2 2 2 2 2 2 2 2 2 2 2 2 2 2
left_child=1 2 3 4 5 6 -1 -6 12 11 -4 -10 -9 -13
right_child=-2 -3 10 -5 7 -7 -8 8 9 -11 -12 13 -14 -15
leaf_value=-0.084362352124428885 0.083068071967254367 -0.092717699779807372 -0.069714963171739072 0.077823069826037469 -0.11005469199653128 -0.0043861523379445967 -0.016234671342377011 0.024346086505294299 0.12414924638948442 0.093259299693711675 0.093601244662987027 -0.061318522125633067 -0.14651188277988786 -0.011424543119008713
leaf_weight=16.221131071448326 15.422875292599199 7.1863392665982238 14.508248046040533 17.308692440390587 3.1639167964458457 129.07153207808733 24.888885863125324 106.90461993217468 1.3693552911281575 3.2339961677789679 1.3560543730854977 13.95446392148733 0.97193410992622276 35.786080345511436
leaf_count=334 468 124 216 433 24 707 177 647 6 28 18 114 6 215
internal_value=0.000147975 -0.00325394 -0.00151039 0.000928306 -0.00303797 -0.013742 -0.0431164 0.00797659 0.0102786 -0.0145905 -0.055755 -0.0214147 0.0228067 -0.0254221
internal_weight=391.348 375.925 368.739 352.875 335.566 170.182 41.11 165.384 162.22 54.3439 15.8643 51.1099 107.877 49.7405
internal_count=3517 3049 2925 2691 2258 1218 511 1040 1016 363 234 335 653 329
is_linear=0
shrinkage=0.08


Tree=35
num_leaves=15
num_cat=0
split_feature=10 15 9 10 10 11 1 14 8 14 1 13 1 9
split_gain=15.8371 8.40292 6.74463 8.10742 14.5533 5.55426 9.65699 4.40025 4.26998 4.29025 5.26747 9.45399 4.61975 4.91399
threshold=0.68500000000000016 1.0000000180025095e-35 0.7250000000000002 0.67500000000000016 1.0000000180025095e-35 1.0000000180025095e-35 9.5000000000000018 1.0000000180025095e-35 1.0000000180025095e-35 1.0000000180025095e-35 4.5000000000000009 1.0000000180025095e-35 9.5000000000000018 1.0000000180025095e-35
decision_type=2 2 2 2 2 2 2 2 2 2 2 2 2 2
left_child=1 2 3 4 5 6 -1 -5 9 10 11 -7 13 -12
right_child=-2 -3 -4 7 -6 8 -8 -9 -10 -11 12 -13 -14 -15
leaf_value=-0.083999006336585275 0.082825869202888674 -0.091861935611378537 0.090306148985710086 -0.07357659092160776 0.076079516506851241 0.10795643441118939 -0.0099127010346118944 0.093075797676542019 0.039323584728420256 0.010150720847496577 -0.019568301690044008 -0.11798424116141448 -0.0031400501810603548 -0.082831573071731557
leaf_weight=13.013090193271635 14.27704983204603 6.6931172907352439 5.0608146935701361 13.51232390105724 15.288492433726786 5.1514709591865531 83.593156911432743 1.0962563492357738 18.945401631295681 115.69914956390858 24.484640121459961 1.5394279807806013 55.868825793266296 11.571764960885046
leaf_count=340 468 124 70 210 406 26 507 11 222 634 105 8 282 104
internal_value=0.000142121 -0.00303533 -0.00140571 -0.00269582 -0.000225127 -0.00376165 -0.0198923 -0.0610707 0.00291895 -0.00029921 -0.0125594 0.0559725 -0.0175475 -0.0398717
internal_weight=385.795 371.518 364.825 359.764 345.155 329.867 96.6062 14.6086 233.261 214.315 98.6161 6.6909 91.9252 36.0564
internal_count=3517 3049 2925 2855 2634 2228 847 221 1381 1159 525 34 491 209
is_linear=0
shrinkage=0.08


Tree=36
num_leaves=15
num_cat=0
split_feature=10 15 6 6 13 1 12 11 1 1 14 9 0 1
split_gain=14.5473 7.70825 6.16358 10.1622 8.34709 6.50104 7.61487 5.16434 4.1206 8.89963 5.94828 9.11912 6.46844 6.38089
threshold=0.68500000000000016 1.0000000180025095e-35 0.58335000000000015 0.36665000000000009 1.0000000180025095e-35 8.5000000000000018 2.5000000000000004 1.0000000180025095e-35 15.500000000000002 12.500000000000002 1.0000000180025095e-35 1.0000000180025095e-35 1.5000000000000002 10.500000000000002
decision_type=2 2 2 2 2 2 2 2 2 2 2 2 2 2
left_child=1 2 3 8 -4 -5 -7 -6 9 10 11 -1 -13 -12
right_child=-2 -3 4 5 7 6 -8 -9 -10 -11 13 12 -14 -15
leaf_value=0.0083011979435385387 0.082603263051684001 -0.09105852826374547 0.054324321632227994 -0.31548554413459462 -0.061373559940194423 -0.073214942723487997 0.084793482085089411 0.045623210346786632 -0.023808463045049542 0.024614749278983855 0.020925131780871038 -0.084928469159876771 -0.024122693568963696 -0.024298230676894687
leaf_weight=35.425482407212257 13.213452022522686 6.2308262921869746 26.406973911449313 0.62775256484747188 8.365547174587844 15.701269146054985 2.229139480739831 4.4084526225924483 44.889278136193752 79.980529095977545 62.897826090455055 16.952678345143795 32.97678854316473 29.255808524787426
leaf_count=153 468 124 448 4 69 266 42 58 307 485 346 389 200 158
internal_value=0.000136496 -0.00283792 -0.0013115 -0.0049684 0.0286426 -0.0624306 -0.0535711 -0.0244478 -0.00144171 0.00245759 -0.00752583 -0.0227424 -0.0447682 0.00656817
internal_weight=379.562 366.348 360.118 320.937 39.181 18.5582 17.9304 12.774 302.378 257.489 177.509 85.3549 49.9295 92.1536
internal_count=3517 3049 2925 2350 575 312 308 127 2038 1731 1246 742 589 504
is_linear=0
shrinkage=0.08


Tree=37
num_leaves=15
num_cat=0
split_feature=10 15 9 10 10 11 1 2 1 1 7 13 14 8
split_gain=13.3672 7.07379 5.93019 6.76239 12.7635 4.37963 8.77401 4.05192 4.15023 6.0739 4.95101 4.25915 4.83981 3.86894
threshold=0.68500000000000016 1.0000000180025095e-35 0.7250000000000002 0.67500000000000016 1.0000000180025095e-35 1.0000000180025095e-35 9.5000000000000018 1.0000000180025095e-35 15.500000000000002 13.500000000000002 0.70835000000000015 1.0000000180025095e-35 1.0000000180025095e-35 1.0000000180025095e-35
decision_type=2 2 2 2 2 2 2 2 2 2 2 2 2 2
left_child=1 2 3 4 5 6 -1 8 9 -8 -10 12 -11 -7
right_child=-2 -3 -4 -5 -6 13 7 -9 10 11 -12 -13 -14 -15
leaf_value=-0.083618459697192921 0.082398595268400265 -0.090304571874388909 0.08923192483718223 -0.057483705745181413 0.075033283496950209 -0.00050157786247033345 -0.0084835479172185209 -0.12089940523374072 0.11855131581964039 0.1486246251472744 -0.058285329474980489 -0.029746962824734147 0.027021745182771114 0.037687457084583452
leaf_weight=11.431923948228357 12.226620458066462 5.7978503368794909 4.5789412911981335 13.708488106727598 13.852829050272701 212.06279921531677 54.924060367047787 2.0146570801734915 1.0964630097150792 3.9778129011392576 13.356192767620085 2.7733682543039313 4.424733966588974 18.455925934016705
leaf_count=340 468 124 70 221 406 1159 320 9 5 19 118 14 22 222
internal_value=0.00012654 -0.00264872 -0.00122378 -0.0024002 -0.000168586 -0.00337876 -0.0179327 -0.00883811 -0.00603541 0.0024556 -0.0448695 0.056216 0.0845892 0.00255594
internal_weight=374.683 362.456 356.658 352.079 338.371 324.518 93.9992 82.5673 80.5526 66.1 14.4527 11.1759 8.40255 230.519
internal_count=3517 3049 2925 2855 2634 2228 847 507 498 375 123 55 41 1381
is_linear=0
shrinkage=0.08


Tree=38
num_leaves=15
num_cat=0
split_feature=10 15 9 10 10 1 9 1 14 11 1 1 0 0
split_gain=12.2859 6.49411 5.41272 5.81562 11.5185 4.18183 9.11447 9.32062 7.33749 5.30657 4.61813 3.81925 4.72194 4.16929
threshold=0.68500000000000016 1.0000000180025095e-35 0.7250000000000002 0.67500000000000016 1.0000000180025095e-35 9.5000000000000018 1.0000000180025095e-35 8.5000000000000018 1.0000000180025095e-35 1.0000000180025095e-35 15.500000000000002 12.500000000000002 1.5000000000000002 3.5000000000000004
decision_type=2 2 2 2 2 2 2 2 2 2 2 2 2 2
left_child=1 2 3 4 5 6 7 -1 -8 -10 11 -7 -13 -14
right_child=-2 -3 -4 -5 -6 10 8 -9 9 -11 -12 12 13 -15
leaf_value=0.0091540925395258103 0.082210366205660593 -0.089597376139942231 0.088475659703353512 -0.053694704199604565 0.073580992053926486 -0.0027451024221807055 -0.076986528341741522 -0.097417684951505837 -0.085344981283991109 0.052337788555685195 -0.018623409550889942 -0.11357320283558676 0.025327331512612537 -0.13916414224249507
leaf_weight=59.732263192534447 11.311386339366434 5.3926203176379195 4.2615527473390094 13.510309778153895 13.030033761635421 89.049169525504112 22.360356867313385 5.7585292160511008 2.5746061094105261 5.8906869068741798 50.110409952700138 1.6416042074561108 84.385778829455376 0.99783816933631797
leaf_count=273 468 124 70 221 406 543 423 24 52 37 339 11 520 6
internal_value=0.000119862 -0.00246884 -0.00113896 -0.00223309 -0.000160969 -0.00314037 -0.0171005 -0.00021664 -0.0529712 0.0104634 0.00280428 0.00890256 0.0208211 0.023405
internal_weight=370.007 358.696 353.303 349.042 335.531 322.501 96.3164 65.4908 30.8256 8.46529 226.185 176.074 87.0252 85.3836
internal_count=3517 3049 2925 2855 2634 2228 809 297 512 89 1419 1080 537 526
is_linear=0
shrinkage=0.08


Tree=39
num_leaves=15
num_cat=0
split_feature=10 15 9 10 10 14 11 1 2 8 0 1 1 13
split_gain=11.2941 5.96455 4.94384 4.99542 10.3837 3.78614 3.77939 7.60611 3.6749 3.59897 3.92509 5.19125 3.63191 4.11405
threshold=0.68500000000000016 1.0000000180025095e-35 0.7250000000000002 0.67500000000000016 1.0000000180025095e-35 1.0000000180025095e-35 1.0000000180025095e-35 9.5000000000000018 1.0000000180025095e-35 1.0000000180025095e-35 2.5000000000000004 14.500000000000002 8.5000000000000018 1.0000000180025095e-35
decision_type=2 2 2 2 2 2 2 2 2 2 2 2 2 2
left_child=1 2 3 4 6 -5 7 -1 -9 10 -8 -12 13 -11
right_child=-2 -3 -4 5 -6 -7 9 8 -10 12 11 -13 -14 -15
leaf_value=-0.083080492474249645 0.082037182558671998 -0.088934420350036542 0.087784875228125184 -0.062768824218519856 0.072081663800149312 0.093264005518721826 0.0022882755373561806 -0.0059987749599121143 -0.11717153882996809 0.011726789154688073 -0.16278283119779149 -0.021191037213262539 0.054952509139199142 -0.19010455725640465
leaf_weight=9.8429394662380201 10.462873347103594 5.0136185586452475 3.9636036381125441 12.248385446146127 12.268375143408774 1.0833060815930373 199.24106098338962 79.893239505589008 1.9493900835514058 2.8511263802647622 1.9993424415588368 9.684083938598631 14.408259216696022 0.83584582060575474
leaf_count=340 468 124 70 210 406 11 1101 498 9 21 11 47 195 6
internal_value=0.000117752 -0.00229473 -0.0010546 -0.00207141 -0.000148827 -0.0500899 -0.00291196 -0.0166376 -0.00864677 0.00258297 -0.00035442 -0.0454211 0.0368222 -0.0340289
internal_weight=365.745 355.283 350.269 346.305 332.974 13.3317 320.705 91.6856 81.8426 229.02 210.924 11.6834 18.0952 3.68697
internal_count=3517 3049 2925 2855 2634 221 2228 847 507 1381 1159 58 222 27
is_linear=0
shrinkage=0.08


Tree=40
num_leaves=15
num_cat=0
split_feature=10 15 6 6 2 13 7 1 12 14 0 9 1 13
split_gain=10.3838 5.48057 4.69045 6.43816 9.63521 6.33592 5.81445 5.20598 6.3337 3.86786 3.50748 10.8552 5.4212 4.95071
threshold=0.68500000000000016 1.0000000180025095e-35 0.90000000000000013 0.36665000000000009 1.0000000180025095e-35 1.0000000180025095e-35 0.70835000000000015 8.5000000000000018 2.5000000000000004 1.0000000180025095e-35 1.5000000000000002 1.0000000180025095e-35 15.500000000000002 1.0000000180025095e-35
decision_type=2 2 2 2 2 2 2 2 2 2 2 2 2 2
left_child=1 2 3 10 6 -4 -5 -8 -9 -7 11 13 -12 -1
right_child=-2 -3 5 4 -6 9 7 8 -10 -11 12 -13 -14 -15
leaf_value=0.012821533202733356 0.081877819956617068 -0.088313325622174491 0.053935011322786712 0.11149417562851598 0.086727202604665821 -0.048274829372675215 -0.30554230601326493 -0.0860572959792065 0.083481857078921418 0.087252911127722585 0.011843990963809253 -0.074708426938478442 -0.019792844673243788 -0.031230775457867864
leaf_weight=51.05207097530365 9.6764855571091157 4.6593817546963683 20.724988345056772 1.0917132310569346 3.0089733563363543 7.853841198608281 0.62495692074299114 15.266501290723681 1.5537863709032542 1.6268736533820627 160.92787396162748 15.548983599990605 44.181868214160204 24.003906637430191
leaf_count=237 468 124 402 10 60 54 4 272 39 46 977 419 303 102
internal_value=0.000121253 -0.00212543 -0.00096969 -0.00383768 -0.0460575 0.0291537 -0.0676115 -0.0788199 -0.070396 -0.0250185 -0.000761516 -0.0138705 0.00502923 -0.00126698
internal_weight=361.802 352.126 347.466 317.261 21.5459 30.2057 18.537 17.4452 16.8203 9.48071 295.715 90.605 205.11 75.056
internal_count=3517 3049 2925 2423 385 502 325 315 311 100 2038 758 1280 339
is_linear=0
shrinkage=0.08


Tree=41
num_leaves=15
num_cat=0
split_feature=10 15 9 10 10 1 1 9 1 14 11 14 1 13
split_gain=9.55317 5.03524 4.15895 4.16365 9.202 3.41984 3.46912 7.30625 7.90618 6.4712 4.39237 3.19891 3.10776 6.94991
threshold=0.68500000000000016 1.0000000180025095e-35 0.7250000000000002 0.67500000000000016 1.0000000180025095e-35 28.500000000000004 9.5000000000000018 1.0000000180025095e-35 8.5000000000000018 1.0000000180025095e-35 1.0000000180025095e-35 1.0000000180025095e-35 5.5000000000000009 1.0000000180025095e-35
decision_type=2 2 2 2 2 2 2 2 2 2 2 2 2 2
left_child=1 2 3 4 5 6 7 8 12 -9 -11 -5 13 -1
right_child=-2 -3 -4 11 -6 -7 -8 9 -10 10 -12 -13 -14 -15
leaf_value=0.016472957072644824 0.081731124735148444 -0.087731835423613028 0.08663447269900143 -0.058822235241673085 0.071419858253664967 -0.15207376406462172 0.003307098315341424 -0.073265352640896286 -0.089733627366347768 -0.084575939638076067 0.04908856053370797 0.092124905870667018 0.030333867773714666 -0.061257689806526482
leaf_weight=24.461221620440483 8.9479036666452867 4.3285030759870997 3.4385753814131013 11.543485479429361 11.134448140859602 0.97626155614852805 222.76651394367218 20.149955008178953 5.7735009491443625 2.1722652912139884 5.7075591757893562 0.97437334433198053 24.271638885140419 10.530943661928175
leaf_count=117 468 124 70 210 406 5 1414 423 24 52 37 11 111 45
internal_value=0.000111642 -0.00198561 -0.000906363 -0.0017905 -6.20486e-05 -0.00257432 -0.00211221 -0.0150839 -0.000368667 -0.0492276 0.0122407 -0.0470727 0.0083373 -0.0069202
internal_weight=357.177 348.229 343.901 340.462 327.944 316.81 315.834 93.0671 65.0373 28.0298 7.87982 12.5179 59.2638 34.9922
internal_count=3517 3049 2925 2855 2634 2228 2223 809 297 512 89 221 273 162
is_linear=0
shrinkage=0.08


Tree=42
num_leaves=15
num_cat=0
split_feature=10 15 6 6 2 10 7 4 1 12 0 1 0 9
split_gain=8.78981 4.62815 3.99515 6.15181 8.16973 5.30748 5.28018 4.37387 3.88469 5.37851 3.65996 2.92729 3.0482 9.48404
threshold=0.68500000000000016 1.0000000180025095e-35 0.90000000000000013 0.36665000000000009 1.0000000180025095e-35 0.67500000000000016 0.70835000000000015 1.0000000180025095e-35 8.5000000000000018 2.5000000000000004 2.5000000000000004 33.500000000000007 1.5000000000000002 1.0000000180025095e-35
decision_type=2 2 2 2 2 2 2 2 2 2 2 2 2 2
left_child=1 2 3 11 6 7 -5 -4 -8 -10 -9 12 13 -1
right_child=-2 -3 5 4 -6 -7 8 10 9 -11 -12 -13 -14 -15
leaf_value=-0.0011894516837462504 0.081596052851922909 -0.087187793039172942 -0.12727330505808632 0.1083686051652315 0.085684159709383881 -0.030198791088035373 -0.26698034927440634 0.069014993333803565 -0.084336720338178781 0.082982338226462615 -0.029822568856067905 -0.15075530490026234 0.0052539463206202862 -0.073163018218002404
leaf_weight=74.184678241610527 8.2730740606784803 4.0196332968771449 0.87308977916837349 1.03639984503389 2.592928957194089 7.4979139361530533 0.66676916554570453 17.632810378447179 14.115212902426716 1.3468894176185138 2.7751770392060271 0.82804542779922385 203.61222671344876 13.915164701640604
leaf_count=339 468 124 10 10 60 44 4 428 272 39 20 4 1276 419
internal_value=0.0001065 -0.00184706 -0.000841315 -0.00346966 -0.0466738 0.0276805 -0.0666674 0.048073 -0.0779148 -0.0697617 0.0555746 -0.000551648 -0.000125284 -0.0125575
internal_weight=353.37 345.097 341.077 312.298 19.7582 28.779 17.1653 21.2811 16.1289 15.4621 20.408 292.54 291.712 88.0998
internal_count=3517 3049 2925 2423 385 502 325 458 315 311 448 2038 2034 758
is_linear=0
shrinkage=0.08


Tree=43
num_leaves=15
num_cat=0
split_feature=10 15 6 5 6 6 10 1 12 8 0 10 1 1
split_gain=8.09017 4.25462 3.62462 4.78437 4.07639 7.66097 5.71816 3.26104 4.36196 2.81168 6.27579 2.58681 2.61689 5.64725
threshold=0.68500000000000016 1.0000000180025095e-35 1.4166500000000002 1.5000000000000002 0.58335000000000015 0.36665000000000009 0.67500000000000016 8.5000000000000018 2.5000000000000004 1.5000000000000002 3.5000000000000004 1.0000000180025095e-35 15.500000000000002 12.500000000000002
decision_type=2 2 2 2 2 2 2 2 2 2 2 2 2 2
left_child=1 2 3 4 5 9 -6 -7 -9 11 -11 12 13 -1
right_child=-2 -3 -4 -5 6 7 -8 8 -10 10 -12 -13 -14 -15
leaf_value=-0.007094511316559712 0.081471671040902319 -0.086679146226952788 0.085903543653426728 -0.10351006130431062 0.052764389415390002 -0.22695112127377967 -0.029154969405218757 -0.067574586769810902 0.082879789836174431 0.085652663890872852 -0.12919834627616597 0.11813080646684991 -0.020155625477310896 0.019488345598059752
leaf_weight=166.0267226472497 7.6481963358819476 3.7314803432673207 3.0589422211050978 2.9212380293756715 19.043270482681695 0.71908222883939643 7.6416673175990573 11.952923767268654 1.375133195891977 5.4711883887648574 1.034655690193176 1.1481946446001519 43.869394354522228 73.917132172733545
leaf_count=1207 468 124 53 18 451 4 53 266 42 90 6 8 301 426
internal_value=9.77026e-05 -0.00172255 -0.000785136 -0.00157642 -0.000680054 -0.00329912 0.0293054 -0.0610046 -0.0520513 -0.000518026 0.0514839 -0.00170526 -0.00219007 0.00109461
internal_weight=349.559 341.911 338.18 335.121 332.199 305.514 26.6849 14.0471 13.3281 291.467 6.50584 284.961 283.813 239.944
internal_count=3517 3049 2925 2872 2854 2350 504 312 308 2038 96 1942 1934 1633
is_linear=0
shrinkage=0.08


Tree=44
num_leaves=15
num_cat=0
split_feature=10 15 9 11 13 6 14 1 1 1 7 2 1 14
split_gain=7.44507 3.91375 3.49971 3.36108 5.63967 6.28715 5.11514 3.29654 3.12698 3.63271 4.33328 3.8804 4.57207 3.01607
threshold=0.68500000000000016 1.0000000180025095e-35 0.7250000000000002 1.0000000180025095e-35 1.0000000180025095e-35 0.90000000000000013 1.0000000180025095e-35 14.500000000000002 9.5000000000000018 15.500000000000002 0.87500000000000011 1.0000000180025095e-35 12.500000000000002 1.0000000180025095e-35
decision_type=2 2 2 2 2 2 2 2 2 2 2 2 2 2
left_child=1 2 3 4 5 8 -6 -8 -1 11 -11 12 -10 -14
right_child=-2 -3 -4 -5 6 -7 7 -9 9 10 -12 -13 13 -15
leaf_value=-0.082971265817408407 0.081357109790069049 -0.086203910530600739 0.085861032125671435 0.0038868700958716814 -0.071875892595834434 0.048674563362322162 0.11898009898281421 -0.069431790505874155 -0.019519725946995692 0.10968610103121439 -0.066922022856111318 -0.11440717182886938 0.07621679998055432 0.011639407183572301
leaf_weight=3.9495047554373732 7.06971351802349 3.4628099501132956 2.9617544421926132 230.31099306792021 15.305013541132213 12.028911296278237 1.62834252603352 0.93591781891882408 29.65751064568758 0.97398942708969016 10.207813229411839 1.8926704823970784 5.9772790633142021 20.516119126230478
leaf_count=162 468 124 70 1573 311 256 41 5 188 5 142 9 71 92
internal_value=0.000101717 -0.0015888 -0.000717655 -0.00148681 -0.013494 -0.00492425 -0.0543561 0.0502125 -0.0137351 -0.00978502 -0.0515386 -0.0017414 0.00205621 0.026209
internal_weight=346.878 339.809 336.346 333.384 103.073 85.2038 17.8693 2.56426 73.1749 69.2254 11.1818 58.0436 56.1509 26.4934
internal_count=3517 3049 2925 2855 1282 925 357 46 669 507 147 360 351 163
is_linear=0
shrinkage=0.08


Tree=45
num_leaves=15
num_cat=0
split_feature=10 15 9 6 5 10 6 5 10 1 1 9 14 4
split_gain=6.85631 3.59916 3.20774 3.14817 5.54213 3.69334 8.67947 5.96651 10.3035 2.67903 5.66762 5.48684 5.28424 7.89316
threshold=0.68500000000000016 1.0000000180025095e-35 0.7250000000000002 1.4166500000000002 1.5000000000000002 0.67500000000000016 0.90000000000000013 1.0000000180025095e-35 1.0000000180025095e-35 9.5000000000000018 8.5000000000000018 1.0000000180025095e-35 1.0000000180025095e-35 1.0000000180025095e-35
decision_type=2 2 2 2 2 2 2 2 2 2 2 2 2 2
left_child=1 2 3 4 5 6 7 9 -9 10 11 -1 -13 -14
right_child=-2 -3 -4 -5 -6 -7 -8 8 -10 -11 -12 12 13 -15
leaf_value=0.0080770630763775195 0.081251565242097104 -0.085760202033660693 0.085396528882168074 0.081138194040229761 -0.12047999118932293 -0.046697357094285498 0.061097631449118638 -0.10862530215822921 0.13073937010280692 0.0045053333425896487 -0.060746076441992737 -0.065601555634262856 0.086339939508581265 -0.20585509202407792
leaf_weight=58.829890832304955 6.534301357343792 3.2124442122876635 2.7483105082064858 2.9320711633190504 2.5128090679645529 11.038777163252233 14.379810702055691 6.9814041163772327 1.3781114928424356 201.79604681394994 13.092171370983122 14.074633723124863 3.4823559075593939 0.71278542280197132
leaf_count=273 468 124 70 53 13 217 390 86 24 1290 123 347 36 3
internal_value=8.68079e-05 -0.00148614 -0.00067549 -0.0013897 -0.00212681 -0.00121388 0.000381409 -0.00252552 -0.0691647 -0.000617659 -0.0120799 -0.00381596 -0.0421123 0.0366939
internal_weight=343.706 337.172 333.959 331.211 328.279 325.766 314.727 300.347 8.35952 291.988 90.1918 77.0997 18.2698 4.19514
internal_count=3517 3049 2925 2855 2802 2789 2572 2182 110 2072 782 659 386 39
is_linear=0
shrinkage=0.08


Tree=46
num_leaves=15
num_cat=0
split_feature=10 15 9 13 1 14 0 1 9 1 1 6 1 8
split_gain=6.31393 3.31129 2.94108 2.88225 6.75717 7.92796 11.8663 11.6332 9.85255 7.73879 5.12049 5.5155 4.89194 4.88539
threshold=0.68500000000000016 1.0000000180025095e-35 0.7250000000000002 1.0000000180025095e-35 4.5000000000000009 1.0000000180025095e-35 1.5000000000000002 18.500000000000004 1.0000000180025095e-35 7.5000000000000009 4.5000000000000009 0.90000000000000013 13.500000000000002 1.0000000180025095e-35
decision_type=2 2 2 2 2 2 2 2 2 2 2 2 2 2
left_child=1 2 3 10 -5 8 9 12 -6 -7 -1 -12 -8 -10
right_child=-2 -3 -4 4 5 6 7 -9 13 -11 11 -13 -14 -15
leaf_value=0.051638926079365328 0.081154316792698272 -0.085346204217085567 0.084969937770451823 -0.1195107387426661 0.032412032007476201 0.017856792443929539 0.10771136106567539 -0.14006621004888936 -0.052821492524692461 -0.11821435970667427 -0.0031264885271930238 0.044700146708836076 0.032446118300889781 -0.26293293540930679
leaf_weight=13.072647458873687 6.0388553850352755 2.9792611822485915 2.5492294812574974 3.747511649504303 10.485546290874479 5.2113312901929003 9.7745500355958992 1.9186091721057881 28.233445642516021 5.4961820701137185 221.08024446759373 16.590163237415254 12.717658095061777 0.72646170482039352
leaf_count=91 468 124 70 27 45 59 74 10 408 33 1646 368 88 6
internal_value=8.09307e-05 -0.00138236 -0.00062799 -0.00129113 -0.0146886 -0.00942038 0.018226 0.0490248 -0.034034 -0.0519887 0.00289314 0.000211965 0.0651545 -0.0580922
internal_weight=340.622 334.583 331.604 329.054 78.3113 74.5638 35.1183 24.4108 39.4455 10.7075 250.743 237.67 22.4922 28.9599
internal_count=3517 3049 2925 2855 750 723 264 172 459 92 2105 2014 162 414
is_linear=0
shrinkage=0.08


Tree=47
num_leaves=15
num_cat=0
split_feature=10 15 9 11 9 0 6 8 2 1 6 1 14 1
split_gain=5.81359 3.04811 2.69706 2.72965 4.29427 5.29465 4.19942 2.91066 2.79571 3.17272 4.23705 4.18635 4.6036 2.50251
threshold=0.68500000000000016 1.0000000180025095e-35 0.7250000000000002 1.0000000180025095e-35 1.0000000180025095e-35 1.5000000000000002 1.4166500000000002 1.0000000180025095e-35 1.0000000180025095e-35 14.500000000000002 0.36665000000000009 13.500000000000002 1.0000000180025095e-35 33.500000000000007
decision_type=2 2 2 2 2 2 2 2 2 2 2 2 2 2
left_child=1 2 3 4 -1 -6 8 13 9 10 11 -7 -13 -5
right_child=-2 -3 -4 7 5 6 -8 -9 -10 -11 -12 12 -14 -15
leaf_value=0.081209730818702683 0.081064704335689006 -0.084960179089252699 0.084577982373869209 0.0015679880451349236 -0.082552866604470976 -0.00032038886146420288 0.12717973880377847 0.035218502872392879 -0.11072992275973619 -0.036768922049236284 -0.043169216956866985 0.1292404046500637 0.0012528952381320162 -0.14554964779051963
leaf_weight=3.0495420135557643 5.5804786570370188 2.7621937394142142 2.3636975437402716 209.96875013876706 6.9347738977521649 44.996475320309401 1.4059711396694172 17.262510694563389 1.8045294731855381 21.461206152103841 12.467962384223936 3.606025204062461 3.5885491222143173 0.74260742962360282
leaf_count=208 468 124 70 1348 334 235 8 222 9 288 170 15 15 3
internal_value=8.77855e-05 -0.00127163 -0.000570395 -0.00118534 -0.0122544 -0.0152153 -0.00998781 0.00363683 -0.0121812 -0.0101163 -0.00126987 0.0087395 0.0654021 0.0010495
internal_weight=337.995 332.415 329.653 327.289 99.315 96.2655 89.3307 227.974 87.9247 86.1202 64.659 52.191 7.19457 210.711
internal_count=3517 3049 2925 2855 1282 1074 740 1573 732 723 435 265 30 1351
is_linear=0
shrinkage=0.08


Tree=48
num_leaves=15
num_cat=0
split_feature=10 15 7 9 1 11 1 10 10 0 0 8 0 13
split_gain=5.35568 2.80541 2.61134 2.51259 2.93816 3.35939 3.20459 4.592 3.53101 3.7605 3.52243 7.32028 5.25657 4.22585
threshold=0.68500000000000016 1.0000000180025095e-35 0.70835000000000015 0.7250000000000002 15.500000000000002 1.0000000180025095e-35 12.500000000000002 1.0000000180025095e-35 0.67500000000000016 1.5000000000000002 2.5000000000000004 1.0000000180025095e-35 3.5000000000000004 1.0000000180025095e-35
decision_type=2 2 2 2 2 2 2 2 2 2 2 2 2 2
left_child=1 2 -1 4 6 -6 7 -4 9 -8 -11 13 -13 -12
right_child=-2 -3 3 -5 5 -7 8 -9 -10 10 11 12 -14 -15
leaf_value=0.079934946434803381 0.080982108994001031 -0.084600461056031959 -0.0073116437725620036 0.084217706339648632 -0.051295941499985787 -0.0061678095860373885 -0.10730116376690875 0.052908093044950921 -0.049033891856292727 0.025607808052521306 -0.24310435585713178 0.084365308081651713 -0.11873082671986009 -0.053348455539232502
leaf_weight=2.5610176213085643 5.1564717665314665 2.5602283170446745 174.10955283045769 2.1909227273426941 14.916141769848762 36.125629415735602 1.5051757935434569 8.4997087055817229 5.3483521733432999 74.6734883133322 1.1847902983427041 3.3761976957321167 1.0753900855779646 2.0519873648881912
leaf_count=24 468 124 1352 70 227 220 13 378 94 455 6 69 6 11
internal_value=8.06902e-05 -0.00118277 -0.000530884 -0.00116485 -0.00174424 -0.0193558 0.00156276 -0.00450866 0.01399 0.0180091 0.0202992 -0.031261 0.0353025 -0.122807
internal_weight=335.335 330.179 327.618 325.057 322.866 51.0418 271.825 182.609 89.2154 83.867 82.3619 7.68837 4.45159 3.23678
internal_count=3517 3049 2925 2901 2831 447 2384 1730 654 560 547 92 75 17
is_linear=0
shrinkage=0.08


Tree=49
num_leaves=15
num_cat=0
split_feature=10 15 6 6 2 7 14 13 10 4 8 1 0 1
split_gain=4.93335 2.58319 2.44757 4.91012 4.64316 4.16021 3.92645 3.10893 2.36313 6.80891 2.213 2.45964 6.96808 4.52137
threshold=0.68500000000000016 1.0000000180025095e-35 0.90000000000000013 0.36665000000000009 1.0000000180025095e-35 0.70835000000000015 1.0000000180025095e-35 1.0000000180025095e-35 1.0000000180025095e-35 1.0000000180025095e-35 1.0000000180025095e-35 15.500000000000002 2.5000000000000004 12.500000000000002
decision_type=2 2 2 2 2 2 2 2 2 2 2 2 2 2
left_child=1 2 3 10 5 -5 7 -4 -7 -10 11 12 13 -1
right_child=-2 -3 6 4 -6 8 -8 -9 9 -11 -12 -13 -14 -15
leaf_value=-0.0046180807837587689 0.080905973832764461 -0.084265457170284164 0.031664675422644235 0.1031623764388174 0.083368310204758281 -0.1016819500497404 0.088052729705377822 -0.033519762617458253 0.12875592500407845 -0.080853976828055993 0.027555409243309271 -0.020525825356541478 -0.11861353362002788 0.01994369714393842
leaf_weight=156.90823255386204 4.7643212359398595 2.3724033720791331 12.902688864618545 0.92594481259584149 1.5928979399614043 7.5069774538278562 4.8638679236173621 7.3504824452102175 1.2839404586702583 4.3593413196504116 17.399528156965971 38.756736777722836 3.0616621971130362 69.084192845970392
leaf_count=1151 468 124 267 10 60 97 181 54 24 194 228 247 18 394
internal_value=8.34584e-05 -0.0010892 -0.000483894 -0.0024867 -0.0460881 -0.0607377 0.0235079 0.00800729 -0.0722784 -0.0331642 -9.12945e-05 -0.00188749 0.00126618 0.00289027
internal_weight=333.133 328.369 325.996 300.879 15.6691 14.0762 25.117 20.2532 13.1503 5.64328 285.21 267.811 229.054 225.992
internal_count=3517 3049 2925 2423 385 325 502 321 315 218 2038 1810 1563 1545
is_linear=0
shrinkage=0.08


Tree=50
num_leaves=15
num_cat=0
split_feature=10 11 9 0 6 8 1 14 1 0 13 1 6 5
split_gain=4.5455 2.4648 3.4601 5.45348 3.53494 2.18872 2.5652 4.35925 15.8851 4.76089 2.87855 2.8423 2.28688 3.0602
threshold=0.68500000000000016 1.0000000180025095e-35 1.0000000180025095e-35 1.5000000000000002 1.4166500000000002 1.0000000180025095e-35 8.5000000000000018 1.0000000180025095e-35 17.500000000000004 3.5000000000000004 1.0000000180025095e-35 7.5000000000000009 0.90000000000000013 1.5000000000000002
decision_type=2 2 2 2 2 2 2 2 2 2 2 2 2 2
left_child=1 2 -1 -4 -5 12 10 -8 9 -9 11 -7 -3 -14
right_child=-2 5 3 4 -6 6 7 8 -10 -11 -12 -13 13 -15
leaf_value=0.08099434208802192 0.080835783682713061 -0.00026344705936819232 -0.082173591676815122 -0.010633430731864265 0.12107109506100605 0.098344176527575142 0.086286845124303096 0.08535800805830307 -0.47755891009815687 -0.1061539479924114 -0.14606753991822363 -0.060128358041424253 0.070403222465278442 -0.047180415903860747
leaf_weight=2.5178750185295931 4.4016865957528344 203.427929174155 6.9664968866854897 87.690593426115811 1.3239406794309605 1.3656312972307236 7.7580396272242051 3.1595403514802456 0.42537103593349446 1.1271249800920484 0.95063522458076466 1.5424783006310463 6.1570106623694292 1.8398713292554019
leaf_count=208 468 1237 400 788 8 9 126 57 6 6 6 12 170 16
internal_value=8.23157e-05 -0.00100718 -0.0115807 -0.0140093 -0.00867455 0.00356567 0.0317854 0.0494239 -0.0112683 0.0350023 -0.0252159 0.0142894 0.00138619 0.0433503
internal_weight=330.654 326.253 98.4989 95.981 89.0145 227.754 16.3288 12.4701 4.71204 4.28667 3.85874 2.90811 211.425 7.99688
internal_count=3517 3049 1404 1196 796 1645 222 195 69 63 27 21 1423 186
is_linear=0
shrinkage=0.08


Tree=51
num_leaves=15
num_cat=0
split_feature=10 15 7 1 11 9 1 1 1 1 1 0 1 2
split_gain=4.18655 2.32362 2.18606 2.15489 2.18543 3.10865 4.69062 3.06444 4.09062 3.18183 4.91759 10.2797 2.6701 2.94053
threshold=0.68500000000000016 1.0000000180025095e-35 0.70835000000000015 28.500000000000004 1.0000000180025095e-35 1.0000000180025095e-35 9.5000000000000018 22.500000000000004 21.500000000000004 19.500000000000004 18.500000000000004 2.5000000000000004 15.500000000000002 1.0000000180025095e-35
decision_type=2 2 2 2 2 2 2 2 2 2 2 2 2 2
left_child=1 2 -1 4 5 -4 -7 8 9 10 -6 -12 13 -8
right_child=-2 -3 3 -5 7 6 12 -9 -10 -11 11 -13 -14 -15
leaf_value=0.075307479727357476 0.080771076147750628 -0.083991430422723432 0.080917795149842139 -0.1277232299251603 0.0037375659829888414 -0.082175355895170499 0.00063100753659824777 0.099954958361404445 -0.17246466057594478 0.08574616738589326 -0.23828803052357292 0.063231143208270821 -0.039369924827444384 -0.103154448977574
leaf_weight=2.4253279380500308 4.0663921795785418 2.1402131207287303 2.3062345283105961 0.855578713119029 215.99801601935178 5.8918635761365286 69.480921133421361 2.0968655543401828 0.84913625940680404 2.9672242691740385 1.5873327180743209 1.3299802932888269 14.752768655307589 1.7922245934605587
leaf_count=24 468 124 206 5 1527 340 488 17 7 26 8 15 252 10
internal_value=0.000101635 -0.000909336 -0.000357692 -0.000931334 -0.000591326 -0.0108189 -0.0131206 0.00369497 0.00278875 0.00345944 0.00234411 -0.100828 -0.00839106 -0.00197877
internal_weight=328.54 324.474 322.333 319.908 319.053 94.224 91.9178 224.829 222.732 221.883 218.915 2.91731 86.0259 71.2731
internal_count=3517 3049 2925 2901 2896 1296 1090 1600 1583 1576 1550 23 750 498
is_linear=0
shrinkage=0.08


Tree=52
num_leaves=15
num_cat=0
split_feature=10 9 15 6 5 6 6 10 7 10 4 10 1 1
split_gain=3.85853 2.18201 2.11346 2.04961 4.53095 2.30888 6.4812 4.78943 3.49033 2.18539 6.06354 1.96288 1.85474 2.18212
threshold=0.68500000000000016 0.7250000000000002 1.0000000180025095e-35 1.4166500000000002 1.5000000000000002 0.90000000000000013 0.36665000000000009 0.67500000000000016 0.70835000000000015 1.0000000180025095e-35 1.0000000180025095e-35 1.0000000180025095e-35 33.500000000000007 22.500000000000004
decision_type=2 2 2 2 2 2 2 2 2 2 2 2 2 2
left_child=1 2 3 4 5 6 11 -7 -8 -10 -11 12 13 -1
right_child=-2 -3 -4 -5 -6 7 8 -9 9 10 -12 -13 -14 -15
leaf_value=-0.00050666116696728835 0.080711410780326232 0.083809591192623642 -0.083698659500226577 0.071376493450372655 -0.11351822391780958 0.05640366692151625 0.099779084505396631 -0.027168908830217699 -0.10021554736714323 0.12538969099061861 -0.077914866527777196 0.11007694337906145 -0.12590643918206748 0.080587378836315185
leaf_weight=278.52422103844583 3.7564154267311087 1.9372471775859583 1.9822962228208769 2.4956900700926772 2.2904471382498732 12.220153020694854 0.83579878974705835 6.8481168262660495 6.5649114465340954 1.2192787081003187 4.0826807543635368 1.0363656878471363 0.74947128817438979 2.1399579234421244
leaf_count=2010 468 70 124 53 13 390 10 39 94 24 194 8 4 16
internal_value=9.88329e-05 -0.000838886 -0.00134976 -0.000838047 -0.00140746 -0.00059025 -0.00233328 0.0263897 -0.058234 -0.0693631 -0.0311614 0.00018075 -0.000223966 0.00011165
internal_weight=326.683 322.927 320.989 319.007 316.511 314.221 295.153 19.0683 12.7027 11.8669 5.30196 282.45 281.414 280.664
internal_count=3517 3049 2979 2855 2802 2789 2360 429 322 312 218 2038 2030 2026
is_linear=0
shrinkage=0.08


Tree=53
num_leaves=15
num_cat=0
split_feature=10 9 15 13 1 14 0 1 9 1 1 1 1 0
split_gain=3.55705 2.00324 1.94795 1.92776 6.24504 5.99787 10.387 8.78884 7.97289 6.94884 4.72269 4.46651 4.14642 3.62168
threshold=0.68500000000000016 0.7250000000000002 1.0000000180025095e-35 1.0000000180025095e-35 4.5000000000000009 1.0000000180025095e-35 1.5000000000000002 18.500000000000004 1.0000000180025095e-35 7.5000000000000009 13.500000000000002 4.5000000000000009 6.5000000000000009 3.5000000000000004
decision_type=2 2 2 2 2 2 2 2 2 2 2 2 2 2
left_child=1 2 3 11 -5 8 9 10 12 -7 -8 -1 -6 -13
right_child=-2 -3 -4 4 5 6 7 -9 -10 -11 -12 13 -14 -15
leaf_value=0.048827207013007128 0.080656386366256258 0.083511665378850797 -0.083426436758787831 -0.11547081228231341 -0.024525992771286042 0.01761877910003495 0.10637422980454071 -0.10911908726233938 -0.051751239979849206 -0.11416247616534256 0.030242275105050096 0.0011717171885498223 0.076161626741280491 -0.096957599050449164
leaf_weight=12.723043638281522 3.469878169707953 1.7944251159206022 1.8356189066544164 3.5555209042504421 4.8145497590303403 5.0243314364925009 9.0110373683273846 2.1019490733742705 27.107047636993229 5.2229426167905331 12.378072523511944 227.53248091973364 5.7363224029541016 2.4328252449631682
leaf_count=91 468 70 124 27 21 59 74 10 414 33 88 1996 24 18
internal_value=9.15823e-05 -0.000778558 -0.001252 -0.000777117 -0.0119917 -0.00683843 0.0176588 0.0469762 -0.0287859 -0.0495489 0.062316 0.00268638 0.0302161 0.000133598
internal_weight=324.74 321.27 319.476 317.64 74.9518 71.3963 33.7383 23.4911 37.6579 10.2473 21.3891 242.688 10.5509 229.965
internal_count=3517 3049 2979 2855 750 723 264 172 459 92 162 2105 45 2014
is_linear=0
shrinkage=0.08


Tree=54
num_leaves=15
num_cat=0
split_feature=10 7 9 11 0 9 0 2 1 5 1 8 0 1
split_gain=3.27898 1.84197 1.86227 1.951 4.36582 2.54474 5.09936 2.68616 2.3032 2.24542 2.11219 1.97464 2.28023 4.90035
threshold=0.68500000000000016 0.70835000000000015 0.7250000000000002 1.0000000180025095e-35 2.5000000000000004 1.0000000180025095e-35 1.5000000000000002 1.0000000180025095e-35 15.500000000000002 1.0000000180025095e-35 9.5000000000000018 1.0000000180025095e-35 2.5000000000000004 14.500000000000002
decision_type=2 2 2 2 2 2 2 2 2 2 2 2 2 2
left_child=1 -1 3 4 5 -3 -7 8 10 -10 -8 12 -5 -14
right_child=-2 2 -4 11 -6 6 7 -9 9 -11 -12 -13 13 -15
leaf_value=0.07103039717515934 0.080605641415822632 0.080801904381715917 0.083237434074745792 0.0023459852906327285 -0.10033353667595067 -0.081968879817718818 -0.083559791324391244 -0.10571142959470951 -0.057781497200845251 0.021977403882086365 0.0050968592454943128 0.029806281849404939 -0.14797494156107668 -0.010392266977338381
leaf_weight=2.2737964866682878 3.205035842023789 2.0161959966644636 1.6616988326422859 195.97790058981627 3.4065827410668126 5.8920681951567522 1.7656990811228741 1.6565891504287709 8.2954016989096981 3.1044195024296632 66.236829903908074 15.615316808223723 2.0031262636184684 9.5839929766952974
leaf_count=24 468 206 70 1309 37 400 54 9 187 19 452 222 10 50
internal_value=9.09471e-05 -0.000716755 -0.00123104 -0.00167585 -0.0114535 -0.00805026 -0.0101105 -0.00488725 -0.00278374 -0.0360614 0.00279487 0.0023711 0.00030713 -0.0341769
internal_weight=322.695 319.49 317.216 315.554 92.3738 88.9672 86.951 81.0589 79.4024 11.3998 68.0025 223.18 207.565 11.5871
internal_count=3517 3049 3025 2955 1364 1327 1121 721 712 206 506 1591 1369 60
is_linear=0
shrinkage=0.08


Tree=55
num_leaves=15
num_cat=0
split_feature=10 6 5 6 10 6 2 7 10 4 10 0 9 1
split_gain=3.0237 1.81974 3.1643 2.09209 4.17724 3.75547 3.28567 3.09713 1.99749 5.33963 1.7393 1.80218 9.31909 3.38078
threshold=0.68500000000000016 1.4166500000000002 1.5000000000000002 0.90000000000000013 0.67500000000000016 0.36665000000000009 1.0000000180025095e-35 0.70835000000000015 1.0000000180025095e-35 1.0000000180025095e-35 1.0000000180025095e-35 1.5000000000000002 1.0000000180025095e-35 11.500000000000002
decision_type=2 2 2 2 2 2 2 2 2 2 2 2 2 2
left_child=1 2 3 5 -5 10 7 -7 -9 -10 11 12 13 -1
right_child=-2 -3 -4 4 -6 6 -8 8 9 -11 -12 -13 -14 -15
leaf_value=0.0021342020847006254 0.080558841023732827 0.06878968560944583 -0.093423433487576757 0.054307430079122872 -0.024391502722689199 0.098004259846652023 0.082533270300755038 -0.097020249124311078 0.12143032354568652 -0.074663661533895753 0.10722296383843295 0.0036168425613409545 -0.083109540782127053 -0.11059501524418373
leaf_weight=71.382369071245193 2.9602702083066097 2.3957425104454151 2.3631104947999111 11.798528278246524 6.8067543767392626 0.77836140338331183 1.1989136459305889 6.2796289771795255 1.1567902509123085 3.8349448125809431 0.96162702701985736 196.89112783875316 9.9408464748412353 1.7442476749420155
leaf_count=330 468 54 22 398 39 10 60 102 24 197 8 1294 502 9
internal_value=8.06327e-05 -0.000669643 -0.00119769 -0.000500892 0.0255154 -0.00214634 -0.043769 -0.0563357 -0.0669939 -0.0292206 -0.000183352 -0.000552281 -0.0104342 -0.000554664
internal_weight=320.493 317.533 315.137 312.774 18.6053 294.169 13.2486 12.0497 11.2714 4.99174 280.92 279.959 83.0675 73.1266
internal_count=3517 3049 2995 2973 437 2536 393 333 323 221 2143 2135 841 339
is_linear=0
shrinkage=0.08


Tree=56
num_leaves=15
num_cat=0
split_feature=10 15 8 0 13 1 14 0 1 9 1 1 1 8
split_gain=2.78882 1.66888 1.58189 4.4706 1.69293 5.57006 3.97887 8.2731 7.95882 6.25311 6.1827 3.91761 3.8689 3.71706
threshold=0.68500000000000016 1.0000000180025095e-35 1.5000000000000002 3.5000000000000004 1.0000000180025095e-35 4.5000000000000009 1.0000000180025095e-35 1.5000000000000002 13.500000000000002 1.0000000180025095e-35 7.5000000000000009 18.500000000000004 4.5000000000000009 1.0000000180025095e-35
decision_type=2 2 2 2 2 2 2 2 2 2 2 2 2 2
left_child=1 2 4 -4 12 -6 9 10 -9 -7 -8 -10 -1 -11
right_child=-2 -3 3 -5 5 6 7 8 11 13 -12 -13 -14 -15
leaf_value=0.045818793464773667 0.080515676363336314 -0.08317232048273894 0.084068415823060627 -0.09295873705580604 -0.11171161027297975 0.027261175638996257 0.016631662223478279 0.10598184375089748 0.023959205746470525 -0.040286206248073962 -0.10972214664934236 -0.091622826034230873 -9.5593390823434072e-05 -0.21901972385119284
leaf_weight=12.394728328101335 2.7340793842449775 1.5599312549456943 3.996221847832202 1.1833389848470686 3.3962850300595155 10.608879134058951 4.9668607856147009 7.8735581152141121 11.531347569078205 25.530174776446078 4.9470064984634519 2.2416586913168421 224.22830546181649 0.76705050095915694
leaf_count=91 468 124 90 6 27 45 59 59 85 423 33 13 1988 6
internal_value=6.69181e-05 -0.000630847 -0.000220349 0.0436242 -0.000956511 -0.0117105 -0.0067499 0.014105 0.0418241 -0.0245841 -0.0464187 0.00514737 0.00230948 -0.0454996
internal_weight=317.959 315.225 313.665 5.17956 308.486 71.8628 68.4665 31.5604 21.6466 36.9061 9.91387 13.773 236.623 26.2972
internal_count=3517 3049 2925 96 2829 750 723 249 157 474 92 98 2079 429
is_linear=0
shrinkage=0.08


Tree=57
num_leaves=15
num_cat=0
split_feature=10 6 5 6 10 6 2 7 10 4 1 10 1 1
split_gain=2.57127 1.63494 2.74199 1.95811 3.61959 3.29091 2.88351 3.14819 1.98806 4.71949 1.68367 2.13299 1.57251 4.41673
threshold=0.68500000000000016 1.4166500000000002 1.5000000000000002 0.90000000000000013 0.67500000000000016 1.0000000180025095e-35 1.0000000180025095e-35 0.70835000000000015 1.0000000180025095e-35 1.0000000180025095e-35 13.500000000000002 1.0000000180025095e-35 9.5000000000000018 8.5000000000000018
decision_type=2 2 2 2 2 2 2 2 2 2 2 2 2 2
left_child=1 2 3 5 10 12 7 -7 -9 -10 11 -5 13 -1
right_child=-2 -3 -4 4 -6 6 -8 8 9 -11 -12 -13 -14 -15
leaf_value=-0.001757945442032571 0.080475852996412398 0.066149997664572788 -0.088998580916526834 -0.0065468577773391545 -0.021325805689756727 0.052350490644342863 0.082392036227656826 -0.096117006714733264 0.11793795507525852 -0.071132624413919432 0.093828481200922964 0.080872191419866651 0.0038745777319219546 -0.053957507655336662
leaf_weight=72.757187125273049 2.5250715883448711 2.3325761673040679 2.2537153102457514 4.3111406881362218 6.7706391364336005 1.6390682365745277 1.1279408284462995 6.2590406443923694 1.0982460323721168 3.6634001117199659 4.0633742371574044 3.0501066958531737 192.19424101477489 12.099170935340224
leaf_count=716 468 54 22 42 39 18 60 107 24 197 55 301 1278 136
internal_value=7.0376e-05 -0.000576999 -0.00107701 -0.000435813 0.0250238 -0.0020286 -0.0401752 -0.0510955 -0.0664807 -0.0275246 0.0524923 0.0296749 -0.000130203 -0.00920078
internal_weight=316.145 313.62 311.287 309.034 18.1953 290.838 13.7877 12.6598 11.0207 4.76165 11.4246 7.36125 277.051 84.8564
internal_count=3517 3049 2995 2973 437 2536 406 346 328 221 398 343 2130 852
is_linear=0
shrinkage=0.08


Tree=58
num_leaves=15
num_cat=0
split_feature=10 1 1 1 0 13 1 10 4 11 6 10 10 14
split_gain=2.37122 1.52633 1.72582 3.26761 6.15441 2.83619 2.51617 2.97835 2.43853 1.56554 1.40302 1.69253 3.59141 2.1042
threshold=0.68500000000000016 28.500000000000004 19.500000000000004 18.500000000000004 2.5000000000000004 1.0000000180025095e-35 22.500000000000004 0.66500000000000015 1.0000000180025095e-35 1.0000000180025095e-35 1.4166500000000002 0.67500000000000016 1.0000000180025095e-35 1.0000000180025095e-35
decision_type=2 2 2 2 2 2 2 2 2 2 2 2 2 2
left_child=1 2 3 10 8 9 7 -7 -5 -4 11 12 -1 -13
right_child=-2 -3 5 4 -6 6 -8 -9 -10 -11 -12 13 -14 -15
leaf_value=-0.0010368137508133919 0.080439123170860841 -0.11434489008335161 -0.0073279782321508773 -0.18188186493095071 0.053290246449337761 -0.12450418451295313 0.08661930077432263 0.12193415129522281 0.029146236092512129 0.093898690568734067 0.062186364169749847 -0.048622219738700921 0.060232320234504866 0.088500910264746144
leaf_weight=281.88059776462615 2.3319560121744862 0.75231692288070817 1.2815333884209374 2.1628179922699924 1.567276712041348 1.6318670660257346 0.85494371876120556 0.38860372034832824 0.41821601707488287 4.1258249320089817 2.2847985471598795 7.7218506159260851 6.2589094424620262 0.78944180905818928
leaf_count=2243 468 6 40 17 21 17 7 17 17 43 54 173 384 10
internal_value=6.80536e-05 -0.000532428 -0.000257437 -0.00124203 -0.0717563 0.035771 -0.0284257 -0.0771059 -0.147688 0.0699082 -0.000263511 -0.000744499 0.000294062 -0.0359037
internal_weight=314.451 312.119 311.367 303.084 4.14831 8.28277 2.87541 2.02047 2.58103 5.40736 298.936 296.651 288.14 8.51129
internal_count=3517 3049 3043 2919 55 124 41 34 34 83 2864 2810 2627 183
is_linear=0
shrinkage=0.08


Tree=59
num_leaves=15
num_cat=0
split_feature=9 6 6 14 7 10 4 13 0 10 11 1 1 1
split_gain=2.27247 1.73463 4.96258 3.00812 2.73493 1.69973 4.10099 1.62518 1.78107 1.60018 1.50636 1.47046 4.06462 3.797
threshold=0.7250000000000002 0.90000000000000013 0.36665000000000009 1.0000000180025095e-35 0.70835000000000015 1.0000000180025095e-35 1.0000000180025095e-35 1.0000000180025095e-35 2.5000000000000004 1.0000000180025095e-35 1.0000000180025095e-35 9.5000000000000018 10.500000000000002 11.500000000000002
decision_type=2 2 2 2 2 2 2 2 2 2 2 2 2 2
left_child=1 2 9 7 -4 -6 -7 8 10 11 -3 -1 -13 -14
right_child=-2 3 4 -5 5 6 -8 -9 -10 -11 -12 12 13 -15
leaf_value=-0.0092626234114187179 0.082133950551297782 0.013882837442458409 0.095283421181406924 0.084460083153493376 -0.094235739026278381 0.11309416872997546 -0.069981234148799462 -0.022679858481609975 -0.070070193238109507 0.099975767242803437 0.078021289347921394 0.030149778136296868 -0.028149969086473343 0.0040128762661667443
leaf_weight=84.234647581353784 2.1447036508470765 6.6197315300814861 0.72442158870398898 3.9351502526551476 5.7735813660547119 1.0122847734019158 3.4585617454722524 7.0773606733418992 1.1105724307708431 1.0192928668111552 3.6279058526270092 30.601865171454847 28.498027443885803 133.71888702455908
leaf_count=849 226 189 16 261 108 24 197 109 11 26 215 192 177 917
internal_value=6.76904e-05 -0.000497502 -0.00215856 0.0209643 -0.0549377 -0.0655604 -0.0285295 0.00741084 0.0261605 -7.66383e-05 0.0365894 -0.000444736 0.00340744 -0.00163744
internal_weight=313.557 311.412 289.042 22.3707 10.9688 10.2444 4.47085 18.4356 11.3582 278.073 10.2476 277.053 192.819 162.217
internal_count=3517 3291 2506 785 345 329 221 524 415 2161 404 2135 1286 1094
is_linear=0
shrinkage=0.08


Tree=60
num_leaves=15
num_cat=0
split_feature=9 6 6 14 7 10 4 9 1 11 5 6 1 10
split_gain=2.09254 1.51272 4.46771 2.80004 2.46411 1.63307 3.62979 1.46543 1.61716 1.7307 3.61183 2.48919 2.28827 1.45124
threshold=0.7250000000000002 0.90000000000000013 0.36665000000000009 1.0000000180025095e-35 0.70835000000000015 1.0000000180025095e-35 1.0000000180025095e-35 1.0000000180025095e-35 9.5000000000000018 1.0000000180025095e-35 1.5000000000000002 1.4166500000000002 11.500000000000002 1.0000000180025095e-35
decision_type=2 2 2 2 2 2 2 2 2 2 2 2 2 2
left_child=1 2 13 7 -4 -6 -7 -3 -9 11 -11 12 -10 -1
right_child=-2 3 4 -5 5 6 -8 8 9 10 -12 -13 -14 -15
leaf_value=-0.00040855529255065613 0.081974183847286941 0.080732099861861806 0.093978767684057538 0.083604151463480658 -0.093196290366973009 0.11022707302330673 -0.066306704612755743 -0.090408304543200993 -0.13516168041890295 0.092117801792169246 -0.066776094710812098 0.099410209865632704 -0.010311106438203722 0.098323788603765866
leaf_weight=276.90765199111775 1.9835131769068528 1.5739858751185298 0.67762907361611624 3.6683021828066549 5.3867129758000356 0.95776423159986723 3.3623387040570378 1.1773891332559312 1.0550361345522095 3.3070255997590712 1.2661028606817124 1.1737892553210247 8.5807474013417941 0.95608801022171874
leaf_count=2135 226 179 16 261 108 24 197 23 14 155 15 18 120 26
internal_value=6.65582e-05 -0.000457436 -0.00199425 0.0198607 -0.053514 -0.0638104 -0.0271693 0.00696617 -4.50512e-05 0.00687134 0.0481269 -0.0105824 -0.0239812 -6.88319e-05
internal_weight=312.034 310.051 288.248 21.8024 10.3844 9.70682 4.3201 18.1341 16.5601 15.3827 4.57313 10.8096 9.63578 277.864
internal_count=3517 3291 2506 785 345 329 221 524 345 322 170 152 134 2161
is_linear=0
shrinkage=0.08


Tree=61
num_leaves=15
num_cat=0
split_feature=9 15 8 0 6 6 14 7 10 4 9 0 6 5
split_gain=1.9272 1.47136 1.38397 3.98823 1.41429 3.75914 2.76549 2.20139 1.5743 3.19957 1.35731 1.50715 2.28224 2.65946
threshold=0.7250000000000002 1.0000000180025095e-35 1.5000000000000002 3.5000000000000004 0.90000000000000013 0.36665000000000009 1.0000000180025095e-35 0.70835000000000015 1.0000000180025095e-35 1.0000000180025095e-35 1.0000000180025095e-35 1.5000000000000002 1.4166500000000002 1.5000000000000002
decision_type=2 2 2 2 2 2 2 2 2 2 2 2 2 2
left_child=1 2 4 -4 5 -1 10 -7 -9 -10 -6 -12 13 -13
right_child=-2 -3 3 -5 6 7 -8 8 9 -11 11 12 -14 -15
leaf_value=-0.00049001483473540329 0.081826109242414735 -0.082899130865572324 0.083728252495489833 -0.082694504480872622 0.080675332035304859 0.09279439357838791 0.085846835490574078 -0.092629940169405817 0.10760164501608083 -0.062462924906257725 -0.089646662794750809 0.0090516807232852211 0.10428169423900308 -0.1040252345675515
leaf_weight=271.81804662616923 1.8341925267595787 1.3780658380128432 3.6821923926472655 1.2292410582303999 1.4539529830217421 0.63318793661892314 3.3568422796670339 4.8255332950502616 0.90481412038207043 3.2552547426894307 1.1177814360708023 12.197540547233073 1.3904708696063597 1.494209503289311
leaf_count=1960 226 124 90 6 179 16 256 97 24 194 20 274 40 11
internal_value=6.548e-05 -0.000420256 -5.04562e-05 0.0420757 -0.000734541 -0.00222928 0.0192872 -0.0513792 -0.0615387 -0.0254739 0.00663116 -1.43191e-05 0.00662856 -0.00328864
internal_weight=310.571 308.737 307.359 4.91143 302.448 281.437 21.0108 9.61879 8.9856 4.16007 17.654 16.2 15.0822 13.6918
internal_count=3517 3291 3167 96 3071 2291 780 331 315 218 524 345 325 285
is_linear=0
shrinkage=0.08


Tree=62
num_leaves=15
num_cat=0
split_feature=10 1 1 1 0 13 1 10 4 11 1 9 1 14
split_gain=1.83306 1.35733 1.58017 2.97633 5.43359 2.39819 2.24378 2.78106 1.76818 1.54311 1.27878 4.7104 4.54782 3.60224
threshold=0.68500000000000016 28.500000000000004 19.500000000000004 18.500000000000004 2.5000000000000004 1.0000000180025095e-35 22.500000000000004 0.66500000000000015 1.0000000180025095e-35 1.0000000180025095e-35 9.5000000000000018 1.0000000180025095e-35 8.5000000000000018 1.0000000180025095e-35
decision_type=2 2 2 2 2 2 2 2 2 2 2 2 2 2
left_child=1 2 3 10 8 9 7 -7 -5 -4 11 12 -1 -13
right_child=-2 -3 5 4 -6 6 -8 -9 -10 -11 -12 13 -14 -15
leaf_value=0.0093630045835341267 0.080338281783085164 -0.11140541329739463 -0.013838225255130163 -0.16905900614428779 0.05233255684024913 -0.12257207956308498 0.087135983135246564 0.12148375962578109 0.025688049686939177 0.092957272300407484 0.0033171595372552859 -0.062258653214066477 -0.06544967339991134 0.0031203884025878788
leaf_weight=59.826495166867971 1.8098916083108623 0.70347794983535905 1.1191544637549657 2.1427158154547215 1.4628277434967456 1.4866093490272763 0.79379067942500103 0.3739989437162875 0.34664878156036127 3.8265900313854218 205.93438923172653 15.094329667277634 5.6954248091205946 8.3923527835868299
leaf_count=553 468 6 40 17 21 17 7 17 17 43 1666 423 42 180
internal_value=6.40668e-05 -0.000408877 -0.000154114 -0.00107008 -0.0700338 0.0358688 -0.0254725 -0.0735147 -0.14194 0.0687909 -0.000145981 -0.00815846 0.00285999 -0.0388972
internal_weight=309.009 307.199 306.495 298.895 3.95219 7.60014 2.6544 1.86061 2.48936 4.94574 294.943 89.0086 65.5219 23.4867
internal_count=3517 3049 3043 2919 55 124 41 34 34 83 2864 1198 595 603
is_linear=0
shrinkage=0.08


Tree=63
num_leaves=15
num_cat=0
split_feature=9 15 8 0 13 1 1 14 14 0 1 1 9 1
split_gain=1.73055 1.35422 1.22026 3.56806 1.2434 5.09147 3.37766 3.56482 3.02952 7.23466 7.23282 5.4762 5.10666 3.42178
threshold=0.7250000000000002 1.0000000180025095e-35 1.5000000000000002 3.5000000000000004 1.0000000180025095e-35 4.5000000000000009 4.5000000000000009 1.0000000180025095e-35 1.0000000180025095e-35 1.5000000000000002 13.500000000000002 7.5000000000000009 1.0000000180025095e-35 6.5000000000000009
decision_type=2 2 2 2 2 2 2 2 2 2 2 2 2 2
left_child=1 2 4 -4 6 -6 7 -1 12 11 -11 -10 13 -7
right_child=-2 -3 3 -5 5 8 -8 -9 9 10 -12 -13 -14 -15
leaf_value=0.097863576959632298 0.081738868407635612 -0.082710766140575084 0.083409518710043845 -0.073821768355012862 -0.10879603320208114 -0.024790131494577601 -0.00012571919998192151 0.008660123838728025 0.014579653928861189 0.10380796761025807 0.004954145926750979 -0.10672467480112234 -0.041068233386940198 0.066253547127163456
leaf_weight=4.6920051285997015 1.6511537898331869 1.2733901194296766 3.3911738879978648 1.2694994956254957 3.1902498295530668 4.8195606172084791 219.26429387927055 7.3720732666552067 4.8968851417303103 7.3108531725592938 13.454899773001669 4.6374083934351802 24.819979818770662 5.8474931269884109
leaf_count=39 226 124 90 6 27 21 2171 52 59 66 107 33 472 24
internal_value=5.78949e-05 -0.000382505 -3.87422e-05 0.040582 -0.000669167 -0.0100962 0.00214178 0.0433535 -0.00530988 0.013269 0.0397569 -0.0444219 -0.0211732 0.0251184
internal_weight=307.891 306.24 304.966 4.66067 300.306 68.9773 231.328 12.0641 65.7871 30.3 20.7658 9.53429 35.487 10.6671
internal_count=3517 3291 3167 96 3071 809 2262 91 782 265 173 92 517 45
is_linear=0
shrinkage=0.08


Tree=64
num_leaves=15
num_cat=0
split_feature=10 8 15 1 1 1 0 13 1 6 6 11 6 10
split_gain=1.65481 1.31464 1.23962 1.20876 1.57024 2.50829 4.75094 2.30729 1.93246 2.62316 1.55141 1.11655 1.06412 1.44135
threshold=0.68500000000000016 2.5000000000000004 1.0000000180025095e-35 28.500000000000004 19.500000000000004 18.500000000000004 2.5000000000000004 1.0000000180025095e-35 22.500000000000004 0.58335000000000015 0.36665000000000009 1.0000000180025095e-35 1.4166500000000002 0.67500000000000016
decision_type=2 2 2 2 2 2 2 2 2 2 2 2 2 2
left_child=1 2 3 4 5 12 10 11 9 -9 -7 -6 13 -1
right_child=-2 -3 -4 -5 7 6 -8 8 -10 -11 -12 -13 -14 -15
leaf_value=0.00043048717736029872 0.080305930719352187 0.11475839610165381 -0.082510718436651351 -0.10866546266674496 -0.0052215747615274597 -0.15927803642164701 0.05189425365158621 -0.14182113870934324 0.082941165236847011 0.058494125385678802 0.024493133673009423 0.091584127218966652 0.058575957189421164 -0.034467537062715076
leaf_weight=281.47185799386352 1.6358535857871164 0.63343499600887199 1.1782216886058439 0.65726831555366416 0.96713284240104158 2.0763714537024498 1.4005102429073302 1.1472820648923518 0.7649604957550763 0.65853939554654051 0.3424985222518443 3.6044156616553664 1.9640984241850663 7.7838327521458259
leaf_count=2516 468 3 124 5 32 13 20 22 7 12 17 42 53 183
internal_value=5.88164e-05 -0.000372079 -0.000611959 -0.000293325 -5.76071e-05 -0.000954869 -0.0653648 0.0370069 -0.0236276 -0.068771 -0.133257 0.0711044 -0.000110125 -0.000508614
internal_weight=306.286 304.65 304.017 302.839 302.181 295.039 3.81938 7.14233 2.57078 1.80582 2.41887 4.57155 291.22 289.256
internal_count=3517 3049 3046 2922 2917 2802 50 115 41 34 30 74 2752 2699
is_linear=0
shrinkage=0.08


Tree=65
num_leaves=15
num_cat=0
split_feature=9 6 6 14 7 10 5 10 1 10 1 1 0 8
split_gain=1.53805 1.23884 3.52434 2.34401 1.9565 1.53136 2.80589 1.28803 1.27128 2.14633 1.24897 2.72824 2.76817 1.84959
threshold=0.7250000000000002 0.90000000000000013 0.36665000000000009 1.0000000180025095e-35 0.70835000000000015 1.0000000180025095e-35 1.0000000180025095e-35 1.0000000180025095e-35 9.5000000000000018 0.67500000000000016 15.500000000000002 12.500000000000002 1.5000000000000002 1.5000000000000002
decision_type=2 2 2 2 2 2 2 2 2 2 2 2 2 2
left_child=1 2 7 -3 -4 -6 8 10 -7 -10 11 13 -13 -1
right_child=-2 3 4 -5 5 6 -8 -9 9 -11 -12 12 -14 -15
leaf_value=-0.0048618239645909769 0.081615737712216779 0.0071681706668285106 0.091912498904698964 0.082714944757937642 -0.091266471056156762 -0.14819149100633838 0.10512686764426311 0.097249691131299013 0.083580482125365632 -0.080788363095398011 -0.013273545779829478 -0.10463204213057418 0.016591175613079122 0.0837379878348221
leaf_weight=157.60876553831622 1.4726344437804062 16.998914131894711 0.57930729957297344 3.1092715158592901 4.6305700163356942 0.76610271167010147 0.85177924018353213 0.86766999261453648 0.73799333721399318 1.6345693673938513 40.880861431360245 1.2259156708605576 72.733632199466228 1.5225309804081906
leaf_count=1298 226 524 16 261 108 6 24 26 18 173 314 12 475 36
internal_value=5.54203e-05 -0.000339481 -0.00169796 0.0188498 -0.0504034 -0.0599666 -0.0236458 -6.75279e-05 -0.0585925 -0.0296609 -0.000375732 0.00188636 0.0145818 -0.00401412
internal_weight=305.621 304.148 284.04 20.1082 9.20032 8.62101 3.99044 274.839 3.13867 2.37256 273.972 233.091 73.9595 159.131
internal_count=3517 3291 2506 785 345 329 221 2161 197 191 2135 1821 487 1334
is_linear=0
shrinkage=0.08


Tree=66
num_leaves=15
num_cat=0
split_feature=10 11 1 9 6 8 1 14 1 0 13 1 14 1
split_gain=1.45548 1.16919 1.56742 3.63756 1.51098 1.25642 1.59485 3.98842 9.1599 3.28289 2.02602 2.46018 1.4227 3.6951
threshold=0.68500000000000016 1.0000000180025095e-35 9.5000000000000018 1.0000000180025095e-35 1.4166500000000002 1.0000000180025095e-35 8.5000000000000018 1.0000000180025095e-35 17.500000000000004 3.5000000000000004 1.0000000180025095e-35 7.5000000000000009 1.0000000180025095e-35 4.5000000000000009
decision_type=2 2 2 2 2 2 2 2 2 2 2 2 2 2
left_child=1 2 3 -1 -4 12 10 -8 9 -9 11 -7 13 -3
right_child=-2 5 4 -5 -6 6 7 8 -10 -11 -12 -13 -14 -15
leaf_value=0.080471068854326797 0.080268552852621036 0.057030183027962464 -0.0066182980843964446 -0.081660999193650177 0.090348066809505842 0.09733988366871435 0.084963867445278007 0.084472623336823413 -0.30343291822614527 -0.073790626169040571 -0.11555222996708359 -0.049519342535697342 0.0073338663682475267 -0.01021556858199024
leaf_weight=1.1062381900846956 1.4408164238557208 5.5665155798196784 79.915000892244279 4.4409808726049951 1.041893227957188 1.3176410794258109 5.9449619986116868 2.4816114977002144 0.60944370925426472 1.2671601176261904 1.0043472424149515 1.6370209828019142 110.02986021968536 86.430981846293435
leaf_count=194 468 43 797 401 12 9 126 57 6 6 6 12 735 645
internal_value=5.31068e-05 -0.000328591 -0.00818924 -0.0493283 -0.00537037 0.00281524 0.0257636 0.0423467 -0.0157866 0.0309765 -0.0173932 0.015973 0.00119519 -0.00614671
internal_weight=304.234 302.794 86.5041 5.54722 80.9569 216.29 14.2622 10.3032 4.35822 3.74877 3.95901 2.95466 202.027 91.9975
internal_count=3517 3049 1404 595 809 1645 222 195 69 63 27 21 1423 688
is_linear=0
shrinkage=0.08


Tree=67
num_leaves=15
num_cat=0
split_feature=9 8 15 2 1 1 1 0 13 1 10 4 11 1
split_gain=1.391 1.23956 1.1081 1.06406 1.06731 1.14077 2.24755 3.82687 2.11072 1.79496 2.86795 1.47752 1.32903 1.10485
threshold=0.7250000000000002 2.5000000000000004 1.0000000180025095e-35 1.0000000180025095e-35 28.500000000000004 19.500000000000004 18.500000000000004 2.5000000000000004 1.0000000180025095e-35 22.500000000000004 0.67500000000000016 1.0000000180025095e-35 1.0000000180025095e-35 9.5000000000000018
decision_type=2 2 2 2 2 2 2 2 2 2 2 2 2 2
left_child=1 2 3 4 5 6 13 11 12 10 -10 -8 -7 -1
right_child=-2 -3 -4 -5 -6 8 7 -9 9 -11 -12 -13 -14 -15
leaf_value=-0.0071190826757055979 0.081534391642062318 0.11281423620204194 -0.082343023759257797 -0.057659495060684178 -0.10529119109219283 -0.029722996191347991 -0.14887740796113408 0.047364355020137562 -0.13010694981641244 0.080461040154756316 0.11863039400318988 0.028616719230917482 0.089441028892047178 0.0036948500143986767
leaf_weight=86.600618751486763 1.3353299212176342 0.61879344284534354 1.0558002423495043 2.0514636486768714 0.61308163590729137 0.72825418226420779 2.0340734347701073 1.3130312520079312 1.2713241130113604 0.70320539432577778 0.38696637819521118 0.35211391677148629 3.3747884714975953 200.36657590558752
leaf_count=1119 226 3 124 12 5 23 13 19 13 8 25 29 44 1854
internal_value=6.41735e-05 -0.00029669 -0.000529338 -0.000241212 0.000154402 0.000371972 -0.000367269 -0.0623268 0.0336106 -0.0266448 -0.0720634 -0.122686 0.0682905 0.000431434
internal_weight=302.805 301.47 300.851 299.795 297.744 297.131 290.666 3.69922 6.46454 2.3615 1.65829 2.38619 4.10304 286.967
internal_count=3517 3291 3288 3164 3152 3147 3034 61 113 46 38 42 67 2973
is_linear=0
shrinkage=0.08


Tree=68
num_leaves=15
num_cat=0
split_feature=10 8 15 1 1 1 0 13 1 10 6 11 5 10
split_gain=1.29919 1.10714 1.02113 0.95408 1.22956 1.92481 3.49482 1.79204 1.49182 2.15211 0.973651 0.941428 0.936633 0.885296
threshold=0.68500000000000016 2.5000000000000004 1.0000000180025095e-35 28.500000000000004 19.500000000000004 18.500000000000004 2.5000000000000004 1.0000000180025095e-35 22.500000000000004 0.66500000000000015 0.58335000000000015 1.0000000180025095e-35 1.0000000180025095e-35 0.67500000000000016
decision_type=2 2 2 2 2 2 2 2 2 2 2 2 2 2
left_child=1 2 3 4 5 13 -7 11 9 -9 -11 -6 -8 -1
right_child=-2 -3 -4 -5 7 6 12 8 -10 10 -12 -13 -14 -15
leaf_value=0.00066956106224261899 0.080240272888798217 0.10931350542887744 -0.082169215144638083 -0.10283491036241539 -0.0062706330382927633 -0.1182471770975468 0.083062184137107947 -0.11008446444424851 0.076116884237129284 -0.080758513882304123 0.19440953011982523 0.086400635261875483 -0.074525219569731488 -0.026488983153999352
leaf_weight=280.68823392456397 1.2878208765760053 0.58875051140785117 0.97660446353256603 0.57890561781823535 0.89614845346659322 2.3023806335404511 1.0010564550757406 1.3116552717983725 0.71706006862223137 0.12095415592193592 0.25750458100810647 3.2313499327283353 0.31808127742260683 7.8978099222294977
leaf_count=2565 468 3 124 5 32 30 11 17 7 13 4 42 9 187
internal_value=5.92201e-05 -0.000283962 -0.000498834 -0.000232365 -3.35411e-05 -0.000801048 -0.0587613 0.0342867 -0.0205715 -0.0615932 0.106467 0.0662802 0.0450634 -7.36939e-05
internal_weight=302.174 300.886 300.298 299.321 298.742 292.208 3.62152 6.53467 2.40717 1.69011 0.378459 4.1275 1.31914 288.586
internal_count=3517 3049 3046 2922 2917 2802 50 115 41 34 17 74 20 2752
is_linear=0
shrinkage=0.08


Tree=69
num_leaves=15
num_cat=0
split_feature=9 6 6 14 7 10 5 9 0 6 5 11 1 10
split_gain=1.2646 1.04042 3.18501 2.19271 1.74846 1.42867 2.52767 1.19216 1.29445 1.80926 2.40477 3.82299 2.09356 1.7139
threshold=0.7250000000000002 0.90000000000000013 0.36665000000000009 1.0000000180025095e-35 0.70835000000000015 1.0000000180025095e-35 1.0000000180025095e-35 1.0000000180025095e-35 1.5000000000000002 1.4166500000000002 1.5000000000000002 1.0000000180025095e-35 11.500000000000002 0.67500000000000016
decision_type=2 2 2 2 2 2 2 2 2 2 2 2 2 2
left_child=1 2 -1 7 -4 -6 -7 -3 -9 10 11 12 -10 -14
right_child=-2 3 4 -5 5 6 -8 8 9 -11 -12 -13 13 -15
leaf_value=-1.2261643856157903e-05 0.081472149138771446 0.08060466516205024 0.091099821312512999 0.08255472894050872 -0.090589801162978101 -0.057518718153701402 0.10303901657282261 -0.08874845075571193 -0.13253994567414412 0.10059759723702724 -0.10218999842978693 0.088851364997999491 0.057893127827999331 -0.025667160824602075
leaf_weight=272.28885082481429 1.2160487810615439 1.2837598971091253 0.5288906693458556 2.8399713110411531 4.2748242449015361 2.8893854059278969 0.80164213478565205 0.97708451841026622 0.89471645886078377 1.1967855091206718 1.3770271444227535 2.9279978792183092 2.1359541080892068 5.938986913766712
leaf_count=2161 226 179 16 261 108 197 24 20 15 40 11 142 25 92
internal_value=5.5543e-05 -0.000274088 -0.0015172 0.0175596 -0.0497563 -0.0591084 -0.0226477 0.00652801 0.000372312 0.00638957 -0.0021038 0.00948011 -0.0164293 -0.0035641
internal_weight=301.572 300.356 280.784 19.5723 8.49474 7.96585 3.69103 16.7323 15.4486 14.4715 13.2747 11.8977 8.96966 8.07494
internal_count=3517 3291 2506 785 345 329 221 524 345 325 285 274 132 117
is_linear=0
shrinkage=0.08


Tree=70
num_leaves=15
num_cat=0
split_feature=9 8 6 6 14 7 10 4 10 9 1 11 5 6
split_gain=1.16541 0.991962 0.943705 2.8307 2.02343 1.5739 1.38069 2.23513 1.15111 1.10346 1.19573 1.42453 2.87318 1.49467
threshold=0.7250000000000002 2.5000000000000004 0.90000000000000013 0.36665000000000009 1.0000000180025095e-35 0.70835000000000015 1.0000000180025095e-35 1.0000000180025095e-35 1.0000000180025095e-35 1.0000000180025095e-35 9.5000000000000018 1.0000000180025095e-35 1.5000000000000002 1.4166500000000002
decision_type=2 2 2 2 2 2 2 2 2 2 2 2 2 2
left_child=1 2 3 8 9 -5 -7 -8 -1 -4 -11 13 -13 -12
right_child=-2 -3 4 5 -6 6 7 -9 -10 10 11 12 -14 -15
leaf_value=-0.00051066721593968749 0.081360719657018382 0.10627838975115983 0.080557860368125414 0.090174532474796468 0.081744755744395145 -0.089798747168614301 0.10104724737301662 -0.053910066526406453 0.096261013799834955 -0.08872049091619752 -0.019268409251932756 0.09078364492434364 -0.062290867963228282 0.087529152940470978
leaf_weight=270.94205236760899 1.124029604718088 0.55836738646030326 1.1857203347608489 0.49303284799680103 2.646563413203693 3.9795090905390662 0.75399721506983075 2.838385664857924 0.78897182969376345 0.90554706146940667 9.2501339279115165 2.7725703311152752 1.0945727271027861 0.92231925181113261
leaf_count=2132 226 3 179 16 261 108 24 197 26 23 134 155 15 18
internal_value=5.39337e-05 -0.000251588 -0.000450812 -0.00161596 0.0169106 -0.0483233 -0.0573414 -0.0213864 -0.00022969 0.00627339 0.000379791 0.00612672 0.0474568 -0.00958525
internal_weight=300.256 299.132 298.573 279.796 18.7774 8.06492 7.57189 3.59238 271.731 16.1309 14.9451 14.0396 3.86714 10.1725
internal_count=3517 3291 3288 2503 785 345 329 221 2158 524 345 322 170 152
is_linear=0
shrinkage=0.08


Tree=71
num_leaves=15
num_cat=0
split_feature=9 15 2 1 1 9 14 4 1 13 1 14 14 1
split_gain=1.07411 0.932111 0.925297 0.945913 3.30701 3.28259 3.34441 4.08177 2.93992 3.74159 3.85776 4.02251 3.05492 2.76843
threshold=0.7250000000000002 1.0000000180025095e-35 1.0000000180025095e-35 9.5000000000000018 8.5000000000000018 1.0000000180025095e-35 1.0000000180025095e-35 1.0000000180025095e-35 5.5000000000000009 1.0000000180025095e-35 4.5000000000000009 1.0000000180025095e-35 1.0000000180025095e-35 10.500000000000002
decision_type=2 2 2 2 2 2 2 2 2 2 2 2 2 2
left_child=1 2 3 4 5 8 -7 -8 9 10 11 -1 -12 -5
right_child=-2 -3 -4 13 -6 6 7 -9 -10 -11 12 -13 -14 -15
leaf_value=0.1072673786596972 0.081257606838760349 -0.081988962547107733 -0.053967364233461004 0.024817825533370752 -0.045448669865084251 -0.053965009598875485 0.079684350057076872 -0.13400774914324193 0.028872923003551456 -0.048537506402691964 -0.068646766585408261 0.0081240793913200764 0.012152689770348578 -0.00064546299846773489
leaf_weight=4.0734042660333216 1.0388733965810377 0.88975677313282986 2.0183254927396765 32.326080864993855 12.097287238808347 11.707975176628677 2.7580631040036674 0.72178436815738667 25.215131201315671 9.913084287196396 5.0745003190822899 7.3358547943644226 7.3071844279766083 176.68909585021902
leaf_count=33 226 124 12 270 161 366 36 3 290 57 69 52 52 1766
internal_value=5.36653e-05 -0.000229303 1.54379e-05 0.000384502 -0.00666677 -0.000335983 -0.0334986 0.0353607 0.00821248 -0.0072443 0.00996154 0.0435208 -0.0209621 0.00329266
internal_weight=299.166 298.128 297.238 295.219 86.2043 74.107 15.1878 3.47985 58.9192 33.704 23.7909 11.4093 12.3817 209.015
internal_count=3517 3291 3167 3155 1119 958 405 39 553 263 206 85 121 2036
is_linear=0
shrinkage=0.08


Tree=72
num_leaves=15
num_cat=0
split_feature=10 11 0 9 6 8 2 1 1 10 14 13 1 4
split_gain=1.05194 0.928615 1.66468 3.11734 1.40176 1.1914 1.17144 1.63765 2.28678 2.07718 3.10277 1.77601 1.76356 1.62867
threshold=0.68500000000000016 1.0000000180025095e-35 1.5000000000000002 1.0000000180025095e-35 1.4166500000000002 1.0000000180025095e-35 1.0000000180025095e-35 14.500000000000002 13.500000000000002 0.67500000000000016 1.0000000180025095e-35 1.0000000180025095e-35 15.500000000000002 1.0000000180025095e-35
decision_type=2 2 2 2 2 2 2 2 2 2 2 2 2 2
left_child=1 2 3 -1 5 6 7 8 -4 10 -10 12 -9 -14
right_child=-2 -3 4 -5 -6 -7 -8 11 9 -11 -12 -13 13 -15
leaf_value=0.080374557795366786 0.080203027382253447 0.0025813628389349595 -0.0034403572503084513 -0.081706750112405371 0.099802085669243215 -0.10488415470898467 -0.068031196704776767 0.040451970159375891 0.098702411417607563 -0.092652695318792069 -0.0005879988494930878 -0.078454677695187866 -0.051400002971051649 0.016686807347842735
leaf_weight=0.93087810673750926 1.0443160226568569 212.90829177200794 50.378738985862583 4.1238389462232581 0.8161015585064878 0.76580772851593693 1.820002830820157 3.0947052128613022 4.2970151305198634 0.68784475419670421 3.7915941998362541 3.2439058595336965 6.7091048741713148 3.3818680960685015
leaf_count=206 468 1645 380 400 10 10 37 39 22 19 18 87 98 78
internal_value=5.2523e-05 -0.000229351 -0.00734994 -0.0518578 -0.00450168 -0.00559061 -0.00460825 -0.00308109 0.00312474 0.0408098 0.0521593 -0.0254254 -0.0123792 -0.0285815
internal_weight=297.994 296.95 84.0414 5.05472 78.9867 78.1706 77.4048 75.5848 59.1552 8.77645 8.08861 16.4296 13.1857 10.091
internal_count=3517 3049 1404 606 798 788 778 741 439 59 40 302 215 176
is_linear=0
shrinkage=0.08


Tree=73
num_leaves=15
num_cat=0
split_feature=9 8 1 1 1 0 13 1 10 11 4 1 9 1
split_gain=0.992932 0.88973 0.859568 0.926903 1.75087 2.94189 1.40911 1.40306 2.46194 1.35553 1.16321 0.773624 2.82261 3.16074
threshold=0.7250000000000002 2.5000000000000004 28.500000000000004 19.500000000000004 18.500000000000004 2.5000000000000004 1.0000000180025095e-35 22.500000000000004 0.67500000000000016 1.0000000180025095e-35 1.0000000180025095e-35 9.5000000000000018 1.0000000180025095e-35 8.5000000000000018
decision_type=2 2 2 2 2 2 2 2 2 2 2 2 2 2
left_child=1 2 3 4 11 10 9 8 -8 -5 -6 12 13 -1
right_child=-2 -3 -4 6 5 -7 7 -9 -10 -11 -12 -13 -14 -15
leaf_value=0.0073687966346072317 0.081213710213973056 0.10358315271664005 -0.10064701978105003 -0.03688842540935143 -0.13415496345828665 0.043339454619815226 -0.1238212486388745 0.077171097765498936 0.11532513751055973 0.084039279483353199 0.033511426349702694 0.0025441492940965022 -0.031675097417735595 -0.055809821181924527
leaf_weight=58.30094497394748 0.96137137978803267 0.52751505374908347 0.54647110076621075 0.73697247216477935 1.9486302640289066 1.2080412274226544 1.1050380244851115 0.64670413685962547 0.36700716230552632 3.0419837036170065 0.30646639026235778 200.07996838865802 21.433704339433461 5.5503744799643746
leaf_count=553 226 3 6 31 17 20 13 8 25 45 29 1890 609 42
internal_value=4.29682e-05 -0.000220843 -0.000406292 -0.000220429 -0.000861521 -0.0574024 0.0311757 -0.0210479 -0.0641978 0.0604559 -0.111369 -0.000175351 -0.00655534 0.0018769
internal_weight=296.761 295.8 295.272 294.726 288.828 3.46314 5.89771 2.11875 1.47205 3.77896 2.2551 285.365 85.285 63.8513
internal_count=3517 3291 3288 3282 3160 66 122 46 38 76 46 3094 1204 595
is_linear=0
shrinkage=0.08


Tree=74
num_leaves=15
num_cat=0
split_feature=10 15 8 1 1 1 0 13 1 6 10 5 11 5
split_gain=0.944525 0.825708 0.798639 0.777073 1.05306 1.50207 2.74051 1.30963 1.16375 1.97579 0.913585 0.840114 1.07389 0.800207
threshold=0.68500000000000016 1.0000000180025095e-35 2.5000000000000004 28.500000000000004 19.500000000000004 18.500000000000004 2.5000000000000004 1.0000000180025095e-35 22.500000000000004 0.58335000000000015 0.66500000000000015 1.5000000000000002 1.0000000180025095e-35 1.0000000180025095e-35
decision_type=2 2 2 2 2 2 2 2 2 2 2 2 2 2
left_child=1 2 3 4 5 -1 -7 11 9 -9 -11 12 -6 -8
right_child=-2 -3 -4 -5 7 6 13 8 -10 10 -12 -13 -14 -15
leaf_value=-5.1594776869017407e-05 0.080184042166406261 -0.081893243831809778 0.10126260152815482 -0.098873116472606215 -0.0096774820926535231 -0.10825078958459805 0.079351767468512691 -0.12213956385577547 0.073228677941788611 -0.033757200427830904 0.17793245121345014 -0.085738387228774318 0.096799642164032654 -0.074136177545335413
leaf_weight=284.08573204651475 0.93813406140543421 0.79001434566452999 0.49765616655349632 0.50957283098250528 0.78503917576745141 2.140724615193903 0.91349602490663506 0.97382171638309978 0.65228009223937977 0.26426745019853115 0.25771731021814048 0.22885943809524167 2.6612923165084794 0.28527462552301586
leaf_count=2752 468 124 3 5 32 30 11 22 7 8 4 4 38 9
internal_value=3.93097e-05 -0.00021552 3.76707e-06 -0.000167776 3.74283e-06 -0.000678626 -0.0540192 0.0336841 -0.0159403 -0.0548245 0.0707594 0.0626887 0.0725452 0.0428258
internal_weight=295.984 295.046 294.256 293.758 293.249 287.425 3.3395 5.82328 2.14809 1.49581 0.521985 3.67519 3.44633 1.19877
internal_count=3517 3049 2925 2922 2917 2802 50 115 41 34 12 74 70 20
is_linear=0
shrinkage=0.08


Tree=75
num_leaves=15
num_cat=0
split_feature=9 11 2 0 9 6 0 14 1 5 1 10 14 6
split_gain=0.901655 0.794634 1.96976 1.60639 2.85781 1.2585 1.33537 2.60629 1.28247 1.61032 1.49806 1.58356 4.3904 1.59187
threshold=0.7250000000000002 1.0000000180025095e-35 1.0000000180025095e-35 1.5000000000000002 1.0000000180025095e-35 1.4166500000000002 2.5000000000000004 1.0000000180025095e-35 15.500000000000002 1.0000000180025095e-35 12.500000000000002 0.67500000000000016 1.0000000180025095e-35 0.36665000000000009
decision_type=2 2 2 2 2 2 2 2 2 2 2 2 2 2
left_child=1 2 3 4 -1 6 8 -8 10 -10 -5 12 13 -12
right_child=-2 -3 -4 5 -6 -7 7 -9 9 -11 11 -13 -14 -15
leaf_value=0.08034564599640312 0.081147821193097297 0.0023972894187222977 -0.099831531379145758 -0.0098332604194566447 -0.08158612313456523 0.097303263133230233 -0.092921039236597405 0.081380362504556894 -0.050269166229548072 0.020921038936793014 0.10345567790547962 -0.032447758056542597 0.0037430090480604214 0.02075934789194931
leaf_weight=0.85839642025530327 0.8745385593501841 211.65196906821802 1.4326937645673741 30.762990017188713 3.7214710577391079 0.80074713216163118 2.4751108019845556 0.70554021943826217 6.6683921068906766 2.9257432299200445 4.6805968135595348 3.9868377329548812 21.716545014642179 2.1852908646687865
leaf_count=206 226 1749 9 288 400 31 41 20 187 55 19 151 110 25
internal_value=3.73532e-05 -0.000203451 -0.00684177 -0.00520685 -0.0512355 -0.00246584 -0.00351554 -0.0542571 -0.00130247 -0.0285596 0.00282668 0.0147845 0.0213727 0.0771349
internal_weight=295.447 294.572 82.9204 81.4877 4.57987 76.9078 76.107 3.18065 72.9264 9.59414 63.3323 32.5693 28.5824 6.86589
internal_count=3517 3291 1542 1533 606 927 896 61 835 242 593 305 154 44
is_linear=0
shrinkage=0.08


Tree=76
num_leaves=15
num_cat=0
split_feature=10 15 8 1 1 1 0 13 1 6 5 11 10 5
split_gain=0.855982 0.751785 0.720021 0.703369 0.976211 1.29529 2.42164 1.1864 1.04066 1.74829 0.770922 0.932561 0.740377 0.72097
threshold=0.68500000000000016 1.0000000180025095e-35 2.5000000000000004 28.500000000000004 19.500000000000004 18.500000000000004 2.5000000000000004 1.0000000180025095e-35 22.500000000000004 0.58335000000000015 1.5000000000000002 1.0000000180025095e-35 0.66500000000000015 1.0000000180025095e-35
decision_type=2 2 2 2 2 2 2 2 2 2 2 2 2 2
left_child=1 2 3 4 5 -1 -7 10 9 -9 11 -6 -11 -8
right_child=-2 -3 -4 -5 7 6 13 8 -10 12 -12 -13 -14 -15
leaf_value=-6.9729989448025475e-05 0.080169655346498878 -0.081785693461856684 0.099168911410869032 -0.097245166946045014 -0.006913130640208035 -0.10263531238655137 0.077816906009827158 -0.11878584959344773 0.071208124888606492 -0.032538914548822399 -0.084448705992282588 0.09533794232531545 0.16097697500167443 -0.071840923198536771
leaf_weight=282.92322305019479 0.85050950758159061 0.72113175457343359 0.46779710054397483 0.47682533133774896 0.74094349797815073 2.0740984091535206 0.87174906581640221 0.91364592500031017 0.6245989417657255 0.24716568179428577 0.21540509816259135 2.4866597806103528 0.25924993795342743 0.26976684830151498
leaf_count=2752 468 124 3 5 32 30 11 22 7 8 4 38 4 9
internal_value=2.88312e-05 -0.000203567 -2.48247e-06 -0.000161303 -2.56585e-06 -0.00064356 -0.0511315 0.0334202 -0.0148489 -0.0527001 0.0620853 0.0718647 0.0665279 0.0424493
internal_weight=294.143 293.292 292.571 292.103 291.627 286.139 3.21561 5.48767 2.04466 1.42006 3.44301 3.2276 0.506416 1.14152
internal_count=3517 3049 2925 2922 2917 2802 50 115 41 34 74 70 12 20
is_linear=0
shrinkage=0.08


Tree=77
num_leaves=15
num_cat=0
split_feature=9 1 0 8 0 1 8 13 14 0 4 1 1 1
split_gain=0.820263 0.70836 1.85717 2.74413 2.52693 2.8395 2.69349 2.91857 4.04002 2.46334 2.25157 1.91159 3.37343 2.80475
threshold=0.7250000000000002 15.500000000000002 3.5000000000000004 1.5000000000000002 2.5000000000000004 12.500000000000002 1.0000000180025095e-35 1.0000000180025095e-35 1.0000000180025095e-35 1.5000000000000002 1.0000000180025095e-35 10.500000000000002 9.5000000000000018 8.5000000000000018
decision_type=2 2 2 2 2 2 2 2 2 2 2 2 2 2
left_child=1 2 3 4 5 11 7 10 -9 -7 -6 12 13 -1
right_child=-2 -3 -4 -5 6 9 -8 8 -10 -11 -12 -13 -14 -15
leaf_value=-0.00061427199665270026 0.081085374230561252 -0.0095003216904388042 -0.10127344327676632 0.082707483466031156 -0.2366364043617343 -0.10126872339332658 0.068890282283791862 -0.10495262548905808 0.10031082389948841 0.016894038783967134 -0.03023521114530223 -0.017066272797686237 0.024167550099106708 -0.042884401746640197
leaf_weight=72.696216031443328 0.79682818113360454 44.398124933009967 1.1208727955818165 2.6629820577800265 1.0382403284311283 1.1465599499642838 0.92760679684579361 1.7040730288717898 0.95905706810299296 74.25794627785217 0.50170648423954833 48.100518849794753 31.664079867652617 11.657293106778523
leaf_count=1025 226 580 6 87 5 14 22 12 7 676 14 397 273 173
internal_value=2.77053e-05 -0.000192859 0.00147047 0.00193612 0.00105695 0.00224689 -0.0544946 -0.0817253 -0.0310323 0.0150973 -0.169392 -0.00365727 0.00190206 -0.00645582
internal_weight=293.632 292.835 248.437 247.316 244.653 239.523 5.13068 4.20308 2.66313 75.4045 1.53995 164.118 116.018 84.3535
internal_count=3517 3291 2711 2705 2618 2558 60 38 19 690 19 1868 1471 1198
is_linear=0
shrinkage=0.08


Tree=78
num_leaves=15
num_cat=0
split_feature=10 11 0 9 6 1 2 1 13 6 1 14 1 1
split_gain=0.776713 0.730833 1.35958 2.64216 1.16748 1.06582 1.06046 1.24721 1.71767 1.62857 1.88349 3.00171 1.59607 1.24356
threshold=0.68500000000000016 1.0000000180025095e-35 1.5000000000000002 1.0000000180025095e-35 1.4166500000000002 9.5000000000000018 1.0000000180025095e-35 14.500000000000002 1.0000000180025095e-35 0.36665000000000009 13.500000000000002 1.0000000180025095e-35 10.500000000000002 15.500000000000002
decision_type=2 2 2 2 2 2 2 2 2 2 2 2 2 2
left_child=1 2 3 -1 5 -4 7 9 13 10 12 -12 -7 -9
right_child=-2 -3 4 -5 -6 6 -8 8 -10 -11 11 -13 -14 -15
leaf_value=0.080321195358139322 0.080156378556773697 0.0023105033342001881 -0.082551833875029651 -0.081480811741726084 0.096949854733229035 0.033896396081707796 -0.067591357218851539 0.034453911440540615 -0.076642611791712598 -0.031302706061378339 0.096265144051164986 -0.0060130518726907471 -0.0056772052241653584 -0.02414413967607858
leaf_weight=0.79658620757982124 0.77225268317852069 210.54260901210364 1.1220144371036429 3.4147085398435584 0.72348060947842796 8.0018622726201993 1.6420548369642336 3.0836719321086994 3.0447288458235553 7.7871802325826129 3.6963037401437751 3.6498496681451797 35.283012442290783 9.3327688015997392
leaf_count=206 468 1645 54 400 10 38 37 39 87 158 15 15 169 176
internal_value=3.15445e-05 -0.000180274 -0.00660864 -0.0508752 -0.00419909 -0.00515389 -0.004004 -0.0025907 -0.0227954 0.00275674 0.00799517 0.0454494 0.00163857 -0.00959108
internal_weight=292.893 292.121 81.5782 4.21129 77.3669 76.6434 75.5214 73.8794 15.4612 58.4182 50.631 7.34615 43.2849 12.4164
internal_count=3517 3049 1404 606 798 788 734 697 302 395 237 30 207 215
is_linear=0
shrinkage=0.08


Tree=79
num_leaves=15
num_cat=0
split_feature=7 4 9 1 1 0 0 8 0 13 14 10 1 14
split_gain=0.792479 2.85692 0.767552 0.825605 1.5727 2.0474 1.95817 2.22458 3.30956 3.11275 3.65211 1.45753 1.56282 3.23035
threshold=0.70835000000000015 1.0000000180025095e-35 0.7250000000000002 15.500000000000002 12.500000000000002 1.5000000000000002 2.5000000000000004 1.0000000180025095e-35 3.5000000000000004 1.0000000180025095e-35 1.0000000180025095e-35 1.0000000180025095e-35 10.500000000000002 1.0000000180025095e-35
decision_type=2 2 2 2 2 2 2 2 2 2 2 2 2 2
left_child=1 -1 3 4 11 -6 -7 9 -9 -8 -11 12 13 -2
right_child=2 -3 -4 -5 5 6 7 8 -10 10 -12 -13 -14 -15
leaf_value=-0.20059057957413653 -0.013126689135670956 0.0978084392817163 0.081049184982621494 -0.010691830022081936 -0.099306172662756667 0.0154975967172184 -0.184374349034746 0.08236434093544967 -0.089411290742585303 -0.12868465669585061 0.098365101357847304 0.040371327560170436 -0.016649016326006589 0.01390070818746131
leaf_weight=0.23976308107375999 55.5645768919494 1.4304623341886324 0.74057125567924131 43.261022047838196 1.0734170114155848 73.696860109455884 1.1489786207675925 1.8619717508554459 1.1682172268629074 0.91422575712203979 0.89949367940425873 4.7773552858270696 47.495617391774431 57.684078409336507
leaf_count=1 643 56 225 544 14 675 6 69 6 5 6 459 327 481
internal_value=2.50348e-05 0.0549729 -0.000291119 -0.000499163 0.00129122 0.0104432 0.0119215 -0.032055 0.0161403 -0.0813482 -0.0160819 -0.00317431 -0.00446849 0.000639925
internal_weight=291.957 1.67023 290.286 289.546 246.285 80.7632 79.6897 5.99289 3.03019 2.9627 1.81372 165.522 160.744 113.249
internal_count=3517 57 3460 3235 2691 781 767 92 75 17 11 1910 1451 1124
is_linear=0
shrinkage=0.08


Tree=80
num_leaves=15
num_cat=0
split_feature=8 6 14 6 2 7 10 5 11 5 1 10 1 10
split_gain=0.786805 0.719305 1.87646 1.63655 1.20431 1.26496 1.34288 1.85663 1.08879 1.44863 1.01041 1.28961 0.954641 1.86216
threshold=2.5000000000000004 0.90000000000000013 1.0000000180025095e-35 0.36665000000000009 1.0000000180025095e-35 0.70835000000000015 1.0000000180025095e-35 1.0000000180025095e-35 1.0000000180025095e-35 1.5000000000000002 9.5000000000000018 1.0000000180025095e-35 9.5000000000000018 0.67500000000000016
decision_type=2 2 2 2 2 2 2 2 2 2 2 2 2 2
left_child=1 3 8 -1 5 -5 -7 12 -3 10 11 -10 -8 -14
right_child=-2 2 -4 4 -6 6 7 -9 9 -11 -12 -13 13 -15
leaf_value=-9.068651437804342e-05 0.10095746092666844 -0.0093004416751613084 0.082549331747893556 0.088772496018027267 0.080768666774145542 -0.088514923943957241 -0.12744531510430251 0.099086826695387306 -0.092528365070961835 -0.044971975347489181 0.087988628738856642 0.080559552504769136 0.083445309599932627 -0.080582593304426006
leaf_weight=265.40339154656976 0.49348403513431449 10.311542241252029 2.3234624980250365 0.42078329570358608 0.51515372027643014 3.5174120613373807 0.71063926722854454 0.69152618665248144 0.53523416072130137 1.0711990313138811 2.5911233940860257 0.56767793977633119 0.71175278350710836 1.1729217697866261
leaf_count=2169 3 263 265 16 182 108 6 24 6 27 173 84 18 173
internal_value=2.7905e-05 -0.000143522 0.0156275 -0.00114819 -0.037409 -0.0458352 -0.0541595 -0.017394 0.00531421 0.036939 0.0606916 -0.00343859 -0.0484305 -0.018637
internal_weight=291.037 290.544 17.4002 273.144 7.74019 7.22504 6.80425 3.28684 15.0768 4.76523 3.69404 1.10291 2.59531 1.88467
internal_count=3517 3514 818 2696 527 345 329 221 553 290 263 90 197 191
is_linear=0
shrinkage=0.08


Tree=81
num_leaves=15
num_cat=0
split_feature=1 13 1 14 14 1 11 0 9 6 2 8 2 0
split_gain=0.744013 3.0206 3.4196 2.97339 2.67659 2.22454 0.912277 1.30407 1.71987 1.05971 0.991146 0.986816 0.920647 1.25757
threshold=5.5000000000000009 1.0000000180025095e-35 4.5000000000000009 1.0000000180025095e-35 1.0000000180025095e-35 4.5000000000000009 1.0000000180025095e-35 1.5000000000000002 1.0000000180025095e-35 1.4166500000000002 1.0000000180025095e-35 1.0000000180025095e-35 1.0000000180025095e-35 2.5000000000000004
decision_type=2 2 2 2 2 2 2 2 2 2 2 2 2 2
left_child=1 2 3 -1 -4 -3 7 8 -2 11 -8 12 -9 -14
right_child=6 5 4 -5 -6 -7 10 9 -10 -11 -12 -13 13 -15
leaf_value=0.090146616197175788 0.080277410744251751 -0.10592206587371711 -0.065138459242813682 0.0051936854626774831 0.008411237842067501 -0.023592822462290261 0.0043202361488039135 -0.0022493766788093885 -0.081440035545047654 0.094639241980261135 0.092535372858436396 -0.10344951546094538 -0.097323808026253927 0.080833066574561505
leaf_weight=4.1618417771533132 0.49980729934759471 2.9668363621458393 5.6508321035653353 7.1957635034341365 7.2032580187078565 7.1926961191929877 175.09830176865216 73.679138160427101 2.6653423323296002 0.69771682273130764 0.8189508804352944 0.63839452946558495 1.3168541193008412 0.31404955300968129
leaf_count=39 151 30 101 55 73 69 1518 885 320 31 136 7 9 93
internal_value=2.71922e-05 -0.0110237 0.00433882 0.0363235 -0.0239222 -0.047635 0.00151249 -0.00558142 -0.0559033 -0.00350335 0.00473091 -0.00440495 -0.00356537 -0.0630176
internal_weight=290.1 34.3712 24.2117 11.3576 12.8541 10.1595 255.729 79.8113 3.16515 76.6462 175.917 75.9484 75.31 1.6309
internal_count=3517 367 268 94 174 99 3150 1496 471 1025 1654 994 987 102
is_linear=0
shrinkage=0.08


Tree=82
num_leaves=15
num_cat=0
split_feature=8 15 7 4 0 13 8 1 1 0 1 8 13 14
split_gain=0.708171 0.66545 0.66544 2.38311 0.690787 4.54703 2.58794 1.32119 1.1487 1.73521 3.39218 5.41937 3.23815 3.37505
threshold=2.5000000000000004 1.0000000180025095e-35 0.87500000000000011 1.0000000180025095e-35 3.5000000000000004 1.0000000180025095e-35 1.5000000000000002 19.500000000000004 19.500000000000004 2.5000000000000004 16.500000000000004 1.0000000180025095e-35 1.0000000180025095e-35 1.0000000180025095e-35
decision_type=2 2 2 2 2 2 2 2 2 2 2 2 2 2
left_child=1 2 3 -1 6 7 8 -6 9 -4 11 12 -11 -14
right_child=-2 -3 4 -5 5 -7 -8 -9 -10 10 -12 -13 13 -15
leaf_value=-0.17692905187294941 0.098863279333701828 -0.081730883143458458 8.7899593352914457e-05 0.092034062420281726 -0.20428078488657345 0.10349833639169335 0.082410277948021776 -0.05697330787373768 0.04070553030360153 -0.15400947389724681 0.019914739624029312 0.075232670935892407 -0.11326673105139151 0.096506911211321447
leaf_weight=0.24878565408289333 0.46318919956684013 0.63826098386198182 265.72386535070837 1.3820393998175857 0.71475993096828394 0.87587354984134425 2.4250161889940491 0.85674356110394001 4.2462150899809776 3.2848720820620638 4.7334267269470729 1.3365094847977159 1.169183499820065 0.84606691764201958
leaf_count=2 3 124 2808 81 3 8 90 12 151 47 129 31 20 8
internal_value=2.35838e-05 -0.000135114 4.58154e-05 0.0510032 -0.000244537 -0.0425647 0.000120459 -0.123973 -0.000588839 -0.00122164 -0.0318262 -0.0687292 -0.105031 -0.025197
internal_weight=288.945 288.482 287.843 1.63083 286.213 2.44738 283.765 1.5715 281.34 277.094 11.3701 6.63663 5.30012 2.01525
internal_count=3517 3514 3390 83 3307 23 3284 15 3194 3043 235 106 75 28
is_linear=0
shrinkage=0.08


Tree=83
num_leaves=15
num_cat=0
split_feature=8 10 15 1 13 1 14 14 1 11 0 9 2 0
split_gain=0.641372 0.640697 0.610766 0.602858 2.64024 2.90489 2.66747 2.25995 2.07871 0.747743 1.13388 1.57628 0.958659 0.96736
threshold=2.5000000000000004 0.68500000000000016 1.0000000180025095e-35 5.5000000000000009 1.0000000180025095e-35 4.5000000000000009 1.0000000180025095e-35 1.0000000180025095e-35 4.5000000000000009 1.0000000180025095e-35 1.5000000000000002 1.0000000180025095e-35 1.0000000180025095e-35 2.5000000000000004
decision_type=2 2 2 2 2 2 2 2 2 2 2 2 2 2
left_child=1 2 3 4 5 6 -1 -7 -6 10 11 -5 -12 -14
right_child=-2 -3 -4 9 8 7 -8 -9 -10 -11 12 -13 13 -15
leaf_value=0.086371246523512898 0.097087610633381019 0.080133502057218489 -0.081601210554695547 0.080255994862748259 -0.10312831302204441 -0.059179561157311059 0.0048484617692669679 0.0083286531179501411 -0.021868850056253927 0.004138622291836952 -0.0021383111204647614 -0.081375337245671309 -0.095718615163233434 0.080911203721781719
leaf_weight=4.0025780699215829 0.43507589399814506 0.6352878583711562 0.59008747956249763 0.46145798638463054 2.8062744750641269 5.7198352818377316 7.1707078227773309 7.1296479962766171 7.1433618743903935 174.22732562903548 74.272815221920609 2.3663907260633996 1.235247641801833 0.23642755532637227
leaf_count=39 3 468 124 151 27 101 52 52 69 1389 729 276 9 28
internal_value=2.88999e-05 -0.000117726 -0.000295142 -0.00012784 -0.0101337 0.00421923 0.0340522 -0.021722 -0.0447879 0.00121679 -0.00526211 -0.0549998 -0.0034052 -0.0673427
internal_weight=288.433 287.997 287.362 286.772 33.9724 24.0228 11.1733 12.8495 9.94964 252.8 78.5723 2.82785 75.7445 1.47168
internal_count=3517 3514 3046 2922 340 244 91 153 96 2582 1193 427 766 37
is_linear=0
shrinkage=0.08


Tree=84
num_leaves=15
num_cat=0
split_feature=1 1 1 0 5 13 10 1 11 5 5 8 1 13
split_gain=0.59696 0.771935 1.12016 2.05508 1.30079 0.971919 0.960106 1.68045 0.836361 0.790563 0.631898 0.58068 0.541983 2.28232
threshold=28.500000000000004 19.500000000000004 18.500000000000004 2.5000000000000004 1.0000000180025095e-35 1.0000000180025095e-35 0.66500000000000015 22.500000000000004 1.0000000180025095e-35 1.5000000000000002 1.0000000180025095e-35 2.5000000000000004 5.5000000000000009 1.0000000180025095e-35
decision_type=2 2 2 2 2 2 2 2 2 2 2 2 2 2
left_child=1 2 11 4 -4 8 7 -7 -3 -10 -5 12 13 -1
right_child=-2 5 3 10 -6 6 -8 -9 9 -11 -12 -13 -14 -15
leaf_value=0.0037795104101017592 -0.094060609049839997 -0.017828148747659426 -0.11821674631352856 0.075673174799416376 0.088303749646996124 -0.10353320745666272 0.10262352754654062 0.067977519974950523 0.092422294619866965 -0.079351581682045605 -0.064670971346179551 0.095506600979003875 0.0013076141421790148 -0.042133377698565823
leaf_weight=23.926840199739672 0.43095211067702521 0.72642166801961083 1.8031998267397282 0.81650203536264576 0.21888459159526963 1.0024772360920904 0.36732088495045889 0.57550865225493897 2.3139725281507713 0.18519955151714373 0.27430076868040487 0.40800100564956565 244.54382210620679 9.7540545312222076
leaf_count=268 7 63 31 14 15 17 51 6 71 7 36 3 2829 99
internal_value=2.47515e-05 0.000166069 -0.000396087 -0.04812 -0.0958615 0.0307961 -0.0138653 -0.0409814 0.0577308 0.0796931 0.0403813 0.000137085 -2.76957e-06 -0.00951695
internal_weight=287.347 286.917 281.746 3.11289 2.02208 5.1709 1.94531 1.57799 3.22559 2.49917 1.0908 278.633 278.225 33.6809
internal_count=3517 3510 3295 96 46 215 74 23 141 78 50 3199 3196 367
is_linear=0
shrinkage=0.08


Tree=85
num_leaves=15
num_cat=0
split_feature=9 7 4 1 0 8 0 8 13 14 1 0 1 1
split_gain=0.580011 0.580603 2.13616 0.781738 1.40036 2.22532 1.97523 2.188 2.33785 3.10218 1.95411 1.94296 1.50443 2.55175
threshold=0.7250000000000002 0.70835000000000015 1.0000000180025095e-35 15.500000000000002 3.5000000000000004 1.5000000000000002 2.5000000000000004 1.0000000180025095e-35 1.0000000180025095e-35 1.0000000180025095e-35 12.500000000000002 1.5000000000000002 10.500000000000002 9.5000000000000018
decision_type=2 2 2 2 2 2 2 2 2 2 2 2 2 2
left_child=1 2 -1 4 5 6 10 8 -8 -10 12 -12 13 -3
right_child=-2 3 -4 -5 -6 -7 7 -9 9 -11 11 -13 -14 -15
leaf_value=-0.16241032279388448 0.080862179209961554 -0.0053313677283767045 0.094668967148063957 -0.010390071088581294 -0.087835363475995937 0.082226747520987756 -0.16357031519437648 0.066544371736556196 -0.11507075461373752 0.094984135401254777 -0.097937465352488359 0.014309149493389977 -0.014884570243584952 0.021515433370486389
leaf_weight=0.24994494020938773 0.56690018280642007 82.313065953203477 1.2000938711571505 42.587942016136367 1.1212078928947438 2.1806697752326718 1.3597604185342784 0.7653214931488036 1.0518407076597212 0.78636726737022411 1.0005464730784286 72.653797594364733 47.592667555843946 31.265101128141396
leaf_count=1 226 1198 55 544 6 87 7 22 7 6 14 675 396 273
internal_value=2.24283e-05 -0.000137738 0.0503559 -0.000394933 0.00136339 0.00177842 0.00104375 -0.0549625 -0.0840409 -0.0252113 0.001989 0.0127844 -0.00294442 0.00205885
internal_weight=286.695 286.128 1.45004 284.678 242.09 240.969 238.788 3.96329 3.19797 1.83821 234.825 73.6543 161.171 113.578
internal_count=3517 3291 56 3235 2691 2685 2598 42 20 13 2556 689 1867 1471
is_linear=0
shrinkage=0.08


Tree=86
num_leaves=15
num_cat=0
split_feature=8 6 14 6 11 5 2 7 10 5 6 1 10 10
split_gain=0.57758 0.575561 1.73927 1.67245 1.05983 1.15218 0.915615 0.969579 1.20234 1.68037 0.877008 0.887265 1.05046 0.876025
threshold=2.5000000000000004 0.90000000000000013 1.0000000180025095e-35 0.36665000000000009 1.0000000180025095e-35 1.5000000000000002 1.0000000180025095e-35 0.70835000000000015 1.0000000180025095e-35 1.0000000180025095e-35 1.5833500000000003 9.5000000000000018 1.0000000180025095e-35 1.0000000180025095e-35
decision_type=2 2 2 2 2 2 2 2 2 2 2 2 2 2
left_child=1 3 4 13 -3 10 7 -5 -9 -10 11 12 -6 -1
right_child=-2 2 -4 6 5 -7 -8 8 9 -11 -12 -13 -14 -15
leaf_value=-0.00020084808332481628 0.095388108592472931 -0.0096585960869576565 0.082300980762269549 0.086755777970058012 -0.092129144154816114 -0.039543565179791219 0.080585696390215761 -0.087664297786684511 -0.048209166259476854 0.097292415050650297 -0.079709060106932156 0.098317711218655429 0.080548564062862205 0.094288033240331692
leaf_weight=261.27210424200166 0.40588966012000938 10.188244742515964 2.1041499876882872 0.33173793263267715 0.40174033492803563 0.97018980229040597 0.38358918789890584 3.2255953307030714 2.4217734069097792 0.64282108470797528 0.26784807397052635 2.2295997107285075 0.51386788953095675 0.62947705655824293
leaf_count=2132 3 263 265 16 5 27 182 108 197 24 7 172 79 37
internal_value=2.42976e-05 -0.00011124 0.0143109 -0.00100559 0.004493 0.0373864 -0.0395813 -0.0465423 -0.0535722 -0.0176891 0.0592544 0.0710886 0.00478297 2.62547e-05
internal_weight=285.989 285.583 16.6756 268.907 14.5715 4.38325 7.00552 6.62193 6.29019 3.06459 3.41306 3.14521 0.915608 261.902
internal_count=3517 3514 818 2696 553 290 527 345 329 221 263 256 84 2169
is_linear=0
shrinkage=0.08


Tree=87
num_leaves=15
num_cat=0
split_feature=15 1 1 1 0 13 4 10 1 11 5 5 6 0
split_gain=0.562257 0.536124 0.762412 0.990772 1.86271 0.9305 0.91789 0.83778 1.53234 0.725165 0.687022 0.551975 0.484192 1.02086
threshold=1.0000000180025095e-35 28.500000000000004 19.500000000000004 18.500000000000004 2.5000000000000004 1.0000000180025095e-35 1.0000000180025095e-35 0.66500000000000015 22.500000000000004 1.0000000180025095e-35 1.5000000000000002 2.5000000000000004 1.4166500000000002 1.5000000000000002
decision_type=2 2 2 2 2 2 2 2 2 2 2 2 2 2
left_child=1 2 3 12 6 9 -5 8 -7 -4 -11 -6 -1 -14
right_child=-2 -3 5 4 11 7 -8 -9 -10 10 -12 -13 13 -15
leaf_value=1.5980517222686406e-05 -0.081503928206014556 -0.092743386907785191 -0.016865930373990059 -0.11543721630078761 0.065267735842807303 -0.10066290049833602 0.04927222932324913 0.097373709915693954 0.06683435107171691 0.092613451459761062 -0.076739719696219955 -0.098881595001960282 -0.053792545746617237 0.092946695107165384
leaf_weight=275.14258561711176 0.5403383313678195 0.3968163444660594 0.62002172251231913 1.6404708363115781 0.86618564603850223 0.94417380727827527 0.24946676933905099 0.35921585938194756 0.55505163641646504 2.1513162404298787 0.1650710207177325 0.15448907017707825 0.44173671957105287 0.96909995062742382
leaf_count=2997 124 6 55 13 48 17 29 51 6 70 7 1 34 59
internal_value=2.52226e-05 0.000179983 0.000309701 -0.00023299 -0.0466643 0.03194 -0.093696 -0.0123591 -0.0386511 0.0599767 0.080545 0.0404221 0.000255681 0.0470022
internal_weight=285.196 284.656 284.259 279.464 2.91061 4.79485 1.88994 1.85844 1.49923 2.93641 2.31639 1.02067 276.553 1.41084
internal_count=3517 3393 3387 3181 91 206 42 74 23 132 77 49 3090 93
is_linear=0
shrinkage=0.08


Tree=88
num_leaves=15
num_cat=0
split_feature=8 15 9 11 2 1 10 6 0 8 1 13 1 4
split_gain=0.524984 0.51659 0.50536 0.46439 1.47471 1.1765 1.91762 0.998488 1.30234 0.919581 1.00412 1.51149 1.01893 1.34548
threshold=2.5000000000000004 1.0000000180025095e-35 0.7250000000000002 1.0000000180025095e-35 1.0000000180025095e-35 9.5000000000000018 1.0000000180025095e-35 0.90000000000000013 2.5000000000000004 1.0000000180025095e-35 14.500000000000002 1.0000000180025095e-35 15.500000000000002 1.0000000180025095e-35
decision_type=2 2 2 2 2 2 2 2 2 2 2 2 2 2
left_child=1 2 3 4 5 6 -1 -5 -9 10 -7 12 -12 -14
right_child=-2 -3 -4 7 -6 9 -8 8 -10 -11 11 -13 13 -15
leaf_value=-0.081284043397575334 0.093987876472329188 -0.081390932921375614 0.080820152273820126 0.001080804115319684 -0.094505954097796649 0.0035719803435514709 0.08025418354252617 0.061144746375396894 -0.050496405687907545 -0.10105307215989123 0.032309690380751273 -0.070935092746725506 -0.04403705036509007 0.021365306939245904
leaf_weight=2.5796864526346321 0.3800312876701345 0.49945956177543749 0.49479304888518427 200.70272321498487 1.1693928390741337 58.517682170611806 0.57518465403700236 3.5107869673520318 0.82608922547660757 0.59440606832504173 3.1155178426997727 2.9538737335242322 5.6954407729208452 3.1136967451893725
leaf_count=340 3 124 226 1404 9 534 199 299 13 4 56 110 89 107
internal_value=2.34868e-05 -0.000102096 4.0939e-05 -0.000100118 -0.0053405 -0.00398891 -0.051833 0.00190145 0.0398793 -0.00194889 -0.00114629 -0.0197034 -0.00701269 -0.0209198
internal_weight=284.729 284.349 283.849 283.354 78.3149 77.1455 3.15487 205.04 4.33688 73.9906 73.3962 14.8785 11.9247 8.80914
internal_count=3517 3514 3390 3164 1448 1439 539 1716 312 900 896 362 252 196
is_linear=0
shrinkage=0.08


Tree=89
num_leaves=15
num_cat=0
split_feature=7 4 1 0 8 0 8 13 14 1 0 1 14 9
split_gain=0.488188 1.79111 0.502278 1.35931 2.05475 1.61904 1.92085 1.86944 2.75272 1.63677 1.73132 1.31214 2.20271 5.47794
threshold=0.70835000000000015 1.0000000180025095e-35 15.500000000000002 3.5000000000000004 1.5000000000000002 2.5000000000000004 1.0000000180025095e-35 1.0000000180025095e-35 1.0000000180025095e-35 12.500000000000002 1.5000000000000002 10.500000000000002 1.0000000180025095e-35 1.0000000180025095e-35
decision_type=2 2 2 2 2 2 2 2 2 2 2 2 2 2
left_child=1 -1 3 4 5 9 7 -7 -9 11 -11 12 13 -2
right_child=2 -3 -4 -5 -6 6 -8 8 -10 10 -12 -13 -14 -15
leaf_value=-0.14524702379751447 0.01091168332435687 0.093668416561448767 -0.0082542857659122105 -0.087485242719617495 0.082049594406838317 -0.14891995871265182 0.067038619575852887 -0.11080402177947947 0.09356970674243574 -0.096037455879354833 0.013125063276096907 -0.013905849242782237 0.012794689620570463 -0.040775049439836383
leaf_weight=0.24742080271243949 33.146245864918455 1.0663028300623407 42.235956008255016 1.1008936241269101 2.0154222305864087 1.3503442021319638 0.71617717668414105 0.98390845727408305 0.73827247871668078 0.94201751821674307 71.942213192465715 47.459567146433983 58.144642318715341 21.724161150516011
leaf_count=1 321 56 743 6 87 23 22 15 8 14 675 396 646 504
internal_value=1.75319e-05 0.0486722 -0.000208729 0.0012056 0.00161385 0.000930261 -0.0509469 -0.0784483 -0.0231921 0.00177251 0.0117142 -0.00274277 0.00194505 -0.00955201
internal_weight=283.814 1.31372 282.5 240.264 239.163 237.148 3.7887 3.07253 1.72218 233.359 72.8842 160.475 113.015 54.8704
internal_count=3517 57 3460 2717 2711 2624 68 46 23 2556 689 1867 1471 825
is_linear=0
shrinkage=0.08


Tree=90
num_leaves=15
num_cat=0
split_feature=8 1 13 1 14 1 14 1 9 0 9 14 13 1
split_gain=0.521641 0.504795 1.9537 2.53112 2.46372 2.01331 1.87539 0.667433 4.19882 2.16992 2.38638 4.31188 3.31304 1.79981
threshold=2.5000000000000004 5.5000000000000009 1.0000000180025095e-35 4.5000000000000009 1.0000000180025095e-35 4.5000000000000009 1.0000000180025095e-35 7.5000000000000009 1.0000000180025095e-35 1.5000000000000002 1.0000000180025095e-35 1.0000000180025095e-35 1.0000000180025095e-35 8.5000000000000018
decision_type=2 2 2 2 2 2 2 2 2 2 2 2 2 2
left_child=1 2 3 4 -1 -4 -5 8 -3 10 11 -9 13 -13
right_child=-2 7 5 6 -6 -7 -8 9 -10 -11 -12 12 -14 -15
leaf_value=0.083158558038165145 0.093897217718954235 0.03377317862279075 -0.10001373181783678 -0.055343104074755213 0.0034265685563052983 -0.017494839459119487 0.0062856910111833905 0.017519554696373219 -0.040823600393601674 0.0024978895906496608 -0.083921656413782367 -0.029313073784615708 -0.10648680736518473 0.11279298611455561
leaf_weight=3.8102299408055842 0.37829755246639152 17.910835793591108 2.5952296864707005 5.7020889925770462 7.106127172941342 6.9860258649569005 7.0886952190194279 12.371646378189329 6.6117815454490474 200.3825114989304 3.5013408449012777 3.4900234048254788 4.2428119629621506 0.6818396693561225
leaf_count=39 3 221 30 101 55 69 73 97 258 2291 202 25 33 20
internal_value=1.82488e-05 -0.000107474 -0.00936029 0.00296066 0.0312561 -0.0398463 -0.0211882 0.00112856 0.0136604 -0.000239281 -0.022822 -0.0125301 -0.0567105 -0.00608759
internal_weight=282.859 282.481 33.2884 23.7071 10.9164 9.58126 12.7908 249.193 24.5226 224.67 24.2877 20.7863 8.41468 4.17186
internal_count=3517 3514 367 268 94 99 174 3147 479 2668 377 175 78 45
is_linear=0
shrinkage=0.08


Tree=91
num_leaves=15
num_cat=0
split_feature=8 14 1 13 0 11 1 1 1 0 1 1 0 1
split_gain=0.494175 1.53027 5.73248 5.27655 2.36201 2.20717 1.10682 2.63787 0.707838 1.03681 1.0634 1.04525 1.7751 3.64017
threshold=1.0000000180025095e-35 1.0000000180025095e-35 17.500000000000004 1.0000000180025095e-35 3.5000000000000004 1.0000000180025095e-35 8.5000000000000018 7.5000000000000009 23.500000000000004 3.5000000000000004 16.500000000000004 22.500000000000004 2.5000000000000004 16.500000000000004
decision_type=2 2 2 2 2 2 2 2 2 2 2 2 2 2
left_child=8 3 4 6 5 -3 7 -2 9 11 -11 12 -1 -14
right_child=1 2 -4 -5 -6 -7 -8 -9 -10 10 -12 -13 13 -15
leaf_value=0.0001367804772242274 0.098748728850627202 -0.10042424917150909 -0.2224862333691765 -0.16055463936265471 -0.082890004594578959 0.085030827453518795 0.081754258253466272 -0.053436022149752356 -0.07984828254333666 0.13431599351725354 -0.02496767100966259 0.083021752130413365 -0.074085211485701949 0.02584935192462872
leaf_weight=256.05928683502134 1.3843351453542692 0.49248336232267265 0.75845664739608754 0.78918052464723576 1.1028031781315801 2.4736288134008646 4.5288626002147794 1.5396738052368164 0.72170509945135464 0.72379782120697089 0.4262037270818837 0.94780702714342524 5.9071759912476391 3.8551771031634416
leaf_count=2904 9 6 6 6 6 63 127 9 42 4 33 20 97 185
internal_value=1.19831e-05 0.015203 -0.0205661 0.036153 0.0170724 0.0542385 0.0569822 0.0186139 -0.000727062 -0.00051393 0.0752836 -0.000840681 -0.0011397 -0.0346208
internal_weight=281.711 13.0694 4.82737 8.24205 4.06892 2.96611 7.45287 2.92401 268.641 267.919 1.15 266.769 265.822 9.76235
internal_count=3517 232 81 151 75 69 145 18 3285 3243 37 3206 3186 282
is_linear=0
shrinkage=0.08


Tree=92
num_leaves=15
num_cat=0
split_feature=8 7 4 9 1 0 8 0 1 1 0 1 1 1
split_gain=0.515874 0.514068 1.54837 0.47801 0.535466 3.00779 1.74059 1.33999 1.51457 1.33258 1.50483 1.13639 2.2642 2.50991
threshold=2.5000000000000004 0.70835000000000015 1.0000000180025095e-35 0.7250000000000002 15.500000000000002 3.5000000000000004 1.5000000000000002 2.5000000000000004 14.500000000000002 12.500000000000002 1.5000000000000002 10.500000000000002 9.5000000000000018 8.5000000000000018
decision_type=2 2 2 2 2 2 2 2 2 2 2 2 2 2
left_child=1 2 -1 4 5 6 7 9 -9 11 -11 12 13 -3
right_child=-2 3 -4 -5 -6 -7 -8 8 -10 10 -12 -13 -14 -15
leaf_value=-0.13252799368820883 0.093745080936781133 0.00056663693715600127 0.093451129782543343 0.080752412683810365 -0.0088245461235789083 -0.15895610119207282 0.081734800252164161 -0.076204435956249275 0.049595456877560132 -0.094466758314657312 0.011921747993364675 -0.012828696295877184 0.020379631753164311 -0.040314650645490564
leaf_weight=0.23925748467445274 0.37537175416946311 69.58696101908572 1.0270580878714097 0.46453244669828464 41.730991922551766 0.74996763467788596 1.7182263806462277 2.7352751065045591 0.78923580422997464 0.86113151977769931 71.61285304633202 47.271591872733552 30.916430780838709 11.151739809021818
leaf_count=1 3 1025 56 225 544 3 87 25 17 14 675 396 273 173
internal_value=2.32258e-05 -0.000102036 0.0507547 -0.000332377 -0.000467322 0.00100178 0.00150872 0.000921949 -0.0480343 0.00166761 0.0106576 -0.00243204 0.00196961 -0.00507994
internal_weight=281.231 280.855 1.26632 279.589 279.124 237.393 236.643 234.925 3.52451 231.401 72.474 158.927 111.655 80.7387
internal_count=3517 3514 57 3457 3232 2688 2685 2598 42 2556 689 1867 1471 1198
is_linear=0
shrinkage=0.08


Tree=93
num_leaves=15
num_cat=0
split_feature=15 7 4 8 14 13 1 0 11 1 1 0 1 13
split_gain=0.47095 0.471384 1.35535 0.466732 1.2537 4.58777 4.13451 1.8989 1.98967 1.08282 2.33666 0.875634 2.42341 4.77267
threshold=1.0000000180025095e-35 0.87500000000000011 1.0000000180025095e-35 1.0000000180025095e-35 1.0000000180025095e-35 1.0000000180025095e-35 17.500000000000004 3.5000000000000004 1.0000000180025095e-35 8.5000000000000018 7.5000000000000009 2.5000000000000004 16.500000000000004 1.0000000180025095e-35
decision_type=2 2 2 2 2 2 2 2 2 2 2 2 2 2
left_child=1 2 -1 11 5 9 7 8 -6 10 -5 -3 13 -13
right_child=-2 3 -4 4 6 -7 -8 -9 -10 -11 -12 12 -14 -15
leaf_value=-0.12492602956867729 -0.081345552435968554 0.00017905064245073515 0.088931788153936944 0.096976167040698558 -0.09838809831544959 -0.14913678518016554 -0.17328655967289364 -0.070506984442950851 0.084711268222340416 0.081269985472164172 -0.04772836749642944 -0.12024794159487998 0.015964958951800421 0.028648062649112207
leaf_weight=0.23303093027789046 0.45449014811310817 255.3301012495649 1.0191106616111936 1.2996969670057279 0.4558929651975635 0.78211278095841397 0.88606068491935719 1.0954043045639994 2.2764947349205613 4.150798668153584 1.5853315740823746 3.3566964358906244 5.3194463387480937 2.3369886147847865
leaf_count=2 124 2798 81 9 3 6 6 6 63 127 9 47 205 31
internal_value=2.41899e-05 0.000156208 0.0491316 -6.36906e-05 0.0150244 0.0346725 -0.0175622 0.018485 0.0541615 0.0551051 0.0174606 -0.000773603 -0.0228601 -0.0591332
internal_weight=280.582 280.127 1.25214 278.875 12.5318 7.81794 4.71385 3.82779 2.73239 7.03583 2.88503 266.343 11.0131 5.69369
internal_count=3517 3393 83 3310 229 151 78 72 66 145 18 3081 283 78
is_linear=0
shrinkage=0.08


Tree=94
num_leaves=15
num_cat=0
split_feature=8 9 11 2 1 10 6 0 6 1 10 1 13 1
split_gain=0.50392 0.43746 0.448526 1.37555 1.01934 1.72368 0.949512 1.15713 0.868869 0.894931 2.1962 0.796501 1.23267 0.964174
threshold=2.5000000000000004 0.7250000000000002 1.0000000180025095e-35 1.0000000180025095e-35 9.5000000000000018 1.0000000180025095e-35 0.90000000000000013 2.5000000000000004 0.29165000000000002 9.5000000000000018 1.0000000180025095e-35 14.500000000000002 1.0000000180025095e-35 20.500000000000004
decision_type=2 2 2 2 2 2 2 2 2 2 2 2 2 2
left_child=1 2 3 4 5 -1 8 -8 -4 -10 -11 -6 -13 -14
right_child=-2 -3 6 -5 11 -7 7 -9 9 10 -12 12 13 -15
leaf_value=-0.0811331619756646 0.09342935911928768 0.080687808987512599 0.0016214591731320838 -0.093570706545404753 0.0018328936660214233 0.079206666756143781 0.060000793445906128 -0.050135666790374518 -0.11573620991034797 -0.084435212328148754 0.082700309105894154 -0.0075826657758491503 -0.087987480113058861 0.034838079775342812
leaf_weight=2.3009295947849746 0.36923231184482475 0.42840596497990091 194.99900047038682 1.1159768477082241 58.966009143565316 0.52745866926852603 3.3463873928412786 0.74675700813531865 0.78226057719439213 1.2168656459543856 0.85791464039357368 11.589634253992697 2.3347865621908563 0.49591169436462212
leaf_count=398 3 226 1354 9 557 202 300 13 7 13 59 266 89 21
internal_value=3.20557e-05 -9.12345e-05 -0.000215147 -0.00539609 -0.00410499 -0.0512318 0.00176875 0.0399074 0.000979755 -0.0428179 -0.0153252 -0.00228867 -0.0191421 -0.0664696
internal_weight=280.078 279.708 279.28 77.3307 76.2147 2.82839 201.949 4.09314 197.856 2.85704 2.07478 73.3863 14.4203 2.8307
internal_count=3517 3514 3288 1542 1533 600 1746 313 1433 79 72 933 376 110
is_linear=0
shrinkage=0.08


Tree=95
num_leaves=15
num_cat=0
split_feature=7 4 1 13 1 14 1 14 11 0 2 0 9 2
split_gain=0.479563 1.19921 0.441903 1.68127 2.17546 2.21723 1.89164 1.58719 0.628214 1.01874 1.29939 1.01315 1.192 0.804885
threshold=0.70835000000000015 1.0000000180025095e-35 5.5000000000000009 1.0000000180025095e-35 4.5000000000000009 1.0000000180025095e-35 4.5000000000000009 1.0000000180025095e-35 1.0000000180025095e-35 2.5000000000000004 1.0000000180025095e-35 1.5000000000000002 1.0000000180025095e-35 1.0000000180025095e-35
decision_type=2 2 2 2 2 2 2 2 2 2 2 2 2 2
left_child=1 -1 3 4 5 -2 -5 -6 9 10 11 12 -4 -10
right_child=2 -3 8 6 7 -7 -8 -9 13 -11 -12 -13 -14 -15
leaf_value=-0.11718496541319752 0.079651096532437557 0.092178159277491387 0.080201632347265669 -0.097956914267938761 -0.051062677261313423 0.0029449641333066912 -0.016163234880262951 0.0056290678151016326 0.0033477829701797574 -0.06788250868872811 -0.092358480911629931 -0.00077412888583362814 -0.08114283446067759 0.09226013587791948
leaf_weight=0.21662750840186962 3.6573894155444577 0.91329580068122596 0.34774999041110288 2.4499037793138978 5.727128061465919 7.0811598274158314 6.9236443385016173 7.0527711319737136 168.80477459577378 1.6173469424538769 1.0431438088417042 70.911978275806177 1.8632463008398181 0.65413821200490829
leaf_count=1 39 56 151 30 101 55 69 73 1489 130 9 859 320 135
internal_value=2.67836e-05 0.0520393 -0.000184518 -0.00889173 0.00252682 0.0290699 -0.0375411 -0.0197765 0.000983296 -0.00507138 -0.00370165 -0.00243691 -0.0557662 0.003691
internal_weight=279.264 1.12992 278.134 32.892 23.5184 10.7385 9.37355 12.7799 245.242 75.7835 74.1661 73.123 2.211 169.459
internal_count=3517 57 3460 367 268 94 99 174 3093 1469 1339 1330 471 1624
is_linear=0
shrinkage=0.08


Tree=96
num_leaves=15
num_cat=0
split_feature=7 4 15 9 1 0 8 0 8 13 14 1 0 10
split_gain=0.436161 1.08559 0.418638 0.397044 0.431307 0.821915 1.46935 1.07036 1.25964 1.46955 2.4297 1.13645 1.35204 1.05856
threshold=0.70835000000000015 1.0000000180025095e-35 1.0000000180025095e-35 0.7250000000000002 15.500000000000002 3.5000000000000004 1.5000000000000002 2.5000000000000004 1.0000000180025095e-35 1.0000000180025095e-35 1.0000000180025095e-35 12.500000000000002 1.5000000000000002 0.67500000000000016
decision_type=2 2 2 2 2 2 2 2 2 2 2 2 2 2
left_child=1 -1 3 4 5 6 7 11 9 -9 -11 -2 -13 -14
right_child=2 -3 -4 -5 -6 -7 -8 8 -10 10 -12 12 13 -15
leaf_value=-0.11307307746700579 -0.002166260227878945 0.091210548239517783 -0.081275747637590309 0.080614348870875693 -0.0076935217629990555 -0.068348770931618438 0.081465760547945604 -0.13192948970405177 0.061737665199095848 -0.10771199848520334 0.093395189414444496 -0.093075686324328985 0.013550131488849169 -0.028728369184725575
leaf_weight=0.20694082975387462 157.40716307907132 0.85165747912833467 0.40673150680959125 0.38994571744114992 41.430212527455296 1.0837527438998211 1.4607399757951487 1.2251403927803035 0.59577149525284756 0.83072098344564438 0.71575876325368881 0.80554143479093809 66.892440354917198 4.0177964943577527
leaf_count=1 1765 56 124 225 526 6 87 7 22 7 6 13 455 217
internal_value=2.2909e-05 0.051276 -0.000172778 -5.36283e-05 -0.000167408 0.00115924 0.00148123 0.000978684 -0.0437967 -0.0664818 -0.0146334 0.00163674 0.00998386 0.0111546
internal_weight=278.32 1.0586 277.262 276.855 276.465 235.035 233.951 232.49 3.36739 2.77162 1.54648 229.123 71.7158 70.9102
internal_count=3517 57 3460 3336 3111 2585 2579 2492 42 20 13 2450 685 672
is_linear=0
shrinkage=0.08


Tree=97
num_leaves=15
num_cat=0
split_feature=8 7 4 15 6 5 0 6 6 14 11 1 10 5
split_gain=0.48989 0.399023 0.984759 0.384904 0.354488 1.33435 0.889204 0.528939 1.98674 1.45249 1.78971 1.04028 1.01441 1.57617
threshold=2.5000000000000004 0.70835000000000015 1.0000000180025095e-35 1.0000000180025095e-35 1.4166500000000002 1.5000000000000002 1.5000000000000002 0.90000000000000013 0.29165000000000002 1.0000000180025095e-35 1.0000000180025095e-35 18.500000000000004 1.0000000180025095e-35 1.0000000180025095e-35
decision_type=2 2 2 2 2 2 2 2 2 2 2 2 2 2
left_child=1 2 -1 4 5 7 -6 8 -3 10 11 -9 -10 -14
right_child=-2 3 -4 -5 6 -7 -8 9 12 -11 -12 -13 13 -15
leaf_value=-0.10953708330369857 0.09305296012128754 0.00027938168856868377 0.090321356995156477 -0.08117949734376291 -0.054299338585835681 -0.088136592537945244 0.092197063245294072 -0.01636620750232063 -0.079039224538514904 0.084779178758941906 0.065485356222437827 0.14029209388068037 -0.045157361640384634 0.092859771786669681
leaf_weight=0.1969406008720388 0.3617926687002172 254.59649773821002 0.79360323495347984 0.37588762782979657 0.39784614020027109 1.103921473113586 0.79516329179750755 8.5814725728996493 3.0145675352541721 1.6956703060423031 2.478756649798016 0.28013946523424316 2.2869123211712581 0.68914335301087692
leaf_count=1 3 2034 56 124 34 30 55 212 121 226 235 10 200 176
internal_value=2.22939e-05 -9.90889e-05 0.0505854 -0.000280797 -0.000170588 -0.000359548 0.0433433 -5.4152e-06 -0.000792122 0.0157206 0.00539466 -0.0114138 -0.0463301 -0.0131977
internal_weight=277.648 277.287 0.990544 276.296 275.92 274.727 1.19301 273.623 260.587 13.036 11.3404 8.86161 5.99062 2.97606
internal_count=3517 3514 57 3457 3333 3244 89 3214 2531 683 457 222 497 376
is_linear=0
shrinkage=0.08


Tree=98
num_leaves=15
num_cat=0
split_feature=1 13 1 14 1 14 1 9 0 9 14 13 14 8
split_gain=0.385726 1.46148 1.86437 1.98346 1.77867 1.34185 0.543387 3.57612 1.74293 2.22002 3.87842 3.03528 1.60347 1.79642
threshold=5.5000000000000009 1.0000000180025095e-35 4.5000000000000009 1.0000000180025095e-35 4.5000000000000009 1.0000000180025095e-35 7.5000000000000009 1.0000000180025095e-35 1.5000000000000002 1.0000000180025095e-35 1.0000000180025095e-35 1.0000000180025095e-35 1.0000000180025095e-35 1.0000000180025095e-35
decision_type=2 2 2 2 2 2 2 2 2 2 2 2 2 2
left_child=1 2 3 -1 -3 -4 7 -2 9 10 -8 -12 13 -9
right_child=6 4 5 -5 -6 -7 8 12 -10 -11 11 -13 -14 -15
leaf_value=0.076309596496497031 0.030966989482688969 -0.096027808507577042 -0.046699370278925012 0.0028517656315488931 -0.014823574969108149 0.0053638461896028302 0.017263873284063355 -0.090621794162274782 0.0023283845553168903 -0.083737124178416431 -0.0062790206673893527 -0.10406421717036352 0.063060095624411241 0.0055143767429767319
leaf_weight=3.5243031902937219 17.642547316849235 2.3043817849829775 5.7653691994491965 7.0752464686520398 6.8816343981307 7.0332628688775003 12.272098001558337 3.4212569063529363 196.98239896887389 3.1050471835187627 4.1648729229345918 3.9662725629750639 0.84205484093399707 1.9547295123338697
leaf_count=39 221 30 101 55 69 73 97 193 2294 202 45 33 53 12
internal_value=2.19911e-05 -0.00815407 0.00246179 0.0272762 -0.0351943 -0.0180889 0.00111227 0.0125804 -0.000128765 -0.0207179 -0.0111274 -0.0539774 -0.0395882 -0.0556663
internal_weight=276.935 32.5842 23.3982 10.5995 9.18602 12.7986 244.351 23.8606 220.491 23.5083 20.4032 8.13115 6.21804 5.37599
internal_count=3517 367 268 94 99 174 3150 479 2671 377 175 78 258 205
is_linear=0
shrinkage=0.08


Tree=99
num_leaves=15
num_cat=0
split_feature=6 5 0 6 11 14 6 1 10 10 1 1 10 1
split_gain=0.388223 1.21232 0.773341 0.507513 1.38942 1.65521 1.36324 0.940993 1.37728 1.31805 0.911991 0.792742 0.990246 0.684912
threshold=1.4166500000000002 1.5000000000000002 1.5000000000000002 0.90000000000000013 1.0000000180025095e-35 1.0000000180025095e-35 0.36665000000000009 11.500000000000002 0.67500000000000016 1.0000000180025095e-35 13.500000000000002 9.5000000000000018 1.0000000180025095e-35 9.5000000000000018
decision_type=2 2 2 2 2 2 2 2 2 2 2 2 2 2
left_child=1 3 -2 6 5 7 -1 9 10 -5 -9 12 -6 -8
right_child=2 -3 -4 4 11 -7 13 8 -10 -11 -12 -13 -14 -15
leaf_value=0.00024908619274323129 -0.048818982142338201 -0.085462082395496991 0.090745680752865127 -0.12358223465164805 -0.092187665176040851 0.084109086182562395 -0.10922593244442458 -0.017163638281307736 -0.020858254538068458 0.080265806282049559 0.094491292027423165 0.095462949786001838 0.080445188335738965 -0.028250764350339873
leaf_weight=254.7279054512619 0.37380678800400235 1.0627624469343562 0.79344762157415971 0.90065545216202358 0.38711594790220205 1.3640460137685302 0.7718807490891767 0.71897813258692655 5.6477985275851097 0.26206952030770481 1.3421759638004003 1.8730642394366439 0.4718672800809145 4.9920925792685011
leaf_count=2172 35 35 59 13 6 195 26 9 96 87 19 175 95 495
internal_value=1.18113e-05 -0.000183944 0.0460509 0.000147477 0.015594 0.00206525 -0.00062148 -0.0105492 -0.000430611 -0.0776364 0.0555435 0.0662801 0.00264515 -0.0390945
internal_weight=275.69 274.522 1.16725 273.46 12.9678 10.2357 260.492 8.87168 7.70895 1.16272 2.06115 2.73205 0.858983 5.76397
internal_count=3517 3423 94 3388 695 419 2693 224 124 100 28 276 101 521
is_linear=0
shrinkage=0.08


Tree=100
num_leaves=15
num_cat=0
split_feature=12 1 8 14 13 1 0 11 1 1 1 0 1 1
split_gain=0.392312 1.04503 0.3644 1.12756 4.01601 3.06068 1.65201 1.81985 1.06479 2.08145 0.658408 0.9283 0.936046 1.19031
threshold=2.5000000000000004 8.5000000000000018 1.0000000180025095e-35 1.0000000180025095e-35 1.0000000180025095e-35 17.500000000000004 3.5000000000000004 1.0000000180025095e-35 8.5000000000000018 7.5000000000000009 23.500000000000004 3.5000000000000004 22.500000000000004 21.500000000000004
decision_type=2 2 2 2 2 2 2 2 2 2 2 2 2 2
left_child=2 -2 10 4 8 6 7 -5 9 -4 11 12 13 -1
right_child=1 -3 3 5 -6 -7 -8 -9 -10 -11 -12 -13 -14 -15
leaf_value=-0.00098106247835031204 -0.026755468043744776 0.082088900905836121 0.095271502975910458 -0.096579682903326469 -0.14065135816378693 -0.14267695449763515 -0.066291388290452752 0.084254039709421871 0.080915727852749433 -0.043336111227821619 -0.082715787669048177 0.075049975181685505 0.080876281280919532 -0.10241830113851132
leaf_weight=257.57910285660182 1.0273318737745278 1.2532038471399571 1.2114017307758314 0.4315014086896557 0.76542552094906557 0.98532360792160023 1.0704065635800364 2.0401275185868144 3.7506675012409687 1.6214881539344788 0.62778185671777365 1.0315869624027971 0.89077585970517148 0.74249606879311514
leaf_count=2855 6 334 9 6 6 6 6 63 127 9 29 24 17 20
internal_value=1.38992e-05 0.0330569 -0.000262384 0.0134423 0.03279 -0.0179635 0.0167294 0.0526838 0.0529548 0.0159353 -0.0008863 -0.000688904 -0.000990322 -0.00127262
internal_weight=275.029 2.28054 272.748 11.8763 7.34898 4.52736 3.54204 2.47163 6.58356 2.83289 260.872 260.244 259.212 258.322
internal_count=3517 340 3177 232 151 81 75 69 145 18 2945 2916 2892 2875
is_linear=0
shrinkage=0.08


Tree=101
num_leaves=15
num_cat=0
split_feature=8 9 6 5 0 6 6 11 14 1 10 5 1 10
split_gain=0.475733 0.378627 0.349368 1.30475 0.703867 0.447831 1.57457 1.26958 1.51389 0.906973 0.775165 1.25803 0.733127 1.42704
threshold=2.5000000000000004 0.7250000000000002 1.4166500000000002 1.5000000000000002 1.5000000000000002 0.90000000000000013 0.36665000000000009 1.0000000180025095e-35 1.0000000180025095e-35 18.500000000000004 1.0000000180025095e-35 1.0000000180025095e-35 11.500000000000002 0.67500000000000016
decision_type=2 2 2 2 2 2 2 2 2 2 2 2 2 2
left_child=1 2 3 5 -4 6 -1 8 9 12 -8 -12 -7 -14
right_child=-2 -3 4 -5 -6 7 10 -9 -10 -11 11 -13 13 -15
leaf_value=0.00012878095340905499 0.092675564297134486 0.080666079506103591 -0.045653882748486918 -0.094029105786987269 0.089977252538367428 -0.075351950532878673 -0.074803501046983106 0.06568123048680008 0.083655851738231937 0.13547751358635376 -0.041206690126658028 0.094470882784886551 0.053009239766622536 -0.026724327378690189
leaf_weight=253.88128617301118 0.35419946908950706 0.37098660791525517 0.36738585249986389 0.94902288110460986 0.73437045520404354 1.102707842830563 2.622062115580774 2.5031808126659589 1.2669052634737461 0.26607543474529016 2.1663190001854677 0.54802032612496976 1.9615096799097953 5.3682018308900297
leaf_count=2158 3 226 35 18 59 100 106 266 195 10 206 27 25 83
internal_value=2.09477e-05 -9.87796e-05 -0.000208237 -0.000389921 0.0447504 -6.2832e-05 -0.000775176 0.0147466 0.00195242 -0.0099474 -0.0437812 -0.0138136 -0.0145361 -0.00538677
internal_weight=274.462 274.108 273.737 272.635 1.10176 271.686 259.218 12.4686 9.9654 8.69849 5.3364 2.71434 8.43242 7.32971
internal_count=3517 3514 3288 3194 94 3176 2497 679 413 218 339 233 208 108
is_linear=0
shrinkage=0.08


Tree=102
num_leaves=15
num_cat=0
split_feature=12 1 8 14 13 13 1 1 1 1 0 1 1 0
split_gain=0.364338 0.928273 0.318506 1.02121 3.5368 2.69261 2.05483 1.03786 1.85685 0.59477 0.829949 0.87856 0.831843 1.09132
threshold=2.5000000000000004 8.5000000000000018 1.0000000180025095e-35 1.0000000180025095e-35 1.0000000180025095e-35 1.0000000180025095e-35 10.500000000000002 8.5000000000000018 7.5000000000000009 23.500000000000004 3.5000000000000004 19.500000000000004 22.500000000000004 2.5000000000000004
decision_type=2 2 2 2 2 2 2 2 2 2 2 2 2 2
left_child=2 -2 9 4 7 6 -5 8 -4 10 12 -12 13 -1
right_child=1 -3 3 5 -6 -7 -8 -9 -10 -11 11 -13 -14 -15
leaf_value=-0.00019249062692404192 -0.022950225442002731 0.082037584613490144 0.093881932207639296 0.084000756255161915 -0.13289782728014332 0.086036277044764214 -0.084279677145198767 0.080438845512208743 -0.038953855081708511 -0.081681633678364285 0.11916652875546141 -0.044579129597227561 0.07809065104084803 -0.028698235467692713
leaf_weight=248.82589657697827 1.0165074169635766 1.1473507590417282 1.1340138316154462 0.56199099530931595 0.74610787862911809 1.1817770339548586 2.674166651442647 3.4874980309978127 1.6583805978298187 0.58077515871263941 0.72063023410737403 0.29577954008709639 0.8500751225365083 8.9029917259758786
leaf_count=2708 6 334 9 15 6 36 30 127 9 29 7 17 17 167
internal_value=2.10985e-05 0.0327179 -0.00023938 0.0128228 0.031773 -0.0173145 -0.0550561 0.0513374 0.0149918 -0.000813922 -0.000633002 0.0715159 -0.000916602 -0.00117719
internal_weight=273.784 2.16386 271.62 11.4439 7.026 4.41793 3.23616 6.27989 2.79239 260.176 259.595 1.01641 258.579 257.729
internal_count=3517 340 3177 232 151 81 45 145 18 2945 2916 24 2892 2875
is_linear=0
shrinkage=0.08


Tree=103
num_leaves=15
num_cat=0
split_feature=7 4 1 0 8 0 1 1 0 1 1 1 14 9
split_gain=0.36066 0.875811 0.343351 0.673386 1.16412 0.840597 1.23899 0.91663 1.18594 1.10966 1.95932 2.30495 1.26761 3.36989
threshold=0.70835000000000015 1.0000000180025095e-35 15.500000000000002 3.5000000000000004 1.5000000000000002 2.5000000000000004 14.500000000000002 12.500000000000002 1.5000000000000002 10.500000000000002 9.5000000000000018 8.5000000000000018 1.0000000180025095e-35 1.0000000180025095e-35
decision_type=2 2 2 2 2 2 2 2 2 2 2 2 2 2
left_child=1 -1 3 4 5 7 -7 9 -9 10 11 -2 13 -12
right_child=2 -3 -4 -5 -6 6 -8 8 -10 -11 12 -13 -14 -15
leaf_value=-0.10576807139161062 0.0012861463785675956 0.089351771864360496 -0.0068793269290769957 -0.063716930767662161 0.081162754534116144 -0.066384531767182009 0.058043833236409742 -0.091874787355334345 0.010119177890550578 -0.012289378840730508 0.066375662184874534 -0.038517429114781988 0.033271427270343441 -0.026408410531376322
leaf_weight=0.18427346646785636 67.691958298673853 0.73232571739936247 41.101202804973582 1.0226666182279576 1.1634876765310753 2.4547893422131888 0.64719134202459816 0.73730293073458497 69.975177263171645 46.416341552627273 3.5002932583447537 10.79600909934379 18.019039679435082 8.8125913282274286
leaf_count=1 1025 56 743 6 87 33 35 14 675 396 24 173 172 77
internal_value=2.6897e-05 0.0501248 -0.000141716 0.00105586 0.0013436 0.000938147 -0.040424 0.001506 0.00905571 -0.00193301 0.00248442 -0.00418883 0.0197524 -3.18566e-05
internal_weight=273.255 0.916599 272.338 231.237 230.214 229.051 3.10198 225.949 70.7125 155.236 108.82 78.488 30.3319 12.3129
internal_count=3517 57 3460 2717 2711 2624 68 2556 689 1867 1471 1198 273 101
is_linear=0
shrinkage=0.08


Tree=104
num_leaves=15
num_cat=0
split_feature=1 1 1 1 0 1 4 0 5 11 8 1 13 1
split_gain=0.339178 1.18915 1.00515 0.976137 1.67223 0.808074 0.637806 0.504861 0.430301 0.42851 0.391863 0.349203 1.26187 1.67552
threshold=19.500000000000004 21.500000000000004 22.500000000000004 18.500000000000004 2.5000000000000004 23.500000000000004 1.0000000180025095e-35 3.5000000000000004 1.0000000180025095e-35 1.0000000180025095e-35 1.0000000180025095e-35 5.5000000000000009 1.0000000180025095e-35 4.5000000000000009
decision_type=2 2 2 2 2 2 2 2 2 2 2 2 2 2
left_child=3 7 -3 11 6 9 -5 -2 -6 -4 -7 12 -1 -14
right_child=1 2 5 4 8 10 -8 -9 -10 -11 -12 -13 13 -15
leaf_value=0.002192117983787341 0.080511018481904312 -0.095693307475917908 -0.039006086460117946 -0.11111320175838589 0.073154449809961927 -0.077461645786531391 0.043680444034835827 -0.062709284798938905 -0.065669253625839683 0.092613377901366575 0.083407774520592892 0.0012217801387754965 -0.094466818923218981 -0.013680650711760604
leaf_weight=23.231219665671233 1.8024050483800227 0.71063364410656538 0.19981249651755184 1.5485371188260608 0.66139800945529703 0.55164637340931222 0.19141615531407286 0.17260757254553016 0.18228018742229324 0.76211716097895987 0.11756246164441109 233.6069153498247 2.1626526801264827 6.8389142353553325
leaf_count=268 102 31 14 17 14 42 29 16 36 14 3 2832 30 69
internal_value=2.69245e-05 0.0222733 -0.016287 -0.000330842 -0.049267 0.0183078 -0.094084 0.0679942 0.043161 0.0652733 -0.0492011 0.000144757 -0.00766096 -0.0330898
internal_weight=272.74 4.31678 2.34177 268.423 2.58363 1.63114 1.73995 1.97501 0.843678 0.96193 0.669209 265.84 32.2328 9.00157
internal_count=3517 222 104 3295 96 73 46 118 50 28 45 3199 367 99
is_linear=0
shrinkage=0.08


Tree=105
num_leaves=15
num_cat=0
split_feature=9 11 2 1 10 14 1 13 1 1 1 1 9 13
split_gain=0.357725 0.355637 1.18548 0.850496 1.4226 0.707891 1.60805 2.49131 1.63918 1.50587 4.22763 1.95814 1.23015 2.39368
threshold=0.7250000000000002 1.0000000180025095e-35 1.0000000180025095e-35 9.5000000000000018 1.0000000180025095e-35 1.0000000180025095e-35 4.5000000000000009 1.0000000180025095e-35 6.5000000000000009 16.500000000000004 17.500000000000004 15.500000000000002 1.0000000180025095e-35 1.0000000180025095e-35
decision_type=2 2 2 2 2 2 2 2 2 2 2 2 2 2
left_child=1 2 3 4 -1 6 7 -3 -8 11 -11 12 -10 -14
right_child=-2 5 -4 -5 -6 -7 8 -9 9 10 -12 -13 13 -15
leaf_value=-0.081034155193466351 0.080649301200881374 0.074474380435990653 -0.091573151557902077 -0.0020564239668456434 0.079183720561107715 0.0061182751726481114 -0.028381429166837183 -0.091033421657335425 0.019676827556013323 -0.10565239389401336 0.020363101390374307 0.082210788357273593 0.0038261968243770866 -0.041139472017696334
leaf_weight=1.8993349795928218 0.35173262610623979 3.3510132802184662 0.99368273466825385 71.550161227729404 0.43612541636684898 106.60078119704849 16.63674567011185 0.70442172605544318 16.371694062952884 3.079256060300394 3.8145304904028308 1.9579831083538 34.761149108497193 9.6885692075011303
leaf_count=398 226 35 9 933 202 821 152 8 109 26 90 25 381 102
internal_value=2.28162e-05 -8.15039e-05 -0.00477447 -0.00360712 -0.051115 0.00170259 -0.00350644 0.045726 -0.00581971 -0.000432367 -0.0359244 0.003465 0.000929991 -0.00597483
internal_weight=272.197 271.845 74.8793 73.8856 2.33546 196.966 90.3654 4.05544 86.3099 69.6732 6.89379 62.7794 60.8214 44.4497
internal_count=3517 3291 1542 1533 600 1749 928 43 885 733 116 617 592 483
is_linear=0
shrinkage=0.08


Tree=106
num_leaves=15
num_cat=0
split_feature=7 4 11 0 2 1 10 2 14 1 13 9 8 13
split_gain=0.329756 0.797806 0.315133 0.757887 1.11239 0.824141 1.31149 0.7211 0.690263 1.4524 2.21801 1.90984 1.58809 3.0281
threshold=0.70835000000000015 1.0000000180025095e-35 1.0000000180025095e-35 2.5000000000000004 1.0000000180025095e-35 9.5000000000000018 1.0000000180025095e-35 1.0000000180025095e-35 1.0000000180025095e-35 4.5000000000000009 1.0000000180025095e-35 1.0000000180025095e-35 1.0000000180025095e-35 1.0000000180025095e-35
decision_type=2 2 2 2 2 2 2 2 2 2 2 2 2 2
left_child=1 -1 3 4 5 6 -2 8 9 10 11 -4 -11 -14
right_child=2 -3 7 -5 -6 -7 -8 -9 -10 12 -12 -13 13 -15
leaf_value=-0.10316247442987457 -0.080954993495662139 0.088751293638803547 0.094925689697809748 -0.06470327565887081 -0.090560432105283709 -0.00086018430618317056 0.078990597182561767 0.091487079628753423 0.0056407892187861986 -0.009192308091355959 -0.090081975560246677 -0.088139301764934536 0.050677319179613232 -0.12595597885821566
leaf_weight=0.17411312460899253 1.7549521085456938 0.68030913412803784 2.811653408454732 1.3179322017967923 0.92712298035621543 69.717793768562842 0.40354025323176745 0.56881475269619741 106.30005118763074 79.127597626065835 0.65685053449124087 0.41909065097570319 5.8319017393514505 0.69520948827266682
leaf_count=1 398 56 30 130 9 869 202 135 818 709 8 5 144 3
internal_value=2.23801e-05 0.0496433 -0.000134338 -0.004579 -0.00349059 -0.00236749 -0.0510524 0.00154298 0.00128174 -0.00389309 0.0439319 0.0711786 -0.00606372 0.0318639
internal_weight=271.387 0.854422 270.533 74.1213 72.8034 71.8763 2.15849 196.411 195.842 89.5423 3.88759 3.23074 85.6547 6.52711
internal_count=3517 57 3460 1608 1478 1469 600 1852 1717 899 43 35 856 147
is_linear=0
shrinkage=0.08


Tree=107
num_leaves=15
num_cat=0
split_feature=6 5 0 1 1 1 1 0 1 4 10 6 1 5
split_gain=0.328384 0.99583 0.620918 0.404172 1.26639 0.944689 0.803889 1.78255 0.674067 0.57931 0.479944 1.1905 1.33718 0.901562
threshold=1.4166500000000002 1.5000000000000002 1.5000000000000002 19.500000000000004 21.500000000000004 22.500000000000004 18.500000000000004 2.5000000000000004 23.500000000000004 1.0000000180025095e-35 0.67500000000000016 0.90000000000000013 13.500000000000002 1.0000000180025095e-35
decision_type=2 2 2 2 2 2 2 2 2 2 2 2 2 2
left_child=1 3 -2 6 -5 -6 10 9 -7 -8 11 13 -13 -1
right_child=2 -3 -4 4 5 8 7 -9 -10 -11 -12 12 -14 -15
leaf_value=0.00038808241271967624 -0.042839503149847642 -0.083534260559784052 0.089471906877322385 0.076814795259789292 -0.092671642060429008 0.064602509923282078 -0.10833556456774666 0.062154719484249644 -0.047152971568687606 0.040915935412837945 -0.020961298507827474 0.0084590494826156121 0.089253407613811661 -0.047459770098284601
leaf_weight=247.17460362642305 0.34071813465561607 0.91351486176426888 0.68010035800398327 1.7253392531420098 0.68612212865264188 0.8896273691934764 1.4760148497298353 0.68093525401491195 0.56466056895442307 0.1875916160061023 6.6992617309588232 3.7566993444925165 2.0137790136504918 2.5462540474254629
leaf_count=2100 35 35 59 109 30 28 17 48 40 29 470 343 49 125
internal_value=2.21986e-05 -0.000149463 0.0453104 0.000134341 0.025815 -0.0152949 -0.00024094 -0.0468774 0.0212109 -0.0915057 0.000176089 0.000730335 0.0366546 -9.97935e-05
internal_weight=270.335 269.314 1.02082 268.401 3.86575 2.14041 264.535 2.34454 1.45429 1.66361 262.191 255.491 5.77048 249.721
internal_count=3517 3423 94 3388 207 98 3181 94 68 46 3087 2617 392 2225
is_linear=0
shrinkage=0.08


Tree=108
num_leaves=15
num_cat=0
split_feature=1 9 13 1 1 14 14 1 14 9 1 0 6 9
split_gain=0.328769 0.930142 0.95745 1.60815 1.42045 2.53767 0.833301 0.533206 2.37103 3.51505 1.91495 1.82245 1.82004 2.03157
threshold=5.5000000000000009 1.0000000180025095e-35 1.0000000180025095e-35 4.5000000000000009 4.5000000000000009 1.0000000180025095e-35 1.0000000180025095e-35 10.500000000000002 1.0000000180025095e-35 1.0000000180025095e-35 11.500000000000002 1.5000000000000002 0.36665000000000009 1.0000000180025095e-35
decision_type=2 2 2 2 2 2 2 2 2 2 2 2 2 2
left_child=1 2 4 -4 5 -1 -6 8 9 -2 -9 -12 13 -10
right_child=7 -3 3 -5 6 -7 -8 10 12 -11 11 -13 -14 -15
leaf_value=0.093549350698439726 0.017110538788693466 -0.084278688684076411 -0.092915112314657017 -0.0093202572070921648 -0.03787047218600656 0.001444563005465172 0.0040132712237995428 -0.020274714087708805 0.0025262694145011537 -0.031630445815095561 -0.089139747407619194 0.0034369063060657569 -0.058826645067429462 0.040608217524201608
leaf_weight=2.6349068128038269 18.639613174367696 0.9825585373910134 1.8978395406156758 6.5763765929732472 5.4149296786636114 7.0020188963972032 6.9319361876696348 28.779611561534693 15.628687039017676 19.247808595711831 1.3751173955388356 131.84929375830689 1.7637396085192438 21.028817347600125
leaf_count=33 192 104 18 39 69 52 52 228 81 440 30 1775 180 224
internal_value=2.14534e-05 -0.00766773 -0.0051963 -0.0280417 0.00361004 0.0266276 -0.0143556 0.00103589 0.00654955 -0.00765117 -0.00156121 0.00248135 0.020553 0.0243722
internal_weight=269.753 31.4406 30.458 8.47422 21.9838 9.63693 12.3469 238.313 76.3087 37.8874 162.004 133.224 38.4212 36.6575
internal_count=3517 367 263 57 206 85 121 3150 1117 632 2033 1805 485 305
is_linear=0
shrinkage=0.08


Tree=109
num_leaves=15
num_cat=0
split_feature=12 1 0 9 1 1 1 14 13 1 12 6 1 12
split_gain=0.325459 0.853146 0.279703 5.29281 1.31895 0.92962 1.05753 2.83709 3.52524 1.67575 1.67216 1.30967 1.17581 1.01075
threshold=2.5000000000000004 8.5000000000000018 1.5000000000000002 1.0000000180025095e-35 11.500000000000002 6.5000000000000009 10.500000000000002 1.0000000180025095e-35 1.0000000180025095e-35 11.500000000000002 1.5000000000000002 0.36665000000000009 13.500000000000002 1.5000000000000002
decision_type=2 2 2 2 2 2 2 2 2 2 2 2 2 2
left_child=2 -2 3 4 -1 -4 7 10 11 -8 -7 -9 13 -11
right_child=1 -3 5 -5 -6 6 9 8 -10 12 -12 -13 -14 -15
leaf_value=0.0028736013340060441 -0.02154035709999599 0.0819087966956321 -0.057463262680540271 -0.082844754501415319 -0.089009222123981116 -0.10409555381517667 -0.019355552707598398 0.023165425515149909 0.10686299272730965 -0.000430665488818612 -0.0049616707526696311 -0.084145974728637121 -0.0037826038650231567 0.021160502799210747
leaf_weight=66.47093886800576 0.98897226154804174 1.053936078911647 1.7043685117969278 5.1241401483421205 1.0151297766715277 1.1892069787718327 26.286767081939615 16.793891317211099 3.4602203071117392 25.05320381646743 12.9186572728795 0.76083823412773099 74.941258238497539 31.1037447975541
leaf_count=645 6 334 17 526 14 15 176 125 30 149 85 56 997 342
internal_value=1.94963e-05 0.031829 -0.000224051 -0.00446016 0.00149149 0.0013597 0.00188049 0.0144321 0.0330615 -0.000920588 -0.0133181 0.0185145 0.00277584 0.0115281
internal_weight=268.865 2.04291 266.822 72.6102 67.4861 194.212 192.508 35.1228 21.0149 157.385 14.1079 17.5547 131.098 56.1569
internal_count=3517 340 3177 1185 659 1992 1975 311 211 1664 100 181 1488 491
is_linear=0
shrinkage=0.08


Tree=110
num_leaves=15
num_cat=0
split_feature=6 5 0 6 11 14 6 1 1 10 13 1 10 10
split_gain=0.331551 0.892513 0.510311 0.381016 1.20332 1.36768 1.05496 0.698782 0.667109 0.843275 0.609092 1.07313 1.48166 0.546339
threshold=1.4166500000000002 1.5000000000000002 1.5000000000000002 0.90000000000000013 1.0000000180025095e-35 1.0000000180025095e-35 0.36665000000000009 18.500000000000004 9.5000000000000018 1.0000000180025095e-35 1.0000000180025095e-35 12.500000000000002 0.67500000000000016 1.0000000180025095e-35
decision_type=2 2 2 2 2 2 2 2 2 2 2 2 2 2
left_child=1 3 -2 6 5 7 -1 10 9 -6 -5 -12 -13 -8
right_child=2 -3 -4 4 8 -7 13 -9 -10 -11 11 12 -14 -15
leaf_value=0.00018886260394482499 -0.036003854188378252 -0.081402463431508087 0.088703519311704962 0.0040435322233847385 -0.090786997675825681 0.083559049860147047 -0.064666984893050741 0.12155388272514721 0.096158379150685577 0.080404520777020871 -0.10932094243075133 0.096859313909149009 -0.049839497708448297 -0.011738190202634025
leaf_weight=248.95303297939245 0.31446862919255991 0.86244253897166245 0.63218536236672662 4.9452628577127999 0.3325301688164467 1.1480812742374844 2.3799430644139639 0.25247951410710889 1.5465211522750903 0.41272095788735896 1.003085316391662 0.60738095548003945 1.6049705056357195 2.624507726613956
leaf_count=2172 35 35 59 167 6 195 129 11 175 95 17 6 23 392
internal_value=1.6305e-05 -0.000151464 0.047277 0.000112161 0.0141319 0.00165251 -0.000542188 -0.00952463 0.066196 0.00401907 -0.01358 -0.0406846 -0.00956467 -0.0369093
internal_weight=267.62 266.673 0.946654 265.811 11.853 9.56126 253.957 8.41318 2.29177 0.745251 8.1607 3.21544 2.21235 5.00445
internal_count=3517 3423 94 3388 695 419 2693 224 276 101 213 46 29 521
is_linear=0
shrinkage=0.08


Tree=111
num_leaves=15
num_cat=0
split_feature=6 5 0 1 1 1 1 0 1 11 4 10 10 1
split_gain=0.29753 0.799688 0.469465 0.349173 1.09255 0.839834 0.729383 1.61671 0.631166 0.717731 0.479628 0.402362 1.14722 0.777262
threshold=1.4166500000000002 1.5000000000000002 1.5000000000000002 19.500000000000004 21.500000000000004 22.500000000000004 18.500000000000004 2.5000000000000004 33.500000000000007 1.0000000180025095e-35 1.0000000180025095e-35 0.67500000000000016 1.0000000180025095e-35 17.500000000000004
decision_type=2 2 2 2 2 2 2 2 2 2 2 2 2 2
left_child=1 3 -2 6 -5 -6 11 10 9 -7 -8 12 13 -1
right_child=2 -3 -4 4 5 8 7 -9 -10 -11 -12 -13 -14 -15
leaf_value=-0.00061202117275941162 -0.033456686222132943 -0.079096816626882435 0.088021934158028475 0.072994984006599789 -0.088670530555043078 -0.047452304736819065 -0.10554637189207539 0.059156229240922675 -0.088640738744002356 0.089569305293135365 0.035525022691040797 -0.019395012768071453 0.049992802379473206 0.029276581335268299
leaf_weight=244.11734885940677 0.3114685385953625 0.81840559866395679 0.58791559029486962 1.6505540906509844 0.66086194083618499 0.35575841233367078 1.3968871613033109 0.66118014375388146 0.27306934911757696 0.78345286194962682 0.17338904994539905 6.5699150817381442 2.9810994074214241 5.698457291815429
leaf_count=2188 35 35 59 109 30 35 17 48 4 29 29 470 383 46
internal_value=1.66188e-05 -0.000138614 0.0459523 0.000104938 0.02443 -0.0142355 -0.000241315 -0.0457835 0.0205956 0.0467795 -0.0899693 0.000150506 0.000658473 6.97568e-05
internal_weight=267.04 266.14 0.899384 265.322 3.7237 2.07314 261.598 2.23146 1.41228 1.13921 1.57028 259.367 252.797 249.816
internal_count=3517 3423 94 3388 207 98 3181 94 68 64 46 3087 2617 2234
is_linear=0
shrinkage=0.08


Tree=112
num_leaves=15
num_cat=0
split_feature=1 9 13 1 1 14 14 1 9 0 14 9 13 1
split_gain=0.287071 0.783144 0.824556 1.50164 1.23406 2.36224 0.714067 0.5706 2.44417 1.44407 2.05032 2.95721 2.68307 1.41857
threshold=5.5000000000000009 1.0000000180025095e-35 1.0000000180025095e-35 4.5000000000000009 4.5000000000000009 1.0000000180025095e-35 1.0000000180025095e-35 7.5000000000000009 1.0000000180025095e-35 1.5000000000000002 1.0000000180025095e-35 1.0000000180025095e-35 1.0000000180025095e-35 9.5000000000000018
decision_type=2 2 2 2 2 2 2 2 2 2 2 2 2 2
left_child=1 2 4 -4 5 -1 -6 8 -2 10 11 -9 13 -12
right_child=7 -3 3 -5 6 -7 -8 9 -10 -11 12 -13 -14 -15
leaf_value=0.092317964604467825 0.027531384828515221 -0.083584820366698356 -0.091629471860876957 -0.0088057089173772338 -0.035308223294386598 0.0011206384437378385 0.0034775291052649448 0.014361116324769092 -0.034901022910975563 0.0019396373761777416 -0.028137631096511323 -0.082816202162411034 -0.10244060977655359 0.1030252556245872
leaf_weight=2.4571049481164735 17.325140575470872 0.83641313473344681 1.7814290337264518 6.560257944278419 5.4228796274401248 6.9860997300129384 6.9075086582452059 12.087873073993251 5.2230695679318151 190.72650048645301 3.5354011774761593 2.4024939094670126 3.6678068765904754 0.62032359599834297
leaf_count=33 221 104 18 39 69 52 52 97 258 2294 54 170 33 23
internal_value=1.6004e-05 -0.00722732 -0.00510659 -0.0264933 0.00308689 0.02485 -0.0135804 0.000967634 0.0130695 -0.000313232 -0.0195695 -0.00175082 -0.0525723 -0.00855899
internal_weight=266.54 30.9517 30.1153 8.34169 21.7736 9.4432 12.3304 235.589 22.5482 213.04 22.3139 14.4904 7.82353 4.15572
internal_count=3517 367 263 57 206 85 121 3150 479 2671 377 267 110 77
is_linear=0
shrinkage=0.08


Tree=113
num_leaves=15
num_cat=0
split_feature=6 5 0 6 11 14 6 1 10 10 1 1 10 1
split_gain=0.283312 0.716975 0.407326 0.3542 1.10407 1.23016 0.998604 0.646589 0.991861 0.801547 0.90923 0.603624 0.747347 0.557392
threshold=1.4166500000000002 1.5000000000000002 1.5000000000000002 0.90000000000000013 1.0000000180025095e-35 1.0000000180025095e-35 0.36665000000000009 11.500000000000002 1.0000000180025095e-35 0.67500000000000016 13.500000000000002 9.5000000000000018 1.0000000180025095e-35 9.5000000000000018
decision_type=2 2 2 2 2 2 2 2 2 2 2 2 2 2
left_child=1 3 -2 6 5 7 -1 8 -5 10 -9 12 -6 -8
right_child=2 -3 -4 4 11 -7 13 9 -10 -11 -12 -13 -14 -15
leaf_value=0.00017170812352511092 -0.028942952849340245 -0.076775305251342837 0.087381159965058047 -0.11271306485161393 -0.089955225820711457 0.083171695273850085 -0.10442062677153245 -0.026850104439537149 0.08022952429727416 -0.015288687668484695 0.09122684074835298 0.095487375847697134 0.080366455109748908 -0.025643180960888544
leaf_weight=247.67094425007235 0.29782808595336874 0.77895510601228934 0.54556608770508319 0.7596413528080993 0.30111796781420652 1.0599128920875962 0.66600438478053448 0.67123361164703954 0.21987622522283345 5.480087202769937 1.1035729623399673 1.4345596515559007 0.36441355082206428 4.1987977515891544
leaf_count=2172 35 35 59 13 6 195 26 9 87 96 19 175 95 495
internal_value=1.04865e-05 -0.000137009 0.0463036 8.91791e-05 0.0138862 0.00204891 -0.000533342 -0.00839301 -0.0694025 -0.000155834 0.04657 0.0662742 0.00330486 -0.036428
internal_weight=265.553 264.709 0.843394 263.93 11.3944 9.29432 252.536 8.23441 0.979518 7.25489 1.77481 2.10009 0.665532 4.8648
internal_count=3517 3423 94 3388 695 419 2693 224 100 124 28 276 101 521
is_linear=0
shrinkage=0.08


Tree=114
num_leaves=15
num_cat=0
split_feature=9 1 7 0 8 0 8 13 14 1 0 10 1 13
split_gain=0.354088 0.331215 0.63841 0.593059 1.01517 0.695388 0.869434 1.20833 1.88502 0.663689 0.872839 0.789582 0.863159 1.81029
threshold=0.7250000000000002 15.500000000000002 0.70835000000000015 3.5000000000000004 1.5000000000000002 2.5000000000000004 1.0000000180025095e-35 1.0000000180025095e-35 1.0000000180025095e-35 12.500000000000002 1.5000000000000002 1.0000000180025095e-35 10.500000000000002 1.0000000180025095e-35
decision_type=2 2 2 2 2 2 2 2 2 2 2 2 2 2
left_child=1 3 -3 4 5 9 7 -7 -9 11 -11 12 -1 -14
right_child=-2 2 -4 -5 -6 6 -8 8 -10 10 -12 -13 13 -15
leaf_value=0.0017297337685775822 0.080752186872180567 0.088139185943503937 -0.0079001295004301631 -0.059577967004270149 0.081015314557057835 -0.11592502936927013 0.065034798339600186 -0.082398251555500096 0.092827220629940546 -0.088076051488588533 0.0088690456524378441 0.037300622452111243 -0.016803541149973084 0.038735822453555363
leaf_weight=102.6379223713011 0.34717167095368395 0.44801869225921009 39.365492530327174 1.0262958481907833 1.0196952642872918 1.1428945737716272 0.46701471880078305 0.93000866775400937 0.68036463024327531 0.59956588794011523 68.682698161050212 3.2942869169637552 40.254189313389361 4.1425241036340585
leaf_count=1111 226 36 544 6 87 19 22 12 7 14 676 460 254 43
internal_value=1.2123e-05 -9.37766e-05 -0.00681941 0.00109696 0.00137514 0.0010107 -0.0358952 -0.0530151 -0.00836746 0.00155187 0.00803009 -0.00143375 -0.00230158 -0.0116213
internal_weight=265.038 264.691 39.8135 224.877 223.851 222.831 3.22028 2.75327 1.61037 219.611 69.2823 150.329 147.035 44.3967
internal_count=3517 3291 580 2711 2705 2618 60 38 19 2558 690 1868 1408 297
is_linear=0
shrinkage=0.08


Tree=115
num_leaves=15
num_cat=0
split_feature=7 4 1 11 6 1 10 1 1 0 8 14 1 13
split_gain=0.270891 0.647445 0.308066 0.532695 1.16107 1.25827 0.882755 0.97572 0.632364 1.6195 1.42238 1.32629 3.13089 1.27204
threshold=0.70835000000000015 1.0000000180025095e-35 15.500000000000002 1.0000000180025095e-35 0.90000000000000013 16.500000000000004 0.67500000000000016 18.500000000000004 17.500000000000004 3.5000000000000004 1.0000000180025095e-35 1.0000000180025095e-35 16.500000000000004 1.0000000180025095e-35
decision_type=2 2 2 2 2 2 2 2 2 2 2 2 2 2
left_child=1 -1 -2 4 -4 -6 -7 -8 9 10 11 12 -5 -13
right_child=2 -3 3 8 5 6 7 -9 -10 -11 -12 13 -14 -15
leaf_value=-0.098372514002369724 0.0010288388011184839 0.087197293703146564 -0.042784127929374929 0.056504692247349858 0.13497165003310493 0.082334367838718892 -0.0624049832137646 0.11665067106364493 0.014978183463424924 0.11511558343583646 0.083898651472296151 0.0041314105641117498 -0.10002757618180752 -0.054466710699221078
leaf_weight=0.15188364684581657 224.09629138169112 0.57917448331136256 6.207040449997292 1.117119401256798 0.49964219942921806 0.5370170513633642 1.344531354436185 0.22776853144750919 9.9178594679178769 0.64647102441813231 0.91626667231321235 12.30085179209709 3.0520100403373362 2.9369752225466081
leaf_count=1 2717 56 299 31 17 11 25 12 202 6 21 59 39 21
internal_value=1.28815e-05 0.0486436 -0.000121887 -0.00661686 -0.0239617 0.0208192 -0.00622057 -0.0364664 -0.00166625 -0.00953842 -0.0135036 -0.0181023 -0.0580847 -0.00716293
internal_weight=264.531 0.731058 263.8 39.7036 8.816 2.60896 2.10932 1.5723 30.8876 20.9697 20.3232 19.407 4.16913 15.2378
internal_count=3517 57 3460 743 364 65 48 37 379 177 171 150 70 80
is_linear=0
shrinkage=0.08


Tree=116
num_leaves=15
num_cat=0
split_feature=1 9 13 1 1 14 14 1 9 8 13 10 0 14
split_gain=0.267925 0.714182 0.709519 1.40091 1.07276 2.20052 0.614936 0.456221 2.09183 1.402 2.02457 1.88861 1.30067 1.81012
threshold=5.5000000000000009 1.0000000180025095e-35 1.0000000180025095e-35 4.5000000000000009 4.5000000000000009 1.0000000180025095e-35 1.0000000180025095e-35 7.5000000000000009 1.0000000180025095e-35 1.0000000180025095e-35 1.0000000180025095e-35 1.0000000180025095e-35 1.5000000000000002 1.0000000180025095e-35
decision_type=2 2 2 2 2 2 2 2 2 2 2 2 2 2
left_child=1 2 4 -4 5 -1 -6 8 -2 11 -11 -10 13 -9
right_child=7 -3 3 -5 6 -7 -8 12 9 10 -12 -13 -14 -15
leaf_value=0.091206864667398482 0.025279183980149136 -0.08327330518964017 -0.090443856242340748 -0.0083804215623720559 -0.033068447595455484 0.00078083272595482508 0.0029511516203164934 -0.0018477186189600364 -0.088474125019023228 0.09275028143180214 -0.072229896960266798 0.095548787476584449 0.0019239214309726956 -0.050092387772096646
leaf_weight=2.287700474029414 17.123535390768669 0.7665787500445721 1.6712995134294013 6.5452464409172535 5.4231758224777877 6.9693608456291258 6.8838608879595995 14.283012896659786 2.8152075700927521 1.0941857963916843 0.84266111254692067 0.40874969959259022 189.33920538596431 7.6393225542269638
leaf_count=33 221 104 18 39 69 52 52 267 237 12 6 3 2294 110
internal_value=1.48131e-05 -0.00703079 -0.00506824 -0.0250727 0.00255402 0.0231278 -0.0129211 0.00093636 0.0118232 -0.0328237 0.0209726 -0.0651428 -0.000212008 -0.0186596
internal_weight=264.093 30.5472 29.7806 8.21655 21.5641 9.25706 12.307 233.546 22.2843 5.1608 1.93685 3.22396 211.262 21.9223
internal_count=3517 367 263 57 206 85 121 3150 479 258 18 240 2671 377
is_linear=0
shrinkage=0.08


Tree=117
num_leaves=15
num_cat=0
split_feature=6 5 0 1 1 1 1 0 1 11 4 12 10 10
split_gain=0.253966 0.645882 0.370736 0.290989 0.964161 0.756051 0.686834 1.47354 0.583697 0.638509 0.388112 0.37943 0.333974 0.943078
threshold=1.4166500000000002 1.5000000000000002 1.5000000000000002 19.500000000000004 21.500000000000004 22.500000000000004 18.500000000000004 2.5000000000000004 33.500000000000007 1.0000000180025095e-35 1.0000000180025095e-35 1.5000000000000002 0.67500000000000016 1.0000000180025095e-35
decision_type=2 2 2 2 2 2 2 2 2 2 2 2 2 2
left_child=1 3 -2 6 -5 -6 12 10 9 -7 -8 -9 13 -1
right_child=2 -3 -4 4 5 8 7 11 -10 -11 -12 -13 -14 -15
leaf_value=9.6296036902951304e-05 -0.027332069910645053 -0.074590123923903143 0.086637774037982423 0.06999808089286616 -0.086151023102269339 -0.046094093415558354 -0.10340874905897383 -0.058779701087128669 -0.088005763287261576 0.088682736539861903 0.030829810628038898 0.090149599045464393 -0.017817515147603914 0.047102445675053332
leaf_weight=246.89177339570597 0.28664486878551443 0.74332322578993526 0.50359052803833038 1.5531174622738029 0.63530758857086755 0.32674537500133716 1.322565030306577 0.14112085662782181 0.25614021020010103 0.72221305505809141 0.15388000363600429 0.48837476140761282 6.4526953545573624 2.7621690910309544
leaf_count=2234 35 35 59 109 30 35 17 5 4 29 29 43 470 383
internal_value=1.29095e-05 -0.000123441 0.0452971 8.80663e-05 0.023022 -0.0145781 -0.000222221 -0.0457225 0.0202628 0.0467004 -0.089418 0.0567625 0.000151924 0.000616372
internal_weight=263.24 262.449 0.790235 261.706 3.49352 1.94041 258.213 2.10594 1.3051 1.04896 1.47645 0.629496 256.107 249.654
internal_count=3517 3423 94 3388 207 98 3181 94 68 64 46 48 3087 2617
is_linear=0
shrinkage=0.08


Tree=118
num_leaves=15
num_cat=0
split_feature=7 4 1 0 8 0 1 1 0 1 1 1 8 1
split_gain=0.244463 0.591824 0.264496 0.503459 0.936848 0.62862 1.04848 0.554945 1.4569 1.24617 1.46784 2.19946 1.17227 0.616669
threshold=0.70835000000000015 1.0000000180025095e-35 15.500000000000002 3.5000000000000004 1.5000000000000002 2.5000000000000004 14.500000000000002 11.500000000000002 1.5000000000000002 10.500000000000002 9.5000000000000018 8.5000000000000018 1.0000000180025095e-35 5.5000000000000009
decision_type=2 2 2 2 2 2 2 2 2 2 2 2 2 2
left_child=1 -1 3 4 5 7 -7 9 -9 10 11 13 -13 -2
right_child=2 -3 -4 -5 -6 6 -8 8 -10 -11 -12 12 -14 -15
leaf_value=-0.096684891327748879 -0.0065778503461052639 0.086645617395218283 -0.0061855642533295589 -0.054851188977758647 0.08093355418048305 -0.060861683491155859 0.063246889688994307 -0.085945833342254585 0.0075258430841628147 -0.016723657605415384 0.017310334784178826 -0.04371581959373768 0.088250878200707691 0.0091532711683677877
leaf_weight=0.14278943836688895 30.208915718307253 0.5346977415465517 39.048680076157325 1.0299664735794056 0.93937565758824249 2.2516443792701462 0.54015591362258408 1.0807736156857561 85.014608130062697 28.479619375139009 29.37283283501165 9.9218106566986499 0.45035910978913385 33.78372176567791
leaf_count=1 367 56 743 6 87 33 35 26 837 222 273 167 6 658
internal_value=1.23937e-05 0.0480063 -0.000111652 0.000951576 0.00121042 0.000871712 -0.0368492 0.00135409 0.00635247 -0.00190069 0.00216874 -0.00381193 -0.0379858 0.0017271
internal_weight=262.8 0.677487 262.122 223.074 222.044 221.104 2.7918 218.313 86.0954 132.217 103.738 74.3648 10.3722 63.9926
internal_count=3517 57 3460 2717 2711 2624 68 2556 863 1693 1471 1198 173 1025
is_linear=0
shrinkage=0.08


Tree=119
num_leaves=15
num_cat=0
split_feature=8 7 4 1 1 12 14 8 0 10 6 0 1 13
split_gain=0.467198 0.224994 0.541287 0.229288 0.677034 1.35183 0.628314 0.611072 1.19875 0.556254 0.799942 0.716869 1.55966 1.2737
threshold=2.5000000000000004 0.70835000000000015 1.0000000180025095e-35 13.500000000000002 12.500000000000002 1.5000000000000002 1.0000000180025095e-35 1.5000000000000002 3.5000000000000004 1.0000000180025095e-35 0.36665000000000009 1.5000000000000002 8.5000000000000018 1.0000000180025095e-35
decision_type=2 2 2 2 2 2 2 2 2 2 2 2 2 2
left_child=1 2 -1 4 9 6 -6 -5 -9 10 -3 -11 -13 -14
right_child=-2 3 -4 7 5 -7 -8 8 -10 11 -12 12 13 -15
leaf_value=-0.095147238284425339 0.092445373556839613 -0.0010202227490716353 0.086121922734679515 -0.0032125148155391224 -0.058234076527096675 0.025003501717229093 -0.00083365050663531412 0.080686654969767235 -0.12329677907450041 0.08470726915514934 -0.041104095974066106 -0.10695592517991795 0.1046527010606394 -0.047787276951073626
leaf_weight=0.13385394215583701 0.34950142353773017 143.64821876122733 0.49646757009759312 71.472289444522175 1.3129643620923186 20.183452037774259 17.324455947964452 0.25249114958569308 0.68353915214538574 1.0849711371702135 3.2586742751009288 0.57960141671355825 0.93720262518036179 0.56063411355717108
leaf_count=1 3 1334 56 1151 21 255 86 30 3 321 117 7 99 33
internal_value=1.2503e-05 -0.000110834 0.0476279 -0.000225992 0.00124125 0.0106581 -0.00487738 -0.00405356 -0.0682729 -0.00119475 -0.00190936 0.0320018 0.00447561 0.047595
internal_weight=262.278 261.929 0.630322 261.298 188.89 38.8209 18.6374 72.4083 0.93603 150.069 146.907 3.16241 2.07744 1.49784
internal_count=3517 3514 57 3457 2273 362 107 1184 33 1911 1451 460 139 132
is_linear=0
shrinkage=0.08


Tree=120
num_leaves=15
num_cat=0
split_feature=9 2 6 5 0 6 6 11 14 1 10 10 1 1
split_gain=0.343497 0.249178 0.233713 0.788026 0.351012 0.276156 1.33077 1.0445 1.11816 0.624107 0.789465 0.65754 0.777803 0.540526
threshold=0.7250000000000002 1.0000000180025095e-35 1.4166500000000002 1.5000000000000002 1.5000000000000002 0.90000000000000013 0.36665000000000009 1.0000000180025095e-35 1.0000000180025095e-35 11.500000000000002 1.0000000180025095e-35 0.67500000000000016 13.500000000000002 9.5000000000000018
decision_type=2 2 2 2 2 2 2 2 2 2 2 2 2 2
left_child=1 2 3 5 -4 6 -1 8 9 10 -7 12 -11 -9
right_child=-2 -3 4 -5 -6 7 -8 13 -10 11 -12 -13 -14 -15
leaf_value=0.00040327725710598679 0.080814645659071441 -0.035822874492762294 -0.027565031679074346 -0.089155421097379395 0.086375630594102012 -0.10926233520527485 -0.04453821765690652 0.00034502534063011938 0.083077253128752762 -0.020831680861813272 0.0801880242423373 -0.014045084857658019 0.08971665187399222 0.095242181575363072
leaf_weight=243.65298990395968 0.33629395100433512 1.2430028915405262 0.27253351220860977 0.63361466891365026 0.47398615171550773 0.71056998101994029 4.2911244222341329 0.54381826403550881 0.95715782584738907 0.70181155996397115 0.17555341531988233 5.423995132179698 0.97074609296396375 1.3082764074788427
leaf_count=2149 226 12 35 18 59 13 339 101 195 9 87 92 17 165
internal_value=1.43973e-05 -8.95693e-05 8.11875e-05 -4.74623e-05 0.0447791 0.000170753 -0.000374517 0.0126983 0.0013701 -0.00842694 -0.0717296 -0.000522549 0.0433302 0.0673782
internal_weight=261.695 261.359 260.116 259.37 0.74652 258.736 247.944 10.7919 8.93983 7.98268 0.886123 7.09655 1.67256 1.85209
internal_count=3517 3291 3279 3185 94 3167 2488 679 413 218 100 118 26 266
is_linear=0
shrinkage=0.08


Tree=121
num_leaves=15
num_cat=0
split_feature=6 5 0 1 1 1 1 0 1 11 12 12 4 10
split_gain=0.209865 0.520109 0.32511 0.270418 0.859139 0.677241 0.61419 1.33613 0.530517 0.589429 0.350993 0.350311 0.332724 0.287485
threshold=1.4166500000000002 1.5000000000000002 1.5000000000000002 19.500000000000004 21.500000000000004 22.500000000000004 18.500000000000004 2.5000000000000004 33.500000000000007 1.0000000180025095e-35 1.5000000000000002 1.5000000000000002 1.0000000180025095e-35 0.67500000000000016
decision_type=2 2 2 2 2 2 2 2 2 2 2 2 2 2
left_child=1 3 -2 6 11 -6 13 12 9 -7 -9 -5 -8 -1
right_child=2 -3 -4 4 5 8 7 10 -10 -11 -12 -13 -14 -15
leaf_value=0.00055707870817152101 -0.025509728940692637 -0.071257852397771521 0.085876717693006657 -0.037505593239584745 -0.083195153666740573 -0.045634057244712055 -0.10100390520247138 -0.058253435909213849 -0.087267670852272022 0.088057044873242604 0.089424122548912147 0.082056870725484232 0.027858488428692825 -0.016711202969713498
leaf_weight=248.20941652075271 0.27099948190152545 0.65579797289683384 0.43998297122016083 0.17808637488633339 0.60566672966524482 0.30717685974377651 1.239985514897852 0.13298491202294815 0.23641597339883447 0.67452128038712544 0.45686646974354517 1.3142987401006392 0.14302821113960806 6.3274486032169071
leaf_count=2617 35 35 59 14 30 35 17 5 4 29 43 95 29 470
internal_value=1.55026e-05 -0.000102971 0.0434204 7.66234e-05 0.0227753 -0.0140595 -0.000216826 -0.0446816 0.020316 0.0462246 0.0561295 0.0677895 -0.0876772 0.000127812
internal_weight=261.193 260.482 0.710982 259.826 3.31617 1.82378 256.51 1.97287 1.21811 0.981698 0.589851 1.49239 1.38301 254.537
internal_count=3517 3423 94 3388 207 98 3181 94 68 64 48 109 46 3087
is_linear=0
shrinkage=0.08


Tree=122
num_leaves=15
num_cat=0
split_feature=6 14 6 11 2 10 5 7 1 11 13 1 1 1
split_gain=0.218269 0.936941 0.913691 0.583147 0.501231 0.576523 1.10175 0.504568 0.430724 1.24791 0.390437 0.686222 0.481127 1.5603
threshold=0.90000000000000013 1.0000000180025095e-35 0.36665000000000009 1.0000000180025095e-35 1.0000000180025095e-35 1.0000000180025095e-35 1.0000000180025095e-35 0.70835000000000015 9.5000000000000018 1.0000000180025095e-35 1.0000000180025095e-35 12.500000000000002 12.500000000000002 14.500000000000002
decision_type=2 2 2 2 2 2 2 2 2 2 2 2 2 2
left_child=2 3 -1 10 5 7 8 -4 -7 -10 12 -12 -2 -14
right_child=1 -3 4 -5 -6 6 -8 -9 9 -11 11 -13 13 -15
leaf_value=0.00016922041119109038 0.066250727359812939 0.080999956272552048 0.083033483287896143 0.039872338234410082 0.080488005900036352 -0.10379761388174759 0.093099661900483729 -0.084300047872317083 -0.080317077879790727 0.082261417322262442 -0.07996864225019111 -0.0030980447805742262 -0.11397372289867617 0.019108721934314895
leaf_weight=244.57531286642188 0.77325565571663357 1.0989610172400723 0.12295443937182415 2.2213146136746227 0.22381407942884823 0.53425194678129662 0.47763781409594219 1.8592762156622473 0.7919097351550588 0.48858201350958552 1.0713897660607474 2.4265454839332961 0.67302661747089576 3.4750380845216569
leaf_count=2172 112 265 4 290 182 6 27 108 174 26 27 38 30 56
internal_value=1.45306e-05 0.0106746 -0.000487907 0.00341136 -0.0362153 -0.0423258 -0.0150056 -0.0739206 -0.0434588 -0.0182839 -0.00620841 -0.0266429 0.00831584 -0.002484
internal_weight=260.813 11.7395 249.074 10.6406 4.49843 4.27461 2.29238 1.98223 1.81474 1.28049 8.41926 3.49794 4.92132 4.14806
internal_count=3517 818 2699 553 527 345 233 112 206 200 263 65 198 86
is_linear=0
shrinkage=0.08


Tree=123
num_leaves=15
num_cat=0
split_feature=1 9 13 1 1 14 14 1 1 8 1 1 0 1
split_gain=0.204721 0.66301 0.611968 1.32321 0.933531 2.03486 0.53915 0.373115 1.87207 1.36808 1.10099 1.02096 1.18381 0.747743
threshold=5.5000000000000009 1.0000000180025095e-35 1.0000000180025095e-35 4.5000000000000009 4.5000000000000009 1.0000000180025095e-35 1.0000000180025095e-35 8.5000000000000018 9.5000000000000018 1.0000000180025095e-35 10.500000000000002 11.500000000000002 1.5000000000000002 13.500000000000002
decision_type=2 2 2 2 2 2 2 2 2 2 2 2 2 2
left_child=1 2 4 -4 5 -1 -6 -2 9 -9 -10 -12 -13 -14
right_child=7 -3 3 -5 6 -7 -8 8 10 -11 11 12 13 -15
leaf_value=0.090305212436036342 0.0086197130267198514 -0.083011138153655378 -0.089473388275096086 -0.0073036408528829953 -0.030572755529962307 0.0011834177523880108 0.0031711683993928441 -0.040505125802303352 0.015544915034794693 0.086227888243695469 -0.015046181385180919 -0.084351217876316276 0.0094482655710845902 -0.0029321083351827029
leaf_weight=2.1424228980904516 33.575368830235675 0.70212358128628594 1.5537117882631699 6.5076131084933877 5.4091004431247711 6.9866100802319124 6.8910039030015469 9.8503322553588042 29.412726929993369 0.57708161696791727 28.407487831442268 1.0147351003834035 54.846429593264475 72.486569798686105
leaf_count=33 658 104 18 39 69 52 52 167 280 12 228 30 547 1228
internal_value=1.32086e-05 -0.00618058 -0.00435136 -0.0231408 0.00271693 0.0220987 -0.0116681 0.000825677 -0.00050542 -0.0334914 0.00134215 -0.00132278 0.00171465 0.00240052
internal_weight=260.363 30.1926 29.4905 8.06132 21.4291 9.12903 12.3001 230.171 196.595 10.4274 186.168 156.755 128.348 127.333
internal_count=3517 367 263 57 206 85 121 3150 2492 179 2313 2033 1805 1775
is_linear=0
shrinkage=0.08


Tree=124
num_leaves=15
num_cat=0
split_feature=7 4 11 1 10 2 2 0 14 1 10 1 13 13
split_gain=0.192729 0.490993 0.199957 0.684255 0.854007 0.641832 0.592433 0.979195 0.655862 4.71592 4.02161 1.28574 2.54446 0.775211
threshold=0.70835000000000015 1.0000000180025095e-35 1.0000000180025095e-35 9.5000000000000018 1.0000000180025095e-35 1.0000000180025095e-35 1.0000000180025095e-35 2.5000000000000004 1.0000000180025095e-35 11.500000000000002 0.67500000000000016 14.500000000000002 1.0000000180025095e-35 1.0000000180025095e-35
decision_type=2 2 2 2 2 2 2 2 2 2 2 2 2 2
left_child=1 -1 3 4 -2 -4 7 8 9 -5 -11 12 -10 -13
right_child=2 -3 5 6 -6 -7 -8 -9 11 10 -12 13 -14 -15
leaf_value=-0.093747658679324872 -0.080879382535900324 0.085486534303004652 0.0010290635289911712 -0.089687849486764573 0.078621133714896208 0.090126224845678476 -0.063525439782088897 -0.084351487005899242 -0.0032552360084515458 0.066905284524078942 -0.018244098812055642 -0.030116880536158831 0.13461794926341891 -0.12095059217472608
leaf_weight=0.12514051795005698 1.3455222066841077 0.4479958145020646 187.61587880077423 2.4440916107269031 0.25566287722904224 0.51888740514550491 1.0038778727030138 0.90349811810301517 44.088825054495828 8.289307401981203 6.2088439907238344 4.9106694159563622 0.87365049647632886 0.68522736884187896
leaf_count=1 398 56 1717 62 202 135 102 37 323 76 272 115 13 8
internal_value=1.2042e-05 0.0463519 -9.04458e-05 -0.00370758 -0.0554118 0.0012748 -0.00251481 -0.00161944 -0.000512067 0.0131103 0.03044 -0.00507697 -0.000576269 -0.0412396
internal_weight=259.717 0.573136 259.144 71.0092 1.60119 188.135 69.408 68.4041 67.5006 16.9422 14.4982 50.5584 44.9625 5.5959
internal_count=3517 57 3460 1608 600 1852 1008 906 869 410 348 459 336 123
is_linear=0
shrinkage=0.08


Tree=125
num_leaves=15
num_cat=0
split_feature=1 1 1 0 1 1 0 4 11 1 8 14 14 10
split_gain=0.205875 0.690273 0.611651 1.04707 0.598077 0.494958 0.332639 0.296591 0.266516 0.264655 1.61895 2.64213 2.064 0.528216
threshold=19.500000000000004 21.500000000000004 18.500000000000004 2.5000000000000004 22.500000000000004 23.500000000000004 3.5000000000000004 1.0000000180025095e-35 1.0000000180025095e-35 17.500000000000004 1.0000000180025095e-35 1.0000000180025095e-35 1.0000000180025095e-35 0.67500000000000016
decision_type=2 2 2 2 2 2 2 2 2 2 2 2 2 2
left_child=2 6 9 7 -3 8 -2 -4 -6 -1 11 13 -12 -11
right_child=1 4 3 -5 5 -7 -8 -9 -10 10 12 -13 -14 -15
leaf_value=-0.00030955501411682884 0.071688283190741664 -0.08050615035397099 -0.099045144144182834 0.040725997135895309 -0.035507342776258242 -0.044045519030666835 -0.065475969295975753 0.027390944642151163 0.088238653460643482 -0.0089301844098077596 0.083565104583054522 0.093126329791405976 -0.11396836546058838 -0.11173044313211287
leaf_weight=247.75582395923266 1.3565964669505768 0.57885651278775174 1.1631143395788957 0.61360300373780763 0.14028467188472837 0.46901705748314271 0.12345137867669098 0.13223971641855303 0.54077505152235972 1.4543561661266711 0.49011035263538327 2.6125050961563829 1.0946726202964783 0.41009335522539903
leaf_count=3106 102 31 17 50 14 45 16 29 14 15 12 26 6 34
internal_value=7.90109e-06 0.0201452 -0.000244791 -0.0453594 -0.0141842 0.019197 0.0602474 -0.0861376 0.0627495 9.45145e-05 0.0166097 0.0412078 -0.0528791 -0.0315415
internal_weight=258.935 3.20898 255.727 1.90896 1.72893 1.15008 1.48005 1.29535 0.68106 253.818 6.06174 4.47695 1.58478 1.86445
internal_count=3517 222 3295 96 104 73 118 46 28 3199 93 75 18 49
is_linear=0
shrinkage=0.08


Tree=126
num_leaves=15
num_cat=0
split_feature=6 6 14 11 2 10 5 7 1 1 10 1 11 1
split_gain=0.207886 0.860523 0.848521 0.481212 0.479506 0.515903 0.9554 0.428432 0.394223 0.415924 0.607191 0.387541 1.13954 0.360127
threshold=0.90000000000000013 0.36665000000000009 1.0000000180025095e-35 1.0000000180025095e-35 1.0000000180025095e-35 1.0000000180025095e-35 1.0000000180025095e-35 0.70835000000000015 17.500000000000004 9.5000000000000018 1.0000000180025095e-35 9.5000000000000018 1.0000000180025095e-35 20.500000000000004
decision_type=2 2 2 2 2 2 2 2 2 2 2 2 2 2
left_child=1 -1 3 13 5 7 11 -3 9 10 -5 -7 -13 -2
right_child=2 4 -4 8 -6 6 -8 -9 -10 -11 -12 12 -14 -15
leaf_value=0.00013672068537386395 -0.0077508093349193596 0.082615105061067895 0.080589136639479864 -0.087939131967238501 0.080480174319804448 -0.10164869996867254 0.091042994228043087 -0.083940386480003668 -0.056578010554687835 0.073007356938266585 0.080301817832154371 -0.080274506526608252 0.082076768243345505 0.09894644369990914
leaf_weight=243.09996868667076 8.0406635069812111 0.10491110011935223 1.0094273060531129 0.29338120296597603 0.21201112405833544 0.5070042627048682 0.4251406273106112 1.7087668843159911 0.25367513492892602 1.3776539358004809 0.25804664718452841 0.720273725048173 0.44928921059181448 0.20768461708212349
leaf_count=2172 259 4 265 6 182 6 27 108 39 161 84 174 26 4
internal_value=9.60212e-06 -0.00047827 0.0105524 0.0037749 -0.0367007 -0.0430458 -0.0160696 -0.0743061 0.037177 0.0495058 -0.00920895 -0.043231 -0.017907 -0.00506429
internal_weight=258.668 247.227 11.4405 10.4311 4.1274 3.91539 2.10171 1.81368 2.18276 1.92908 0.551428 1.67657 1.16956 8.24835
internal_count=3517 2699 818 553 527 345 233 112 290 251 90 206 200 263
is_linear=0
shrinkage=0.08


Tree=127
num_leaves=15
num_cat=0
split_feature=1 13 1 9 8 13 1 1 14 14 1 14 9 0
split_gain=0.187638 0.722611 0.246948 0.562611 0.419328 0.35246 1.09985 0.56527 1.44623 0.461297 0.342715 1.70071 2.31511 1.5211
threshold=3.5000000000000004 1.0000000180025095e-35 5.5000000000000009 1.0000000180025095e-35 2.5000000000000004 1.0000000180025095e-35 4.5000000000000009 4.5000000000000009 1.0000000180025095e-35 1.0000000180025095e-35 10.500000000000002 1.0000000180025095e-35 1.0000000180025095e-35 1.5000000000000002
decision_type=2 2 2 2 2 2 2 2 2 2 2 2 2 2
left_child=1 -1 3 5 10 7 -7 8 -2 -9 11 12 -4 -14
right_child=2 -3 4 -5 -6 6 -8 9 -10 -11 -12 -13 13 -15
leaf_value=0.085516659360400191 0.089397999283918492 -0.084171427117418735 0.012927675054964487 -0.082849626393382142 0.091357183393638783 -0.089207734407285216 -0.0068394297796269647 -0.028391072720707095 0.0010004803662357266 0.0028342513776068641 -0.0014835176113213125 0.017292180666983008 -0.082162959521278264 -0.017617694656829119
leaf_weight=0.58113043277989973 1.4267190664541045 0.22195858391933143 18.223456745850854 0.61363517685094748 0.32658514380454917 1.2349169170483936 6.4904212399851531 5.4107439760118723 6.9771363005274907 6.8756583062931895 155.14671968543189 36.726173455885146 2.7624822469661021 15.161760286326171
leaf_count=8 26 9 192 98 3 14 39 69 52 52 2030 485 321 119
internal_value=8.7645e-06 0.0386181 -0.000111708 -0.00706176 0.000771836 -0.00542512 -0.0200062 1.91799e-05 0.0160077 -0.0109169 0.000642094 0.00516747 -0.00715127 -0.0275654
internal_weight=258.179 0.803089 257.376 29.0292 228.347 28.4156 7.72534 20.6903 8.40386 12.2864 228.021 72.8739 36.1477 17.9242
internal_count=3517 17 3500 350 3150 252 53 199 78 121 3147 1117 632 440
is_linear=0
shrinkage=0.08


Tree=128
num_leaves=15
num_cat=0
split_feature=6 6 14 11 2 10 5 7 6 1 11 13 1 10
split_gain=0.193477 0.801547 0.778424 0.452124 0.443289 0.472865 0.879357 0.394769 0.374902 0.349521 1.04755 0.349389 0.532686 0.509317
threshold=0.90000000000000013 0.36665000000000009 1.0000000180025095e-35 1.0000000180025095e-35 1.0000000180025095e-35 1.0000000180025095e-35 1.0000000180025095e-35 0.70835000000000015 1.1666500000000002 9.5000000000000018 1.0000000180025095e-35 1.0000000180025095e-35 11.500000000000002 0.67500000000000016
decision_type=2 2 2 2 2 2 2 2 2 2 2 2 2 2
left_child=1 -1 3 11 5 7 9 -3 -5 -7 -11 -2 -13 -14
right_child=2 4 -4 8 -6 6 -8 -9 -10 10 -12 12 13 -15
leaf_value=0.00011219316456942035 0.0092267769194925454 0.082412532956848569 0.079965805627030345 0.05336673545347137 0.080443872871573494 -0.099900938664738134 0.090144838420326195 -0.083658014952651863 -0.035551019218444661 -0.080226557858704625 0.081908336758597905 -0.097828000592772413 0.047209155695713302 -0.030432035294662173
leaf_weight=242.46956489775039 4.8682427869352924 0.097213260829448589 0.93988533045922018 1.691700975472487 0.19608468465230533 0.48245465738000337 0.39626185387896828 1.5890742481424238 0.36981393267342344 0.6642948164953848 0.41396927888854407 0.53100955125410143 0.72722247987985644 2.1086219103599433
leaf_count=2172 198 4 265 256 182 6 27 108 34 174 26 20 10 35
internal_value=6.25615e-06 -0.000462075 0.0102723 0.00391059 -0.0367293 -0.0430357 -0.0162818 -0.0740842 0.0374158 -0.0433033 -0.0179794 -0.00447688 -0.0242914 -0.0105218
internal_weight=257.545 246.309 11.2365 10.2966 3.83935 3.64327 1.95698 1.68629 2.06151 1.56072 1.07826 8.2351 3.36685 2.83584
internal_count=3517 2699 818 553 527 345 233 112 290 206 200 263 65 45
is_linear=0
shrinkage=0.08


end of trees

feature_importances:
Column_1=457
Column_10=215
Column_0=193
Column_6=154
Column_14=122
Column_9=121
Column_11=96
Column_8=94
Column_13=93
Column_15=53
Column_7=52
Column_5=51
Column_2=47
Column_4=43
Column_12=15

parameters:
[boosting: gbdt]
[objective: binary]
[metric: binary_logloss]
[tree_learner: serial]
[device_type: cpu]
[data_sample_strategy: bagging]
[data: ]
[valid: ]
[num_iterations: 150]
[learning_rate: 0.08]
[num_leaves: 15]
[num_threads: 0]
[seed: 0]
[deterministic: 0]
[force_col_wise: 0]
[force_row_wise: 0]
[histogram_pool_size: -1]
[max_depth: -1]
[min_data_in_leaf: 5]
[min_sum_hessian_in_leaf: 0.001]
[bagging_fraction: 1]
[pos_bagging_fraction: 1]
[neg_bagging_fraction: 1]
[bagging_freq: 0]
[bagging_seed: 3]
[bagging_by_query: 0]
[feature_fraction: 1]
[feature_fraction_bynode: 1]
[feature_fraction_seed: 2]
[extra_trees: 0]
[extra_seed: 6]
[early_stopping_round: 0]
[early_stopping_min_delta: 0]
[first_metric_only: 0]
[max_delta_step: 0]
[lambda_l1: 0]
[lambda_l2: 0]
[linear_lambda: 0]
[min_gain_to_split: 0]
[drop_rate: 0.1]
[max_drop: 50]
[skip_drop: 0.5]
[xgboost_dart_mode: 0]
[uniform_drop: 0]
[drop_seed: 4]
[top_rate: 0.2]
[other_rate: 0.1]
[min_data_per_group: 100]
[max_cat_threshold: 32]
[cat_l2: 10]
[cat_smooth: 10]
[max_cat_to_onehot: 4]
[top_k: 20]
[monotone_constraints: ]
[monotone_constraints_method: basic]
[monotone_penalty: 0]
[feature_contri: ]
[forcedsplits_filename: ]
[refit_decay_rate: 0.9]
[cegb_tradeoff: 1]
[cegb_penalty_split: 0]
[cegb_penalty_feature_lazy: ]
[cegb_penalty_feature_coupled: ]
[path_smooth: 0]
[interaction_constraints: ]
[verbosity: -1]
[saved_feature_importance_type: 0]
[use_quantized_grad: 0]
[num_grad_quant_bins: 4]
[quant_train_renew_leaf: 0]
[stochastic_rounding: 1]
[linear_tree: 0]
[max_bin: 255]
[max_bin_by_feature: ]
[min_data_in_bin: 3]
[bin_construct_sample_cnt: 200000]
[data_random_seed: 1]
[is_enable_sparse: 1]
[enable_bundle: 1]
[use_missing: 1]
[zero_as_missing: 0]
[feature_pre_filter: 0]
[pre_partition: 0]
[two_round: 0]
[header: 0]
[label_column: ]
[weight_column: ]
[group_column: ]
[ignore_column: ]
[categorical_feature: ]
[forcedbins_filename: ]
[precise_float_parser: 0]
[parser_config_file: ]
[objective_seed: 5]
[num_class: 1]
[is_unbalance: 0]
[scale_pos_weight: 1]
[sigmoid: 1]
[boost_from_average: 1]
[reg_sqrt: 0]
[alpha: 0.9]
[fair_c: 1]
[poisson_max_delta_step: 0.7]
[tweedie_variance_power: 1.5]
[lambdarank_truncation_level: 30]
[lambdarank_norm: 1]
[label_gain: ]
[lambdarank_position_bias_regularization: 0]
[eval_at: ]
[multi_error_top_k: 1]
[auc_mu_weights: ]
[num_machines: 1]
[local_listen_port: 12400]
[time_out: 120]
[machine_list_filename: ]
[machines: ]
[gpu_platform_id: -1]
[gpu_device_id: -1]
[gpu_device_id_list: ]
[gpu_use_dp: 0]
[num_gpu: 1]

end of parameters

pandas_categorical:null
