tree
version=v4
num_class=1
num_tree_per_iteration=1
label_index=0
max_feature_idx=21
objective=binary sigmoid:1
feature_names=Column_0 Column_1 Column_2 Column_3 Column_4 Column_5 Column_6 Column_7 Column_8 Column_9 Column_10 Column_11 Column_12 Column_13 Column_14 Column_15 Column_16 Column_17 Column_18 Column_19 Column_20 Column_21
feature_infos=[1:7] [3:54] [0:1] [0:1] [0:3] [0:4] [0:2] [0.40000000000000002:1] [0:2] [0:0.90000000000000002] [0:0.84999999999999998] [0:0.5] [1:3] [0:1] [0:1] [0:1] [0:1] [0:1] [0:1] [0:1] [0:1] [0:1]
tree_sizes=1717 1733 1738 1739 1743 1734 1742 1753 1745 1751 1757 1748 1759 1752 1757 1749 1760 1764 1762 1755 1760 1750 1755 1759 1755 1761 1760 1751 1743 1753 1756 1750 1765 1758 1752 1753 1761 1756 1748 1742 1755 1759 1762 1738 1760 1749 1760 1764 1744 1750 1749 1770 1745 1748 1750 1738 1748 1742 1748 1749 1754 1742 1740 1747 1753 1754 1747 1756 1750 1739 1750 1733 1749 1747 1737 1748 1757 1762 1750 1744 1755 1745 1750 1741 1741 1750 1746 1749 1741 1743 1732 1747 1744 1748 1746 1750 1757 1758 1754 1759 1754 1726 1748 1758 1767 1742

Tree=0
num_leaves=15
num_cat=0
split_feature=11 6 16 17 21 19 19 20 8 0 12 10 19 18
split_gain=798.598 663.642 429.012 292.45 254.574 140.71 122.438 172.563 212.498 70.3898 62.8544 57.1295 53.8355 236.355
threshold=1.0000000180025095e-35 0.58335000000000015 1.0000000180025095e-35 1.0000000180025095e-35 1.0000000180025095e-35 0.41665000000000002 0.41665000000000002 1.0000000180025095e-35 1.0000000180025095e-35 1.5000000000000002 1.5000000000000002 0.68500000000000016 0.41665000000000002 1.0000000180025095e-35
decision_type=2 2 2 2 2 2 2 2 2 2 2 2 2 2
left_child=1 2 12 5 6 -3 10 8 -8 -6 -2 -7 13 -1
right_child=4 3 -4 -5 9 11 7 -9 -10 -11 -12 -13 -14 -15
leaf_value=0.053435302535752904 0.22227116640117434 0.32122773307019159 0.33587977675897274 0.012992147321019443 0.015596079816486835 0.059118951526441366 0.067696249829102453 0.32523512963464457 0.32120306632997486 0.24657043244634733 0.33011964065403399 0.33587977675897274 0.015155548523283796 0.33587977675897274
leaf_weight=243.30445900559425 40.137802809476852 147.41970784962177 37.660160660743713 28.245120495557785 30.722762644290924 20.812194049358371 59.958939999341965 67.639630660414696 32.704876363277435 11.644918099045752 249.99409280717373 6.1941053718328467 147.9152362793684 20.564429834485054
leaf_count=982 162 595 152 114 124 84 242 273 132 47 1009 25 597 83
internal_value=0.189703 0.131621 0.0774273 0.251803 0.266562 0.290474 0.284196 0.228084 0.157169 0.0790803 0.3152 0.122596 0.0537902 0.0754474
internal_weight=1144.92 652.115 449.444 202.671 492.803 174.426 450.435 160.303 92.6638 42.3677 290.132 27.0063 411.784 263.869
internal_count=4621 2632 1814 818 1989 704 1818 647 374 171 1171 109 1662 1065
is_linear=0
shrinkage=1


Tree=1
num_leaves=15
num_cat=0
split_feature=11 6 16 17 21 19 19 20 8 0 12 10 19 18
split_gain=680.403 559.204 361.822 248.638 217.72 121.519 106.687 148.757 180.244 58.8061 55.4538 48.3639 44.6081 199.125
threshold=1.0000000180025095e-35 0.58335000000000015 1.0000000180025095e-35 1.0000000180025095e-35 1.0000000180025095e-35 0.41665000000000002 0.41665000000000002 1.0000000180025095e-35 1.0000000180025095e-35 1.5000000000000002 1.5000000000000002 0.68500000000000016 0.41665000000000002 1.0000000180025095e-35
decision_type=2 2 2 2 2 2 2 2 2 2 2 2 2 2
left_child=1 2 12 5 6 -3 10 8 -8 -6 -2 -7 13 -1
right_child=4 3 -4 -5 9 11 7 -9 -10 -11 -12 -13 -14 -15
leaf_value=-0.12428101804481313 0.030066881988326587 0.12312181041014354 0.13717671383292326 -0.16104614857871496 -0.1586766558998238 -0.11911788031417453 -0.11132620238404237 0.12695771380687235 0.12309822205079718 0.052655342170974083 0.13164144934364977 0.13717671383292326 -0.15907750256357844 0.13717671383292326
leaf_weight=245.32484370470047 40.003869920969009 144.97776381671429 36.948090553283691 28.498797297477722 30.998115301132202 20.981661379337314 60.430738002061844 66.476511374115944 32.163260042667389 11.573203191161154 245.50044102966785 6.0769885778427115 149.24143315851688 20.175602078437805
leaf_count=982 162 595 152 114 124 84 242 273 132 47 1009 25 597 83
internal_value=7.32499e-05 -0.053355 -0.102712 0.0578184 0.0716068 0.0940746 0.0881567 0.0356535 -0.029897 -0.101225 0.117409 -0.0615578 -0.124083 -0.104413
internal_weight=1139.37 652.225 451.69 200.535 487.146 172.036 444.575 159.071 92.594 42.5713 285.504 27.0586 414.742 265.5
internal_count=4621 2632 1814 818 1989 704 1818 647 374 171 1171 109 1662 1065
is_linear=0
shrinkage=0.08


Tree=2
num_leaves=15
num_cat=0
split_feature=11 6 16 17 21 19 19 20 8 0 12 20 10 19
split_gain=584.914 476.491 308.679 213.731 187.77 105.69 93.5792 129.227 154.071 50.0188 49.8533 43.1633 41.3207 38.4077
threshold=1.0000000180025095e-35 0.58335000000000015 1.0000000180025095e-35 1.0000000180025095e-35 1.0000000180025095e-35 0.41665000000000002 0.41665000000000002 1.0000000180025095e-35 1.0000000180025095e-35 1.5000000000000002 1.5000000000000002 1.0000000180025095e-35 0.68500000000000016 0.41665000000000002
decision_type=2 2 2 2 2 2 2 2 2 2 2 2 2 2
left_child=1 2 13 5 6 11 10 8 -8 -6 -2 -3 -7 -1
right_child=4 3 -4 -5 9 12 7 -9 -10 -11 -12 -13 -14 -15
leaf_value=-0.096291084102541474 0.027764120599497431 0.12428592616459544 0.12984758703304716 -0.14899076401872463 -0.14674086811946691 -0.10958580177376406 -0.10234397000409221 0.11980052857652929 0.11602659948557351 0.048804672843996637 0.12439546259769016 -0.12074370280881909 0.12984758703304716 -0.14712125460903427
leaf_weight=264.82330331206322 39.862077087163925 136.88140548765659 35.950916528701782 28.344389319419861 30.841881155967712 20.98111188411713 60.471216261386871 64.876633509993553 31.423540055751801 11.490863204002379 239.26740378141403 4.7610923647880545 5.912979692220687 148.47978490591049
leaf_count=1065 162 575 152 114 124 84 242 273 132 47 1009 20 25 597
internal_value=0.000125815 -0.0495151 -0.0949942 0.0542615 0.067195 0.0884444 0.0828167 0.0333566 -0.0276718 -0.0936617 0.110596 0.11605 -0.0569436 -0.114552
internal_weight=1124.37 646.135 449.254 196.881 478.234 168.537 435.901 156.771 91.8948 42.3327 279.129 141.642 26.8941 413.303
internal_count=4621 2632 1814 818 1989 704 1818 647 374 171 1171 595 109 1662
is_linear=0
shrinkage=0.08


Tree=3
num_leaves=15
num_cat=0
split_feature=11 6 16 17 21 19 19 20 8 12 0 20 10 19
split_gain=505.851 408.317 264.901 185.359 163.006 92.5146 82.5259 112.961 132.501 45.4887 43.1362 37.675 35.5604 34.8128
threshold=1.0000000180025095e-35 0.58335000000000015 1.0000000180025095e-35 1.0000000180025095e-35 1.0000000180025095e-35 0.41665000000000002 0.41665000000000002 1.0000000180025095e-35 1.0000000180025095e-35 1.5000000000000002 1.5000000000000002 1.0000000180025095e-35 0.68500000000000016 0.41665000000000002
decision_type=2 2 2 2 2 2 2 2 2 2 2 2 2 2
left_child=1 2 13 5 6 11 9 8 -8 -2 -6 -3 -7 -1
right_child=4 3 -4 -5 10 12 7 -9 -10 -11 -12 -13 -14 -15
leaf_value=-0.088934954443574452 0.025641026333691318 0.11807099249991476 0.12377761598316919 -0.13944086533048217 -0.13723655631970308 -0.10147747289849715 -0.094630222206066303 0.11371582142234467 0.10996440750298236 0.11830378812858061 0.045268173825439302 -0.10845543606729641 0.12377761598316919 -0.13760889414999641
leaf_weight=263.82416285574436 39.71589320898056 132.72844888269901 34.745729327201843 27.880451917648315 30.358032763004303 20.849736213684086 60.178853243589401 62.958429247140884 30.539518475532532 231.76594591140747 11.401256337761877 4.8713502287864676 5.7147581130266181 146.13349337875843
leaf_count=1065 162 575 152 114 124 84 242 273 132 1009 47 20 25 597
internal_value=0.000167773 -0.046211 -0.0883099 0.0512743 0.0634157 0.083664 0.0782297 0.0313833 -0.0257553 0.104748 -0.0874085 0.110051 -0.0530189 -0.106285
internal_weight=1103.67 636.748 444.703 192.045 466.918 164.164 425.159 153.677 90.7184 271.482 41.7593 137.6 26.5645 409.958
internal_count=4621 2632 1814 818 1989 704 1818 647 374 1171 171 595 109 1662
is_linear=0
shrinkage=0.08


Tree=4
num_leaves=15
num_cat=0
split_feature=11 6 16 17 21 19 19 20 8 12 0 20 19 18
split_gain=439.804 351.972 228.759 161.912 142.247 81.4417 73.1032 99.2441 114.501 41.9975 37.6114 33.1161 32.415 170.392
threshold=1.0000000180025095e-35 0.58335000000000015 1.0000000180025095e-35 1.0000000180025095e-35 1.0000000180025095e-35 0.41665000000000002 0.41665000000000002 1.0000000180025095e-35 1.0000000180025095e-35 1.5000000000000002 1.5000000000000002 1.0000000180025095e-35 0.41665000000000002 1.0000000180025095e-35
decision_type=2 2 2 2 2 2 2 2 2 2 2 2 2 2
left_child=1 2 12 5 6 11 9 8 -8 -2 -6 -3 13 -1
right_child=4 3 -4 -5 10 -7 7 -9 -10 -11 -12 -13 -14 -15
leaf_value=-0.10118478695892014 0.02368164376311448 0.1127614674778027 0.11868086008899977 -0.1317043041903104 -0.1294939460290753 -0.049615815538785572 -0.087888921647310408 0.10845974222972771 0.10468338663729157 0.11310337145509694 0.042008393974894406 -0.098274496548022325 -0.12986685951115354 0.13999110528325365
leaf_weight=241.51905006170273 39.568079888820648 128.05121466517448 33.393991351127625 27.184515237808228 29.628445506095886 26.111365988850594 59.632788002490997 60.81651659309864 29.554216504096985 223.37191914021969 11.307078957557676 4.9425813555717459 142.59872384369373 20.326099172234535
leaf_count=982 162 575 152 114 124 109 242 273 132 1009 47 20 597 83
internal_value=0.000202056 -0.0433734 -0.0825607 0.0487287 0.0601225 0.0795573 0.0742234 0.0296588 -0.0240755 0.0996469 -0.0821221 0.104919 -0.0991768 -0.0824632
internal_weight=1078.01 624.128 437.838 186.29 453.879 159.105 412.944 150.004 89.187 262.94 40.9355 132.994 404.444 261.845
internal_count=4621 2632 1814 818 1989 704 1818 647 374 1171 171 595 1662 1065
is_linear=0
shrinkage=0.08


Tree=5
num_leaves=15
num_cat=0
split_feature=11 6 16 17 21 19 19 20 8 12 0 10 19 18
split_gain=384.298 305.819 199.169 141.98 124.647 72.3115 64.996 87.5561 99.3282 39.1375 33.0894 30.756 30.1352 147.036
threshold=1.0000000180025095e-35 0.58335000000000015 1.0000000180025095e-35 1.0000000180025095e-35 1.0000000180025095e-35 0.41665000000000002 0.41665000000000002 1.0000000180025095e-35 1.0000000180025095e-35 1.5000000000000002 1.5000000000000002 0.68500000000000016 0.41665000000000002 1.0000000180025095e-35
decision_type=2 2 2 2 2 2 2 2 2 2 2 2 2 2
left_child=1 2 12 5 6 -3 9 8 -8 -2 -6 -7 13 -1
right_child=4 3 -4 -5 10 11 7 -9 -10 -11 -12 -13 -14 -15
leaf_value=-0.09459338678245427 0.021872013938494632 0.10046188067045929 0.11435213465001258 -0.12532399686073309 -0.12306886148949137 -0.091152913428885013 -0.08191001032519267 0.10385441031684498 0.1000162802131481 0.10860359635745993 0.038994987822942813 0.12064844971506512 -0.12344879541301733 0.1321542159157798
leaf_weight=237.83024677634239 39.420800060033798 128.0058978497982 31.944694042205811 26.318102270364761 28.7181396484375 20.469238936901096 58.89680489897728 58.526442691683769 28.50199681520462 214.38523203134537 11.210486054420469 5.5850941687822333 138.19005641341209 19.828756138682365
leaf_count=982 162 595 152 114 124 84 242 273 132 1009 47 25 597 83
internal_value=0.000228068 -0.040965 -0.0778019 0.0463993 0.0572095 0.0757348 0.0706722 0.0281285 -0.0225813 0.0951326 -0.0775673 -0.0457505 -0.0933086 -0.0771435
internal_weight=1047.83 608.172 427.794 180.378 439.66 154.06 399.731 145.925 87.3988 253.806 39.9286 26.0543 395.849 257.659
internal_count=4621 2632 1814 818 1989 704 1818 647 374 1171 171 109 1662 1065
is_linear=0
shrinkage=0.08


Tree=6
num_leaves=15
num_cat=0
split_feature=11 6 16 17 21 19 19 20 8 12 20 0 7 10
split_gain=337.096 266.882 174.259 125.114 109.59 64.0122 57.9656 77.5099 86.4309 36.7422 30.503 29.3293 28.6284 26.7833
threshold=1.0000000180025095e-35 0.58335000000000015 1.0000000180025095e-35 1.0000000180025095e-35 1.0000000180025095e-35 0.41665000000000002 0.41665000000000002 1.0000000180025095e-35 1.0000000180025095e-35 1.5000000000000002 1.0000000180025095e-35 1.5000000000000002 0.87500000000000011 0.68500000000000016
decision_type=2 2 2 2 2 2 2 2 2 2 2 2 2 2
left_child=1 2 12 5 6 10 9 8 -8 -2 -3 -6 -1 -7
right_child=4 3 -4 -5 11 13 7 -9 -10 -11 -12 -13 -14 -15
leaf_value=0.086874320017037251 0.020199773692956446 0.104403697535576 0.11064016782825867 -0.11998533456971469 -0.11765444566611556 -0.085314725315769724 -0.076540663411010984 0.099766753690924914 0.095837512131734942 0.10466264005192821 -0.098472664873571855 0.036202991133656076 -0.090901956124520039 0.11602857048796908
leaf_weight=5.8871881514787665 39.275736272335052 118.16617958247662 30.436806321144104 25.330235034227371 27.678951799869537 20.134153246879581 58.02233025431633 56.148345038294792 27.410223662853241 205.04452441632748 4.9414169788360587 11.113182991743086 379.85936617851257 5.3523827344179145
leaf_count=25 162 575 152 114 124 84 242 273 132 1009 20 47 1637 25
internal_value=0.000247027 -0.0388684 -0.0736478 0.0443551 0.0545976 0.0723695 0.0674822 0.0267522 -0.0212348 0.0910848 0.0962604 -0.0735773 -0.0881888 -0.043031
internal_weight=1014.8 590.108 416.183 173.924 424.693 148.594 385.901 141.581 85.4326 244.32 123.108 38.7921 385.747 25.4865
internal_count=4621 2632 1814 818 1989 704 1818 647 374 1171 595 171 1662 109
is_linear=0
shrinkage=0.08


Tree=7
num_leaves=15
num_cat=0
split_feature=11 16 6 21 17 10 19 20 8 12 19 18 10 10
split_gain=295.965 232.798 182.056 96.6067 92.1792 61.7482 51.8275 68.811 75.3927 34.6937 30.2204 128.318 61.2747 78.8521
threshold=1.0000000180025095e-35 1.0000000180025095e-35 0.58335000000000015 1.0000000180025095e-35 1.0000000180025095e-35 1.0000000180025095e-35 0.41665000000000002 1.0000000180025095e-35 1.0000000180025095e-35 1.5000000000000002 0.41665000000000002 1.0000000180025095e-35 1.0000000180025095e-35 0.67500000000000016
decision_type=2 2 2 2 2 2 2 2 2 2 2 2 2 2
left_child=1 2 10 6 5 -4 9 8 -8 -2 11 12 -1 -14
right_child=3 -3 4 -5 -6 -7 7 -9 -10 -11 -12 -13 13 -15
leaf_value=-0.097362337417372699 0.018653914979093158 0.10920879073847017 -0.064039257949657022 -0.070030432767788212 -0.11546432974557323 0.086802907567788884 -0.071667465369609246 0.096095091981908576 0.09205094761706184 0.10117259630657492 -0.11448043717259675 0.12967136632380494 0.21595703340736944 -0.086037382644502072
leaf_weight=205.75208728015423 39.134175181388855 62.25526936352253 21.660226330161095 37.568741917610168 24.260006457567215 87.655023351311684 57.050758272409439 53.72984790802002 26.300572872161865 195.53875958919525 129.03293704986572 19.604514300823212 9.5589099973440188 13.139751493930815
leaf_count=885 162 321 99 171 114 436 242 273 132 1009 597 83 41 56
internal_value=0.000273516 -0.0368447 -0.0546502 0.052227 0.0256068 0.0569143 0.0645821 0.0254994 -0.020008 0.0874117 -0.0830795 -0.0667454 -0.083601 0.0411392
internal_weight=982.242 572.919 510.663 409.323 133.575 109.315 371.754 137.081 83.3513 234.673 377.088 248.055 228.451 22.6987
internal_count=4621 2632 2311 1989 649 535 1818 647 374 1171 1662 1065 982 97
is_linear=0
shrinkage=0.08


Tree=8
num_leaves=15
num_cat=0
split_feature=11 16 6 21 17 19 19 20 8 12 20 19 18 10
split_gain=260.617 206.174 159.74 84.9928 81.27 59.3742 46.4367 61.2309 65.8917 32.907 29.8749 28.5527 111.952 53.8103
threshold=1.0000000180025095e-35 1.0000000180025095e-35 0.58335000000000015 1.0000000180025095e-35 1.0000000180025095e-35 0.29165000000000002 0.41665000000000002 1.0000000180025095e-35 1.0000000180025095e-35 1.5000000000000002 1.0000000180025095e-35 0.41665000000000002 1.0000000180025095e-35 1.0000000180025095e-35
decision_type=2 2 2 2 2 2 2 2 2 2 2 2 2 2
left_child=1 2 11 6 5 10 9 8 -8 -2 -4 12 13 -1
right_child=3 -3 4 -5 -6 -7 7 -9 -10 -11 -12 -13 -14 -15
leaf_value=-0.092219978525888854 0.017224538174195687 0.10623014536174939 0.09901017639793841 -0.065408566149804961 -0.11159702865959459 -0.052802924367048511 -0.067204832118034338 0.092760226132388268 0.088581628201018212 0.098049717556407928 -0.11332268529358654 -0.11036865972260046 0.12363381259250013 0.037391221097696152
leaf_weight=200.08156178891659 38.9970703125 59.013450413942337 76.624953925609589 37.028271451592445 23.138532221317291 25.447450757026672 56.015333414077759 51.308413669466972 25.190088093280792 186.0165311396122 4.4893079102039328 123.36493653059006 18.943759828805923 22.840551391243935
leaf_count=885 162 321 404 171 114 113 242 273 132 1009 18 597 83 97
internal_value=0.00027926 -0.0351118 -0.0519648 0.0499673 0.0243023 0.0538112 0.0619165 0.0243466 -0.0188796 0.0840419 0.0872585 -0.0790487 -0.0630738 -0.07894
internal_weight=948.5 553.945 494.931 394.556 129.7 106.562 357.527 132.514 81.2054 225.014 81.1143 365.231 241.866 222.922
internal_count=4621 2632 2311 1989 649 535 1818 647 374 1171 422 1662 1065 982
is_linear=0
shrinkage=0.08


Tree=9
num_leaves=15
num_cat=0
split_feature=11 16 6 21 13 19 20 8 19 12 0 17 19 18
split_gain=230.005 183.302 140.335 74.8953 72.7119 41.6781 54.5898 57.6754 35.4883 31.3194 28.0751 27.8294 27.1404 97.988
threshold=1.0000000180025095e-35 1.0000000180025095e-35 0.58335000000000015 1.0000000180025095e-35 1.0000000180025095e-35 0.41665000000000002 1.0000000180025095e-35 1.0000000180025095e-35 0.29165000000000002 1.5000000000000002 1.5000000000000002 1.0000000180025095e-35 0.41665000000000002 1.0000000180025095e-35
decision_type=2 2 2 2 2 2 2 2 2 2 2 2 2 2
left_child=1 2 12 5 8 9 7 -7 11 -2 -5 -4 13 -1
right_child=3 -3 4 10 -6 6 -8 -9 -10 -11 -12 -13 -14 -15
leaf_value=-0.074669073453110121 0.01590270199257475 0.10362587538947794 0.094165464117745692 -0.10829494686361114 -0.089269614959254437 -0.063087327753176034 0.089699520902984831 0.085370345845772647 -0.036667534683299224 0.095227864418122685 0.043319413788680448 -0.10826053638899635 -0.10679563008537322 0.11856197695121652
leaf_weight=217.11448480188847 38.865116894245148 55.788720533251762 71.115175634622574 25.127246916294098 28.354445368051529 54.942610859870911 48.913193732500076 24.092040359973907 20.583465367555618 176.5935505181551 11.346267297863958 4.6295757293701163 117.53192542493343 18.203982666134834
leaf_count=982 162 321 391 124 141 242 273 132 93 1009 47 24 597 83
internal_value=0.000293889 -0.0335908 -0.0496214 0.0478654 0.0233349 0.0594419 0.0232755 -0.0178331 0.0564803 0.0809189 -0.0611304 0.081793 -0.0754012 -0.0597209
internal_weight=913.202 533.322 477.533 379.88 124.683 343.407 127.948 79.0347 96.3282 215.459 36.4735 75.7448 352.85 235.318
internal_count=4621 2632 2311 1989 649 1818 647 374 508 1171 171 415 1662 1065
is_linear=0
shrinkage=0.08


Tree=10
num_leaves=15
num_cat=0
split_feature=11 16 6 21 17 10 19 20 8 12 21 19 18 10
split_gain=203.267 163.164 123.563 66.346 65.3542 50.614 37.4586 48.7442 50.5421 29.884 26.4 50.6828 65.1767 34.3253
threshold=1.0000000180025095e-35 1.0000000180025095e-35 0.58335000000000015 1.0000000180025095e-35 1.0000000180025095e-35 1.0000000180025095e-35 0.41665000000000002 1.0000000180025095e-35 1.0000000180025095e-35 1.5000000000000002 1.0000000180025095e-35 0.41665000000000002 1.0000000180025095e-35 1.0000000180025095e-35
decision_type=2 2 2 2 2 2 2 2 2 2 2 2 2 2
left_child=1 2 10 6 5 -4 9 8 -8 -2 11 12 13 -1
right_child=3 -3 4 -5 -6 -7 7 -9 -10 -11 -12 -13 -14 -15
leaf_value=-0.066637354556032979 0.014680261843672267 0.10133586168859206 -0.061273910362008993 -0.058476702481477426 -0.10580851315781177 0.078933079919450561 -0.059264352390055432 0.08686270293863832 0.082369687922028839 0.092654007883537712 -0.11376828673498089 -0.10346861914841535 0.1142527311847881 0.040718195819350954
leaf_weight=120.57693646848202 38.738788068294525 52.615239396691322 20.862879529595375 35.164786294102669 21.021687507629395 78.406626060605049 53.853689789772034 46.566582530736923 23.016616523265839 167.35866114497185 75.372448205947876 104.53540474176407 17.411718100309372 22.639901280403137
leaf_count=565 162 321 99 171 114 436 242 273 132 1009 358 559 83 97
internal_value=0.000308824 -0.0321298 -0.0473683 0.0459776 0.0223313 0.0494666 0.057124 0.0222718 -0.0168561 0.0779978 -0.071989 -0.0601133 -0.031898 -0.0496665
internal_weight=878.142 513.443 460.828 364.699 120.291 99.2695 329.534 123.437 76.8703 206.097 340.536 265.164 160.629 143.217
internal_count=4621 2632 2311 1989 649 535 1818 647 374 1171 1662 1304 745 662
is_linear=0
shrinkage=0.08


Tree=11
num_leaves=15
num_cat=0
split_feature=11 16 6 13 21 19 20 8 19 12 0 19 10 10
split_gain=179.739 145.559 109.224 58.9071 58.5812 33.7026 43.578 44.3292 32.051 28.5654 26.0047 24.889 76.9505 61.702
threshold=1.0000000180025095e-35 1.0000000180025095e-35 0.58335000000000015 1.0000000180025095e-35 1.0000000180025095e-35 0.41665000000000002 1.0000000180025095e-35 1.0000000180025095e-35 0.29165000000000002 1.5000000000000002 1.5000000000000002 0.41665000000000002 1.0000000180025095e-35 0.67500000000000016
decision_type=2 2 2 2 2 2 2 2 2 2 2 2 2 2
left_child=1 2 11 8 5 9 7 -7 -4 -2 -6 12 -1 -14
right_child=4 -3 3 -5 10 6 -8 -9 -10 -11 -12 -13 13 -15
leaf_value=-0.073337023858549039 0.013549765196437597 0.099312054164134106 0.078161272109616806 -0.0830192353224143 -0.10320101844610795 -0.055696427158585707 0.084208947017714322 0.079541392766767971 -0.03601575363945022 0.090284993081546083 0.044411194520619798 -0.10087929867209189 0.15156278127484388 -0.071110909196367297
leaf_weight=189.23391175270081 38.618387997150421 49.518976971507072 69.428781479597092 26.723281383514404 23.23984295129776 52.765183418989182 44.285474538803101 21.971495568752289 20.346008315682411 158.37893536686897 11.377559840679167 105.74342730641365 19.231676980853081 13.593497991561888
leaf_count=918 162 321 415 141 124 242 273 132 93 1009 47 597 87 60
internal_value=0.000312162 -0.0307883 -0.0452885 0.0212477 0.0441125 0.0549351 0.0213241 -0.0159385 0.0522849 0.0752422 -0.0546859 -0.0689348 -0.0537231 0.0593496
internal_weight=844.456 493.82 444.301 116.498 350.637 316.019 119.022 74.7367 89.7748 196.997 34.6174 327.803 222.059 32.8252
internal_count=4621 2632 2311 649 1989 1818 647 374 508 1171 171 1662 1065 147
is_linear=0
shrinkage=0.08


Tree=12
num_leaves=15
num_cat=0
split_feature=11 16 6 17 21 10 19 20 8 12 21 19 18 10
split_gain=159.02 129.9 96.5386 54.6854 51.977 43.3885 30.3475 38.9962 38.9034 27.3367 24.2408 45.7452 52.7233 26.2449
threshold=1.0000000180025095e-35 1.0000000180025095e-35 0.58335000000000015 1.0000000180025095e-35 1.0000000180025095e-35 1.0000000180025095e-35 0.41665000000000002 1.0000000180025095e-35 1.0000000180025095e-35 1.5000000000000002 1.0000000180025095e-35 0.41665000000000002 1.0000000180025095e-35 1.0000000180025095e-35
decision_type=2 2 2 2 2 2 2 2 2 2 2 2 2 2
left_child=1 2 10 5 6 -4 9 8 -8 -2 11 12 13 -1
right_child=4 -3 3 -5 -6 -7 7 -9 -10 -11 -12 -13 -14 -15
leaf_value=-0.059056715671681817 0.012504391680791123 0.097515576379719651 -0.057298684707015546 -0.10223177232241895 -0.052431117937314364 0.074288239272320408 -0.052352513998938435 0.081704815907576459 0.076854326095572273 0.088085302053496253 -0.10770306671186212 -0.098209255984747432 0.10932369155176945 0.035037222623678463
leaf_weight=113.82284264266491 38.504080832004547 46.519256055355072 20.535369977355003 19.356459051370621 33.309654891490936 73.214721024036407 51.690033972263336 42.08227314054966 20.962314784526825 149.70370391011238 69.412183851003647 93.636111900210381 16.18671415746212 22.766082361340523
leaf_count=565 162 321 99 114 171 436 242 273 132 1009 358 559 83 97
internal_value=0.000318134 -0.02946 -0.043231 0.0201889 0.0424234 0.0454649 0.0528531 0.0204234 -0.0150726 0.0726227 -0.0659437 -0.0541804 -0.0271951 -0.0433735
internal_weight=811.702 475.45 428.93 113.107 336.252 93.7501 302.942 114.735 72.6523 188.208 315.824 246.412 152.776 136.589
internal_count=4621 2632 2311 649 1989 535 1818 647 374 1171 1662 1304 745 662
is_linear=0
shrinkage=0.08


Tree=13
num_leaves=15
num_cat=0
split_feature=11 16 6 17 21 19 19 20 8 12 0 19 18 10
split_gain=140.794 116.281 85.5982 48.6556 45.9369 42.8207 27.3416 34.9206 34.1548 26.177 24.1098 23.1137 62.005 34.9464
threshold=1.0000000180025095e-35 1.0000000180025095e-35 0.58335000000000015 1.0000000180025095e-35 1.0000000180025095e-35 0.29165000000000002 0.41665000000000002 1.0000000180025095e-35 1.0000000180025095e-35 1.5000000000000002 1.5000000000000002 0.41665000000000002 1.0000000180025095e-35 1.0000000180025095e-35
decision_type=2 2 2 2 2 2 2 2 2 2 2 2 2 2
left_child=1 2 11 5 6 -4 9 8 -8 -2 -6 12 13 -1
right_child=4 -3 3 -5 10 -7 7 -9 -10 -11 -12 -13 -14 -15
leaf_value=-0.073192981055509004 0.011537852324287487 0.095914642129881558 0.076486466520141128 -0.10007389737280852 -0.099065764286699651 -0.0467862352863452 -0.049208020428085524 0.079322655963764449 0.074283026085909087 0.086025328270312382 0.044989663878706808 -0.096185043859109143 0.10630038497439545 0.031997323264115647
leaf_weight=170.72616823017597 38.395919680595398 43.630007177591324 66.505444139242172 18.237661331892014 21.404055714607239 24.744212359189987 50.638176202774048 39.965761184692383 19.99305921792984 141.36789371073246 11.393639281392096 94.292255535721779 15.349569067358969 22.927495375275612
leaf_count=885 162 321 422 114 124 113 242 273 132 1009 47 597 83 97
internal_value=0.000318747 -0.028289 -0.041417 0.0192165 0.0407229 0.0430585 0.05086 0.0195623 -0.0142523 0.0701155 -0.0490221 -0.0633052 -0.0484714 -0.060739
internal_weight=779.571 456.413 412.783 109.487 323.159 91.2497 290.361 110.597 70.6312 179.764 32.7977 303.295 209.003 193.654
internal_count=4621 2632 2311 649 1989 535 1818 647 374 1171 171 1662 1065 982
is_linear=0
shrinkage=0.08


Tree=14
num_leaves=15
num_cat=0
split_feature=16 11 9 10 17 21 19 18 0 13 14 10 10 19
split_gain=127.389 126.571 77.0917 60.8414 66.959 36.6926 32.9152 63.6059 36.3734 28.7177 40.7634 26.2948 25.7062 19.9511
threshold=1.0000000180025095e-35 1.0000000180025095e-35 1.0000000180025095e-35 0.68500000000000016 1.0000000180025095e-35 1.0000000180025095e-35 0.29165000000000002 1.0000000180025095e-35 1.5000000000000002 1.0000000180025095e-35 1.0000000180025095e-35 0.67500000000000016 1.0000000180025095e-35 0.41665000000000002
decision_type=2 2 2 2 2 2 2 2 2 2 2 2 2 2
left_child=1 2 -1 6 -5 13 7 8 -4 10 11 12 -10 -3
right_child=-2 5 3 4 -6 -7 -8 -9 9 -11 -12 -13 -14 -15
leaf_value=0.10498463793957738 0.097981038000024445 0.06125457069101177 -0.10756036293098556 0.10676927482282547 -0.10090044329879151 -0.051304172732604014 -0.096590350717425846 0.1024187012681889 0.018524419954959799 -0.073015262888482521 -0.1070888818358699 -0.11899227900167934 0.14943395297589648 0.014962784140893547
leaf_weight=22.232489675283432 76.704114764928818 138.76965528726578 60.133848175406456 30.346711918711662 14.774428993463514 30.800554871559143 107.60018318891525 17.788129463791847 41.863077282905579 64.597618862986565 17.94857719540596 6.7393946647644034 12.456644922494887 104.42221230268478
leaf_count=152 586 922 328 197 95 168 682 106 223 341 95 32 60 634
internal_value=0.000319157 -0.0108536 -0.0397487 -0.0483467 0.0387701 0.030959 -0.0602898 -0.0426579 -0.0553243 -0.0334508 -0.00110235 0.0300528 0.0485447 0.0413777
internal_weight=747.178 670.474 396.481 374.249 45.1211 273.992 329.127 221.527 203.739 143.605 79.0077 61.0591 54.3197 243.192
internal_count=4621 4035 2311 2159 292 1724 1867 1185 1079 751 410 315 283 1556
is_linear=0
shrinkage=0.08


Tree=15
num_leaves=15
num_cat=0
split_feature=16 11 9 10 17 21 19 18 0 13 14 10 10 0
split_gain=115.566 111.729 69.105 53.8655 60.5853 31.7428 30.8436 56.4813 33.9748 25.4277 36.2051 22.5927 22.6919 19.6206
threshold=1.0000000180025095e-35 1.0000000180025095e-35 1.0000000180025095e-35 0.68500000000000016 1.0000000180025095e-35 1.0000000180025095e-35 0.29165000000000002 1.0000000180025095e-35 1.5000000000000002 1.0000000180025095e-35 1.0000000180025095e-35 0.67500000000000016 1.0000000180025095e-35 1.5000000000000002
decision_type=2 2 2 2 2 2 2 2 2 2 2 2 2 2
left_child=1 2 -1 6 -5 -3 7 8 -4 10 11 12 -10 -7
right_child=-2 5 3 4 -6 13 -8 -9 9 -11 -12 -13 -14 -15
leaf_value=0.10313764835894607 0.09662862469029998 0.038917577404314507 -0.10487646961222101 0.10473046565700977 -0.098985465220444505 -0.0955405887651056 -0.094249107226282436 0.10025563687488126 0.016931820529615858 -0.069608045229973867 -0.10433820633541967 -0.11226131564764118 0.1410003317591623 0.039228755173972112
leaf_weight=20.875624537467957 71.757206112146378 238.18359816074371 56.87235227227211 28.536466613411903 13.891511932015417 19.611677527427677 101.69372589886189 16.760182768106461 42.125170543789864 62.42948505282402 16.987336874008179 6.5786303281784049 12.157619342207907 10.678018271923063
leaf_count=152 586 1556 328 197 95 124 682 106 223 341 95 32 60 44
internal_value=0.000302125 -0.0103749 -0.0383503 -0.0466 0.038031 0.0291079 -0.0579772 -0.0407335 -0.0527193 -0.0315734 -0.0010722 0.0277509 0.0447192 -0.0480304
internal_weight=719.139 647.381 378.908 358.032 42.428 268.473 315.605 213.911 197.151 140.278 77.8488 60.8614 54.2828 30.2897
internal_count=4621 4035 2311 2159 292 1724 1867 1185 1079 751 410 315 283 168
is_linear=0
shrinkage=0.08


Tree=16
num_leaves=15
num_cat=0
split_feature=16 11 9 10 17 19 18 0 21 13 14 10 10 19
split_gain=104.995 98.5654 62.0313 47.7435 54.9144 28.9074 50.2441 31.8293 27.5516 22.5031 32.2572 19.4619 20.2039 19.015
threshold=1.0000000180025095e-35 1.0000000180025095e-35 1.0000000180025095e-35 0.68500000000000016 1.0000000180025095e-35 0.29165000000000002 1.0000000180025095e-35 1.5000000000000002 1.0000000180025095e-35 1.0000000180025095e-35 1.0000000180025095e-35 0.67500000000000016 1.0000000180025095e-35 0.41665000000000002
decision_type=2 2 2 2 2 2 2 2 2 2 2 2 2 2
left_child=1 2 -1 5 -5 6 7 -4 13 10 11 12 -9 -3
right_child=-2 8 3 4 -6 -7 -8 9 -10 -11 -12 -13 -14 -15
leaf_value=0.10146487854485192 0.095412590644983072 0.056637165115871371 -0.10251211293001999 0.10290072621333485 -0.097275822218991906 -0.092074235259722248 0.098339456583499685 0.015486005976194959 -0.046163383335549979 -0.066365666161682213 -0.10192704908820283 -0.10619499215431961 0.13386855764665645 0.010762786913846134
leaf_weight=19.57531800121069 67.049918837845325 130.99870777130127 53.660682544112206 26.79166454076767 13.039598122239111 96.001817986369133 15.760655947029589 42.363033160567284 29.084720253944397 60.329125478863716 16.036912932991982 6.405272275209426 11.795609794557093 103.52934145927429
leaf_count=152 586 922 328 197 95 682 106 223 168 341 95 32 60 634
internal_value=0.000273401 -0.00992704 -0.0370387 -0.0449621 0.0373687 -0.0558081 -0.0389359 -0.0502877 0.0272787 -0.0298217 -0.00104056 0.0256735 0.0412694 0.0363865
internal_weight=692.422 625.372 361.76 342.184 39.8313 302.353 206.351 190.591 263.613 136.93 76.6008 60.5639 54.1586 234.528
internal_count=4621 4035 2311 2159 292 1867 1185 1079 1724 751 410 315 283 1556
is_linear=0
shrinkage=0.08


Tree=17
num_leaves=15
num_cat=0
split_feature=16 11 9 10 17 10 19 18 0 21 13 14 15 10
split_gain=95.4791 87.1269 55.7453 42.3533 49.851 27.2308 27.0972 44.7635 29.8938 24.2661 19.9017 28.8196 17.2555 16.7978
threshold=1.0000000180025095e-35 1.0000000180025095e-35 1.0000000180025095e-35 0.68500000000000016 1.0000000180025095e-35 0.52500000000000013 0.29165000000000002 1.0000000180025095e-35 1.5000000000000002 1.0000000180025095e-35 1.0000000180025095e-35 1.0000000180025095e-35 1.0000000180025095e-35 0.67500000000000016
decision_type=2 2 2 2 2 2 2 2 2 2 2 2 2 2
left_child=1 2 -1 6 -5 9 7 8 -4 12 11 13 -3 -10
right_child=-2 5 3 4 -6 -7 -8 -9 10 -11 -12 -13 -14 -15
leaf_value=0.099941207327259043 0.094314651828199425 0.028889217430855596 -0.10041839041915621 0.10124921717249913 -0.095744031509994221 0.1024750492719336 -0.090037253855628219 0.096635213745705495 0.038141701799432409 -0.054548931109390637 -0.063265824243535676 -0.099802439530989148 -0.17522942216099657 -0.10064103615301562
leaf_weight=18.334521912038326 62.585943013429642 202.53093013167381 50.525309056043625 25.118700534105301 12.221742659807203 26.480746746063232 90.543894581496716 14.794953830540178 53.964439205825329 26.931938603520393 58.307021275162697 15.106087952852247 2.6857375353574744 6.2255427837371817
leaf_count=152 586 1337 328 197 95 212 682 106 283 161 341 95 14 32
internal_value=0.00025825 -0.00949148 -0.0357984 -0.0434136 0.0367722 0.0256152 -0.0537574 -0.0372439 -0.0480012 0.016848 -0.0281784 -0.00100767 0.0262179 0.0237872
internal_weight=666.358 603.772 345.142 326.808 37.3404 258.629 289.467 198.923 184.128 232.149 133.603 75.2961 205.217 60.19
internal_count=4621 4035 2311 2159 292 1724 1867 1185 1079 1512 751 410 1351 315
is_linear=0
shrinkage=0.08


Tree=18
num_leaves=15
num_cat=0
split_feature=16 11 9 10 17 19 18 0 10 21 13 14 20 19
split_gain=86.9124 76.9412 50.0934 37.5094 45.316 25.5325 39.8576 28.2582 25.4693 20.8975 17.6363 25.7442 16.1359 34.0083
threshold=1.0000000180025095e-35 1.0000000180025095e-35 1.0000000180025095e-35 0.68500000000000016 1.0000000180025095e-35 0.29165000000000002 1.0000000180025095e-35 1.5000000000000002 0.52500000000000013 1.0000000180025095e-35 1.0000000180025095e-35 1.0000000180025095e-35 1.0000000180025095e-35 0.41665000000000002
decision_type=2 2 2 2 2 2 2 2 2 2 2 2 2 2
left_child=1 2 -1 5 -5 6 7 -4 9 12 11 -9 13 -3
right_child=-2 8 3 4 -6 -7 -8 10 -10 -11 -12 -13 -14 -15
leaf_value=0.098546224765568943 0.093319332180285403 0.043414162345533337 -0.098555836999679181 0.099750690086708685 -0.094367264081148719 -0.08811413766113195 0.095114079966618179 0.021783764201242214 0.10109996737030155 -0.051287642809169504 -0.060291144088464921 -0.09792170672745909 0.073916927339581009 -0.03011298900271752
leaf_weight=17.154692776501179 58.36514176428318 101.07117140293121 47.485919237136841 23.521566733717918 11.43994367867708 85.332375273108482 13.866915531456469 60.406262263655663 24.763693675398827 26.376526027917862 56.370359025895596 14.20147794485092 34.886159732937813 66.913135930895805
leaf_count=152 586 720 328 197 95 682 106 315 212 161 341 95 268 363
internal_value=0.000238058 -0.00906786 -0.034557 -0.0418608 0.0362323 -0.0516937 -0.0355349 -0.0456865 0.0240244 0.0156986 -0.0265189 -0.001002 0.0244079 0.0141261
internal_weight=642.155 583.79 329.78 312.625 34.9615 277.663 192.331 178.464 254.011 229.247 130.978 74.6077 202.87 167.984
internal_count=4621 4035 2311 2159 292 1867 1185 1079 1724 1512 751 410 1351 1083
is_linear=0
shrinkage=0.08


Tree=19
num_leaves=15
num_cat=0
split_feature=16 13 15 19 21 20 8 10 10 11 0 14 6 10
split_gain=79.1851 71.1028 62.048 45.9117 53.7694 49.3742 42.8799 18.4192 17.9831 17.9335 25.0805 18.6472 17.9887 19.1562
threshold=1.0000000180025095e-35 1.0000000180025095e-35 1.0000000180025095e-35 0.41665000000000002 1.0000000180025095e-35 1.0000000180025095e-35 1.0000000180025095e-35 0.72500000000000009 1.0000000180025095e-35 1.0000000180025095e-35 1.5000000000000002 1.0000000180025095e-35 0.22500000000000003 0.52500000000000013
decision_type=2 2 2 2 2 2 2 2 2 2 2 2 2 2
left_child=1 2 3 4 -1 6 7 -5 -6 -3 11 -11 -12 -14
right_child=-2 9 -4 5 8 -7 -8 -9 -10 10 12 -13 13 -15
leaf_value=0.055657477622560861 0.092413439615273582 -0.071704371111903878 -0.10449210347996536 -0.073889144130389356 -0.081963229152352088 0.06662348132501443 0.07162855808790998 0.15671330923647295 0.12785190486454112 -0.02655108914274364 0.059561294559193761 -0.17303475457999426 -0.12323403327866579 0.099541426475631328
leaf_weight=198.92458872497082 54.384407594799995 107.69594564288855 28.127264454960823 84.345651254057884 26.09592075645924 33.506562694907188 16.856848776340485 2.276616930961608 2.9054785668849936 14.545464232563972 26.198721423745155 9.0050741136074066 8.5270074754953367 3.4778868108987799
leaf_count=1479 586 770 202 590 186 261 117 13 16 92 185 42 49 33
internal_value=0.000234133 -0.00867825 0.00999757 0.0188224 0.0408212 -0.0177807 -0.0451107 -0.0678284 -0.0609431 -0.0519967 -0.0176277 -0.0825624 0.0224012 -0.0586947
internal_weight=616.873 562.489 393.039 364.912 227.926 136.986 103.479 86.6223 29.0014 169.45 61.7542 23.5505 38.2036 12.0049
internal_count=4621 4035 2864 2662 1681 981 720 603 202 1171 401 134 267 82
is_linear=0
shrinkage=0.08


Tree=20
num_leaves=15
num_cat=0
split_feature=16 11 9 10 17 19 0 18 10 8 20 19 5 21
split_gain=72.1888 62.8949 42.3316 30.8547 39.693 23.0812 33.9827 24.3767 22.1118 19.22 19.5381 39.096 30.3885 30.366
threshold=1.0000000180025095e-35 1.0000000180025095e-35 1.0000000180025095e-35 0.68500000000000016 1.0000000180025095e-35 0.29165000000000002 1.5000000000000002 1.0000000180025095e-35 0.52500000000000013 1.0000000180025095e-35 1.0000000180025095e-35 0.29165000000000002 1.0000000180025095e-35 1.0000000180025095e-35
decision_type=2 2 2 2 2 2 2 2 2 2 2 2 2 2
left_child=1 2 -1 5 -5 6 -4 -8 9 10 11 13 -12 -3
right_child=-2 8 3 4 -6 -7 7 -9 -10 -11 12 -13 -14 -15
leaf_value=0.096776629679817913 0.091585720499308673 0.040664384598244771 -0.095654577551100781 0.097756039380369947 -0.092774886706956203 -0.085229685516811635 -0.02425476797662331 0.093009379746597481 0.098484265653286912 0.078341732112595916 0.084399731655874929 -0.062415873887354575 -0.23125577541438161 -0.07450603499004893
leaf_weight=15.412840686738489 50.638357497751713 90.185540169477463 42.259999558329582 21.298809856176376 10.422034271061422 76.717806532979012 126.0351690351963 12.467885009944437 22.160383835434914 26.586577355861664 29.345229595899585 52.18747878074646 2.0910053849220267 17.493627890944481
leaf_count=152 586 664 328 197 95 682 751 106 212 207 244 258 16 123
internal_value=0.000220575 -0.0082738 -0.0324066 -0.0392914 0.0351562 -0.0484631 -0.032859 -0.0136988 0.0223499 0.0146067 0.00574902 -0.00558821 0.0634037 0.0219537
internal_weight=595.303 544.664 304.615 289.202 31.7208 257.481 180.763 138.503 240.05 217.889 191.303 159.867 31.4362 107.679
internal_count=4621 4035 2311 2159 292 1867 1185 857 1724 1512 1305 1045 260 787
is_linear=0
shrinkage=0.08


Tree=21
num_leaves=15
num_cat=0
split_feature=16 13 15 19 21 20 8 0 10 11 0 6 14 10
split_gain=65.8668 59.1212 53.4967 36.5052 41.8418 39.5681 33.2568 16.2879 14.8316 14.5985 21.5546 15.589 15.3797 15.2079
threshold=1.0000000180025095e-35 1.0000000180025095e-35 1.0000000180025095e-35 0.41665000000000002 1.0000000180025095e-35 1.0000000180025095e-35 1.0000000180025095e-35 1.5000000000000002 0.72500000000000009 1.0000000180025095e-35 1.5000000000000002 0.22500000000000003 1.0000000180025095e-35 0.52500000000000013
decision_type=2 2 2 2 2 2 2 2 2 2 2 2 2 2
left_child=1 2 3 4 -1 6 8 -6 -5 -3 12 -12 -11 -13
right_child=-2 9 -4 5 7 -7 -8 -9 -10 10 11 13 -14 -15
leaf_value=0.051401614646936253 0.090826553084576822 -0.067494556545772563 -0.10211614161686317 -0.068346115006031438 -0.086597868159219688 0.062773587756556865 0.066235915745569085 0.076436545049022531 0.14249747572077673 -0.024641353822309517 0.05686843397034462 -0.11184435045329461 -0.15781008784402409 0.097635324403779644
leaf_weight=188.1779654994607 47.119898572564125 99.19098088145256 25.436941117048264 77.213517844676971 21.330271489918236 30.729195021092892 15.316236913204191 4.8053152859210959 2.1959662437438956 13.969936192035675 24.780435033142567 8.35746021568775 9.2093507051467896 3.0193197280168524
leaf_count=1479 586 770 202 590 178 261 117 24 13 92 185 49 42 33
internal_value=0.000229515 -0.00792144 0.00978742 0.0181651 0.0382281 -0.0161082 -0.0416976 -0.0566222 -0.0625155 -0.048718 -0.0173297 0.021276 -0.0775506 -0.0562499
internal_weight=570.853 523.733 365.205 339.768 214.314 125.455 94.7257 26.1356 79.4095 158.527 59.3365 36.1572 23.1793 11.3768
internal_count=4621 4035 2864 2662 1681 981 720 202 603 1171 401 267 134 82
is_linear=0
shrinkage=0.08


Tree=22
num_leaves=15
num_cat=0
split_feature=16 13 15 19 21 20 8 12 0 14 11 0 6 4
split_gain=60.1354 51.6253 48.2715 31.6938 36.4864 34.8219 29.4421 14.907 14.6195 13.8714 13.5577 18.1014 13.4742 13.3799
threshold=1.0000000180025095e-35 1.0000000180025095e-35 1.0000000180025095e-35 0.41665000000000002 1.0000000180025095e-35 1.0000000180025095e-35 1.0000000180025095e-35 1.5000000000000002 1.5000000000000002 1.0000000180025095e-35 1.0000000180025095e-35 1.5000000000000002 0.22500000000000003 1.5000000000000002
decision_type=2 2 2 2 2 2 2 2 2 2 2 2 2 2
left_child=1 2 3 4 7 6 13 9 -6 -1 -3 -12 -13 -5
right_child=-2 10 -4 5 8 -7 -8 -9 -10 -11 11 12 -14 -15
leaf_value=0.0020089032769573358 0.090127677622758362 -0.064915180619357901 -0.10084510756787751 -0.065813107016369721 -0.084884648486113448 0.059565510945590885 0.063807169436382899 0.068785898003804635 0.071277202044575563 0.074103379332636291 -0.070667011869152627 0.053406020600843186 -0.052958517985800306 0.13327274262260472
leaf_weight=58.521998830139637 43.820713594555855 95.054360277950764 23.765067830681801 74.028508231043816 20.071584232151512 29.831538356840611 14.654847286641596 101.78850915282965 4.7434856295585623 24.120158679783344 23.380035564303398 24.296700783073902 11.106724441051481 2.2254402264952651
leaf_count=334 586 770 202 591 178 261 117 972 24 173 134 185 82 12
internal_value=0.000212277 -0.00755022 0.0092745 0.0172051 0.0360385 -0.0154335 -0.0400442 0.0482922 -0.0550338 0.0230506 -0.0462388 -0.0160386 0.0200375 -0.0600029
internal_weight=551.41 507.589 353.751 329.986 209.246 120.74 90.9088 184.431 24.8151 82.6422 153.838 58.7835 35.4034 76.2539
internal_count=4621 4035 2864 2662 1681 981 720 1479 202 507 1171 401 267 603
is_linear=0
shrinkage=0.08


Tree=23
num_leaves=15
num_cat=0
split_feature=16 11 9 10 17 19 0 18 10 15 13 0 6 14
split_gain=54.9331 46.2992 34.3198 23.1905 33.9843 20.7858 28.3858 18.7921 18.5956 14.9341 16.8898 12.3997 21.5596 12.1238
threshold=1.0000000180025095e-35 1.0000000180025095e-35 1.0000000180025095e-35 0.68500000000000016 1.0000000180025095e-35 0.29165000000000002 1.5000000000000002 1.0000000180025095e-35 0.52500000000000013 1.0000000180025095e-35 1.0000000180025095e-35 1.5000000000000002 0.22500000000000003 1.0000000180025095e-35
decision_type=2 2 2 2 2 2 2 2 2 2 2 2 2 2
left_child=1 2 -1 5 -5 6 -4 -8 9 10 -3 13 -13 -12
right_child=-2 8 3 4 -6 -7 7 -9 -10 -11 11 12 -14 -15
leaf_value=0.09503585205346228 0.089482039087555518 0.031520555462725135 -0.092313872608737704 0.095652233971092751 -0.091478869413834249 -0.08181512837627862 -0.020555568278965038 0.090495278289756023 0.095681367434487949 -0.12570479827485967 -0.017242639336916291 0.050094216521379693 -0.099843292233877584 -0.13453967350328103
leaf_weight=13.541923344135283 40.731621898710728 138.12012719362974 35.374100901186466 18.625060804188251 9.3186512589454669 66.132375173270702 119.64938808232546 10.617859855294226 19.121737405657768 4.8414313644170752 13.820062510669231 23.849858492612839 8.2644058316946012 9.5273802056908607
leaf_count=152 586 1106 328 197 95 682 751 106 212 38 92 185 49 42
internal_value=0.000207243 -0.00720163 -0.0291251 -0.035599 0.0332479 -0.0438995 -0.0287616 -0.011504 0.0203366 0.0130757 0.0165466 -0.0207442 0.0115087 -0.065108
internal_weight=531.536 490.804 273.259 259.717 27.9437 231.774 165.641 130.267 217.545 198.423 193.582 55.4617 32.1143 23.3474
internal_count=4621 4035 2311 2159 292 1867 1185 857 1724 1512 1474 368 234 134
is_linear=0
shrinkage=0.08


Tree=24
num_leaves=15
num_cat=0
split_feature=16 13 15 19 21 20 8 12 1 14 10 11 0 5
split_gain=50.1945 40.9682 41.0395 26.1172 29.8366 29.7325 24.7408 13.4691 13.3408 20.5712 12.9756 12.1277 12.9866 12.0326
threshold=1.0000000180025095e-35 1.0000000180025095e-35 1.0000000180025095e-35 0.41665000000000002 1.0000000180025095e-35 1.0000000180025095e-35 1.0000000180025095e-35 1.5000000000000002 14.500000000000002 1.0000000180025095e-35 1.0000000180025095e-35 1.0000000180025095e-35 1.5000000000000002 1.0000000180025095e-35
decision_type=2 2 2 2 2 2 2 2 2 2 2 2 2 2
left_child=1 2 3 4 7 6 -5 -1 -8 -10 -6 -3 -13 -7
right_child=-2 11 -4 5 10 13 8 -9 9 -11 -12 12 -14 -15
leaf_value=0.020852278225617683 0.088883570311040092 -0.060956247802051784 -0.098766279184384478 -0.057051921584741261 -0.074059728593034543 0.086398819323718179 0.095923382561602127 0.065531006092512764 0.091671995604975354 -0.38832330878711413 0.11876347200858041 -0.0597010681260009 0.017553433906034914 -0.035720814446266652
leaf_weight=79.959785722196102 37.842907175421715 87.746128112077713 21.273433312773705 71.272524103522301 20.124807327985767 21.299948535859588 11.394249871373175 93.889627911150455 1.3333463966846457 1.000009797513485 2.5123350620269767 23.415624044835567 34.362733110785484 6.8162821531295767
leaf_count=507 586 770 202 603 186 207 96 972 12 9 16 134 267 54
internal_value=0.000203209 -0.00684112 0.0087172 0.0161026 0.0337324 -0.0145209 -0.03811 0.0449816 0.0602347 -0.11404 -0.0526597 -0.0422158 -0.0137552 0.0567931
internal_weight=514.244 476.401 330.876 309.603 196.487 113.116 85.0001 173.849 13.7276 2.33336 22.6371 145.524 57.7784 28.1162
internal_count=4621 4035 2864 2662 1681 981 720 1479 117 21 202 1171 401 261
is_linear=0
shrinkage=0.08


Tree=25
num_leaves=15
num_cat=0
split_feature=16 11 9 9 0 19 18 10 8 20 19 5 21 12
split_gain=45.8787 36.8877 29.5863 20.4424 17.6408 25.8792 23.0409 16.9056 13.1211 13.283 25.2606 24.093 20.0505 16.6241
threshold=1.0000000180025095e-35 1.0000000180025095e-35 1.0000000180025095e-35 0.7250000000000002 1.5000000000000002 0.41665000000000002 1.0000000180025095e-35 0.52500000000000013 1.0000000180025095e-35 1.0000000180025095e-35 0.29165000000000002 1.0000000180025095e-35 1.0000000180025095e-35 1.5000000000000002
decision_type=2 2 2 2 2 2 2 2 2 2 2 2 2 2
left_child=1 2 -1 4 -4 6 -6 8 9 10 12 -11 13 -3
right_child=-2 7 3 -5 5 -7 -8 -9 -10 11 -12 -13 -14 -15
leaf_value=0.093625002868831034 0.088327106684044615 -0.0072268242271332408 -0.090589368899672271 0.10363044172107852 -0.020279089881361984 -0.073318700540522863 0.088973201300749566 0.094784733943658717 0.070368051479533053 0.079574975847913787 -0.052704644510787137 -0.20326262001511952 -0.067977798371425202 0.066178098684320133
leaf_weight=12.398454785346983 35.144553568214178 35.002667248249054 33.722341261804104 6.8032121472060672 130.11865774914622 57.72702445089817 13.650375552475451 17.080947697162628 21.628809049725533 23.90866028517485 47.961475871503353 2.0965356677770606 14.518497526645659 45.299792133271694
leaf_count=152 586 162 354 64 910 668 163 212 207 244 258 16 123 502
internal_value=0.000213369 -0.00649068 -0.0269071 -0.0330818 -0.0370359 -0.0280732 -0.00990596 0.0185426 0.0117034 0.00418604 -0.00539164 0.0567726 0.0185398 0.034182
internal_weight=497.062 461.917 254.42 242.022 235.218 201.496 143.769 207.497 190.416 168.788 142.782 26.0052 94.821 80.3025
internal_count=4621 4035 2311 2159 2095 1741 1073 1724 1512 1305 1045 260 787 664
is_linear=0
shrinkage=0.08


Tree=26
num_leaves=15
num_cat=0
split_feature=16 13 15 19 10 20 21 8 14 17 1 14 4 11
split_gain=41.9594 33.786 35.7859 20.4636 24.4987 24.0349 20.6728 18.9677 12.771 12.301 12.0261 13.4979 11.0419 10.0324
threshold=1.0000000180025095e-35 1.0000000180025095e-35 1.0000000180025095e-35 0.41665000000000002 1.0000000180025095e-35 1.0000000180025095e-35 1.0000000180025095e-35 1.0000000180025095e-35 1.0000000180025095e-35 1.0000000180025095e-35 14.500000000000002 1.0000000180025095e-35 1.5000000000000002 1.0000000180025095e-35
decision_type=2 2 2 2 2 2 2 2 2 2 2 2 2 2
left_child=1 2 3 4 6 7 8 12 -1 -6 -9 -12 -5 -3
right_child=-2 13 -4 5 9 -7 -8 10 -10 -11 11 -13 -14 -15
leaf_value=0.0038194214704438895 0.087808221934232961 -0.057045105246205284 -0.097320424740370948 -0.057871046384219166 0.075723744391824513 0.054775209253683531 -0.069753083408922514 0.093732336173989281 0.066377482772129792 -0.094330767364841875 0.08992594837365564 -0.2873047888402841 0.12528719234512189 -0.013058492798428717
leaf_weight=66.579027071595192 32.626446202397346 81.576208621263504 19.169484440237284 63.888939313590527 67.156990885734558 25.429212667047977 18.070334322750568 10.133854284882544 30.431190066039562 2.8373694345355025 1.1783470809459677 1.2521332204341888 2.1783769428730002 55.942243181169033
leaf_count=436 586 770 202 591 770 261 186 96 266 23 12 9 12 401
internal_value=0.000232692 -0.00617629 0.00853215 0.0155501 0.0315089 -0.012833 0.00880929 -0.0346973 0.0234433 0.0688302 0.0554021 -0.104416 -0.0518319 -0.0391514
internal_weight=478.45 445.824 308.305 289.136 185.075 104.061 115.081 78.6317 97.0102 69.9944 12.5643 2.43048 66.0673 137.518
internal_count=4621 4035 2864 2662 1681 981 888 720 702 793 117 21 603 1171
is_linear=0
shrinkage=0.08


Tree=27
num_leaves=15
num_cat=0
split_feature=16 11 9 0 19 18 10 9 8 20 5 19 0 1
split_gain=38.391 30.1147 24.5721 18.4058 25.3545 17.2433 14.8636 12.4648 11.1664 11.2151 20.8157 19.3459 17.3573 13.2906
threshold=1.0000000180025095e-35 1.0000000180025095e-35 1.0000000180025095e-35 1.5000000000000002 0.41665000000000002 1.0000000180025095e-35 0.52500000000000013 0.7250000000000002 1.0000000180025095e-35 1.0000000180025095e-35 1.0000000180025095e-35 0.29165000000000002 1.5000000000000002 7.5000000000000009
decision_type=2 2 2 2 2 2 2 2 2 2 2 2 2 2
left_child=1 2 -1 -4 5 7 8 -5 9 11 -11 12 13 -3
right_child=-2 6 3 4 -6 -7 -8 -9 -10 10 -12 -13 -14 -15
leaf_value=0.092296649390210886 0.087323142240181395 0.022622743344180685 -0.089155861145074358 -0.017867815654182408 -0.068984004491516884 0.08768323979457758 0.093461745253607661 0.1032950893905983 0.067487270796231319 0.077375725386024594 -0.18601570352755109 -0.047231190909827733 0.057068527166738027 -0.059321946880597366
leaf_weight=10.907359071075915 30.278527226299047 28.415664911270142 29.862150464206934 125.96540947631001 53.098674196749926 11.960716556757687 15.178465679287909 5.679073490202426 19.929849430918694 21.949069142341617 2.1044063568115225 45.845941975712776 38.693932823836803 22.856278017163277
leaf_count=152 586 206 354 910 673 163 212 59 207 244 16 258 434 147
internal_value=0.000238436 -0.00585895 -0.024988 -0.0306343 -0.02175 -0.00428503 0.0174398 -0.0126409 0.0110219 0.00398261 0.054332 -0.00493471 0.0166193 -0.013907
internal_weight=462.726 432.447 237.473 226.566 196.704 143.605 194.974 131.644 179.795 159.865 24.0535 135.812 89.9659 51.2719
internal_count=4621 4035 2311 2159 1805 1132 1724 969 1512 1305 260 1045 787 353
is_linear=0
shrinkage=0.08


Tree=28
num_leaves=15
num_cat=0
split_feature=16 13 15 6 11 19 0 17 20 19 10 10 6 0
split_gain=35.1342 28.0725 31.5538 17.2902 15.0841 19.007 13.6835 11.4648 10.9061 9.52776 9.78709 8.57196 16.6448 9.41478
threshold=1.0000000180025095e-35 1.0000000180025095e-35 1.0000000180025095e-35 0.58335000000000015 1.0000000180025095e-35 0.41665000000000002 1.5000000000000002 1.0000000180025095e-35 1.0000000180025095e-35 0.29165000000000002 1.0000000180025095e-35 0.67500000000000016 0.22500000000000003 2.5000000000000004
decision_type=2 2 2 2 2 2 2 2 2 2 2 2 2 2
left_child=1 2 3 4 5 6 -1 9 -6 -5 -11 12 -8 -13
right_child=-2 -3 -4 7 8 -7 11 -9 -10 10 -12 13 -14 -15
leaf_value=-0.086876616783504571 0.086868651634544602 -0.036280677330396402 -0.096178607478222294 0.077405764165139987 0.01360319648165032 -0.07530849895533126 0.0033916957606189659 -0.093355438021077985 0.084591314653688618 -0.10080540206152279 0.043724216902910451 -0.11553215496651988 0.10920371088216724 0.093223993494575663
leaf_weight=9.3297262191772443 28.09091255068779 130.84906607121229 17.353289201855659 45.818402536213398 93.831677116453648 27.62415187060833 39.780501402914524 3.3221194222569457 16.249609991908073 4.1330109387636176 10.924937963485716 5.5370585322380057 12.50555434823036 1.8428132683038709
leaf_count=128 586 1171 202 652 798 410 214 29 202 30 75 26 87 11
internal_value=0.00025541 -0.00554997 0.00839988 0.015099 0.0038354 -0.0192321 0.00321944 0.0513645 0.0240821 0.0592621 0.00405464 0.0173074 0.0286994 -0.0634041
internal_weight=447.193 419.102 288.253 270.9 206.701 96.6198 68.9957 64.1985 110.081 60.8764 15.0579 59.6659 52.2861 7.37987
internal_count=4621 4035 2864 2662 1876 876 466 786 1000 757 105 338 301 37
is_linear=0
shrinkage=0.08


Tree=29
num_leaves=15
num_cat=0
split_feature=16 11 9 0 19 18 10 9 10 8 1 17 5 0
split_gain=32.1703 24.5156 20.4347 16.8089 21.4754 14.5548 13.3827 10.5451 10.0275 9.94663 10.7731 9.18777 13.4425 15.042
threshold=1.0000000180025095e-35 1.0000000180025095e-35 1.0000000180025095e-35 1.5000000000000002 0.41665000000000002 1.0000000180025095e-35 0.52500000000000013 0.7250000000000002 0.69500000000000006 1.0000000180025095e-35 16.500000000000004 1.0000000180025095e-35 1.0000000180025095e-35 2.5000000000000004
decision_type=2 2 2 2 2 2 2 2 2 2 2 2 2 2
left_child=1 2 -1 -4 5 7 9 11 -6 10 -3 12 -5 -14
right_child=-2 6 3 4 8 -7 -8 -9 -10 -11 -12 -13 13 -15
leaf_value=0.091123648833500145 0.086442017098921686 0.010275373212759672 -0.088025969795534065 -0.021982519297242199 -0.075596113581057556 0.086719356658147589 0.092604718846395748 0.10122201411156295 0.071267690753166871 0.065157820240467471 -0.061886365200355752 -0.090688974164420233 0.077550567749788635 -0.14773568607246371
leaf_weight=9.5705217048525792 26.053979616612196 139.74469631910324 26.467910248786211 93.431539483368397 44.952192552387714 10.501899775117634 13.575654879212378 5.1181482709944239 3.186275288462638 18.739909037947655 14.626450404524801 9.700882360339163 16.741862725466493 2.1391345113515845
leaf_count=152 586 1186 354 639 645 163 212 59 28 207 119 114 144 13
internal_value=0.000252476 -0.0052447 -0.0232244 -0.0283807 -0.0198827 -0.00379647 0.0161178 -0.0112737 -0.0658752 0.0101195 0.00343815 -0.0159926 -0.00954075 0.0520266
internal_weight=434.551 408.497 221.81 212.24 185.772 137.633 186.687 127.132 48.1385 173.111 154.371 122.013 112.313 18.881
internal_count=4621 4035 2311 2159 1805 1132 1724 969 673 1512 1305 910 796 157
is_linear=0
shrinkage=0.08


Tree=30
num_leaves=15
num_cat=0
split_feature=16 13 15 6 8 17 20 19 21 1 10 12 6 14
split_gain=29.4715 22.7773 27.8825 14.3639 11.2798 9.55196 9.38348 19.9956 17.5635 15.4853 15.5936 19.0532 13.5217 8.57972
threshold=1.0000000180025095e-35 1.0000000180025095e-35 1.0000000180025095e-35 0.58335000000000015 1.0000000180025095e-35 1.0000000180025095e-35 1.0000000180025095e-35 0.29165000000000002 1.0000000180025095e-35 21.500000000000004 0.67500000000000016 1.5000000000000002 0.45000000000000007 1.0000000180025095e-35
decision_type=2 2 2 2 2 2 2 2 2 2 2 2 2 2
left_child=1 2 3 4 6 -5 7 8 9 10 11 13 -8 -1
right_child=-2 -3 -4 5 -6 -7 12 -9 -10 -11 -12 -13 -14 -15
leaf_value=-0.011594048782575117 0.086040894951173452 -0.033074497350394083 -0.095273886277207953 0.056953685523199439 0.064289395427721205 -0.0912606986372764 0.089104380803755406 -0.048795356269145329 -0.073901099323603572 -0.30319017526308251 -0.1109670410328938 0.082099530953633912 -0.1083912638953622 0.0578177591342574
leaf_weight=43.827396735548973 24.158438321202993 126.01484597474337 15.738354157656429 55.031604439020157 18.146398074924946 2.9310826733708373 13.414356641471388 51.657170884311199 13.586174443364142 0.9219856932759275 5.0296951085329047 33.288063704967499 2.6583663597702971 15.402035236358641
leaf_count=216 586 1171 202 757 201 29 180 555 176 11 25 384 29 99
internal_value=0.000248396 -0.00496379 0.00807723 0.0144337 0.00417686 0.0494587 -0.00189052 -0.00761715 0.0113659 0.0231305 0.0262148 0.0336726 0.0564394 0.00645581
internal_weight=421.806 397.648 271.633 255.894 197.932 57.9627 179.785 163.713 112.055 98.4692 97.5472 92.5175 16.0727 59.2294
internal_count=4621 4035 2864 2662 1876 786 1675 1466 911 735 724 699 209 315
is_linear=0
shrinkage=0.08


Tree=31
num_leaves=15
num_cat=0
split_feature=16 11 9 0 19 10 18 17 6 1 1 10 10 15
split_gain=27.0007 19.979 17.2674 15.4186 19.3342 12.3047 12.1764 9.38449 14.9905 9.56079 35.5823 8.96584 23.8234 8.95365
threshold=1.0000000180025095e-35 1.0000000180025095e-35 1.0000000180025095e-35 1.5000000000000002 0.41665000000000002 0.52500000000000013 1.0000000180025095e-35 1.0000000180025095e-35 0.22500000000000003 15.500000000000002 16.500000000000004 0.67500000000000016 0.68500000000000016 1.0000000180025095e-35
decision_type=2 2 2 2 2 2 2 2 2 2 2 2 2 2
left_child=1 2 -1 -4 6 13 7 8 9 -5 -11 -10 -13 -3
right_child=-2 5 3 4 -6 -7 -8 -9 11 10 -12 12 -14 -15
leaf_value=0.089969616060539437 0.085663301339106102 0.011839500386400491 -0.087148667224205972 -0.028145025052324413 -0.064132841933533996 0.09199205279035276 0.085814460697035216 -0.089555286140857032 0.077053293106362511 0.61926677096942828 -0.10773193689056798 -0.091116459911502704 0.09387613331490352 -0.11784540418489416
leaf_weight=8.5044498480856401 22.395370088517666 163.86322738602757 23.590202875435352 74.060430727899075 43.954904671758413 12.317426417022942 9.2247442193329316 8.7051624879240972 18.877455309033394 0.67497758567333122 1.1913962215185163 9.2522512525320071 8.5931998975574952 3.4795805327594271
leaf_count=152 586 1474 354 550 673 212 163 114 118 6 7 53 121 38
internal_value=0.000262725 -0.00468843 -0.0216533 -0.0264447 -0.0182399 0.014823 -0.00279167 -0.00952704 -0.00334274 -0.0236385 0.155189 0.0386199 -0.00203615 0.00914295
internal_weight=408.685 386.289 206.629 198.125 174.535 179.66 130.58 121.355 112.65 75.9268 1.86637 36.7229 17.8455 167.343
internal_count=4621 4035 2311 2159 1805 1724 1132 969 855 563 13 292 174 1512
is_linear=0
shrinkage=0.08


Tree=32
num_leaves=15
num_cat=0
split_feature=16 13 15 10 10 19 10 6 20 14 0 9 10 17
split_gain=24.7693 18.8843 24.0568 12.1593 12.5996 10.5457 25.679 16.8894 13.7287 13.407 17.6369 9.86702 9.92764 9.24259
threshold=1.0000000180025095e-35 1.0000000180025095e-35 1.0000000180025095e-35 0.69500000000000006 0.67500000000000016 0.41665000000000002 1.0000000180025095e-35 0.29165000000000002 1.0000000180025095e-35 1.0000000180025095e-35 1.5000000000000002 1.0000000180025095e-35 0.52500000000000013 1.0000000180025095e-35
decision_type=2 2 2 2 2 2 2 2 2 2 2 2 2 2
left_child=1 2 3 4 5 6 9 8 -7 10 -1 -9 -13 -5
right_child=-2 -3 -4 13 -6 7 -8 11 -10 -11 -12 12 -14 -15
leaf_value=-0.076086837164547991 0.085307521076860252 -0.030343381905788756 -0.093978675820006907 0.091913144225776192 -0.066028432240343118 -0.0087248557921268365 0.094311337516992041 0.10859145763648838 0.086105765299979709 0.055729265059856668 0.013372934435365748 -0.094374737082580942 0.23945565995837867 -0.090012564957189928
leaf_weight=18.868030868470669 20.756262294948101 121.98013881221414 14.007825467735527 17.913981474936012 13.632092483341692 40.817437704652548 28.487950254231691 1.8402374237775827 12.845077291131018 27.954318188130856 55.861122652888298 19.881224099546674 0.58696237206458945 1.9853241071104992
leaf_count=212 586 1171 202 319 154 404 414 11 195 273 403 250 4 23
internal_value=0.000228215 -0.00446015 0.00793666 0.0138684 0.00846988 0.0133726 0.0271098 -0.0103459 0.0139745 0.00846574 -0.00921436 -0.0688484 -0.0848015 0.0737627
internal_weight=397.418 376.662 254.682 240.674 220.774 207.142 131.171 75.9709 53.6625 102.683 74.7292 22.3084 20.4682 19.8993
internal_count=4621 4035 2864 2662 2320 2166 1302 864 599 888 615 265 254 342
is_linear=0
shrinkage=0.08


Tree=33
num_leaves=15
num_cat=0
split_feature=16 11 9 0 19 10 18 10 17 10 10 10 8 1
split_gain=22.7057 16.8238 14.1236 13.9328 16.1798 10.8299 10.345 8.65879 8.35115 12.1424 14.3471 19.95 8.22452 8.76188
threshold=1.0000000180025095e-35 1.0000000180025095e-35 1.0000000180025095e-35 1.5000000000000002 0.41665000000000002 0.52500000000000013 1.0000000180025095e-35 0.69500000000000006 1.0000000180025095e-35 1.0000000180025095e-35 0.67500000000000016 0.68500000000000016 1.0000000180025095e-35 16.500000000000004
decision_type=2 2 2 2 2 2 2 2 2 2 2 2 2 2
left_child=1 2 -1 -4 6 12 8 -6 9 -5 -11 -12 13 -3
right_child=-2 5 3 4 7 -7 -8 -9 -10 10 11 -13 -14 -15
leaf_value=0.088565529862510248 0.08497208856520351 0.0089840677843567324 -0.086253268890129478 -0.018256087812209533 -0.071692530048646147 0.090887998201130749 0.085110412555267342 0.071080256758049978 -0.088545220616772974 0.11973282464763557 -0.084015884813730055 0.092655968859310767 0.061366023777341856 -0.056723366063469116
leaf_weight=7.30727395415306 19.233022104948759 132.27139223366976 20.957483638077974 81.751639746129513 37.072947680950165 10.928025305271147 8.0279883928596956 2.933740332722663 7.8355302587151519 9.9899896532297152 8.7927206456661242 7.6492389142513266 16.965592321008444 14.402392480522392
leaf_count=152 586 1186 354 614 645 212 163 28 114 67 53 121 207 119
internal_value=0.000241738 -0.00420003 -0.0205214 -0.02483 -0.0169833 0.013781 -0.0027155 -0.0612228 -0.00879264 -0.00301632 0.0441189 -0.00182342 0.00863175 0.00253203
internal_weight=386.119 366.886 192.319 185.011 164.054 174.567 124.047 40.0067 116.019 108.184 26.4319 16.442 163.639 146.674
internal_count=4621 4035 2311 2159 1805 1724 1132 673 969 855 241 174 1512 1305
is_linear=0
shrinkage=0.08


Tree=34
num_leaves=15
num_cat=0
split_feature=16 15 13 10 10 19 9 0 17 0 14 1 19 1
split_gain=20.8286 16.4564 20.0814 10.2352 10.0548 9.45635 14.8134 11.3651 7.88609 7.69008 18.4752 9.58324 7.04799 12.0025
threshold=1.0000000180025095e-35 1.0000000180025095e-35 1.0000000180025095e-35 0.69500000000000006 0.67500000000000016 0.87500000000000011 1.0000000180025095e-35 3.5000000000000004 1.0000000180025095e-35 1.5000000000000002 1.0000000180025095e-35 15.500000000000002 0.29165000000000002 14.500000000000002
decision_type=2 2 2 2 2 2 2 2 2 2 2 2 2 2
left_child=1 2 3 4 5 -1 -7 -8 -5 -4 12 -12 13 -11
right_child=-2 -3 9 8 -6 6 7 -9 -10 10 11 -13 -14 -15
leaf_value=0.020360380974552044 0.084655715520921937 -0.093336584741086401 -0.060174436820288481 0.090605940777278682 -0.060722670312530126 0.061642423271979885 -0.054359808999452877 -0.47410565562364154 -0.088598512000762922 -0.036738580457449745 0.10947523263228315 -0.038557281298223417 -0.071482660543088911 0.055612958145617758
leaf_weight=166.1833782531321 17.817982956767082 12.717912614345549 33.057991549372673 15.516731955111027 12.664371456950901 8.5413749963045138 21.821822077035907 0.42079795897006889 1.7487272694706923 39.128025900572538 10.232686556875704 3.852600820362567 20.058582786470652 11.699769373983143
leaf_count=1780 586 202 308 319 154 100 283 3 23 382 96 27 240 118
internal_value=0.000238067 -0.00396765 -0.000672497 0.0132496 0.00837335 0.012816 -0.0279113 -0.0623008 0.0724553 -0.027436 -0.0146991 0.0689855 -0.0313275 -0.0154807
internal_weight=375.463 357.645 344.927 226.897 209.632 196.967 30.784 22.2426 17.2655 118.03 84.9717 14.0853 70.8864 50.8278
internal_count=4621 4035 3833 2662 2320 2166 386 286 342 1171 863 123 740 500
is_linear=0
shrinkage=0.08


Tree=35
num_leaves=15
num_cat=0
split_feature=16 15 13 6 8 20 19 21 1 6 10 12 0 21
split_gain=19.1069 15.1413 17.3755 9.85 8.41984 7.96986 14.0879 12.8222 11.719 10.2943 10.0681 15.1673 7.44122 7.35622
threshold=1.0000000180025095e-35 1.0000000180025095e-35 1.0000000180025095e-35 0.58335000000000015 1.0000000180025095e-35 1.0000000180025095e-35 0.29165000000000002 1.0000000180025095e-35 21.500000000000004 0.45000000000000007 0.67500000000000016 1.5000000000000002 2.5000000000000004 1.0000000180025095e-35
decision_type=2 2 2 2 2 2 2 2 2 2 2 2 2 2
left_child=1 2 3 4 5 6 7 8 10 -7 11 -1 -10 -4
right_child=-2 -3 13 -5 -6 9 -8 -9 12 -11 -12 -13 -14 -15
leaf_value=0.0047977401618449914 0.084357290678112817 -0.092771758354830966 -0.017060740493354678 0.045090437254020718 0.058996676237362815 0.087866400441549836 -0.043725788332413869 -0.070565183758181396 -0.4876587750911387 -0.10985906229732567 -0.10049278414560803 0.076297923615778959 -0.053973361267450989 -0.072280336511999027
leaf_weight=57.381069958209991 16.503904465585947 11.808695485815404 96.963974390178919 46.611464828252792 16.06751861795783 11.153166532516476 46.111349415034056 11.365739643573759 0.46155833452939876 1.9851479455828673 4.0584594011306754 28.378397092223167 0.5609222799539566 18.364256255328655
leaf_count=315 586 202 916 786 201 180 555 176 4 29 25 384 7 255
internal_value=0.000232889 -0.00371955 -0.000621748 0.0123613 0.00376773 -0.00172846 -0.00701854 0.00954231 0.0195652 0.0579909 0.022631 0.0284576 -0.249743 -0.0258536
internal_weight=367.776 351.272 339.463 224.135 177.523 161.456 148.317 102.206 90.8404 13.1383 89.8179 85.7595 1.02248 115.328
internal_count=4621 4035 3833 2662 1876 1675 1466 911 735 209 724 699 11 1171
is_linear=0
shrinkage=0.08


Tree=36
num_leaves=15
num_cat=0
split_feature=16 15 13 10 10 17 19 9 1 0 20 21 18 14
split_gain=17.5349 13.9312 15.0062 9.18187 9.29826 8.35207 7.59034 12.1924 7.14159 6.87057 6.84845 6.82679 6.32152 6.14293
threshold=1.0000000180025095e-35 1.0000000180025095e-35 1.0000000180025095e-35 0.68500000000000016 0.67500000000000016 1.0000000180025095e-35 0.87500000000000011 1.0000000180025095e-35 9.5000000000000018 3.5000000000000004 1.0000000180025095e-35 1.0000000180025095e-35 1.0000000180025095e-35 1.0000000180025095e-35
decision_type=2 2 2 2 2 2 2 2 2 2 2 2 2 2
left_child=1 2 3 4 6 -5 -1 8 10 12 -8 -4 -9 -6
right_child=-2 -3 11 5 13 -7 7 9 -10 -11 -12 -13 -14 -15
leaf_value=0.017940771399407827 0.084075815726688305 -0.092236887537767945 -0.015767978756053087 0.089740167374204718 -0.078567532993849748 -0.088146542247848944 -0.080377592550208071 -0.0027653185866630724 0.31548467339209807 -0.34021548420398101 0.087501814267535602 -0.070143435913750204 -0.091960706398675623 0.18425404775311258
leaf_weight=161.41670707426965 15.283965105190871 10.961455190554259 96.539038550108671 14.577935801818967 10.460696730762717 1.9106164127588279 2.2505806684494045 9.4029551222920453 0.63441710174083699 0.539555624127387 5.0330408215522766 17.447874940931797 11.074722182005644 0.6019080653786667
leaf_count=1780 586 202 916 333 128 26 13 91 4 3 83 255 192 9
internal_value=0.000235423 -0.00350209 -0.000571418 0.011732 0.00703335 0.0691275 0.0111771 -0.0265542 0.0580513 -0.0584286 0.0356284 -0.0240912 -0.0510039 -0.0642676
internal_weight=358.135 342.852 331.89 217.903 201.415 16.4886 190.352 28.9353 7.91804 21.0172 7.28362 113.987 20.4777 11.0626
internal_count=4621 4035 3833 2662 2303 359 2166 386 100 286 96 1171 283 137
is_linear=0
shrinkage=0.08


Tree=37
num_leaves=15
num_cat=0
split_feature=16 9 11 9 0 19 18 17 5 0 10 10 1 20
split_gain=16.0985 13.061 12.9645 11.999 10.6787 12.0487 8.53617 6.85161 7.94607 8.68873 6.73086 6.22511 7.99845 9.47965
threshold=1.0000000180025095e-35 0.7250000000000002 1.0000000180025095e-35 1.0000000180025095e-35 1.5000000000000002 0.29165000000000002 1.0000000180025095e-35 1.0000000180025095e-35 1.0000000180025095e-35 2.5000000000000004 0.69500000000000006 0.52500000000000013 16.500000000000004 1.0000000180025095e-35
decision_type=2 2 2 2 2 2 2 2 2 2 2 2 2 2
left_child=1 2 3 -1 -5 6 7 8 -6 -10 -7 12 -4 -14
right_child=-2 -3 11 4 5 10 -8 -9 9 -11 -12 -13 13 -15
leaf_value=0.087211513680017977 0.083810401181503222 0.093164984908309961 0.01382652684480202 -0.08512746386734435 -0.014822826951525805 -0.068001719486161585 0.083913683800157471 -0.0879173008058029 0.066874612796045702 -0.18912838041282837 0.067422725441808537 0.093107544411425491 -0.070257391698206342 0.09548785039652645
leaf_weight=6.2782218605279914 14.151751231402157 8.7529217395931465 137.55682690069079 17.190570961683989 81.948544889688492 33.572036065161228 6.4692988805472842 6.8847675248980513 13.126243690028783 0.9071264825761326 2.5255540870130053 5.6282138470560303 14.243534013628961 2.6137209199368945
leaf_count=152 586 162 1333 354 633 657 161 112 144 7 27 126 134 33
internal_value=0.000218664 -0.00328438 -0.00585081 -0.0213107 -0.0255002 -0.0184522 -0.00522141 -0.0108271 -0.00529746 0.0503264 -0.0585268 0.0104649 0.00745268 -0.0445586
internal_weight=351.849 337.698 328.945 168.902 162.624 145.434 109.336 102.867 95.9819 14.0334 36.0976 160.042 154.414 16.8573
internal_count=4621 4035 3873 2247 2095 1741 1057 896 784 151 684 1626 1500 167
is_linear=0
shrinkage=0.08


Tree=38
num_leaves=15
num_cat=0
split_feature=16 15 13 10 10 17 19 9 0 14 1 19 1 6
split_gain=14.7838 12.6068 12.3402 7.88417 7.9898 7.15718 6.35036 10.2461 6.17041 15.8325 8.21293 6.2081 10.4609 12.9836
threshold=1.0000000180025095e-35 1.0000000180025095e-35 1.0000000180025095e-35 0.68500000000000016 0.67500000000000016 1.0000000180025095e-35 0.87500000000000011 1.0000000180025095e-35 1.5000000000000002 1.0000000180025095e-35 15.500000000000002 0.29165000000000002 14.500000000000002 0.29165000000000002
decision_type=2 2 2 2 2 2 2 2 2 2 2 2 2 2
left_child=1 2 3 4 6 -5 -1 -8 -4 11 -11 12 -10 -14
right_child=-2 -3 8 5 -6 -7 7 -9 9 10 -12 -13 13 -15
leaf_value=0.01677353501747781 0.083560231793178841 -0.091686649156887498 -0.052829529510784956 0.08883530853932517 -0.06203865030854621 -0.087032380312230748 0.054842517143750991 -0.05519164443112886 -0.031971645834455401 0.10712708269339145 -0.030781232351091599 -0.066024110964403498 0.21086001839511603 0.0084906985199275035
leaf_weight=158.40493802540004 13.101242169737814 9.9688621424138528 30.168029095977545 12.67237349785864 10.213574923574923 1.6769629493355758 7.4595002084970501 19.770855717360973 36.993324600160122 9.7810121700167638 3.8522332683205596 18.381553810089827 2.651223473250865 8.6456072852015478
leaf_count=1780 586 202 308 333 137 26 100 286 382 96 27 240 18 100
internal_value=0.000213459 -0.00308906 -0.000334787 0.0110424 0.00684858 0.0682822 0.0106387 -0.0250488 -0.0219823 -0.0103939 0.0681595 -0.0264568 -0.0113956 0.0559842
internal_weight=343.741 330.64 320.671 210.198 195.849 14.3493 185.635 27.2304 110.473 80.305 13.6332 66.6717 48.2902 11.2968
internal_count=4621 4035 3833 2662 2303 359 2166 386 1171 863 123 740 500 118
is_linear=0
shrinkage=0.08


Tree=39
num_leaves=15
num_cat=0
split_feature=16 15 9 13 11 0 6 14 21 1 19 19 9 0
split_gain=13.5801 11.5992 10.7033 10.3458 5.78557 6.78181 10.9927 10.103 9.00548 6.37191 6.81724 5.83028 5.58637 16.002
threshold=1.0000000180025095e-35 1.0000000180025095e-35 0.7250000000000002 1.0000000180025095e-35 1.0000000180025095e-35 1.5000000000000002 0.22500000000000003 1.0000000180025095e-35 1.0000000180025095e-35 15.500000000000002 0.29165000000000002 0.29165000000000002 1.0000000180025095e-35 1.5000000000000002
decision_type=2 2 2 2 2 2 2 2 2 2 2 2 2 2
left_child=1 2 3 12 -5 7 9 8 -6 -7 -11 -8 -1 -14
right_child=-2 -3 -4 4 5 6 11 -9 -10 10 -12 -13 13 -15
leaf_value=0.036656595713210983 0.0833245561060455 -0.0912020545983558 0.0920214455004527 -0.040928810662168136 0.057412900773720188 0.080074134869598287 0.027686837086736516 -0.099220102416566439 -0.08795781196075908 0.10586807420345878 -0.07696416583265614 -0.10978615316787065 -0.092781347771584533 0.0083114503153730365
leaf_weight=35.750534456223249 12.126793349161742 9.2493422254919988 7.835570001974701 54.889184273779392 8.4101600646972638 15.071515403687959 3.2315031513571721 9.5180626139044762 4.0361771546304235 1.9317752122879017 4.0242008417844772 5.0753653943538666 10.711217194795607 155.5318915490061
leaf_count=431 586 202 162 762 42 143 33 42 50 15 26 33 192 1902
internal_value=0.000201938 -0.00289709 -0.00031254 -0.00266015 -0.0228764 -0.00356045 0.0216094 -0.0371758 0.0102712 0.0523901 -0.0176639 -0.056307 0.00796751 0.00179794
internal_weight=337.393 325.266 316.017 308.182 106.188 51.2988 29.3344 21.9644 12.4463 21.0275 5.95598 8.30687 201.994 166.243
internal_count=4621 4035 3833 3671 1146 384 250 134 92 184 41 66 2525 2094
is_linear=0
shrinkage=0.08


Tree=40
num_leaves=15
num_cat=0
split_feature=16 8 15 9 21 19 20 12 10 0 1 6 5 17
split_gain=12.481 10.9288 9.82368 8.62152 8.15689 13.1336 16.3548 13.4517 15.3598 12.702 10.7652 9.08173 7.66754 8.73478
threshold=1.0000000180025095e-35 1.0000000180025095e-35 1.0000000180025095e-35 0.7250000000000002 1.0000000180025095e-35 0.29165000000000002 1.0000000180025095e-35 1.5000000000000002 0.67500000000000016 1.5000000000000002 7.5000000000000009 0.45000000000000007 1.0000000180025095e-35 1.0000000180025095e-35
decision_type=2 2 2 2 2 2 2 2 2 2 2 2 2 2
left_child=1 2 3 4 5 7 -7 10 -9 -6 -1 -8 -10 -14
right_child=-2 -3 -4 -5 9 6 11 8 12 -11 -12 -13 13 -15
leaf_value=0.047502339857890361 0.083102683899020077 0.057564833856838922 -0.090734700275178451 0.088391373917293778 -0.078441755231152058 -0.045985356393141268 0.070257727562329536 0.068472568264100434 -0.095089160686707419 0.030831834015491718 -0.017079412703217368 -0.052874801289672591 0.061120528928074964 -0.08413911560090824
leaf_weight=20.292231913655996 11.223119860514997 18.145947843790054 8.5804242119193059 6.3391813337802878 21.745432537049059 65.525342488661408 14.343476805835964 42.2167102470994 5.8274631649255761 9.910897469148038 88.835586814209819 5.2318884544074526 8.5617499314248544 3.8365589380264291
leaf_count=187 586 240 202 151 422 814 234 622 44 70 667 63 235 84
internal_value=0.000182893 -0.00273082 -0.00636279 -0.00388917 -0.00593223 -0.00117163 -0.0268165 0.0116985 0.0419746 -0.0442306 -0.00507049 0.0373482 -0.019403 0.0161711
internal_weight=330.616 319.393 301.247 292.667 286.327 254.671 85.1007 169.57 60.4425 31.6563 109.128 19.5754 18.2258 12.3983
internal_count=4621 4035 3795 3593 3442 2950 1111 1839 985 492 854 297 363 319
is_linear=0
shrinkage=0.08


Tree=41
num_leaves=15
num_cat=0
split_feature=16 15 9 13 1 10 20 19 1 8 10 19 6 14
split_gain=11.4733 9.81498 9.01777 8.63646 5.62544 6.40346 5.78237 6.3726 7.16915 5.02445 6.09078 7.92539 7.71256 5.7329
threshold=1.0000000180025095e-35 1.0000000180025095e-35 0.7250000000000002 1.0000000180025095e-35 13.500000000000002 0.69500000000000006 1.0000000180025095e-35 0.41665000000000002 21.500000000000004 1.0000000180025095e-35 1.0000000180025095e-35 0.41665000000000002 0.87500000000000011 1.0000000180025095e-35
decision_type=2 2 2 2 2 2 2 2 2 2 2 2 2 2
left_child=1 2 3 4 9 6 7 8 -6 10 13 -12 -13 -1
right_child=-2 -3 -4 -5 5 -7 -8 -9 -10 -11 11 12 -14 -15
leaf_value=-0.0090631600641212923 0.082893949884404933 -0.090281992807906705 0.090743915218944038 -0.021452379955018128 0.010115782286627753 0.070988905636069757 0.069989527467815851 -0.061357064241890913 -0.19421168054684368 0.089247259445642602 0.072756603710273732 -0.092510779760694287 0.061187629157359064 0.030387822409860894
leaf_weight=71.480813544243574 10.385277625173329 7.9588468596339217 6.8089176639914504 100.24810349754989 20.581193553283814 5.0598823279142371 3.8860358819365493 22.759940844029188 1.160985693335532 5.7248991206288329 20.149366453289986 4.4173826314508933 3.9649853967130184 35.174947310239077
leaf_count=630 586 202 162 1146 254 127 63 320 10 81 461 76 34 469
internal_value=0.000184472 -0.00259196 -0.000276523 -0.00238016 0.00745699 -0.014642 -0.0235963 -0.0317685 -0.000794866 0.0158391 0.0127305 0.0455616 -0.0198091 0.00394773
internal_weight=319.762 309.376 301.417 294.609 194.36 53.448 48.3882 44.5021 21.7422 140.912 135.187 28.5317 8.38237 106.656
internal_count=4621 4035 3833 3671 2525 774 647 584 264 1751 1670 571 110 1099
is_linear=0
shrinkage=0.08


Tree=42
num_leaves=15
num_cat=0
split_feature=16 8 15 10 17 10 21 19 10 6 20 0 10 12
split_gain=10.5429 9.06927 8.36503 7.46834 14.5546 9.0246 9.11414 12.1837 23.3768 16.3999 13.0194 10.5218 8.56662 8.025
threshold=1.0000000180025095e-35 1.0000000180025095e-35 1.0000000180025095e-35 0.68500000000000016 1.0000000180025095e-35 0.67500000000000016 1.0000000180025095e-35 0.29165000000000002 1.0000000180025095e-35 0.29165000000000002 1.0000000180025095e-35 1.5000000000000002 0.66500000000000015 1.5000000000000002
decision_type=2 2 2 2 2 2 2 2 2 2 2 2 2 2
left_child=1 2 3 5 -5 6 7 8 13 10 -9 -8 -11 -1
right_child=-2 -3 -4 4 -6 -7 11 9 -10 12 -12 -13 -14 -15
leaf_value=-0.0070292016734055619 0.082697729131201783 0.054241725379681895 -0.089841923652807923 0.090335801588502976 -0.084246353821565118 -0.066226943031114274 -0.077356448199384073 -0.024267307458299952 0.093170108938998603 -0.087466572737672318 0.068678869850028385 0.02776002515810036 0.27138506207110508 0.045106666315262771
leaf_weight=103.83794605359435 9.6086465306580049 17.068770548328757 7.3814794514328232 12.689761216752233 4.0257559306919566 15.425362987443803 20.075232308357958 34.51804493367672 21.221263721585274 22.424755858257416 13.385243453085421 8.7509175110608322 0.4339945949614038 23.098381079733372
leaf_count=718 586 240 202 362 91 241 422 333 423 344 234 56 3 366
internal_value=0.000191245 -0.00241368 -0.00578001 -0.00356304 0.0482895 -0.00685649 -0.00315992 0.00240804 0.015451 -0.0249005 0.00170392 -0.0454456 -0.0806534 0.00245787
internal_weight=313.946 304.337 287.268 279.887 16.7155 263.171 247.746 218.92 148.158 70.762 47.9033 28.8261 22.8588 126.936
internal_count=4621 4035 3795 3593 453 3140 2899 2421 1507 914 567 478 347 1084
is_linear=0
shrinkage=0.08


Tree=43
num_leaves=15
num_cat=0
split_feature=16 15 9 13 1 7 20 19 1 12 0 1 19 11
split_gain=9.69622 8.31148 7.80774 6.91459 5.12365 5.86233 4.96381 4.859 7.80156 6.04728 7.19086 4.81874 7.35686 6.12548
threshold=1.0000000180025095e-35 1.0000000180025095e-35 0.7250000000000002 1.0000000180025095e-35 13.500000000000002 0.87500000000000011 1.0000000180025095e-35 0.41665000000000002 21.500000000000004 1.5000000000000002 2.5000000000000004 5.5000000000000009 0.87500000000000011 1.0000000180025095e-35
decision_type=2 2 2 2 2 2 2 2 2 2 2 2 2 2
left_child=1 2 3 4 -1 -6 7 8 9 10 -7 12 -5 -13
right_child=-2 -3 -4 11 5 6 -8 -9 -10 -11 -12 13 -14 -15
leaf_value=0.015058584527665111 0.08251341922691717 -0.089413008444045858 0.090022212851836522 -0.055783451164537493 0.078603099117534922 0.0029733844290194501 0.0675431718724048 -0.057348319366255861 -0.21359115076824098 0.028077636014227407 -0.22384626981709602 -0.03414882743781468 -0.32575449361110614 0.0075444117549492038
leaf_weight=134.8236795887351 8.8889096714556199 6.8453352916985741 6.0080433851107946 5.6446297131478778 3.9628930985927573 2.3362638354301515 3.5956645421683779 21.376926939934492 1.0755113437771786 16.752577114850283 1.4495702087879183 48.391463750973344 0.729496769607067 42.235529780387878
leaf_count=1751 586 202 162 54 39 18 64 322 9 315 7 735 7 350
internal_value=0.000189619 -0.00228904 -0.000220977 -0.00214107 0.0069147 -0.0148064 -0.0227523 -0.0303044 -0.00355702 0.00744159 -0.0838743 -0.019447 -0.0866807 -0.0147182
internal_weight=304.116 295.228 288.382 282.374 185.373 50.5494 46.5865 42.9908 21.6139 20.5384 3.78583 97.0011 6.37413 90.627
internal_count=4621 4035 3833 3671 2525 774 735 671 349 340 25 1146 61 1085
is_linear=0
shrinkage=0.08


Tree=44
num_leaves=15
num_cat=0
split_feature=16 8 15 10 17 10 21 19 10 6 20 0 1 10
split_gain=8.91606 7.73059 7.11135 6.4503 13.1092 7.99786 8.21226 10.3196 21.32 14.7769 11.3172 9.44635 7.51367 7.22858
threshold=1.0000000180025095e-35 1.0000000180025095e-35 1.0000000180025095e-35 0.68500000000000016 1.0000000180025095e-35 0.67500000000000016 1.0000000180025095e-35 0.29165000000000002 1.0000000180025095e-35 0.29165000000000002 1.0000000180025095e-35 1.5000000000000002 16.500000000000004 0.65500000000000014
decision_type=2 2 2 2 2 2 2 2 2 2 2 2 2 2
left_child=1 2 3 5 -5 6 7 8 -1 10 12 -8 -9 -11
right_child=-2 -3 -4 4 -6 -7 11 9 -10 13 -12 -13 -14 -15
leaf_value=0.0024152846192312238 0.082340438709004968 0.051391635578898802 -0.088994194479274993 0.089727897785846486 -0.083890822108779087 -0.063842567013824014 -0.07618009133578206 -0.0073209127091901846 0.09235181744361072 -0.085164305523105777 0.067187828723767384 0.024724271639189027 -0.11969972526065892 0.22505861928353429
leaf_weight=125.05224811658263 8.2220382466912252 16.305573474615812 6.3475819677114478 11.431405419483779 3.6791081167757502 14.593802895396946 18.665927756577734 29.284604895859957 19.499693900346756 21.018597917631272 12.50787056609988 8.7078040800988656 4.3767940551042548 0.49196389690041442
leaf_count=1084 586 240 202 362 91 241 422 300 423 343 234 56 33 4
internal_value=0.000181249 -0.00213246 -0.00529849 -0.0033258 0.0474552 -0.0063444 -0.00284233 0.00247673 0.0145475 -0.0233043 0.00221112 -0.0440816 -0.0219329 -0.0780693
internal_weight=300.185 291.963 275.657 269.31 15.1105 254.199 239.606 212.232 144.552 67.6798 46.1693 27.3737 33.6614 21.5106
internal_count=4621 4035 3795 3593 453 3140 2899 2421 1507 914 567 478 333 347
is_linear=0
shrinkage=0.08


Tree=45
num_leaves=15
num_cat=0
split_feature=16 9 15 1 12 21 1 19 4 0 19 10 10 7
split_gain=8.2038 7.07337 6.7597 5.88253 8.10179 7.62313 8.14339 6.60596 8.82952 19.0286 15.4184 8.34334 6.62817 5.99791
threshold=1.0000000180025095e-35 0.7250000000000002 1.0000000180025095e-35 16.500000000000004 1.5000000000000002 1.0000000180025095e-35 7.5000000000000009 0.87500000000000011 1.0000000180025095e-35 1.5000000000000002 0.41665000000000002 0.66500000000000015 0.69500000000000006 0.87500000000000011
decision_type=2 2 2 2 2 2 2 2 2 2 2 2 2 2
left_child=1 2 3 4 5 6 -1 8 9 -6 11 -10 -12 -5
right_child=-2 -3 -4 13 7 -7 -8 -9 10 -11 12 -13 -14 -15
leaf_value=0.035528752194952919 0.082178227426014647 0.08940854695471942 -0.088584832701447361 0.059322291370130523 -0.098600285560111897 -0.070579815759999207 -0.015379874637770232 -0.034965227531483081 0.08834509934702485 0.060750262036602803 -0.083346375199417247 -0.0084559313255285189 0.077212861841366442 -0.048444949623863143
leaf_weight=25.376704201102257 7.60427342634648 5.3146867770701638 5.8855448467656961 3.7729493863880661 5.2892291732132426 12.426323855295776 96.886217841878533 13.012389192357658 11.039567230269315 51.43200346454978 13.948784653097389 11.778324952349065 1.8656011223793019 26.664745911955833
leaf_count=290 586 162 202 41 86 340 920 113 199 696 266 299 21 400
internal_value=0.000172389 -0.00201802 -0.00375725 -0.00193177 0.00222018 -0.0108809 -0.00481336 0.0185037 0.0258003 0.0458909 -0.00369736 0.0383776 -0.0644054 -0.0350865
internal_weight=292.297 284.693 279.378 273.493 243.055 134.689 122.263 108.366 95.3535 56.7212 38.6323 22.8179 15.8144 30.4377
internal_count=4621 4035 3873 3671 3230 1550 1210 1680 1567 782 785 498 287 441
is_linear=0
shrinkage=0.08


Tree=46
num_leaves=15
num_cat=0
split_feature=16 15 9 8 1 14 21 0 19 19 10 10 18 1
split_gain=7.54881 6.47449 6.22218 5.39135 5.95301 7.40461 7.06033 8.40056 6.18131 6.15868 5.79662 5.74864 5.36615 8.65403
threshold=1.0000000180025095e-35 1.0000000180025095e-35 0.7250000000000002 1.0000000180025095e-35 16.500000000000004 1.0000000180025095e-35 1.0000000180025095e-35 1.5000000000000002 0.55000000000000016 0.41665000000000002 1.0000000180025095e-35 1.0000000180025095e-35 1.0000000180025095e-35 15.500000000000002
decision_type=2 2 2 2 2 2 2 2 2 2 2 2 2 2
left_child=1 2 3 4 6 10 8 11 12 -7 -6 -8 -1 -14
right_child=-2 -3 -4 -5 5 9 7 -9 -10 -11 -12 -13 13 -15
leaf_value=0.0054944710375457182 0.08202624120101934 -0.088184577195129163 0.088813574346903568 0.045274785675899355 -0.12036516912358286 0.091621803066911964 -0.083999050597751757 0.029665718640476901 -0.031847679719215913 -0.066223765912385851 -0.030313683708210474 0.14621004087305831 0.083223573363329514 -0.07786479576485604
leaf_weight=163.02222377993166 7.0321092363446942 5.4567101392894974 4.9376099789515129 14.707968642935155 7.6440836880356136 4.1404558047652236 15.586320295929912 7.2672295477241269 26.295315368101001 2.5601806640625 11.393633680418132 0.72658778727054674 12.409235848113893 2.5777404252439728
leaf_count=1808 586 202 162 229 67 57 414 50 397 28 217 5 349 50
internal_value=0.000165459 -0.00189985 -0.00017689 -0.00181442 -0.00454519 -0.0410148 -0.000426147 -0.0418748 0.00435772 0.0313121 -0.0664714 -0.0737454 0.00970594 0.0555166
internal_weight=285.757 278.725 273.269 268.331 253.623 25.7384 227.885 23.5801 204.305 6.70064 19.0377 16.3129 178.009 14.987
internal_count=4621 4035 3833 3671 3442 369 3073 469 2604 85 284 419 2207 399
is_linear=0
shrinkage=0.08


Tree=47
num_leaves=15
num_cat=0
split_feature=16 15 9 13 20 19 18 21 6 21 14 1 4 19
split_gain=6.94664 5.9579 5.69813 5.09644 4.36613 6.19588 8.94328 6.73363 5.20834 6.83615 7.78611 6.6713 6.65699 5.85274
threshold=1.0000000180025095e-35 1.0000000180025095e-35 0.7250000000000002 1.0000000180025095e-35 1.0000000180025095e-35 0.41665000000000002 1.0000000180025095e-35 1.0000000180025095e-35 0.29165000000000002 1.0000000180025095e-35 1.0000000180025095e-35 17.500000000000004 1.5000000000000002 0.87500000000000011
decision_type=2 2 2 2 2 2 2 2 2 2 2 2 2 2
left_child=1 2 3 4 5 6 7 -1 9 10 -7 13 -10 -12
right_child=-2 -3 -4 -5 -6 8 -8 -9 12 -11 11 -13 -14 -15
leaf_value=0.011676027445186199 0.081883953362410403 -0.087793343880921818 0.088249844301754837 -0.017026952596760389 0.049221644945027912 0.024729061406361833 0.084643834071596841 -0.067020734619357161 -0.076289477358375116 0.11124895076860529 0.0084305711264408625 -0.25364241996321357 0.097062382654350549 -0.096983892819780773
leaf_weight=93.708323242142797 6.5022784955799571 5.0587222520261994 4.5859256153926244 91.084936277940869 13.968224020674823 15.514244332909584 10.137935096397994 7.516659276559948 14.202800130471585 3.037403665482997 7.0686374902725202 1.0238683149218566 1.5749716870486725 6.4436532184481621
leaf_count=1021 586 202 162 1146 276 161 332 179 301 26 85 9 12 123
internal_value=0.00015639 -0.00177655 -0.000164145 -0.00169256 0.00632557 0.00258603 0.0130069 0.00583225 -0.0211627 -0.00312725 -0.014688 -0.0567574 -0.0589851 -0.0418388
internal_weight=281.429 274.926 269.868 265.282 174.197 160.228 111.363 101.225 48.8656 33.0878 30.0504 14.5362 15.7778 13.5123
internal_count=4621 4035 3833 3671 2525 2249 1532 1200 717 404 378 217 313 208
is_linear=0
shrinkage=0.08


Tree=48
num_leaves=15
num_cat=0
split_feature=16 15 9 8 0 1 14 21 0 10 6 19 10 19
split_gain=6.39448 5.48189 5.22086 4.66126 5.18313 5.08999 6.47458 6.07959 7.61874 5.4215 6.04216 5.19262 5.08173 5.00537
threshold=1.0000000180025095e-35 1.0000000180025095e-35 0.7250000000000002 1.0000000180025095e-35 3.5000000000000004 16.500000000000004 1.0000000180025095e-35 1.0000000180025095e-35 1.5000000000000002 0.68500000000000016 1.2916500000000002 0.41665000000000002 1.0000000180025095e-35 0.55000000000000016
decision_type=2 2 2 2 2 2 2 2 2 2 2 2 2 2
left_child=1 2 3 5 -5 7 9 13 12 10 -7 -8 -9 -1
right_child=-2 -3 -4 4 -6 6 11 8 -10 -11 -12 -13 -14 -15
leaf_value=0.0088590940092394734 0.081750855202679426 -0.087411244968802898 0.087716260232041598 0.056357041158289753 -0.13322867470511701 -0.092814151278544393 0.090502913586350153 -0.08363052309903575 0.02695001530535247 0.04130421227224465 0.10642093233159755 -0.061600101176463529 0.14090971105442768 -0.0291032236018401
leaf_weight=175.64426790270954 6.011736446991562 4.6893806261941782 4.2580519393086425 13.163297401741143 0.99249925464391786 14.904082458466297 3.8008176013827315 14.044672446325421 7.2330547124147406 2.7784179560840121 1.042312167584895 2.3091568723320961 0.67611825466156084 25.449249289929867
leaf_count=2207 586 202 162 223 6 210 57 414 50 66 8 28 5 397
internal_value=0.00014377 -0.00166666 -0.000156728 -0.00158464 0.0430647 -0.00413443 -0.0384898 -0.000309203 -0.0402827 -0.0618231 -0.0797914 0.0330183 -0.0733175 0.0040548
internal_weight=276.997 270.985 266.296 262.038 14.1558 247.882 24.8348 223.047 21.9538 18.7248 15.9464 6.10997 14.7208 201.094
internal_count=4621 4035 3833 3671 229 3442 369 3073 469 284 218 85 419 2604
is_linear=0
shrinkage=0.08


Tree=49
num_leaves=15
num_cat=0
split_feature=12 19 6 10 17 1 20 10 21 10 0 10 10 1
split_gain=5.89184 6.92292 17.3694 10.6681 8.78426 7.06598 7.33117 6.86392 6.42333 5.51591 10.5926 6.64364 11.5162 5.49321
threshold=1.5000000000000002 0.41665000000000002 0.22500000000000003 0.68500000000000016 1.0000000180025095e-35 13.500000000000002 1.0000000180025095e-35 1.0000000180025095e-35 1.0000000180025095e-35 1.0000000180025095e-35 1.5000000000000002 0.67500000000000016 0.68500000000000016 7.5000000000000009
decision_type=2 2 2 2 2 2 2 2 2 2 2 2 2 2
left_child=7 4 5 -4 9 -3 -7 8 13 10 -2 -11 -13 -1
right_child=1 2 3 -5 -6 6 -8 -9 -10 11 -12 12 -14 -15
leaf_value=0.026477467426974429 -0.098886943537896357 0.053934649745664962 -0.08109664910213886 0.078392384597434722 -0.080156854116670853 -0.038414058651565476 0.085657845794693252 0.087340905811977065 -0.075475600586873581 0.098402840532768682 0.032142120771584647 -0.049871376631575245 0.083897282520010566 -0.017549344895835282
leaf_weight=22.095629321411252 4.5838421396911135 23.260668811388314 21.005151860415939 3.0773806916549793 4.3762806560844174 14.543741995468737 3.8560566119849673 4.3541633933782569 10.282176436856387 15.419279064051805 28.495394457131624 7.2973013306036618 9.4565951321274024 101.24228099081665
leaf_count=186 111 271 446 46 101 121 78 176 386 405 546 82 517 1149
internal_value=0.000128413 0.0119859 -0.00663235 -0.0607164 0.0295652 0.0246318 -0.0124122 -0.0115055 -0.0147265 0.036924 0.0139852 0.0605087 0.0256332 -0.00966207
internal_weight=273.346 135.372 65.743 24.0825 69.6287 41.6605 18.3998 137.974 133.62 65.2524 33.0792 32.1732 16.7539 123.338
internal_count=4621 2724 962 492 1762 470 199 1897 1721 1661 657 1004 599 1335
is_linear=0
shrinkage=0.08


Tree=50
num_leaves=15
num_cat=0
split_feature=16 15 9 1 12 10 21 4 19 0 19 10 10 0
split_gain=5.60496 4.91414 4.57896 3.99504 5.79956 5.75985 5.74072 4.87826 12.1152 11.0408 8.72924 7.21808 5.40816 4.54349
threshold=1.0000000180025095e-35 1.0000000180025095e-35 0.7250000000000002 16.500000000000004 1.5000000000000002 1.0000000180025095e-35 1.0000000180025095e-35 1.0000000180025095e-35 0.41665000000000002 1.5000000000000002 0.87500000000000011 0.66500000000000015 0.69500000000000006 3.5000000000000004
decision_type=2 2 2 2 2 2 2 2 2 2 2 2 2 2
left_child=1 2 3 4 5 6 -1 9 11 -6 -11 -9 -10 -12
right_child=-2 -3 -4 -5 7 -7 -8 8 12 10 13 -13 -14 -15
leaf_value=-0.0073534066269754887 0.081548298666510935 -0.08726516902357237 0.087327986473627592 -0.030339135135371467 -0.10118654799527609 0.087189039045811864 -0.074234624383477762 0.084890373015823459 -0.07887271782928014 0.053721863173841852 -0.012251830962163306 -0.010640295847722581 0.068814856769126784 -0.22466440779392277
leaf_weight=115.50276488438249 5.3030772940255693 4.209519922733306 3.7755887578241518 27.291172761470079 3.837844504043459 3.8544585965573779 8.8424948472529632 9.3761285617947596 13.293764701113103 47.465610016137362 10.217564944177862 11.001170777715741 1.8019718565046776 0.68786685168743211
leaf_count=1062 586 202 162 441 88 152 336 199 280 696 93 299 22 3
internal_value=0.000125343 -0.00152803 -0.000123423 -0.00142759 0.00206552 -0.00912398 -0.0121095 0.0167508 -0.00692429 0.030251 0.0388929 0.0333159 -0.0612433 -0.0256499
internal_weight=266.461 261.158 256.948 253.173 225.882 128.2 124.345 97.6819 35.473 62.2089 58.371 20.3773 15.0957 10.9054
internal_count=4621 4035 3833 3671 3230 1550 1398 1680 800 880 792 498 302 96
is_linear=0
shrinkage=0.08


Tree=51
num_leaves=15
num_cat=0
split_feature=16 15 8 6 17 10 4 19 10 5 20 19 10 1
split_gain=5.16086 4.52205 4.25678 4.342 9.04124 7.58077 6.07019 5.90936 5.72633 6.18832 8.32758 5.63412 10.4419 4.70883
threshold=1.0000000180025095e-35 1.0000000180025095e-35 1.0000000180025095e-35 0.58335000000000015 1.0000000180025095e-35 1.0000000180025095e-35 1.0000000180025095e-35 0.29165000000000002 1.0000000180025095e-35 1.0000000180025095e-35 1.0000000180025095e-35 0.41665000000000002 0.67500000000000016 16.500000000000004
decision_type=2 2 2 2 2 2 2 2 2 2 2 2 2 2
left_child=1 2 3 6 5 7 8 -5 9 10 13 12 -8 -1
right_child=-2 -3 -4 4 -6 -7 11 -9 -10 -11 -12 -13 -14 -15
leaf_value=-0.0039587655569462473 0.081437171326880137 -0.086899627236774912 0.043186055777342587 0.021816634139234778 -0.084707248728260631 0.06247743102825546 0.089761832302534511 -0.098841674865429857 0.096315840312941228 -0.1064491223702984 0.063321413832133869 -0.079825710706844591 -0.081471685155521209 -0.068243619346249992
leaf_weight=150.65117250010371 4.9017669344320884 3.9015647303313008 13.742976720444856 8.3331033121794444 4.5308718644082537 22.886615259107202 4.4370868429541588 3.7744738869369021 3.6802800875157109 3.7305891849100581 11.54008839279413 13.299296271055937 4.6864869184792042 7.663453869521617
leaf_count=1663 586 202 240 91 114 721 71 44 65 76 240 374 52 82
internal_value=0.000122331 -0.00142945 -0.000111166 -0.00259862 0.0216274 0.0353951 -0.00739376 -0.015798 -0.00243301 -0.00452664 -0.00228807 -0.0466114 0.00180467 -0.00707057
internal_weight=261.76 256.858 252.956 239.214 39.5251 34.9942 199.688 12.1076 177.266 173.585 169.855 22.4229 9.12357 158.315
internal_count=4621 4035 3833 3593 970 856 2623 135 2126 2061 1985 497 123 1745
is_linear=0
shrinkage=0.08


Tree=52
num_leaves=15
num_cat=0
split_feature=16 15 9 19 18 1 19 10 19 12 20 1 1 12
split_gain=4.75341 4.16072 4.04205 3.69902 5.93434 7.55642 7.28086 7.24671 6.50712 10.6051 4.66307 4.57426 8.43526 10.1024
threshold=1.0000000180025095e-35 1.0000000180025095e-35 0.7250000000000002 0.87500000000000011 1.0000000180025095e-35 11.500000000000002 0.41665000000000002 0.67500000000000016 0.41665000000000002 1.5000000000000002 1.0000000180025095e-35 16.500000000000004 15.500000000000002 1.5000000000000002
decision_type=2 2 2 2 2 2 2 2 2 2 2 2 2 2
left_child=1 2 3 4 10 8 -7 -8 -6 -10 11 12 -1 -14
right_child=-2 -3 -4 -5 5 6 7 -9 9 -11 -12 -13 13 -15
leaf_value=-0.0036694382158423034 0.081333525807280455 -0.086543193393681786 0.08667096728058088 -0.028940779453386811 0.085119352298237846 0.083389945288232653 -0.091313716803373496 0.25386688166342714 0.66308574453733093 0.12198817002014729 0.053165811421983733 -0.037941915002068345 0.23766063252189942 0.031143495373629395
leaf_weight=162.75385253038257 4.5304339104332021 3.6158344591967753 3.3886171025224021 27.517554186284542 4.0299679348245254 4.3486511316150409 4.297877112403512 0.42801400274038304 0.35667988657951333 0.66219714283943176 9.5899555953219515 22.446712031029165 1.9441346600651721 6.8836299814283848
leaf_count=2085 586 202 162 462 162 171 89 4 4 11 198 357 13 115
internal_value=0.000114553 -0.00134407 -0.000105104 -0.00130404 0.00218861 0.0523355 0.00868774 -0.0600514 0.130786 0.311411 -0.00128969 -0.00398118 0.000461642 0.0766247
internal_weight=256.794 252.264 248.648 245.259 217.742 14.1234 9.07454 4.72589 5.04884 1.01888 203.618 194.028 171.582 8.82776
internal_count=4621 4035 3833 3671 3209 441 264 93 177 15 2768 2570 2213 128
is_linear=0
shrinkage=0.08


Tree=53
num_leaves=15
num_cat=0
split_feature=16 8 7 15 17 14 1 0 19 18 1 9 1 20
split_gain=4.3783 4.00986 4.08513 3.51146 3.40972 4.10479 8.99076 4.35987 3.21803 5.04078 7.45245 4.76892 8.11586 4.03235
threshold=1.0000000180025095e-35 1.0000000180025095e-35 0.87500000000000011 1.0000000180025095e-35 1.0000000180025095e-35 1.0000000180025095e-35 17.500000000000004 3.5000000000000004 0.55000000000000016 1.0000000180025095e-35 13.500000000000002 1.0000000180025095e-35 9.5000000000000018 1.0000000180025095e-35
decision_type=2 2 2 2 2 2 2 2 2 2 2 2 2 2
left_child=1 2 -1 8 5 -3 7 -7 9 -4 -11 12 13 -10
right_child=-2 4 3 -5 -6 6 -8 -9 11 10 -12 -13 -14 -15
leaf_value=0.08564148147290826 0.081236920086030312 0.08931518522644788 -0.0035320174856101672 -0.086196415182438244 -0.10667776991338 0.084260507400138407 -0.28739580630313122 -0.10211252145938535 -0.080920361026836946 0.089437188619808802 -0.043453082780402545 -0.053576045697093254 0.30881360424336779 0.038079959416009029
leaf_weight=3.2341657783836117 4.1868895017541936 7.5622661653906071 191.29700572509319 3.3507236279547206 0.9262859523296364 3.1654103137552738 0.62787573225796212 1.0765156075358389 2.745520181953907 8.7788741029798967 3.9009058959782115 17.859396060928702 0.57583786547184068 5.4200525879859924
leaf_count=41 586 148 2667 202 6 70 10 6 19 303 127 332 3 101
internal_value=0.000103839 -0.00125212 -0.00365419 -0.00488874 0.041394 0.0524265 -0.00485759 0.0369628 -0.00370719 -0.000294215 0.0485538 -0.0298781 0.0185386 -0.00193166
internal_weight=254.708 250.521 237.162 233.928 13.3584 12.4321 4.8698 4.24193 230.578 203.977 12.6798 26.6008 8.74141 8.16557
internal_count=4621 4035 3795 3754 240 234 86 76 3552 3097 430 455 123 120
is_linear=0
shrinkage=0.08


Tree=54
num_leaves=15
num_cat=0
split_feature=12 17 10 10 19 6 10 0 10 1 20 14 21 1
split_gain=4.14795 5.14246 9.1947 7.77543 6.54806 17.0524 9.18185 8.99331 7.67282 5.16719 6.58274 5.14649 5.12598 6.26782
threshold=1.5000000000000002 1.0000000180025095e-35 0.68500000000000016 0.67500000000000016 0.29165000000000002 0.22500000000000003 1.0000000180025095e-35 1.5000000000000002 0.52500000000000013 13.500000000000002 1.0000000180025095e-35 1.0000000180025095e-35 1.0000000180025095e-35 7.5000000000000009
decision_type=2 2 2 2 2 2 2 2 2 2 2 2 2 2
left_child=12 2 3 4 6 9 7 -2 -7 -6 -11 -5 13 -1
right_child=1 -3 -4 11 5 8 -8 -9 -10 10 -12 -13 -14 -15
leaf_value=0.031394716896523435 -0.10074334907978261 -0.069525332281749383 0.087294913839635641 -0.066987729192734713 0.050027078290333898 -0.094431892569532785 0.09687432318657152 0.032496266945902762 0.16314043904897205 -0.028430166945578352 0.087073157962761258 0.19778718610917845 -0.067821589523177808 -0.014319735700839845
leaf_weight=23.833491225726902 3.7871284410357502 4.8907615821808568 10.062468713615088 10.801557799801227 21.479893912561238 13.043649269733574 12.376608137972651 22.530043737031519 0.78470833785832006 16.432793481275443 3.9091131985187522 0.49119156040251333 9.0482231117784959 98.629196955356747
leaf_count=310 111 121 555 239 268 274 401 484 9 166 84 12 390 1197
internal_value=0.000110377 0.0108267 0.0142233 0.00726281 0.0147719 -0.00280234 0.0400475 0.0133226 -0.0798156 0.0226621 -0.00623384 -0.055471 -0.00971602 -0.00542286
internal_weight=252.101 120.59 115.699 105.637 94.3439 55.6502 38.6938 26.3172 13.8284 41.8218 20.3419 11.2927 131.511 122.463
internal_count=4621 2724 2603 2048 1797 801 996 595 283 518 250 251 1897 1507
is_linear=0
shrinkage=0.08


Tree=55
num_leaves=15
num_cat=0
split_feature=9 16 15 13 1 19 14 21 11 6 0 1 1 6
split_gain=3.92414 3.48117 3.32709 3.2599 4.66483 7.29804 6.75704 4.33777 3.54635 4.41597 4.18359 11.6622 4.13895 12.5985
threshold=0.7250000000000002 1.0000000180025095e-35 1.0000000180025095e-35 1.0000000180025095e-35 5.5000000000000009 0.87500000000000011 1.0000000180025095e-35 1.0000000180025095e-35 1.0000000180025095e-35 0.22500000000000003 1.5000000000000002 8.5000000000000018 15.500000000000002 0.29165000000000002
decision_type=2 2 2 2 2 2 2 2 2 2 2 2 2 2
left_child=1 2 3 -1 5 6 7 -5 12 10 11 -10 -6 -14
right_child=-2 -3 -4 4 8 -7 -8 -9 9 -11 -12 -13 13 -15
leaf_value=0.0057174867140129641 0.085499129349239186 0.081068502758697578 -0.085864954862686166 0.1313411009363443 -0.036258818584352398 -0.33572555868210269 -0.14930571806957588 -0.082933074242516919 0.047577959932585276 -0.054038615566422629 0.048438374948372012 -0.10127779233637879 0.25050192992934356 -0.025640226351633925
leaf_weight=154.36765386164188 3.3967218818143001 3.256698176264762 3.0040469737723461 1.4285818040370932 34.050291115418077 0.65612618625164021 2.3220357801765203 1.048390306532383 8.5962710529565829 5.9496569745242587 16.638933155685663 5.5388312190771094 1.3544681463390578 4.8208891320973635
leaf_count=2525 229 519 202 6 614 7 12 36 65 68 184 33 14 107
internal_value=0.000106918 -0.00108656 -0.00220241 -0.00114094 -0.0139888 -0.0854766 -0.0512623 0.0406485 -0.00892082 0.00905367 0.0212515 -0.0107511 -0.0253305 0.0349272
internal_weight=246.43 243.033 239.776 236.772 82.4045 5.45513 4.79901 2.47697 76.9493 36.7237 30.774 14.1351 40.2256 6.17536
internal_count=4621 4392 3873 3671 1146 61 54 42 1085 350 282 98 735 121
is_linear=0
shrinkage=0.08


Tree=56
num_leaves=15
num_cat=0
split_feature=10 17 10 14 10 5 21 0 6 19 10 19 18 0
split_gain=3.68737 10.9487 4.8979 4.65592 4.11365 3.77642 3.87698 6.11504 4.56817 3.75533 3.74586 3.61402 3.87271 3.85215
threshold=0.68500000000000016 1.0000000180025095e-35 0.67500000000000016 1.0000000180025095e-35 0.52500000000000013 1.5000000000000002 1.0000000180025095e-35 1.5000000000000002 0.22500000000000003 1.0000000180025095e-35 1.0000000180025095e-35 0.87500000000000011 1.0000000180025095e-35 3.5000000000000004
decision_type=2 2 2 2 2 2 2 2 2 2 2 2 2 2
left_child=2 -2 4 -4 5 6 11 10 9 -9 -8 -1 13 -13
right_child=1 -3 3 -5 -6 -7 7 8 -10 -11 -12 12 -14 -15
leaf_value=0.0077483562814606626 0.087079232423888583 -0.08476312636261879 -0.064940630314514844 0.1964411915961074 0.10099324165681653 -0.098728615617682966 -0.082566987915202714 -0.030209957885282614 -0.076223138945467186 0.10493456771044944 0.12417507392821532 0.0035068896324347279 -0.07569632117564859 -0.18345868423125633
leaf_weight=172.83206578996032 9.1754134590737504 3.2006698064506045 10.588213695678856 0.45488631725311357 2.5724768857471636 2.4897396760061374 10.713773152790964 2.0302382344380003 2.286812761798501 3.7401592945680022 0.59187085181474763 16.029348539654173 6.9631495643407098 0.73773711919784446
leaf_count=2636 555 95 245 12 93 28 476 14 25 29 5 209 196 3
internal_value=9.04526e-05 0.0426378 -0.00217895 -0.0541738 0.000419322 -0.000765231 0.000364342 -0.0337904 0.0194646 0.0573857 -0.0717437 0.00372884 -0.0255461 -0.00471943
internal_weight=244.407 12.3761 232.03 11.0431 220.987 218.415 215.925 19.3629 8.05721 5.7704 11.3056 196.562 23.7302 16.7671
internal_count=4621 650 3971 257 3714 3621 3593 549 68 43 481 3044 408 212
is_linear=0
shrinkage=0.08


Tree=57
num_leaves=15
num_cat=0
split_feature=9 16 8 1 14 6 10 21 0 19 10 1 14 17
split_gain=3.48121 3.12091 3.08416 3.2597 4.94227 4.65172 4.42872 3.53733 5.28408 3.52198 3.42429 3.17644 4.92928 3.49138
threshold=0.7250000000000002 1.0000000180025095e-35 1.0000000180025095e-35 16.500000000000004 1.0000000180025095e-35 1.1250000000000002 0.68500000000000016 1.0000000180025095e-35 1.5000000000000002 0.41665000000000002 1.0000000180025095e-35 14.500000000000002 1.0000000180025095e-35 1.0000000180025095e-35
decision_type=2 2 2 2 2 2 2 2 2 2 2 2 2 2
left_child=1 2 3 7 5 6 -5 -1 10 -6 -9 -4 13 -13
right_child=-2 -3 11 4 9 -7 -8 8 -10 -11 -12 12 -14 -15
leaf_value=0.0021890059233640865 0.085407750641787211 0.080991098943759443 0.081832831166769898 -0.087676760178728372 0.077338782465168704 0.086232978965065737 0.044742824149528022 -0.082373634532141402 0.019938023939184386 -0.058100063817414595 0.12089521223073786 0.090832793902688322 -0.093716837177670098 -0.10527892861610516
leaf_weight=185.94008510513231 3.0215030885301521 2.9343189359642556 5.5583957675844413 12.390669927001001 3.6143506821244946 1.3263821993023146 1.8589247204363335 9.8533588177524507 6.6296574817970386 1.8617530567571519 0.56058244779706079 3.1075068004429345 2.3169913226738572 0.71459443867206562
leaf_count=2732 229 519 130 210 61 17 57 473 57 32 5 65 29 5
internal_value=7.58146e-05 -0.00100448 -0.00202513 -0.00411604 -0.0340803 -0.0570637 -0.070402 -0.00100835 -0.0358905 0.0312926 -0.0714317 0.038021 -0.00164671 0.054167
internal_weight=241.689 238.668 235.733 224.036 21.0521 15.576 14.2496 202.984 17.0436 5.4761 10.4139 11.6975 6.13909 3.8221
internal_count=4621 4392 3873 3644 377 284 267 3267 535 93 478 229 99 70
is_linear=0
shrinkage=0.08


Tree=58
num_leaves=15
num_cat=0
split_feature=9 15 16 13 1 19 14 21 1 9 11 1 6 6
split_gain=3.19685 3.09152 2.80232 2.68022 4.02635 5.6153 6.15976 3.46713 3.26179 6.51537 2.9185 3.85561 8.9815 3.69491
threshold=0.7250000000000002 1.0000000180025095e-35 1.0000000180025095e-35 1.0000000180025095e-35 5.5000000000000009 0.87500000000000011 1.0000000180025095e-35 1.0000000180025095e-35 5.5000000000000009 1.0000000180025095e-35 1.0000000180025095e-35 15.500000000000002 0.29165000000000002 0.22500000000000003
decision_type=2 2 2 2 2 2 2 2 2 2 2 2 2 2
left_child=1 2 3 8 5 6 7 -5 9 -1 11 -6 -13 -12
right_child=-2 -3 -4 4 10 -7 -8 -9 -10 -11 13 12 -14 -15
leaf_value=0.079272452470162444 0.085045278627459489 -0.085650401231408518 0.080918268322084971 0.12457678018716385 -0.034063102750538657 -0.29360048909108932 -0.14078034936521688 -0.082294117160751856 0.0026361234376076209 -0.17693658052918687 0.019718344210766046 0.20299387645175263 -0.021831708628706942 -0.049998297459375299
leaf_weight=7.0095486622303724 2.8006056062877169 2.724951433017849 2.7110570066142818 1.3787189126014703 32.697042470797896 0.68930018041282881 2.2737909648567438 0.83103740867227305 143.76237283181399 0.69853182882070441 30.016014033928514 1.5302053056657303 4.4278160333633423 5.8065004274249068
leaf_count=172 229 202 519 6 614 7 12 36 2337 16 282 14 107 68
internal_value=7.44888e-05 -0.000931483 5.57852e-05 -0.000892735 -0.012773 -0.0810225 -0.0483408 0.0467775 0.00535447 0.0560539 -0.0080327 -0.0232779 0.0359105 0.00841792
internal_weight=239.357 236.557 233.832 231.121 79.6504 5.17285 4.48355 2.20976 151.47 7.70808 74.4776 38.6551 5.95802 35.8225
internal_count=4621 4392 4190 3671 1146 61 54 42 2525 188 1085 735 121 350
is_linear=0
shrinkage=0.08


Tree=59
num_leaves=15
num_cat=0
split_feature=10 17 10 14 10 4 1 21 0 6 12 19 6 6
split_gain=3.12358 9.85889 4.09897 4.13803 3.68287 3.0961 3.02723 4.05624 4.42989 3.88313 3.74489 10.7823 12.7788 5.05656
threshold=0.68500000000000016 1.0000000180025095e-35 0.67500000000000016 1.0000000180025095e-35 0.52500000000000013 1.5000000000000002 17.500000000000004 1.0000000180025095e-35 1.5000000000000002 0.29165000000000002 1.5000000000000002 0.29165000000000002 0.45000000000000007 0.87500000000000011
decision_type=2 2 2 2 2 2 2 2 2 2 2 2 2 2
left_child=2 -2 4 -4 5 6 7 10 -9 -10 13 -12 -13 -1
right_child=1 -3 3 -5 -6 -7 -8 8 9 -11 11 12 -14 -15
leaf_value=-0.0072623164582841671 0.086899013081697341 -0.084186209659379646 -0.06197427425955309 0.19341564652232457 0.098232825696132148 -0.091837714424685871 -0.038416087478909927 -0.071270132120577812 0.048938674995596704 -0.084880291193259336 0.063402836551816513 0.019563313381683729 -0.08712177950592985 0.058717625177409756
leaf_weight=107.17269872780889 8.1348961452022177 2.9328532554209223 9.8190785842016304 0.42355226888321418 2.4339192514307788 2.361007439903914 12.189497807063161 9.4169069647323358 5.1210473855026057 1.9036970883607862 24.498036830686033 33.809151832945645 9.1249902606941742 7.9878661925904444
leaf_count=1209 555 95 245 12 93 27 192 479 39 22 744 440 226 243
internal_value=6.59855e-05 0.041563 -0.00196387 -0.0514134 0.000380801 -0.000734277 0.000284054 0.00265417 -0.0354048 0.0126739 0.00608121 0.0210534 -0.00311096 -0.00268576
internal_weight=237.329 11.0677 226.261 10.2426 216.019 213.585 211.224 199.034 16.4417 7.02474 182.593 67.4322 42.9341 115.161
internal_count=4621 650 3971 257 3714 3621 3594 3402 540 61 2862 1410 666 1452
is_linear=0
shrinkage=0.08


Tree=60
num_leaves=15
num_cat=0
split_feature=7 17 15 19 20 1 8 9 1 20 9 4 18 1
split_gain=2.94205 4.61357 2.75549 2.70484 4.40056 4.24707 4.64396 3.60525 5.9319 3.67952 3.48467 3.42754 3.14056 6.13514
threshold=0.87500000000000011 1.0000000180025095e-35 1.0000000180025095e-35 0.87500000000000011 1.0000000180025095e-35 16.500000000000004 1.0000000180025095e-35 1.0000000180025095e-35 9.5000000000000018 1.0000000180025095e-35 0.7250000000000002 1.5000000000000002 1.0000000180025095e-35 15.500000000000002
decision_type=2 2 2 2 2 2 2 2 2 2 2 2 2 2
left_child=1 -1 3 4 5 6 12 8 9 -5 -7 -6 -2 -14
right_child=2 -3 -4 7 11 10 -8 -9 -10 -11 -12 -13 13 -15
leaf_value=0.098259716437537378 -0.00064212671512688167 -0.096684129497782656 -0.085486237847488697 -0.079623626358143698 0.071962825609884595 -0.044220520135065174 0.084381943310327015 -0.046329691799476803 0.24929226632521848 0.037550326678921546 0.083510200045636779 -0.14004491061477595 0.07591233553214416 -0.079157976804610147
leaf_weight=4.0394032525364301 157.48442396475002 0.96199269033968438 2.459294975269585 2.5793032124638575 7.9979651216417533 18.413512354716662 4.5135863162577143 16.863864704035223 0.65377865731716145 5.1195861548185349 1.4765577765647311 0.51976088248193253 8.2084899861365539 2.0383207630366078
leaf_count=105 2566 11 202 19 207 386 120 337 3 101 159 6 349 50
internal_value=6.66595e-05 0.0607633 -0.00126286 -0.000345827 0.00275768 0.000263196 0.00430501 -0.025041 0.0179404 -0.00170562 -0.0347383 0.0590259 0.00215017 0.0450654
internal_weight=233.33 5.0014 228.328 225.869 200.653 192.135 172.245 25.2165 8.35267 7.69889 19.8901 8.51773 167.731 10.2468
internal_count=4621 116 4505 4303 3843 3630 3085 460 123 120 545 213 2965 399
is_linear=0
shrinkage=0.08


Tree=61
num_leaves=15
num_cat=0
split_feature=6 17 10 19 4 19 10 12 0 17 1 19 20 19
split_gain=2.77135 6.76265 5.01847 4.61191 3.66112 5.76165 6.73457 4.67383 6.40179 4.52776 3.496 4.49035 3.25072 3.28174
threshold=0.58335000000000015 1.0000000180025095e-35 1.0000000180025095e-35 0.29165000000000002 1.0000000180025095e-35 0.41665000000000002 0.67500000000000016 1.5000000000000002 1.5000000000000002 1.0000000180025095e-35 16.500000000000004 0.87500000000000011 1.0000000180025095e-35 0.55000000000000016
decision_type=2 2 2 2 2 2 2 2 2 2 2 2 2 2
left_child=4 2 3 -2 7 6 -6 9 -9 -1 11 -10 13 -12
right_child=1 -3 -4 -5 5 -7 -8 8 10 -11 12 -13 -14 -15
leaf_value=-0.012171337602078582 0.02425896063497247 -0.084253830068093907 0.057918031686600376 -0.085957325996239148 0.077465332597684622 -0.078061727854501925 -0.060294476562870437 -0.10670491098522998 0.041856080956435678 0.10541990535832588 -0.017119859625835669 -0.017646041963331912 0.087797665685564782 -0.14794354267870008
leaf_weight=109.83854397456162 8.1399089777842182 3.5084588229656211 19.32316631777212 3.463729813694953 4.60895667783916 10.177339383400977 4.4775163277518004 2.5728329163976005 42.392515975283459 2.1363839171826831 7.4516318137757445 10.0392371378839 1.5229654759168632 1.4691357538104055
leaf_count=1537 135 114 987 51 116 398 91 106 827 18 96 97 33 15
internal_value=6.8023e-05 0.0210044 0.0329453 -0.00864102 -0.00359744 -0.0367215 0.00958181 -9.8049e-07 0.0169827 -0.0099278 0.022044 0.0304631 -0.0202233 -0.0386648
internal_weight=231.122 34.4353 30.9268 11.6036 196.687 19.2638 9.08647 177.423 65.4483 111.975 62.8755 52.4318 10.4437 8.92077
internal_count=4621 1287 1173 186 3334 605 207 2729 1174 1555 1068 924 144 111
is_linear=0
shrinkage=0.08


Tree=62
num_leaves=15
num_cat=0
split_feature=10 17 10 14 10 19 20 6 0 9 1 19 1 4
split_gain=2.7983 8.24193 3.54772 3.42553 3.14404 16.322 5.10904 3.99729 3.42835 6.90851 7.6775 5.25618 4.93999 4.14206
threshold=0.68500000000000016 1.0000000180025095e-35 0.67500000000000016 1.0000000180025095e-35 1.0000000180025095e-35 0.41665000000000002 1.0000000180025095e-35 1.3666500000000001 1.5000000000000002 1.0000000180025095e-35 12.500000000000002 0.87500000000000011 7.5000000000000009 1.5000000000000002
decision_type=2 2 2 2 2 2 2 2 2 2 2 2 2 2
left_child=2 -2 4 -4 8 -6 7 -7 9 10 12 13 -1 -10
right_child=1 -3 3 -5 5 6 -8 -9 11 -11 -12 -13 -14 -15
leaf_value=0.025134152764051617 0.086125932671191632 -0.083407890626917433 -0.059832881675315149 0.18144304015447585 0.089618138123959273 -0.086498072443947513 0.10272038710069292 0.13727179539400333 0.010609467988894439 -0.089618660037963163 -0.19563770245953901 -0.040750247315337433 -0.033031392205531591 -0.10748758774067055
leaf_weight=20.682191418483853 7.1102464529685658 2.4737688228487968 9.0420455066487158 0.39296705671586174 12.392522166017443 7.8040461693890375 1.2311532134190208 0.54669898748397816 122.13274605898187 7.9583571692928663 1.3452945202589024 15.422080771299077 17.047555156052113 1.9307679869234551
leaf_count=189 555 95 245 12 579 249 13 3 1795 469 6 305 87 19
internal_value=5.93307e-05 0.0423669 -0.00180126 -0.0497838 0.000370104 0.0289915 -0.0494186 -0.0718485 -0.00300187 -0.02168 -0.007843 0.00329623 -0.00114698 0.00877155
internal_weight=227.512 9.58402 217.928 9.43501 208.493 21.9744 9.5819 8.35075 186.519 47.0334 39.075 139.486 37.7297 124.064
internal_count=4621 650 3971 257 3714 844 265 252 2870 751 282 2119 276 1814
is_linear=0
shrinkage=0.08


Tree=63
num_leaves=15
num_cat=0
split_feature=8 10 17 10 10 19 20 6 6 20 6 0 1 2
split_gain=2.60461 2.79219 6.52999 2.79169 3.20176 14.8273 4.66333 3.61928 3.02178 5.47164 4.75419 3.63232 5.90264 3.96259
threshold=1.0000000180025095e-35 0.68500000000000016 1.0000000180025095e-35 0.67500000000000016 1.0000000180025095e-35 0.41665000000000002 1.0000000180025095e-35 1.3666500000000001 1.0000000180025095e-35 1.0000000180025095e-35 0.58335000000000015 2.5000000000000004 10.500000000000002 1.0000000180025095e-35
decision_type=2 2 2 2 2 2 2 2 2 2 2 2 2 2
left_child=1 3 -3 4 8 -6 7 -7 9 -1 -10 12 -12 -13
right_child=-2 2 -4 -5 5 6 -8 -9 10 -11 11 13 -14 -15
leaf_value=-0.0055547738193403029 0.03831660369376113 0.085793077608070478 -0.082191559933861388 -0.047175564429984058 0.088559870238977934 -0.085953862364389857 0.10113934685871839 0.1311085079933183 -0.11531142669061394 0.057581976912678336 -0.095683221428380247 -0.13943481935636423 0.051044098037144041 0.085386981565503992
leaf_weight=150.83134072483517 10.835622502723707 6.0262290805112562 1.9635550267994402 9.0345722858328354 11.45509547716938 7.2478076491970569 1.153539190534502 0.52739722281694401 3.8916677136439821 9.3281260281801206 2.3939704452641291 2.3058178033679719 6.5711487894877791 0.6412880434654652
leaf_count=2111 262 523 91 255 570 249 13 3 104 243 53 20 96 28
internal_value=5.36985e-05 -0.0018894 0.0445095 -0.00369442 -0.00169371 0.0283214 -0.0489613 -0.0712304 -0.0051707 -0.00187752 -0.0385444 -0.013465 0.0118633 -0.0905138
internal_weight=224.207 213.372 7.98978 205.382 196.347 20.3838 8.92874 7.7752 175.963 160.159 15.8039 11.9122 8.96512 2.94711
internal_count=4621 4359 614 3745 3490 835 265 252 2655 2354 301 197 149 48
is_linear=0
shrinkage=0.08


Tree=64
num_leaves=15
num_cat=0
split_feature=16 15 8 7 1 14 17 1 14 5 19 1 18 10
split_gain=2.47637 2.42335 2.2284 2.55858 2.5409 4.67175 2.8157 2.36171 4.63982 4.94923 3.92858 2.73825 9.58112 5.28568
threshold=1.0000000180025095e-35 1.0000000180025095e-35 1.0000000180025095e-35 0.87500000000000011 14.500000000000002 1.0000000180025095e-35 1.0000000180025095e-35 16.500000000000004 1.0000000180025095e-35 1.0000000180025095e-35 0.41665000000000002 15.500000000000002 1.0000000180025095e-35 1.0000000180025095e-35
decision_type=2 2 2 2 2 2 2 2 2 2 2 2 2 2
left_child=1 2 3 -1 -4 6 -6 11 9 -9 -10 -5 13 -13
right_child=-2 -3 4 7 5 -7 -8 8 10 -11 -12 12 -14 -15
leaf_value=0.080182127966641495 0.080814413059826687 -0.085295608191080299 0.081202286093180837 -0.0026238298811600575 0.089066771738186223 -0.086817027857645654 -0.1025966223884946 -0.098279238683261619 0.088472274099572007 0.00046753504747908668 -0.076261384572301263 0.12009281696255883 -0.081240230966185656 -0.028003034375474817
leaf_weight=2.406227928120642 2.4036643314175299 2.1525664273649445 4.522487558424471 174.05306395795196 3.0558827836066489 2.3276483295485377 0.58436299860477436 7.3519743029028195 3.1371507681906214 5.8198973336257041 1.3148263487964866 6.1851306706666929 3.1307024760171762 2.0548013630323112
leaf_count=41 586 202 130 2854 76 29 5 171 55 206 27 59 101 79
internal_value=5.73374e-05 -0.000832694 9.2462e-06 -0.0018271 0.035974 0.00169983 0.0582993 -0.00279895 -0.0307847 -0.0546487 0.0398206 -0.000139009 0.0378968 0.083162
internal_weight=220.5 218.097 215.944 205.454 10.4904 5.96789 3.64025 203.048 17.6238 13.1719 4.45198 185.424 11.3706 8.23993
internal_count=4621 4035 3833 3593 240 110 81 3552 459 377 82 3093 239 138
is_linear=0
shrinkage=0.08


Tree=65
num_leaves=15
num_cat=0
split_feature=16 15 9 20 5 19 14 1 18 1 19 10 8 19
split_gain=2.28247 2.23086 2.06039 2.03831 4.07582 2.40259 5.31091 10.9749 3.46318 5.12868 4.85338 4.04992 2.96028 3.50799
threshold=1.0000000180025095e-35 1.0000000180025095e-35 0.7250000000000002 1.0000000180025095e-35 1.0000000180025095e-35 0.87500000000000011 1.0000000180025095e-35 15.500000000000002 1.0000000180025095e-35 11.500000000000002 0.41665000000000002 0.67500000000000016 1.5000000000000002 0.55000000000000016
decision_type=2 2 2 2 2 2 2 2 2 2 2 2 2 2
left_child=1 2 3 5 -5 8 7 -7 12 -10 -11 -12 13 -1
right_child=-2 -3 -4 4 -6 6 -8 -9 9 10 11 -13 -14 -15
leaf_value=-0.0029080295140206476 0.080754062414773814 -0.085008363746754384 0.085138453561820954 0.053388789113242081 -0.038975877287433978 -0.013664957640261509 -0.083683961302451926 0.36307130546767646 0.12453118399987279 0.082198104077852024 -0.088486237823105524 0.17710303984138506 0.084885484731476821 -0.10540802809491158
leaf_weight=167.93597005214542 2.2204529226291916 1.9935132386162866 1.804415619932114 10.928603251464663 4.2453991039656094 7.608405505307017 7.1438924623653284 0.52931327279657114 3.4442001869901997 2.8185502244159579 3.1920801550149922 0.41525888256728638 2.4205577708780757 2.1644732709974042
leaf_count=2479 586 202 162 289 81 89 196 8 175 171 89 3 66 25
internal_value=5.70249e-05 -0.000770062 1.22779e-05 -0.000709382 0.0275469 -0.00287843 -0.0333485 0.0108396 -0.000325494 0.0457623 0.00354316 -0.0579129 -0.00296222 -0.00421231
internal_weight=218.865 216.645 214.651 212.847 15.174 197.673 15.2816 8.13772 182.391 9.87009 6.42589 3.60734 172.521 170.1
internal_count=4621 4035 3833 3671 370 3301 293 97 3008 438 263 92 2570 2504
is_linear=0
shrinkage=0.08


Tree=66
num_leaves=15
num_cat=0
split_feature=10 17 10 14 10 19 20 6 0 9 1 13 19 18
split_gain=2.14058 6.92688 2.64032 2.71933 2.68584 13.0453 4.18244 3.2418 2.91753 6.44382 6.41482 6.02785 3.97543 4.06907
threshold=0.68500000000000016 1.0000000180025095e-35 0.67500000000000016 1.0000000180025095e-35 1.0000000180025095e-35 0.41665000000000002 1.0000000180025095e-35 1.3666500000000001 1.5000000000000002 1.0000000180025095e-35 10.500000000000002 1.0000000180025095e-35 0.87500000000000011 1.0000000180025095e-35
decision_type=2 2 2 2 2 2 2 2 2 2 2 2 2 2
left_child=2 -2 4 -4 8 -6 7 -7 9 10 -1 -12 13 -10
right_child=1 -3 3 -5 5 6 -8 -9 12 -11 11 -13 -14 -15
leaf_value=0.0029867362648707059 0.085224378220808805 -0.083011780342740218 -0.054219211737485534 0.1657614496536102 0.087355399630219974 -0.085200878775558611 0.1003797949435363 0.12670483588549356 0.0048684600158658102 -0.090065088967103246 -0.24596939328096992 -0.028350994898881706 -0.036644290733315953 0.076743518917395864
leaf_weight=35.263017777353525 5.9014460302423668 2.1322337277233601 8.3075338047929073 0.37591764121316451 10.642885793466121 6.4875712851062417 1.0607618694193659 0.4974716082215308 115.92894632928073 7.1096804076805702 1.3158400654792779 2.1385489404201508 14.272507484536616 5.270197393372654
leaf_count=267 555 95 245 12 579 249 13 3 1670 469 6 9 305 144
internal_value=5.00826e-05 0.0405725 -0.00151 -0.044696 0.000365132 0.0292411 -0.0476317 -0.070109 -0.00261147 -0.0200602 -0.00720516 -0.111246 0.00329104 0.00799386
internal_weight=216.705 8.03368 208.671 8.68345 199.987 18.6887 8.0458 6.98504 181.299 45.8271 38.7174 3.45439 135.472 121.199
internal_count=4621 650 3971 257 3714 844 265 252 2870 751 282 15 2119 1814
is_linear=0
shrinkage=0.08


Tree=67
num_leaves=15
num_cat=0
split_feature=15 16 8 1 14 17 7 1 14 5 19 1 18 10
split_gain=2.06851 1.99916 2.00283 2.30342 3.8214 2.48495 2.14138 2.2012 4.25922 4.19654 3.34225 2.47684 7.92699 4.09293
threshold=1.0000000180025095e-35 1.0000000180025095e-35 1.0000000180025095e-35 14.500000000000002 1.0000000180025095e-35 1.0000000180025095e-35 0.87500000000000011 16.500000000000004 1.0000000180025095e-35 1.0000000180025095e-35 0.41665000000000002 15.500000000000002 1.0000000180025095e-35 1.0000000180025095e-35
decision_type=2 2 2 2 2 2 2 2 2 2 2 2 2 2
left_child=1 2 6 -4 5 -5 -1 11 9 -9 -10 -8 13 -13
right_child=-2 -3 3 4 -6 -7 7 8 10 -11 -12 12 -14 -15
leaf_value=0.07679218511093476 -0.084813649410675276 0.080703394899789005 0.080754501108991655 0.08842998165776228 -0.075089971096814603 -0.10085795278494528 -0.0023959311605056678 -0.094711898947639261 0.087722791536885419 -0.0017186477498993377 -0.073418009313636276 0.10735989638289387 -0.08050849017391426 -0.02643458225385769
leaf_weight=2.1997509375214568 1.8225753600709129 1.9841844082111482 4.1326764412224275 2.7634056129027162 2.3765019522979856 0.52880314365029324 170.50194017426111 6.9856549007818121 2.857641603332012 5.5918554018717259 1.1574237737804649 6.2982792295515519 2.7576029831543556 1.906191333895549
leaf_count=41 202 586 130 76 29 5 2854 171 55 206 27 59 101 79
internal_value=4.92407e-05 0.000778667 2.37063e-05 0.0353332 0.00221963 0.0580261 -0.00170449 -0.00257633 -0.0304673 -0.0533679 0.0412707 -2.60555e-05 0.0368345 0.0762747
internal_weight=213.864 212.042 210.058 9.80139 5.66871 3.29221 200.256 198.057 16.5926 12.5775 4.01507 181.464 10.9621 8.20447
internal_count=4621 4419 3833 240 110 81 3593 3552 459 377 82 3093 239 138
is_linear=0
shrinkage=0.08


Tree=68
num_leaves=15
num_cat=0
split_feature=9 15 5 1 8 0 21 1 18 6 5 14 14 19
split_gain=1.98521 1.87038 1.87935 1.77878 2.5466 2.57847 2.09274 3.84666 2.61463 1.99988 2.80792 1.99241 1.92183 1.80131
threshold=0.7250000000000002 1.0000000180025095e-35 2.5000000000000004 17.500000000000004 1.0000000180025095e-35 3.5000000000000004 1.0000000180025095e-35 9.5000000000000018 1.0000000180025095e-35 1.1250000000000002 1.5000000000000002 1.0000000180025095e-35 1.0000000180025095e-35 0.29165000000000002
decision_type=2 2 2 2 2 2 2 2 2 2 2 2 2 2
left_child=1 2 3 4 6 -6 13 8 11 10 -5 -8 -9 -1
right_child=-2 -3 -4 9 5 -7 7 12 -10 -11 -12 -13 -14 -15
leaf_value=0.0080813683140957097 0.08446248106397676 -0.084539931727045187 -0.22138480944551731 -0.023841274510126725 0.076670161905245282 -0.058182163181859918 -0.066775577177917309 -0.011067173854056036 0.10090564242720504 0.097780744704033543 -0.16665914234667109 -0.20491281139930131 0.089396444530328245 -0.0099638186008239021
leaf_weight=125.13433834339958 1.7682262082817022 1.6876769000664342 0.24508172832429309 12.990651374100702 5.1076212376356116 1.1035103648900983 6.0724805793724936 4.2064329092390835 0.53990501910448063 0.78410464827902693 0.94515071623027402 0.75087669678032387 1.7157050971873102 49.371920130215585
leaf_count=2182 229 202 2 323 168 6 345 115 5 15 8 6 11 1004
internal_value=4.95318e-05 -0.000659024 1.84193e-05 0.00027839 0.00231269 0.0527114 0.00064577 -0.0299617 -0.0685672 -0.0265329 -0.0335274 -0.0819769 0.0180382 0.00297596
internal_weight=212.424 210.655 208.968 208.723 194.003 6.21113 187.792 13.2854 7.36326 14.7199 13.9358 6.82336 5.92214 174.506
internal_count=4621 4392 4190 4188 3842 174 3668 482 356 346 331 351 126 3186
is_linear=0
shrinkage=0.08


Tree=69
num_leaves=15
num_cat=0
split_feature=12 10 21 1 0 1 19 18 1 1 19 6 10 20
split_gain=1.86763 2.6511 2.8482 2.89527 2.74002 3.57761 3.52045 4.31342 6.49737 4.82961 2.56117 6.89377 4.26206 4.19846
threshold=1.5000000000000002 1.0000000180025095e-35 1.0000000180025095e-35 7.5000000000000009 1.5000000000000002 12.500000000000002 0.55000000000000016 1.0000000180025095e-35 11.500000000000002 10.500000000000002 0.41665000000000002 0.22500000000000003 0.68500000000000016 1.0000000180025095e-35
decision_type=2 2 2 2 2 2 2 2 2 2 2 2 2 2
left_child=1 2 3 -1 5 -5 7 -6 9 -9 -2 13 -13 -12
right_child=10 -3 -4 4 6 -7 -8 8 -10 -11 11 12 -14 -15
leaf_value=0.021965423384997653 0.022671347825982235 0.084407930948215179 -0.066592633076045862 -0.028909839103025862 -0.0042303774413731962 -0.16214397775975195 -0.08175528708373668 0.082817684774655551 0.011368076123333183 0.48358641941733588 0.0034578877107416216 -0.06989371780455246 0.06582234724607107 0.0834244885318495
leaf_weight=20.243651070632041 43.640683764358982 2.0173872043378642 5.0943012848729259 17.154067508876327 68.019986779661849 1.3947331309318531 3.5949713422451159 0.36151638254523222 1.5226037465035913 0.41149052977561951 29.590073441155255 11.729184258147141 1.6949426968349133 4.8974318755790582
leaf_count=186 1762 176 386 87 792 6 196 11 54 3 305 446 46 165
internal_value=4.85457e-05 -0.00652496 -0.00808227 -0.00543753 -0.0114373 -0.0389281 -0.00453816 -0.000590338 0.107266 0.296157 0.0086513 -0.00411896 -0.0527581 0.0148136
internal_weight=211.367 119.815 117.797 112.703 92.4594 18.5488 73.9106 70.3156 2.29561 0.773007 91.5523 47.9116 13.4241 34.4875
internal_count=4621 1897 1721 1335 1149 93 1056 860 68 14 2724 962 492 470
is_linear=0
shrinkage=0.08


Tree=70
num_leaves=15
num_cat=0
split_feature=16 15 13 1 19 14 1 0 21 14 1 19 20 21
split_gain=1.82955 1.70706 1.8398 3.81161 5.23822 5.99673 3.41268 5.70265 4.1624 3.59566 4.2696 2.75587 2.48437 2.37552
threshold=1.0000000180025095e-35 1.0000000180025095e-35 1.0000000180025095e-35 5.5000000000000009 0.87500000000000011 1.0000000180025095e-35 8.5000000000000018 1.5000000000000002 1.0000000180025095e-35 1.0000000180025095e-35 15.500000000000002 0.41665000000000002 1.0000000180025095e-35 1.0000000180025095e-35
decision_type=2 2 2 2 2 2 2 2 2 2 2 2 2 2
left_child=1 2 12 4 5 13 8 -8 -5 -9 -11 -12 -1 -4
right_child=-2 -3 3 6 -6 -7 7 9 -10 10 11 -13 -14 -15
leaf_value=0.0026029260459560196 0.080658924813490768 -0.084407564173211672 0.11839883301648878 0.058512675801095197 -0.28794199520476527 -0.13460074156174814 -0.087955359208295364 -0.013688417726439989 -0.081599236404713393 0.087170127633622474 0.086655754769113094 -0.091538380450730178 0.04649367074943727 -0.081479042366087481
leaf_weight=125.22096285549924 1.7857242968166236 1.5462563550099719 1.3148142993450154 8.7414676295593345 0.6649970756843685 2.2131068799644709 5.8557285359129301 42.87509044772014 1.6063398709520704 5.2123454958200446 0.79553720355033908 1.8405923433601854 8.8361469982191903 0.53555309679359187
leaf_count=2382 586 202 6 49 7 12 93 736 115 90 12 15 280 36
internal_value=2.9869e-05 -0.000664824 -3.53644e-05 -0.0103836 -0.0797996 -0.0457367 -0.00547925 -0.0132048 0.0367624 -0.00457535 0.045208 -0.0377625 0.00549591 0.060548
internal_weight=209.045 207.259 205.713 71.6556 4.72847 4.06347 66.9271 56.5793 10.3478 50.7236 7.84848 2.63613 134.057 1.85037
internal_count=4621 4035 3833 1171 61 54 1110 946 164 853 117 27 2662 42
is_linear=0
shrinkage=0.08


Tree=71
num_leaves=15
num_cat=0
split_feature=9 1 8 0 7 20 17 19 14 8 0 5 1 21
split_gain=1.78253 1.60228 2.26047 2.32912 1.84974 2.28733 1.98747 1.80099 3.65194 3.38563 4.79773 4.05481 1.9338 1.59991
threshold=0.7250000000000002 17.500000000000004 1.0000000180025095e-35 3.5000000000000004 0.87500000000000011 1.0000000180025095e-35 1.0000000180025095e-35 0.55000000000000016 1.0000000180025095e-35 1.0000000180025095e-35 2.5000000000000004 1.0000000180025095e-35 21.500000000000004 1.0000000180025095e-35
decision_type=2 2 2 2 2 2 2 2 2 2 2 2 2 2
left_child=1 2 13 -4 6 7 -3 8 9 10 11 12 -6 -1
right_child=-2 4 3 -5 5 -7 -8 -9 -10 -11 -12 -13 -14 -15
leaf_value=0.001777551350379987 0.084157345225046726 0.083929425486428219 0.0751985879692708 -0.053658527827489082 -0.055033576472601577 0.082832400574598605 -0.097798671927640232 -0.13196339070908875 0.055036135720220598 0.083353269374739178 -0.17726461731579993 0.058412851089176321 -0.20645523865238297 -0.027800462797955644
leaf_weight=173.14734879753087 1.5994864974636573 1.6634998834924766 4.6857937362510702 1.1105127185583112 2.0205850813072126 0.921842126175762 0.50119956023991097 1.4351110700517899 2.1926704721990973 0.905780330300331 2.2378659266978502 1.8182996710529549 0.73653467372059811 12.552560013369655
leaf_count=3318 229 54 168 6 88 27 7 19 51 24 16 61 5 548
internal_value=2.98979e-05 -0.000623533 0.0013138 0.0505109 -0.0263273 -0.0383571 0.0418534 -0.0482028 -0.0360752 -0.0619562 -0.0812741 -0.0343246 -0.0954842 -0.000221802
internal_weight=207.529 205.93 191.496 5.79631 14.4334 12.2687 2.1647 11.3468 9.91174 7.71907 6.81329 4.57542 2.75712 185.7
internal_count=4621 4392 4040 174 352 291 61 264 245 194 170 154 93 3866
is_linear=0
shrinkage=0.08


Tree=72
num_leaves=15
num_cat=0
split_feature=16 15 13 1 19 14 1 0 21 14 1 19 1 17
split_gain=1.6666 1.57027 1.57761 3.30297 3.83774 5.29355 2.96305 4.98017 3.55557 3.06366 3.83468 2.3878 2.32041 2.77895
threshold=1.0000000180025095e-35 1.0000000180025095e-35 1.0000000180025095e-35 5.5000000000000009 0.87500000000000011 1.0000000180025095e-35 8.5000000000000018 1.5000000000000002 1.0000000180025095e-35 1.0000000180025095e-35 15.500000000000002 0.41665000000000002 11.500000000000002 1.0000000180025095e-35
decision_type=2 2 2 2 2 2 2 2 2 2 2 2 2 2
left_child=1 2 -1 4 5 -4 8 -8 -5 12 -11 -12 -9 -14
right_child=-2 -3 3 6 -6 -7 7 9 -10 10 11 -13 13 -15
leaf_value=0.0050995353186213043 0.080608889078724349 -0.084166955040187286 0.0598896960507109 0.054084188805343436 -0.24549125597179355 -0.12790435207928819 -0.083398939362624325 -0.032983468180905459 -0.081436543857466612 0.083439128284635428 0.085781387140651338 -0.088890788172463597 0.013264116967580042 -0.083517118331535065
leaf_weight=133.20079766307026 1.6299952398985613 1.4292382886633266 1.7384436000138515 8.6669257730245555 0.71556873829103995 2.1471225097775459 5.6726780263707033 19.39893727004528 1.445693958085031 4.9770690053701392 0.70210482180118594 1.7475978992879388 21.047082521952692 2.0870850505307308
leaf_count=2662 586 202 42 49 7 12 93 271 115 90 12 15 380 85
internal_value=3.52467e-05 -0.000605484 -1.87439e-05 -0.00971021 -0.0752374 -0.0438833 -0.00512433 -0.0123653 0.0347102 -0.00429977 0.0431095 -0.0388283 -0.012578 0.00453285
internal_weight=206.606 204.976 203.547 70.3463 4.60113 3.88557 65.7452 55.6326 10.1126 49.9599 7.42677 2.4497 42.5331 23.1342
internal_count=4621 4035 3833 1171 61 54 1110 946 164 853 117 27 736 465
is_linear=0
shrinkage=0.08


Tree=73
num_leaves=15
num_cat=0
split_feature=9 5 1 8 0 6 17 10 19 17 0 9 1 21
split_gain=1.61732 1.50457 1.47269 1.97975 2.12977 1.91595 4.89166 3.21582 2.84409 2.46721 2.73995 4.41889 4.51741 4.32038
threshold=0.7250000000000002 2.5000000000000004 17.500000000000004 1.0000000180025095e-35 3.5000000000000004 0.58335000000000015 1.0000000180025095e-35 0.67500000000000016 0.41665000000000002 1.0000000180025095e-35 1.5000000000000002 1.0000000180025095e-35 7.5000000000000009 1.0000000180025095e-35
decision_type=2 2 2 2 2 2 2 2 2 2 2 2 2 2
left_child=1 2 3 5 -5 7 8 9 -7 10 11 12 -1 -13
right_child=-2 -3 -4 4 -6 6 -8 -9 -10 -11 -12 13 -14 -15
leaf_value=0.016771465075462153 0.083854021240233098 -0.17195506158745502 -0.02547959181529131 0.074400504828738639 -0.049497814570899336 0.056470561952790169 -0.084601281712280652 -0.08448186952752032 -0.0092967529411469348 0.075305006891547219 0.0036664472589766524 -0.56399065234077095 -0.039916792899673766 -0.081057826906555289
leaf_weight=18.387469905428588 1.4624940066132683 0.3273228295147409 13.853105908608994 4.3379078332800409 1.116467624902725 13.325173459481453 2.4334672745317212 3.031993909738957 6.1507633200380942 2.6452325955033293 115.83404911449179 0.12172594666480918 17.615838646888733 4.5545215677702799
leaf_count=177 229 3 351 168 6 755 96 130 114 33 2037 1 87 434
internal_value=2.64051e-05 -0.000575344 -0.00029956 0.00154066 0.0490395 0.000133399 0.0223385 -0.00286616 0.0357004 -0.00131137 -0.00260626 -0.0204676 -0.0109652 -0.0936289
internal_weight=205.198 203.735 203.408 189.555 5.45438 184.1 21.9094 162.191 19.4759 159.159 156.514 40.6796 36.0033 4.67625
internal_count=4621 4392 4389 4038 174 3864 965 2899 869 2769 2736 699 264 435
is_linear=0
shrinkage=0.08


Tree=74
num_leaves=15
num_cat=0
split_feature=10 17 10 10 19 20 6 6 6 20 1 13 1 0
split_gain=1.62949 5.07026 1.88567 2.44708 10.7674 3.64042 2.7704 2.59905 4.13778 4.01193 3.04261 6.36163 2.61032 4.31865
threshold=0.69500000000000006 1.0000000180025095e-35 0.67500000000000016 1.0000000180025095e-35 0.41665000000000002 1.0000000180025095e-35 1.3666500000000001 0.45000000000000007 0.58335000000000015 1.0000000180025095e-35 5.5000000000000009 1.0000000180025095e-35 10.500000000000002 2.5000000000000004
decision_type=2 2 2 2 2 2 2 2 2 2 2 2 2 2
left_child=2 -2 3 7 -5 6 -6 9 -9 -1 11 -11 -10 -14
right_child=1 -3 -4 4 5 -7 -8 8 12 10 -12 -13 13 -15
leaf_value=-0.0024497431204205393 0.08469377037950121 -0.082429619967244711 -0.038536443727310229 0.086362958875982818 -0.084436399240384541 0.099814080538932232 0.11970330392109531 -0.11863203254783984 -0.095662772427260803 0.081911230418949169 0.080446471334155986 -0.22980575056493482 0.043521858468416219 -0.0789307589585269
leaf_weight=151.24866545887198 4.4472034112550309 1.5726606324315069 8.3014000713592377 9.2977945168968308 5.5020537576638153 0.9520073877647518 0.46112697198986996 3.0115179554559282 1.9687139585148532 1.0896866731345634 6.4485145581420511 0.6807974874973296 6.0688552374485862 2.6473556668497622
leaf_count=2306 521 85 301 579 249 13 3 96 53 48 216 3 96 52
internal_value=3.1247e-05 0.0410336 -0.00121739 0.000418503 0.0301384 -0.0454581 -0.0686505 -0.00236411 -0.0358067 0.00050823 0.0549418 -0.0379521 -0.0124627 0.00632959
internal_weight=203.698 6.01986 197.678 189.377 16.213 6.91519 5.96318 173.164 13.6964 159.468 8.219 1.77048 10.6849 8.71621
internal_count=4621 606 4015 3714 844 265 252 2870 297 2573 267 51 201 148
is_linear=0
shrinkage=0.08


Tree=75
num_leaves=15
num_cat=0
split_feature=10 17 10 14 10 19 20 6 4 6 19 18 1 18
split_gain=1.497 5.3274 1.90105 2.50174 2.21798 9.79265 3.32863 2.5236 2.39404 1.95797 1.71681 3.67288 7.14514 3.4325
threshold=0.68500000000000016 1.0000000180025095e-35 0.67500000000000016 1.0000000180025095e-35 1.0000000180025095e-35 0.41665000000000002 1.0000000180025095e-35 1.3666500000000001 1.5000000000000002 1.3666500000000001 0.87500000000000011 1.0000000180025095e-35 15.500000000000002 1.0000000180025095e-35
decision_type=2 2 2 2 2 2 2 2 2 2 2 2 2 2
left_child=2 -2 4 9 8 -6 7 -7 10 -4 11 -1 -13 -12
right_child=1 -3 3 -5 5 6 -8 -9 -10 -11 13 12 -14 -15
leaf_value=-0.00062420788417073825 0.084247073566235939 -0.082475295862164386 -0.061917045836097043 0.16934462627139329 0.08502428608676392 -0.084015738343443155 0.09848233402735955 0.1157283907494935 -0.090096393881023251 0.10270906201507771 -0.0057578247623390789 0.12989026996024489 -0.078176934581186255 -0.087218129995107474
leaf_weight=145.79077527113259 4.4986374924192196 1.6864450331777332 6.7215197721961877 0.34690605057403434 8.7126880448777211 5.1034397033508858 0.89021432655863453 0.43968729302287091 1.9598931171931315 0.49652357352897514 15.109863503603266 3.5838060528039923 1.4977316074073312 4.2393673257902256
leaf_count=2258 555 95 240 12 579 249 13 3 21 5 255 107 37 192
internal_value=4.04361e-05 0.038788 -0.00118925 -0.0405069 0.000398534 0.0297488 -0.045111 -0.0681718 -0.00218327 -0.0505925 -0.00117106 0.00170614 0.0685646 -0.0236056
internal_weight=201.077 6.18508 194.892 7.56495 187.327 15.146 6.43334 5.54313 172.181 7.21804 170.222 150.872 5.08154 19.3492
internal_count=4621 650 3971 257 3714 844 265 252 2870 245 2849 2402 144 447
is_linear=0
shrinkage=0.08


Tree=76
num_leaves=15
num_cat=0
split_feature=9 15 16 1 1 18 10 6 5 0 8 19 18 9
split_gain=1.46374 1.39091 1.33296 1.33315 3.12022 7.01391 3.36662 2.0032 1.92143 1.78703 2.90888 1.7096 6.45526 2.59478
threshold=0.7250000000000002 1.0000000180025095e-35 1.0000000180025095e-35 16.500000000000004 15.500000000000002 1.0000000180025095e-35 1.0000000180025095e-35 1.1250000000000002 1.5000000000000002 3.5000000000000004 1.0000000180025095e-35 0.55000000000000016 1.0000000180025095e-35 1.0000000180025095e-35
decision_type=2 2 2 2 2 2 2 2 2 2 2 2 2 2
left_child=1 2 3 4 9 6 -6 8 -5 10 11 12 -1 -13
right_child=-2 -3 -4 7 5 -7 -8 -9 -10 -11 -12 13 -14 -15
leaf_value=-0.0026988001196498902 0.084073224884352649 -0.083837481860663796 0.080617052796948474 -0.021756306870591501 0.10085997434598934 -0.079269689880102592 -0.029564123610736914 0.08255392132583092 -0.14350205564273294 -0.12828717353074512 0.074534847386542008 0.011626152837495449 0.083601087240330704 -0.051999067942167465
leaf_weight=139.14245849149302 1.3179403484682541 1.2739805603632692 1.3046911180717859 16.097329104784883 6.9365983027964813 2.3447710685431948 1.5496230346616355 1.1173832749482233 0.87473728135228057 0.7041684240102758 3.2355674728751174 6.9220851808786401 5.7775292398873708 10.070082899415866
leaf_count=2113 229 202 519 415 71 102 70 18 8 3 138 124 355 254
internal_value=4.41818e-05 -0.000516977 2.43852e-05 -0.000515468 0.00160232 0.043204 0.0770439 -0.0212002 -0.0280311 -0.00111449 -0.000572246 -0.00207315 0.00074172 -0.0260801
internal_weight=198.669 197.351 196.077 194.772 176.683 10.831 8.48622 18.0894 16.9721 165.852 165.148 161.912 144.92 16.9922
internal_count=4621 4392 4190 3671 3230 243 141 441 423 2987 2984 2846 2468 378
is_linear=0
shrinkage=0.08


Tree=77
num_leaves=15
num_cat=0
split_feature=7 17 1 1 18 10 0 8 19 18 10 9 1 20
split_gain=1.42594 2.75462 1.41209 2.77477 6.14394 2.57687 1.56649 3.12069 1.69503 5.57668 2.88018 2.43989 5.74318 2.59833
threshold=0.87500000000000011 1.0000000180025095e-35 16.500000000000004 15.500000000000002 1.0000000180025095e-35 1.0000000180025095e-35 3.5000000000000004 1.0000000180025095e-35 0.55000000000000016 1.0000000180025095e-35 1.0000000180025095e-35 1.0000000180025095e-35 9.5000000000000018 1.0000000180025095e-35
decision_type=2 2 2 2 2 2 2 2 2 2 2 2 2 2
left_child=1 -1 3 6 5 -5 7 8 9 -2 -11 12 13 -10
right_child=2 -3 -4 4 -6 -7 -8 -9 11 10 -12 -13 -14 -15
leaf_value=0.089613784988180067 -0.0025701616822632577 -0.092719077033609237 -0.022903821610424542 0.092840196963710528 -0.078529631327920943 -0.02078679349210398 -0.12247343540479126 0.082460189601838083 -0.082531836867504649 0.12948431379319597 0.012812627372305072 -0.052636412540800981 0.23060819671160734 0.025229845628508905
leaf_weight=2.6016727664973582 141.08659384312341 0.66604408342391241 16.944150183175225 6.8916963720694167 2.1912203319370738 1.5679612389067186 0.67958660423755546 2.8342208331450811 2.2662928327918062 3.1516676805913439 2.3743093055672944 9.5822934587486088 0.67968919873237599 3.8899781499058008
leaf_count=105 2745 11 605 74 101 107 3 135 19 107 245 260 3 101
internal_value=4.20743e-05 0.0524497 -0.000840039 0.00126979 0.0408565 0.0717799 -0.00126187 -0.000765235 -0.00221207 0.000517673 0.0793548 -0.0265883 0.0099246 -0.0144402
internal_weight=197.407 3.26772 194.14 177.196 10.6509 8.45966 166.545 165.865 163.031 146.613 5.52598 16.4183 6.83596 6.15627
internal_count=4621 116 4505 3900 282 181 3618 3615 3480 3097 352 383 123 120
is_linear=0
shrinkage=0.08


Tree=78
num_leaves=15
num_cat=0
split_feature=10 17 10 14 10 19 20 6 4 6 0 9 1 17
split_gain=1.35915 4.76901 1.66624 2.04059 1.94422 8.99517 3.00417 2.27182 2.10793 1.70707 1.68702 5.15065 4.38211 2.94005
threshold=0.68500000000000016 1.0000000180025095e-35 0.67500000000000016 1.0000000180025095e-35 1.0000000180025095e-35 0.41665000000000002 1.0000000180025095e-35 1.3666500000000001 1.5000000000000002 1.3666500000000001 1.5000000000000002 1.0000000180025095e-35 12.500000000000002 1.0000000180025095e-35
decision_type=2 2 2 2 2 2 2 2 2 2 2 2 2 2
left_child=2 -2 4 9 8 -6 7 -7 10 -4 11 12 13 -1
right_child=1 -3 3 -5 5 6 -8 -9 -10 -11 -12 -13 -14 -15
leaf_value=-0.0045959242227526474 0.083876846866529409 -0.082155190929375094 -0.059103802979097904 0.15481463826046393 0.083748077351437772 -0.083757921776847918 0.097397511240132323 0.11127462009588385 -0.085501651619275115 0.10009147730059859 0.0036488583109240452 -0.090730357255528679 -0.14765074300927733 0.10020474129120135
leaf_weight=34.45281932875514 4.0847560180700375 1.5189029723405836 6.3750303369015446 0.33179301396012295 8.1203887386363913 4.7489019458880639 0.81285652355290938 0.41570416092872609 1.9129454544745375 0.46235930826514948 124.77062212233432 5.0397065742872647 1.3223221600055683 1.8028431795537461
leaf_count=258 555 95 240 12 579 249 13 3 21 5 2098 469 6 18
internal_value=4.0516e-05 0.0388729 -0.00110135 -0.0389366 0.000377653 0.0289219 -0.0455596 -0.0680596 -0.00199925 -0.0483387 -0.00104497 -0.0147869 -0.00460192 0.000615377
internal_weight=196.172 5.60366 190.568 7.16918 183.399 14.0979 5.97746 5.16461 169.301 6.83739 167.388 42.6177 37.578 36.2557
internal_count=4621 650 3971 257 3714 844 265 252 2870 245 2849 751 282 276
is_linear=0
shrinkage=0.08


Tree=79
num_leaves=15
num_cat=0
split_feature=9 20 5 1 13 10 1 1 18 10 19 14 8 6
split_gain=1.31894 1.29165 2.87708 2.03164 5.80921 1.89664 1.4596 2.37636 5.2613 2.27028 2.19165 2.94421 2.86833 3.35121
threshold=0.7250000000000002 1.0000000180025095e-35 1.0000000180025095e-35 5.5000000000000009 1.0000000180025095e-35 1.0000000180025095e-35 16.500000000000004 15.500000000000002 1.0000000180025095e-35 1.0000000180025095e-35 0.55000000000000016 1.0000000180025095e-35 1.0000000180025095e-35 0.45000000000000007
decision_type=2 2 2 2 2 2 2 2 2 2 2 2 2 2
left_child=1 6 3 4 -3 -4 7 -1 9 -9 11 12 13 -8
right_child=-2 2 5 -5 -6 -7 10 8 -10 -11 -12 -13 -14 -15
leaf_value=-0.0024033613209216197 0.083973482050235124 0.079368393664553769 -0.07723437615132224 0.071600772586372194 -0.19218203057181613 0.046312000557342942 -0.10820320545221207 0.085154595138699177 -0.077313251595384783 -0.024906020685758087 -0.11446244400820568 0.056455604490334002 0.059205226073400674 -0.013533110408255708
leaf_weight=153.86706005223095 1.1907805335358705 1.4169862713897585 2.3780934890964995 6.5531032560393214 0.78268743865191925 1.194803243386559 3.8660110831260681 6.804472445510326 2.0542185092344871 1.4561832862673325 1.5803144568344567 2.9328964139567679 1.8302528290078051 6.2810726543539204
leaf_count=3275 229 56 66 232 6 30 37 69 102 92 24 99 53 251
internal_value=3.70405e-05 -0.000480839 0.024576 0.0492704 -0.0172546 -0.0359195 -0.00219025 8.86085e-05 0.0372613 0.0657532 -0.0248788 -0.0153839 -0.0329753 -0.0496022
internal_weight=194.189 192.998 12.3257 8.75278 2.19967 3.5729 180.672 164.182 10.3149 8.26066 16.4905 14.9102 11.9773 10.1471
internal_count=4621 4392 390 294 62 96 4002 3538 263 161 464 440 341 288
is_linear=0
shrinkage=0.08


Tree=80
num_leaves=15
num_cat=0
split_feature=16 15 13 1 1 1 0 21 14 20 17 1 9 19
split_gain=1.28705 1.26069 1.2724 2.30336 2.75351 3.69594 3.21637 2.79118 2.05345 5.01505 1.97187 1.86635 4.30639 1.506
threshold=1.0000000180025095e-35 1.0000000180025095e-35 1.0000000180025095e-35 5.5000000000000009 8.5000000000000018 10.500000000000002 1.5000000000000002 1.0000000180025095e-35 1.0000000180025095e-35 1.0000000180025095e-35 1.0000000180025095e-35 5.5000000000000009 1.0000000180025095e-35 0.87500000000000011
decision_type=2 2 2 2 2 2 2 2 2 2 2 2 2 2
left_child=1 2 11 8 7 6 -6 -5 9 -4 13 12 -1 -7
right_child=-2 -3 3 4 5 10 -8 -9 -10 -11 -12 -13 -14 -15
leaf_value=0.074031694656028435 0.080561206708255853 -0.083654123456523219 0.075063124383967991 0.051207261562625374 -0.12123102725926575 0.0067502855472526581 -0.026380801971972487 -0.081405393739220497 -0.12107073992597711 -0.16509449803058981 -0.083555205852473668 0.00271418700117793 -0.17700816186316029 -0.064969699726113592
leaf_weight=4.8169470131397247 1.2621232567471441 1.1595348527189333 1.5149387181736522 8.2626912640407646 3.1222992045804832 36.801020731916651 8.5636142808943987 1.1581528512761003 2.1344270976260304 0.87961400602944184 1.7568187806755293 119.25233246514108 0.48099817708134551 1.9743331447243679
leaf_count=172 586 202 34 49 60 637 128 115 15 12 90 2474 16 31
internal_value=3.95935e-05 -0.000490057 1.55663e-05 -0.00894951 -0.00490356 -0.0120855 -0.0517233 0.0349045 -0.0640144 -0.0131563 -0.000657398 0.00477831 0.0512399 0.0030985
internal_weight=193.14 191.878 190.718 66.1679 61.6389 52.2181 11.6859 9.42084 4.52898 2.39455 40.5322 124.55 5.29795 38.7754
internal_count=4621 4035 3833 1171 1110 946 188 164 61 46 758 2662 188 668
is_linear=0
shrinkage=0.08


Tree=81
num_leaves=15
num_cat=0
split_feature=10 17 10 6 10 19 20 6 6 20 6 1 13 19
split_gain=1.27705 4.22341 1.47362 1.95233 1.70077 8.27197 2.58528 2.08443 1.78009 3.36184 3.09208 2.51635 3.77242 2.20156
threshold=0.68500000000000016 1.0000000180025095e-35 0.67500000000000016 0.58335000000000015 1.0000000180025095e-35 0.41665000000000002 1.0000000180025095e-35 1.3666500000000001 0.29165000000000002 1.0000000180025095e-35 0.58335000000000015 5.5000000000000009 1.0000000180025095e-35 0.29165000000000002
decision_type=2 2 2 2 2 2 2 2 2 2 2 2 2 2
left_child=2 -2 4 -4 8 -6 7 -7 9 -1 -10 12 -11 -12
right_child=1 -3 3 -5 5 6 -8 -9 10 11 13 -13 -14 -15
leaf_value=-0.0020418660119373442 0.083594405970005406 -0.081966266945186578 -0.082822103048175943 0.0025696140291279618 0.082652610792005379 -0.083402128585308349 0.095784670116726811 0.10848818725971147 -0.099593040319130285 0.081461685203124287 0.013288047204305627 0.078987025660501239 -0.16552079234057865 -0.07381016304887919
leaf_weight=146.8143873566296 3.7181685569812535 1.3420527544803915 3.2195522687397888 3.6633454616530798 7.5304835790884663 4.3917366581736133 0.71229586447589088 0.3948677722364663 3.1246642470359793 0.83909811079501995 7.4724515018751827 5.6275600190274417 0.7491656094789505 2.4717048781458288
leaf_count=2296 555 95 192 65 579 249 13 3 106 48 149 216 3 52
internal_value=2.8745e-05 0.039685 -0.00104429 -0.0373733 0.000343881 0.0281824 -0.0464119 -0.0675723 -0.0018268 0.000578333 -0.0301739 0.0538894 -0.0350371 -0.00836096
internal_weight=192.072 5.06022 187.011 6.8829 180.128 13.0294 5.4989 4.7866 167.099 154.03 13.0688 7.21582 1.58826 9.94416
internal_count=4621 650 3971 257 3714 844 265 252 2870 2563 307 267 51 201
is_linear=0
shrinkage=0.08


Tree=82
num_leaves=15
num_cat=0
split_feature=7 17 1 8 0 20 19 14 8 5 5 19 1 15
split_gain=1.23647 2.20816 1.15433 1.70532 1.93097 1.38429 1.52793 2.40907 2.31925 2.63218 2.0373 1.25557 1.23782 1.11141
threshold=0.87500000000000011 1.0000000180025095e-35 17.500000000000004 1.0000000180025095e-35 3.5000000000000004 1.0000000180025095e-35 0.55000000000000016 1.0000000180025095e-35 1.0000000180025095e-35 1.0000000180025095e-35 1.5000000000000002 0.41665000000000002 21.500000000000004 1.0000000180025095e-35
decision_type=2 2 2 2 2 2 2 2 2 2 2 2 2 2
left_child=1 -1 3 13 -5 6 7 8 9 -4 -11 -9 -8 -2
right_child=2 -3 5 4 -6 -7 12 11 -10 10 -12 -13 -14 -15
leaf_value=0.087849292039632418 0.0001337916076478465 -0.091671394546317814 -0.10818886051662162 0.082318567017675578 -0.045557824351178063 0.082152959894728039 -0.15812517117709782 0.084213048453305434 0.083099853582041347 0.033056711780457396 -0.10423169906573654 -0.082899206119666571 0.012429368804370686 -0.083469750372821686
leaf_weight=2.2495793167036022 170.23250094801188 0.54468967160210002 3.3207096460973791 3.1454320549964896 0.99474813044071186 0.72142244729911986 0.99273831909522481 1.7017236138926821 0.84229321405291546 2.3424561224528593 0.98169277538545419 0.3462965185754 0.37529571598861367 1.0237883060472075
leaf_count=105 3716 11 101 156 6 31 11 53 24 169 18 15 8 197
internal_value=3.16947e-05 0.0528551 -0.000757537 0.000860503 0.0515941 -0.0251711 -0.0322723 -0.0209288 -0.0419597 -0.0578121 -0.00748751 0.0559563 -0.111337 -0.000365999
internal_weight=189.815 2.79427 187.021 175.396 4.14018 11.6246 10.9032 9.53517 7.48715 6.64486 3.32415 2.04802 1.36803 171.256
internal_count=4621 116 4505 4075 162 430 399 380 312 288 187 68 19 3913
is_linear=0
shrinkage=0.08


Tree=83
num_leaves=15
num_cat=0
split_feature=16 7 17 20 5 1 13 1 1 18 1 12 1 1
split_gain=1.15623 1.08906 1.97719 1.06637 2.42008 1.57509 3.75288 1.43721 2.20058 4.71962 1.94847 2.03323 2.87028 3.74973
threshold=1.0000000180025095e-35 0.87500000000000011 1.0000000180025095e-35 1.0000000180025095e-35 1.0000000180025095e-35 5.5000000000000009 1.0000000180025095e-35 16.500000000000004 15.500000000000002 1.0000000180025095e-35 13.500000000000002 1.5000000000000002 7.5000000000000009 8.5000000000000018
decision_type=2 2 2 2 2 2 2 2 2 2 2 2 2 2
left_child=1 2 -1 7 5 6 -5 8 10 -10 11 -3 -13 -14
right_child=-2 3 -4 4 -6 -7 -8 -9 9 -11 -12 12 13 -15
leaf_value=0.085172515779829011 0.080531771211014208 -0.0059538783219968243 -0.09080947646468164 0.077375347248426693 -0.036101211171996737 0.068834823481159019 -0.1482777613157252 -0.026978612331526552 0.062783782423816201 -0.077076376787561796 -0.03135300194456446 -0.058249346332000081 0.1198046454912142 0.015444852052606619
leaf_weight=2.0984093546867366 1.135120924853253 99.396391605492681 0.50739028211683024 1.159543807269072 3.1194471986964345 5.6819757670164108 0.79516508057713498 14.304077064327428 8.0397152407094801 1.9112842711620039 13.993774945847688 3.051464593037962 2.3698280579410484 31.395378498767968
leaf_count=66 586 1409 11 56 88 228 6 480 148 101 404 137 58 843
internal_value=3.41474e-05 -0.000452343 0.050906 -0.0011749 0.023272 0.0475249 -0.0144191 -0.00268212 -0.000512148 0.0359209 -0.00292579 -5.33321e-06 0.0160543 0.0227694
internal_weight=188.959 187.824 2.6058 185.218 10.7561 7.63668 1.95471 174.462 160.158 9.951 150.207 136.213 36.8167 33.7652
internal_count=4621 4035 77 3958 378 290 62 3580 3100 249 2851 2447 1038 901
is_linear=0
shrinkage=0.08


Tree=84
num_leaves=15
num_cat=0
split_feature=9 15 19 18 1 19 10 18 13 1 1 1 20 8
split_gain=1.1418 1.05109 1.01809 2.5189 3.96071 2.72834 2.43355 2.05526 2.78097 5.40634 3.00257 4.02569 2.68378 1.71624
threshold=0.7250000000000002 1.0000000180025095e-35 0.87500000000000011 1.0000000180025095e-35 11.500000000000002 0.41665000000000002 0.67500000000000016 1.0000000180025095e-35 1.0000000180025095e-35 15.500000000000002 10.500000000000002 6.5000000000000009 1.0000000180025095e-35 1.5000000000000002
decision_type=2 2 2 2 2 2 2 2 2 2 2 2 2 2
left_child=1 2 3 13 -5 -6 -7 8 9 10 11 12 -4 -1
right_child=-2 -3 7 4 5 6 -8 -9 -10 -11 -12 -13 -14 -15
leaf_value=-0.00085338974366185125 0.08381982996274355 -0.083256144910439409 -0.081637775815858404 0.12814082094451146 0.081299385951196734 -0.085721420287643485 0.14145260131169038 -0.072375046987379774 -0.057295539226780649 0.23027478423830214 -0.066339951600315375 0.099170866374393346 0.072026666060818409 0.084551268591257556
leaf_weight=160.12176421727054 1.0352395487134334 0.97544335504062374 2.1239189193584025 2.5633909066673359 1.6249074314255265 2.0731105860322718 0.3532055690884589 3.5792485540732732 4.4116787386592469 0.71954699791967947 2.8052509664557874 3.0475074825808406 1.1063072718679907 1.5201958492398251
leaf_count=3221 229 202 23 177 171 89 4 198 71 7 45 49 69 66
internal_value=3.49467e-05 -0.000428827 5.42949e-06 0.0019299 0.0503175 0.00107519 -0.0526511 -0.0181926 -0.00454901 0.0191898 0.00246784 0.0332151 -0.0290099 -5.01837e-05
internal_weight=188.061 187.025 186.05 168.257 6.61461 4.05122 2.42632 17.7935 14.2142 9.80253 9.08298 6.27773 3.23023 161.642
internal_count=4621 4392 4190 3728 441 264 93 462 264 193 186 141 92 3287
is_linear=0
shrinkage=0.08


Tree=85
num_leaves=15
num_cat=0
split_feature=10 17 10 6 10 19 20 6 4 17 0 9 1 17
split_gain=1.08044 3.71988 1.34241 1.71057 1.52431 7.27021 2.3577 1.92099 1.74589 1.53546 1.35624 4.54796 3.80419 2.49279
threshold=0.68500000000000016 1.0000000180025095e-35 0.67500000000000016 0.58335000000000015 1.0000000180025095e-35 0.41665000000000002 1.0000000180025095e-35 1.3666500000000001 1.5000000000000002 1.0000000180025095e-35 1.5000000000000002 1.0000000180025095e-35 12.500000000000002 1.0000000180025095e-35
decision_type=2 2 2 2 2 2 2 2 2 2 2 2 2 2
left_child=2 -2 4 -4 8 9 7 -7 10 -6 11 12 13 -1
right_child=1 -3 3 -5 5 6 -8 -9 -10 -11 -12 -13 -14 -15
leaf_value=-0.0037928677987852846 0.083017501285577402 -0.081618773206701273 -0.082557742862667746 -0.00025995302366727603 0.089305790361464035 -0.082968890699974832 0.095455145727232599 0.10635986090463588 -0.078702691216374132 -0.08631831974410005 0.0035250728820571992 -0.090262564945349733 -0.139186039451272 0.098315616438023792
leaf_weight=33.712151172570884 3.2748937591095446 1.2002327339723704 2.885532859247177 3.6750085655367002 6.6284463858173677 3.990803477820009 0.66072619578335423 0.37523038685321797 1.8589366488158692 0.3346901237964629 121.17029406561051 4.3889102707616976 1.2869383692741383 1.6029361579567183
leaf_count=258 555 95 192 65 574 249 13 3 21 5 2098 469 6 18
internal_value=2.64615e-05 0.0388619 -0.000925464 -0.0364571 0.000398931 0.0279348 -0.0453838 -0.0666974 -0.00161394 0.0808642 -0.000730237 -0.013309 -0.00408163 0.000841791
internal_weight=187.046 4.47513 182.571 6.56054 176.01 11.9899 5.02676 4.36603 164.02 6.96314 162.161 40.9909 36.602 35.3151
internal_count=4621 650 3971 257 3714 844 265 252 2870 579 2849 751 282 276
is_linear=0
shrinkage=0.08


Tree=86
num_leaves=15
num_cat=0
split_feature=16 9 15 20 6 10 1 13 19 14 1 1 1 1
split_gain=1.03916 0.977657 0.951146 0.94953 2.18633 2.13073 2.10812 2.63956 1.16996 5.20885 3.34947 2.7676 1.92747 2.53783
threshold=1.0000000180025095e-35 0.7250000000000002 1.0000000180025095e-35 1.0000000180025095e-35 0.45000000000000007 1.0000000180025095e-35 5.5000000000000009 1.0000000180025095e-35 0.55000000000000016 1.0000000180025095e-35 15.500000000000002 16.500000000000004 7.5000000000000009 10.500000000000002
decision_type=2 2 2 2 2 2 2 2 2 2 2 2 2 2
left_child=1 2 3 8 6 -6 7 -5 -1 10 12 -12 -10 -14
right_child=-2 -3 -4 4 5 -7 -8 -9 9 -11 11 -13 13 -15
leaf_value=0.00023143176398111005 0.08050197948540376 0.083841446709970152 -0.083092296328228024 0.081159720436073141 -0.072065239636905351 0.048243678757131987 0.07745161840192101 -0.13879202835875931 -0.076273981594669527 -0.073982348007016363 0.24797547702373846 -0.0074222435044158531 0.07347150285558679 -0.034972253016917497
leaf_weight=156.98897194582969 1.0211490093497548 0.87699795101070677 0.89508745662169431 0.66728998068719902 2.3383253724314277 1.5778704846743492 4.8722460446879268 0.73248821496963501 1.6516258402261863 6.9684668146073809 0.68908290937542893 0.44815570861101151 2.9206602955237031 2.6201517260633409
leaf_count=2917 586 162 202 48 66 40 213 3 31 244 6 11 26 66
internal_value=2.23473e-05 -0.000423693 -0.000826704 -0.00042317 0.023308 -0.0235917 0.0525918 -0.0339386 -0.00182652 -0.0229451 0.0197518 0.14733 -0.000420356 0.0221904
internal_weight=185.269 184.247 183.37 182.475 10.1882 3.9162 6.27202 1.39978 172.287 15.2981 8.32968 1.13724 7.19244 5.54081
internal_count=4621 4035 3873 3671 370 106 264 51 3301 384 140 17 123 92
is_linear=0
shrinkage=0.08


Tree=87
num_leaves=15
num_cat=0
split_feature=10 17 10 6 10 19 20 6 4 17 0 9 1 1
split_gain=0.965402 3.4221 1.22566 1.59057 1.36534 6.69459 2.07258 1.79582 1.44659 1.40846 1.21047 4.20645 3.68005 2.21897
threshold=0.68500000000000016 1.0000000180025095e-35 0.67500000000000016 0.58335000000000015 1.0000000180025095e-35 0.41665000000000002 1.0000000180025095e-35 1.3666500000000001 1.5000000000000002 1.0000000180025095e-35 1.5000000000000002 1.0000000180025095e-35 7.5000000000000009 12.500000000000002
decision_type=2 2 2 2 2 2 2 2 2 2 2 2 2 2
left_child=2 -2 4 -4 8 9 7 -7 10 -6 11 12 -1 -14
right_child=1 -3 3 -5 5 6 -8 -9 -10 -11 -12 -13 13 -15
leaf_value=0.02149006539192265 0.082854467939969118 -0.081497117093667817 -0.082296627370327433 -0.0011651044132966618 0.088759569885352774 -0.082659600819097567 0.093862453370878465 0.10416605148433297 -0.072128557643889368 -0.085798191757748152 0.0033701776437976678 -0.09049661159097383 -0.021860586896854713 -0.13246190105999231
leaf_weight=18.105321077629924 2.9955221780983257 1.1117452657781539 2.6758624282665542 3.664291272405535 6.1348509512317815 3.6967005509068258 0.59500351094175119 0.36148323491215695 1.8323459541425098 0.31082146614789952 120.61412082414608 4.0004994510090901 17.019169371575121 1.2459330707788456
leaf_count=189 555 95 192 65 574 249 13 3 21 5 2098 469 87 6
internal_value=1.73036e-05 0.0383682 -0.000856548 -0.0354067 0.000402984 0.0275518 -0.0455741 -0.0660181 -0.00144768 0.0803421 -0.000643189 -0.0126337 -0.00406933 -0.0294051
internal_weight=184.364 4.10727 180.256 6.34015 173.916 11.0989 4.65319 4.05818 162.817 6.44567 160.985 40.3709 36.3704 18.2651
internal_count=4621 650 3971 257 3714 844 265 252 2870 579 2849 751 282 93
is_linear=0
shrinkage=0.08


Tree=88
num_leaves=15
num_cat=0
split_feature=19 18 1 19 10 18 13 1 1 1 20 8 20 19
split_gain=0.946563 2.41783 3.4988 2.30339 2.1311 1.78229 2.24647 3.05612 2.45047 3.02031 2.2153 1.64219 1.38123 2.46572
threshold=0.87500000000000011 1.0000000180025095e-35 11.500000000000002 0.41665000000000002 0.67500000000000016 1.0000000180025095e-35 1.0000000180025095e-35 15.500000000000002 10.500000000000002 6.5000000000000009 1.0000000180025095e-35 1.5000000000000002 1.0000000180025095e-35 0.55000000000000016
decision_type=2 2 2 2 2 2 2 2 2 2 2 2 2 2
left_child=1 11 -3 -4 -5 6 7 8 9 10 -2 12 13 -1
right_child=5 2 3 4 -6 -7 -8 -9 -10 -11 -12 -13 -14 -15
leaf_value=-0.00095194477857727831 -0.079131755232556389 0.12801780478322622 0.081207701021245207 -0.084946372392098082 0.13672129029022875 -0.072243033382326266 -0.054112521900186727 0.15913392262686069 -0.062729901896089013 0.083762714023391943 0.071465235943730221 0.084423439944563014 0.043603774800583465 -0.096371784197278099
leaf_weight=152.37159041673294 1.9138925219886007 2.3443138687871388 1.4107576061505827 1.7951082987710836 0.32834572764113534 3.1561464220285407 4.2229824177920809 0.86770484596490938 2.6315655643120408 3.1544783118297346 0.92838589736493293 1.4610627237707365 4.3637561983487094 1.7531294076470647
leaf_count=3396 23 177 171 89 4 198 71 7 47 52 71 66 223 26
internal_value=1.26312e-05 0.00184954 0.052238 0.00197167 -0.0506703 -0.0180382 -0.005568 0.0160203 0.00162806 0.0298704 -0.0299416 -2.35928e-06 -0.000780658 -0.00203732
internal_weight=182.703 165.828 5.87853 3.53421 2.12345 16.8752 13.719 9.49603 8.62832 5.99676 2.84228 159.95 158.488 154.125
internal_count=4621 4152 441 264 93 469 271 200 193 146 94 3711 3645 3422
is_linear=0
shrinkage=0.08


Tree=89
num_leaves=15
num_cat=0
split_feature=16 8 14 1 17 19 0 7 0 14 9 21 1 19
split_gain=0.938476 0.912984 1.75125 2.23021 1.57666 1.28318 1.1158 1.03975 1.25625 3.11436 3.12371 2.37153 2.15395 1.89507
threshold=1.0000000180025095e-35 1.0000000180025095e-35 1.0000000180025095e-35 17.500000000000004 1.0000000180025095e-35 0.87500000000000011 3.5000000000000004 0.87500000000000011 2.5000000000000004 1.0000000180025095e-35 0.7250000000000002 1.0000000180025095e-35 21.500000000000004 0.41665000000000002
decision_type=2 2 2 2 2 2 2 2 2 2 2 2 2 2
left_child=1 7 4 5 -3 -4 -7 -1 12 10 11 -10 -9 -11
right_child=-2 2 3 -5 -6 6 -8 8 9 13 -12 -13 -14 -15
leaf_value=0.068579643230037568 0.080471321699071258 0.084952254113246847 0.083958475960362072 -0.12620204563308457 -0.092206766537592716 0.082391706034154549 -0.10865291834921326 -1.5132401097511925e-07 -0.12753280669672701 0.080096333415960078 0.083784168790572877 0.066530572373804872 -0.12539197195249552 -0.089030163550839175
leaf_weight=1.3448468973510888 0.92300639991299149 3.1732277123956005 1.1511172368191189 0.84614536771550763 0.3577559757977723 0.29461786709725846 0.5825018584728241 165.47471619112184 3.2882135417312379 1.7557776970788839 0.67010926292277861 0.45931078493595112 0.88142100954428215 0.55901659501250822
leaf_count=41 586 148 61 10 6 12 3 3518 34 34 142 6 7 13
internal_value=8.77972e-06 -0.000401903 0.0292613 -0.0171013 0.0670027 0.0284136 -0.0444825 -0.00149117 -0.0020356 -0.0359143 -0.075301 -0.103748 -0.000664527 0.0392527
internal_weight=181.762 180.839 6.40537 2.87438 3.53098 2.02824 0.87712 174.433 173.089 6.73243 4.41763 3.74752 166.356 2.31479
internal_count=4621 4035 240 86 154 76 15 3795 3754 229 182 40 3525 47
is_linear=0
shrinkage=0.08


Tree=90
num_leaves=15
num_cat=0
split_feature=15 19 18 1 19 10 18 13 1 1 1 20 12 1
split_gain=0.894944 0.861088 2.15276 3.08214 2.12646 1.91529 1.62048 1.95115 2.3963 2.07615 2.50953 1.99421 1.42024 8.18206
threshold=1.0000000180025095e-35 0.87500000000000011 1.0000000180025095e-35 11.500000000000002 0.41665000000000002 0.67500000000000016 1.0000000180025095e-35 1.0000000180025095e-35 15.500000000000002 10.500000000000002 6.5000000000000009 1.0000000180025095e-35 1.5000000000000002 8.5000000000000018
decision_type=2 2 2 2 2 2 2 2 2 2 2 2 2 2
left_child=1 2 -1 -4 -5 -6 7 8 9 10 11 -3 -12 -14
right_child=-2 6 3 4 5 -7 -8 -9 -10 -11 12 -13 13 -15
leaf_value=0.00043762480709936858 -0.082946548506907136 -0.076755792074908152 0.12371153582759459 0.081119588831246967 -0.084572866532269031 0.13106831954996276 -0.070322786779560498 -0.050673614254188232 0.13774361120058901 -0.059128794703255841 0.030396379233153973 0.070416680863862186 0.39791744319855177 -0.012609146389923402
leaf_weight=158.186618501466 0.82836318423505773 1.8192159715108576 2.2358341191429636 1.3067183250095695 1.6637075489852575 0.31323256343603145 2.9898567623458794 4.172491477103903 0.91981159523129541 2.5129758347757161 1.843780423514545 0.87153807468712319 0.49216098245233297 0.84278438147157431
leaf_count=3516 202 23 177 171 89 4 198 71 7 45 27 69 6 16
internal_value=1.5894e-05 0.000397327 0.00215127 0.0512636 0.00193406 -0.050406 -0.0170419 -0.00521968 0.0151685 0.00171825 0.0277695 -0.0290865 0.0758974 0.138742
internal_weight=180.999 180.171 163.706 5.51949 3.28366 1.97694 16.4646 13.4748 9.30227 8.38246 5.86948 2.69075 3.17873 1.33495
internal_count=4621 4419 3957 441 264 93 462 264 193 186 141 92 49 22
is_linear=0
shrinkage=0.08


Tree=91
num_leaves=15
num_cat=0
split_feature=16 8 14 1 17 19 0 7 0 14 9 21 1 19
split_gain=0.865407 0.860861 1.58468 1.94104 1.44958 1.12455 0.977455 0.902298 1.10387 2.73462 2.71952 2.06003 1.81032 1.73118
threshold=1.0000000180025095e-35 1.0000000180025095e-35 1.0000000180025095e-35 17.500000000000004 1.0000000180025095e-35 0.87500000000000011 3.5000000000000004 0.87500000000000011 2.5000000000000004 1.0000000180025095e-35 0.7250000000000002 1.0000000180025095e-35 21.500000000000004 0.41665000000000002
decision_type=2 2 2 2 2 2 2 2 2 2 2 2 2 2
left_child=1 7 4 5 -3 -4 -7 -1 12 10 11 -10 -9 -11
right_child=-2 2 3 -5 -6 6 -8 8 9 13 -12 -13 -14 -15
leaf_value=0.06497688756060041 0.080435581474177981 0.084659002421565099 0.083667393503941534 -0.11615949615326265 -0.091263093655760838 0.082311329439532926 -0.10422714385997715 -3.6383687658038002e-05 -0.11985782011566226 0.079174442805432288 0.083507029284209819 0.064170344201632923 -0.11465497520192526 -0.088305114692883782
leaf_weight=1.3004137545358379 0.85203468834515561 2.9515062347636554 1.0654551165644082 0.84819993516430248 0.33365344814956177 0.27070445101708163 0.53524397313594818 164.89877744944533 3.2220531790517266 1.6437384430319073 0.62029885122319672 0.44280073698610056 0.88665548688731988 0.51994694961467747
leaf_count=41 586 148 61 10 6 12 3 3518 34 34 142 6 7 13
internal_value=8.82919e-07 -0.000380833 0.029399 -0.0157698 0.0667917 0.0297311 -0.041572 -0.00141129 -0.00191254 -0.0343854 -0.0714034 -0.0976229 -0.000649388 0.0389281
internal_weight=180.391 179.539 6.00476 2.7196 3.28516 1.8714 0.805948 173.535 172.234 6.44884 4.28515 3.66485 165.785 2.16369
internal_count=4621 4035 240 86 154 76 15 3795 3754 229 182 40 3525 47
is_linear=0
shrinkage=0.08


Tree=92
num_leaves=15
num_cat=0
split_feature=15 16 13 1 19 1 6 12 14 11 14 1 19 1
split_gain=0.829382 0.791064 0.810095 1.54639 2.53955 6.23838 3.51431 2.06295 4.33014 5.96184 3.44384 3.81329 3.40404 1.99521
threshold=1.0000000180025095e-35 1.0000000180025095e-35 1.0000000180025095e-35 14.500000000000002 0.29165000000000002 15.500000000000002 0.29165000000000002 1.5000000000000002 1.0000000180025095e-35 1.0000000180025095e-35 1.0000000180025095e-35 13.500000000000002 0.87500000000000011 7.5000000000000009
decision_type=2 2 2 2 2 2 2 2 2 2 2 2 2 2
left_child=1 2 -1 7 6 -6 -5 8 9 -4 -9 -12 -11 -10
right_child=-2 -3 3 4 5 -7 -8 10 13 12 11 -13 -14 -15
leaf_value=0.0039724672579287933 -0.082774059930987146 0.080402675338599933 -0.028483478526717908 0.12383436001901051 0.11811789793754349 -0.081123748451186653 7.4928373567872191e-05 -0.013509158783802534 -0.037559162719474085 0.087931170357260502 0.12769773650439933 -0.036391665075140821 -0.035729187273317274 -0.11776879525197777
leaf_weight=115.72297224635258 0.77125230769161035 0.7868359956482881 23.219332659209616 2.6500547155737859 1.422677958384156 3.4319470564369112 3.293445747345686 9.0084796403534693 4.259984152391552 5.2936447486281386 2.8024153104051939 1.3397017344832418 1.9492708146572111 3.7162468582391739
leaf_count=2662 202 586 480 32 35 103 100 247 24 27 60 24 21 18
internal_value=7.73986e-06 0.000364625 1.10413e-05 -0.00733707 0.0201929 -0.0227347 0.0552561 -0.0130994 -0.0224566 -0.00871692 0.0142512 0.0746256 0.0546507 -0.07493
internal_weight=179.668 178.897 178.11 62.3872 10.7981 4.85463 5.9435 51.5891 38.4385 30.4622 13.1506 4.14212 7.24292 7.97623
internal_count=4621 4419 3833 1171 270 138 132 901 570 528 331 84 48 42
is_linear=0
shrinkage=0.08


Tree=93
num_leaves=15
num_cat=0
split_feature=20 6 1 13 10 6 17 10 0 10 19 6 2 19
split_gain=0.810201 2.05961 1.94192 1.98442 1.71159 1.06786 3.73962 1.76121 1.66363 1.89098 1.39654 1.17375 1.09936 0.896821
threshold=1.0000000180025095e-35 0.45000000000000007 5.5000000000000009 1.0000000180025095e-35 1.0000000180025095e-35 0.58335000000000015 1.0000000180025095e-35 0.67500000000000016 2.5000000000000004 0.52500000000000013 0.41665000000000002 1.3666500000000001 1.0000000180025095e-35 0.55000000000000016
decision_type=2 2 2 2 2 2 2 2 2 2 2 2 2 2
left_child=5 2 3 -2 -3 7 8 13 10 12 -7 -12 -10 -1
right_child=1 4 -4 -5 -6 6 -8 -9 9 -11 11 -13 -14 -15
leaf_value=-0.00025810018610075843 0.080904630581067602 -0.068881683241640193 0.077333629872013004 -0.12542908267592079 0.041595468605766163 0.058401512186192973 -0.084904272931591362 -0.065786547702811018 -0.088661059531430414 0.072732017993194384 -0.040422877587559858 0.097571272438420661 0.082456472416524818 -0.022023033707149513
leaf_weight=135.89181174116675 0.52377062849700251 2.1874915285734464 4.4870890534948558 0.69302469491958618 1.5219314342248251 9.6039086488890444 1.9997808160260326 2.8407613086455958 1.7550388405798019 0.92505913425702591 1.827394692343659 0.50309290876612056 0.27840321464464057 13.302397304272743
leaf_count=2427 48 77 216 3 54 772 111 236 20 198 56 8 28 367
internal_value=6.21958e-06 0.0228485 0.0530258 -0.0366126 -0.0235542 -0.00126664 0.0178152 -0.00338683 0.0316081 -0.0220943 0.0449207 -0.0106335 -0.065233 -0.0021987
internal_weight=178.341 9.41331 5.70388 1.2168 3.70942 168.928 16.8927 152.035 14.8929 2.9585 11.9344 2.33049 2.03344 149.194
internal_count=4621 398 267 51 131 4223 1193 3030 1082 246 836 64 48 2794
is_linear=0
shrinkage=0.08


Tree=94
num_leaves=15
num_cat=0
split_feature=10 17 10 6 1 1 10 19 20 6 17 4 0 9
split_gain=0.792695 2.85359 1.25951 1.31409 1.4905 1.43054 1.18275 5.87641 1.86634 1.57285 1.18767 1.00103 1.00409 3.93362
threshold=0.68500000000000016 1.0000000180025095e-35 0.67500000000000016 1.3666500000000001 12.500000000000002 14.500000000000002 1.0000000180025095e-35 0.41665000000000002 1.0000000180025095e-35 1.3666500000000001 1.0000000180025095e-35 1.5000000000000002 1.5000000000000002 1.0000000180025095e-35
decision_type=2 2 2 2 2 2 2 2 2 2 2 2 2 2
left_child=2 -2 6 4 -4 -6 11 10 9 -9 -8 12 13 -1
right_child=1 -3 3 -5 5 -7 7 8 -10 -11 -12 -13 -14 -15
leaf_value=-0.0034567003338586738 0.082390991891708842 -0.081190240604909633 0.032807146923067965 0.097698265102535625 -0.13558896055050779 -0.037172999799666311 0.088448278420716037 -0.082171894048846297 0.091814246682504014 0.10079170175934042 -0.084839062260728348 -0.061763198263523257 0.0032408233788446678 -0.0907900316940254
leaf_weight=35.623531239107251 2.5137690667179409 0.93686990905553091 1.1550938377622504 0.42840474616968993 1.409836540231481 2.868505256541539 5.4197373236383992 3.2970536070642997 0.55683967494405795 0.33088094182312477 0.26552973315119732 1.7248189928941418 116.72768883180106 3.637809462263248
leaf_count=282 555 95 21 7 46 183 574 249 13 3 5 21 2098 469
internal_value=9.86113e-06 0.0379777 -0.000745494 -0.0371964 -0.0478323 -0.0696039 0.000529506 0.027395 -0.0445542 -0.0654849 0.0803549 -0.00115179 -0.000481591 -0.0115487
internal_weight=176.896 3.45064 173.446 5.86184 5.43344 4.27834 167.584 9.87004 4.18477 3.62793 5.68527 157.714 155.989 39.2613
internal_count=4621 650 3971 257 250 229 3714 844 265 252 579 2870 2849 751
is_linear=0
shrinkage=0.08


Tree=95
num_leaves=15
num_cat=0
split_feature=8 14 1 17 19 0 10 17 10 14 6 10 19 20
split_gain=0.777516 1.49953 1.61149 1.26517 1.02792 0.859212 0.794403 2.34819 1.02242 1.25467 1.31576 1.1518 5.38207 1.71121
threshold=1.0000000180025095e-35 1.0000000180025095e-35 17.500000000000004 1.0000000180025095e-35 0.87500000000000011 3.5000000000000004 0.68500000000000016 1.0000000180025095e-35 0.67500000000000016 1.0000000180025095e-35 1.3666500000000001 1.0000000180025095e-35 0.41665000000000002 1.0000000180025095e-35
decision_type=2 2 2 2 2 2 2 2 2 2 2 2 2 2
left_child=6 3 4 -2 -3 -6 8 -8 11 10 -10 -1 -13 -14
right_child=1 2 -4 -5 5 -7 7 -9 9 -11 -12 12 13 -15
leaf_value=-0.00216758406511311 0.08435898861827941 0.083496822326226156 -0.10594081847339673 -0.090775305992667268 0.082038465954572926 -0.10150825230936146 0.082279858869755709 -0.080903411482682999 -0.055035494603361441 0.12699809474082752 0.096330748446658676 0.079903685700070656 -0.065146675699585349 0.090956978394465746
leaf_weight=152.25877537601627 2.7362456039700187 0.96428720257245026 0.84744954007328477 0.29217795841395844 0.24210805585607886 0.50097227096557617 2.1886462113325247 0.76045919489115466 4.9743385023903093 0.28994473413331423 0.3968576700426637 5.2498308209469524 3.366172171896324 0.5186756036709993
leaf_count=2655 163 61 17 6 12 3 523 91 238 12 5 570 252 13
internal_value=6.9659e-06 0.0293824 -0.0157566 0.0674623 0.0290062 -0.0417056 -0.000957779 0.0402013 -0.00168438 -0.0351013 -0.0438516 -0.00051223 0.0270796 -0.0443049
internal_weight=175.587 5.58324 2.55482 3.02842 1.70737 0.74308 170.004 2.94911 167.055 5.66114 5.3712 161.393 9.13468 3.88485
internal_count=4621 262 93 169 76 15 4359 614 3745 255 243 3490 835 265
is_linear=0
shrinkage=0.08


Tree=96
num_leaves=15
num_cat=0
split_feature=15 7 17 20 6 1 13 10 1 8 0 19 14 1
split_gain=0.747971 0.725255 1.20373 0.767662 1.87914 1.75309 1.76918 1.36242 0.964415 1.15331 1.09811 0.958926 3.16873 3.65786
threshold=1.0000000180025095e-35 0.87500000000000011 1.0000000180025095e-35 1.0000000180025095e-35 0.45000000000000007 5.5000000000000009 1.0000000180025095e-35 1.0000000180025095e-35 17.500000000000004 1.0000000180025095e-35 3.5000000000000004 0.55000000000000016 1.0000000180025095e-35 15.500000000000002
decision_type=2 2 2 2 2 2 2 2 2 2 2 2 2 2
left_child=1 2 -1 8 5 6 -5 -6 9 11 -11 -3 13 -13
right_child=-2 3 -4 4 7 -7 -8 -9 -10 10 -12 12 -14 -15
leaf_value=0.077640321300562962 -0.082600139293868266 0.00084183913991921981 -0.08824077269404576 0.080839041175729154 -0.065576629775610545 0.076294233465235742 -0.1198490719876987 0.040745021930398057 -0.026683352156341412 0.081596887079616834 -0.032744248692189511 -0.013890728230225319 -0.086339501156560999 0.17015436790289426
leaf_weight=1.6127424635196792 0.69853316739317861 140.98078210218227 0.33878461783751834 0.48657726868986884 2.0098821571446028 4.193513386475388 0.66582499444484711 1.2517263970512429 9.1373583888635022 2.02938255155459 0.73124972730875004 5.8817974310368282 3.4921626280993223 0.7831502417102455
leaf_count=105 202 3106 11 48 67 216 3 46 394 144 6 83 184 6
internal_value=1.63787e-05 0.000348821 0.0488434 -0.000202545 0.0230818 0.0522786 -0.0351128 -0.024773 -0.00143185 6.73991e-05 0.0513096 -0.000868574 -0.0246091 0.00773509
internal_weight=174.293 173.595 1.95153 171.643 8.60752 5.34592 1.1524 3.26161 163.036 153.899 2.76063 151.138 10.1571 6.66495
internal_count=4621 4419 116 4303 380 267 51 113 3923 3529 150 3379 273 89
is_linear=0
shrinkage=0.08


Tree=97
num_leaves=15
num_cat=0
split_feature=9 15 16 20 6 1 13 10 19 14 1 13 18 1
split_gain=0.710157 0.683491 0.66813 0.660375 1.75203 1.59167 1.58451 1.1355 0.772722 3.45153 1.8797 2.11099 1.59915 2.45453
threshold=0.7250000000000002 1.0000000180025095e-35 1.0000000180025095e-35 1.0000000180025095e-35 0.45000000000000007 5.5000000000000009 1.0000000180025095e-35 1.0000000180025095e-35 0.55000000000000016 1.0000000180025095e-35 7.5000000000000009 1.0000000180025095e-35 1.0000000180025095e-35 13.500000000000002
decision_type=2 2 2 2 2 2 2 2 2 2 2 2 2 2
left_child=1 2 3 8 5 6 -5 -6 12 10 -10 -12 -1 -14
right_child=-2 -3 -4 4 7 -7 -8 -9 9 -11 11 -13 13 -15
leaf_value=-0.0012676847504945424 0.083074484187546233 -0.082426574603553127 0.080406443822915896 0.080773894926113268 -0.063146715988671581 0.075130776595060983 -0.1153482953680622 0.033352870265665177 -0.070767951760156697 -0.068981434350251558 0.052567345045863932 -0.072694346694883935 0.084012615191961487 -0.042746084426415969
leaf_weight=145.26434622029774 0.65631542609480575 0.64613032626220857 0.65899316652212192 0.44951498787849942 1.9277236117050054 3.9258241052739322 0.63761325180530548 1.3112176557769997 1.3712475164793412 5.4191985204815865 5.363883217331022 1.0257097429130224 3.2831728518940499 1.3922653761692343
leaf_count=2479 229 202 519 48 66 213 3 40 31 244 87 22 302 136
internal_value=1.53991e-05 -0.000300294 8.16381e-06 -0.000301 0.0217787 0.0514092 -0.034254 -0.0240809 -0.00141796 -0.0199895 0.0142203 0.0324593 0.000214517 0.046266
internal_weight=173.333 172.677 172.031 171.372 8.25189 5.01295 1.08713 3.23894 163.12 13.18 7.76084 6.38959 149.94 4.67544
internal_count=4621 4392 4190 3671 370 264 51 106 3301 384 140 109 2917 438
is_linear=0
shrinkage=0.08


Tree=98
num_leaves=15
num_cat=0
split_feature=8 14 1 17 19 0 10 17 10 6 10 19 6 17
split_gain=0.699861 1.2373 1.3528 1.07153 0.876452 0.73809 0.707481 2.14768 0.97176 1.13126 0.96547 4.93147 1.50803 1.14993
threshold=1.0000000180025095e-35 1.0000000180025095e-35 17.500000000000004 1.0000000180025095e-35 0.87500000000000011 3.5000000000000004 0.68500000000000016 1.0000000180025095e-35 0.67500000000000016 0.58335000000000015 1.0000000180025095e-35 0.41665000000000002 0.58335000000000015 1.0000000180025095e-35
decision_type=2 2 2 2 2 2 2 2 2 2 2 2 2 2
left_child=6 3 4 -2 -3 -6 8 -8 10 -10 -1 13 -13 -12
right_child=1 2 -4 -5 5 -7 7 -9 9 -11 11 12 -14 -15
leaf_value=-0.0018770954598280722 0.083884143566014896 0.083683430733900263 -0.09581361252232809 -0.089167744428606185 0.081864001470705661 -0.097552610523124375 0.082096989079832469 -0.080830892242172575 -0.082069029237760618 -0.0068487873413133208 0.087504364104839832 -0.082480561107405245 0.024107483027417814 -0.084778850584402335
leaf_weight=150.65385745750973 2.3797418464673679 0.8827650349121543 0.81649037287570525 0.25337987113744009 0.21951563539914787 0.44266502559185028 1.994555946424952 0.69935224205255497 2.027921396540477 3.4676559420477133 4.6382872076937911 2.3630207688547675 1.3263548288377931 0.26195513829588879
leaf_count=2655 163 61 17 6 12 3 523 91 190 65 565 228 37 5
internal_value=1.41494e-05 0.0295238 -0.0125224 0.0672317 0.0314963 -0.0380753 -0.00086613 0.0398001 -0.00153113 -0.0346058 -0.000389704 0.0256978 -0.0441615 0.0782945
internal_weight=172.428 4.99456 2.36144 2.63312 1.54495 0.662181 167.433 2.69391 164.739 5.49558 159.243 8.58962 3.68938 4.90024
internal_count=4621 262 93 169 76 15 4359 614 3745 255 3490 835 265 570
is_linear=0
shrinkage=0.08


Tree=99
num_leaves=15
num_cat=0
split_feature=9 15 16 8 14 1 17 19 0 14 7 21 1 19
split_gain=0.63881 0.627818 0.608169 0.604917 1.11792 1.18216 0.982913 0.805492 0.711087 2.34544 2.62103 1.63213 1.51851 1.49358
threshold=0.7250000000000002 1.0000000180025095e-35 1.0000000180025095e-35 1.0000000180025095e-35 1.0000000180025095e-35 17.500000000000004 1.0000000180025095e-35 0.87500000000000011 2.5000000000000004 1.0000000180025095e-35 0.87500000000000011 1.0000000180025095e-35 21.500000000000004 0.55000000000000016
decision_type=2 2 2 2 2 2 2 2 2 2 2 2 2 2
left_child=1 2 3 8 6 7 -5 -6 12 10 -10 -12 -1 -11
right_child=-2 -3 -4 4 5 -7 -8 -9 9 13 11 -13 -14 -15
leaf_value=0.00056295326452022087 0.082901164945377984 -0.082262602874048199 0.080379964622078956 0.083686888254171268 0.083412967128153742 -0.089807878484806258 -0.088454420113294227 -0.037601055440903829 0.055188832348193197 0.085544662977959915 -0.11268544646508236 0.061619582803246579 -0.10484008077381372 -0.086488184891134259
leaf_weight=157.63418139092391 0.59309380338527162 0.5955741211946578 0.60057624804903653 2.1364812029642049 0.81742998049594484 0.80512538505718101 0.23570857290178526 0.6182821006514132 0.98848693119361986 1.4582963373977689 3.0137848122976716 0.3880784399807452 0.87964919465593894 0.41487378068268288
leaf_count=3329 229 202 519 137 61 10 6 15 23 34 34 6 7 9
internal_value=1.90884e-05 -0.000269075 1.81942e-05 -0.00026673 0.0283058 -0.0122144 0.0665824 0.0312989 -0.00106663 -0.0275045 -0.0594811 -0.092801 -2.19654e-05 0.0474425
internal_weight=171.18 170.587 169.991 169.39 4.61303 2.24084 2.37219 1.43571 164.777 6.26352 4.39035 3.40186 158.514 1.87317
internal_count=4621 4392 4190 3671 229 86 143 76 3442 106 63 40 3336 43
is_linear=0
shrinkage=0.08


Tree=100
num_leaves=15
num_cat=0
split_feature=10 17 10 6 10 19 6 20 17 1 1 19 0 9
split_gain=0.588735 2.17616 0.947064 1.05747 0.811936 4.51596 1.45051 1.46092 1.05582 0.796435 1.50383 2.09808 0.759429 3.63938
threshold=0.68500000000000016 1.0000000180025095e-35 0.67500000000000016 0.58335000000000015 1.0000000180025095e-35 0.41665000000000002 1.3666500000000001 1.0000000180025095e-35 1.0000000180025095e-35 12.500000000000002 14.500000000000002 0.41665000000000002 1.5000000000000002 1.0000000180025095e-35
decision_type=2 2 2 2 2 2 2 2 2 2 2 2 2 2
left_child=2 -2 4 -4 12 8 7 -7 -6 -5 -11 -12 13 -1
right_child=1 -3 3 9 5 6 -8 -9 -10 10 11 -13 -14 -15
leaf_value=-0.0030008118827162178 0.081839724636280684 -0.080873301013379084 -0.08148152136624065 0.054018324073516685 0.086998977931020682 -0.081654031234818097 0.097148580079607319 0.09054821567115319 -0.084393532347269831 -0.11504984877138155 0.096357101278964463 -0.088249445227926437 0.0024715652947642532 -0.09106230517802899
leaf_weight=35.375017021782696 1.9273610818345326 0.72352599771693338 1.9062782854307432 0.9745664102956656 4.3089205559226667 2.735864146525274 0.41694355057552446 0.35637553577544157 0.24300357326865185 0.88405310251982916 0.89383763255318605 0.70460919663310051 115.84388999833027 3.2822340529528438
leaf_count=282 555 95 192 13 574 249 5 11 5 15 24 13 2119 469
internal_value=2.22366e-05 0.0374293 -0.000568274 -0.0336443 0.000522989 0.0252749 -0.0429216 -0.061808 0.0778492 -0.00726613 -0.0313249 0.0149809 -0.000768446 -0.0104778
internal_weight=170.576 2.65089 167.926 5.36334 162.562 8.06111 3.50918 3.09224 4.55192 3.45707 2.4825 1.59845 154.501 38.6573
internal_count=4621 650 3971 257 3714 844 265 260 579 65 52 37 2870 751
is_linear=0
shrinkage=0.08


Tree=101
num_leaves=15
num_cat=0
split_feature=19 18 1 19 10 18 13 1 1 1 20 12 1 1
split_gain=0.592504 1.95968 2.70259 1.72952 1.41079 1.36138 1.40578 1.58688 1.74946 1.91439 1.47171 0.985737 5.38295 4.17808
threshold=0.87500000000000011 1.0000000180025095e-35 11.500000000000002 0.41665000000000002 0.67500000000000016 1.0000000180025095e-35 1.0000000180025095e-35 15.500000000000002 10.500000000000002 6.5000000000000009 1.0000000180025095e-35 1.5000000000000002 8.5000000000000018 9.5000000000000018
decision_type=2 2 2 2 2 2 2 2 2 2 2 2 2 2
left_child=1 -1 -3 -4 -5 6 7 8 9 10 -2 13 -13 -11
right_child=5 2 3 4 -6 -7 -8 -9 -10 11 -12 12 -14 -15
leaf_value=-0.00011565221855985963 -0.07374703246119739 0.12400320387498992 0.081048648302017606 -0.083865025518097949 0.11728620933808002 -0.070855914234840944 -0.046410789040314766 0.11017996714267306 -0.060219254211281874 -0.074132473733862947 0.069869651766238022 0.29607955569379596 -0.025605631955132293 0.17211627058133147
leaf_weight=150.30603838647949 1.5682165713515117 1.9619331313297141 1.0386781155830249 1.3658160078339276 0.26672964752651762 2.373726859688758 3.6100876837735987 0.95776887796819199 2.1463987563038245 1.0772399398847481 0.64426520938286547 0.59757010149769485 0.75171374436467886 0.7465849205327687
leaf_count=3711 23 177 171 89 4 198 71 7 47 25 71 6 17 4
internal_value=1.79617e-05 0.00146397 0.052709 0.000345524 -0.0510004 -0.0154615 -0.00459429 0.0131873 0.000853675 0.025194 -0.0319265 0.0650218 0.116862 0.0266697
internal_weight=169.413 154.939 4.63316 2.67122 1.63255 14.4736 12.0998 8.48976 7.53199 5.38559 2.21248 3.17311 1.34928 1.82382
internal_count=4621 4152 441 264 93 469 271 200 193 146 94 52 23 29
is_linear=0
shrinkage=0.08


Tree=102
num_leaves=15
num_cat=0
split_feature=20 6 1 13 10 6 17 4 1 19 10 0 7 2
split_gain=0.619091 1.65848 1.44667 1.33554 0.935583 0.744069 2.87638 1.4868 1.45289 1.71845 2.54434 1.41034 1.37248 1.97707
threshold=1.0000000180025095e-35 0.45000000000000007 5.5000000000000009 1.0000000180025095e-35 1.0000000180025095e-35 0.58335000000000015 1.0000000180025095e-35 1.0000000180025095e-35 11.500000000000002 0.41665000000000002 0.67500000000000016 2.5000000000000004 0.87500000000000011 1.0000000180025095e-35
decision_type=2 2 2 2 2 2 2 2 2 2 2 2 2 2
left_child=5 2 3 -2 -3 7 11 -1 -9 10 -10 -7 -13 -14
right_child=1 4 -4 -5 -6 6 -8 8 9 -11 -12 12 13 -15
leaf_value=-0.0010506438259033017 0.08066856462788892 -0.060086915196591609 0.074538627691324313 -0.10993942075467394 0.030462954756531362 0.042286735832309609 -0.084816777965595447 -0.14003030308263159 0.078865605433313987 -0.075972613658661453 -0.068621459017108616 0.067756531454804925 -0.11034148088070414 0.082672822926632514
leaf_weight=140.45446180456202 0.38933906424790521 1.8297263279673646 3.7325008733896539 0.59449437260627747 1.2153367870196232 10.210257294587786 1.5988834646996117 0.82096448485390183 1.7075066814577442 2.4359828875167295 1.3330042027810121 0.73612156619492464 1.3518914065789438 0.45360443570825748
leaf_count=2432 48 77 216 3 54 836 111 71 88 349 90 35 15 196
internal_value=7.66563e-06 0.0220765 0.0517912 -0.0345088 -0.0239469 -0.00105554 0.0163305 -0.0027557 -0.0407842 -0.0259066 0.0142051 0.0290127 -0.024312 -0.0618495
internal_weight=168.864 7.7614 4.71633 0.983833 3.04506 161.103 14.3508 146.752 6.29746 5.47649 3.04051 12.7519 2.54162 1.8055
internal_count=4621 398 267 51 131 4223 1193 3030 598 527 178 1082 246 211
is_linear=0
shrinkage=0.08


Tree=103
num_leaves=15
num_cat=0
split_feature=8 14 1 17 19 0 19 18 1 10 14 20 1 11
split_gain=0.57738 1.04463 1.07482 0.891212 0.693279 0.668825 0.575326 1.83218 2.49591 1.47022 1.2769 1.83837 1.42915 2.00074
threshold=1.0000000180025095e-35 1.0000000180025095e-35 17.500000000000004 1.0000000180025095e-35 0.87500000000000011 3.5000000000000004 0.55000000000000016 1.0000000180025095e-35 13.500000000000002 1.0000000180025095e-35 1.0000000180025095e-35 1.0000000180025095e-35 15.500000000000002 1.0000000180025095e-35
decision_type=2 2 2 2 2 2 2 2 2 2 2 2 2 2
left_child=6 3 4 -2 -3 -6 7 -1 9 -9 12 -12 -8 -14
right_child=1 2 -4 -5 5 -7 10 8 -10 -11 11 -13 13 -15
leaf_value=-0.0008253398363462979 0.083196514808017777 0.083165074128315974 -0.085594496006274723 -0.088874908729480978 0.08186801893319226 -0.094458044490096149 -0.013002563631220003 0.12499295783107149 -0.049103532736489743 0.0046647188260345585 -0.084990120312083431 0.030137195680436598 -0.08897909643298034 0.12702547065550365
leaf_weight=144.96015666186577 2.0276865634805286 0.75185359432362042 0.78767093762871798 0.21286140661686648 0.21312504820525646 0.3889043927192688 8.2408485776104481 2.1969375163316722 1.1358895807643419 0.92285603046184395 3.1171383374894495 1.2411148901155682 0.36629626498324674 1.0943604363128543
leaf_count=3453 163 61 17 6 12 3 156 106 131 199 198 95 10 11
internal_value=4.96605e-06 0.0286618 -0.0112906 0.066849 0.0319385 -0.0320367 -0.000764146 0.000693552 0.0524312 0.0893991 -0.0162347 -0.0522049 -7.55779e-05 0.0728569
internal_weight=167.658 4.3821 2.14155 2.24055 1.35388 0.602029 163.276 149.216 4.25568 3.11979 14.0598 4.35825 9.70151 1.46066
internal_count=4621 262 93 169 76 15 4359 3889 436 305 470 293 177 21
is_linear=0
shrinkage=0.08


Tree=104
num_leaves=15
num_cat=0
split_feature=16 15 20 6 1 13 10 1 14 19 19 14 1 18
split_gain=0.571456 0.566683 0.529147 1.51751 1.29576 1.191 0.855374 0.686698 0.685051 1.46793 0.629486 2.4864 1.38538 1.17904
threshold=1.0000000180025095e-35 1.0000000180025095e-35 1.0000000180025095e-35 0.45000000000000007 5.5000000000000009 1.0000000180025095e-35 1.0000000180025095e-35 16.500000000000004 1.0000000180025095e-35 0.87500000000000011 0.55000000000000016 1.0000000180025095e-35 15.500000000000002 1.0000000180025095e-35
decision_type=2 2 2 2 2 2 2 2 2 2 2 2 2 2
left_child=1 2 10 4 5 -4 8 -8 -5 -10 13 12 -12 -1
right_child=-2 -3 3 6 -6 -7 7 -9 9 -11 11 -13 -14 -15
leaf_value=-0.0007184597080986051 0.080344936581516341 -0.082115418082030697 0.08061221498962004 -0.097296329495745543 0.073172785703882776 -0.10647587990043128 0.066079538051046813 -0.071795268870924356 0.15764674207698551 -0.092667349405806176 -0.0045277219273264216 -0.065154203347494097 0.092560678683151987 0.043867286571942436
leaf_weight=142.68560145003721 0.5647470047333617 0.53959849340026167 0.35615014750510354 1.1069042060116774 3.4659570283256471 0.56047873198986053 0.8583560664555987 0.31641943263821304 0.24994429945945729 0.37474433844909072 6.233891267445868 4.5478698397055268 1.1077721406472845 3.8996564513654439
leaf_count=2637 586 202 48 39 213 3 34 10 1 26 123 244 17 438
internal_value=7.45482e-06 -0.000265362 1.07843e-06 0.0210767 0.0508025 -0.033784 -0.0237475 0.0289437 -0.0594952 0.00748587 -0.000968284 -0.0186721 0.0101218 0.00046767
internal_weight=166.868 166.303 165.764 7.28895 4.38259 0.916629 2.90637 1.17478 1.73159 0.624689 158.475 11.8895 7.34166 146.585
internal_count=4621 4035 3833 374 264 51 110 44 66 27 3459 384 140 3075
is_linear=0
shrinkage=0.08


Tree=105
num_leaves=15
num_cat=0
split_feature=8 14 1 17 19 0 10 17 10 6 1 1 1 0
split_gain=0.590485 0.867047 0.964451 0.818681 0.594081 0.617856 0.565001 1.7017 0.85977 1.03997 1.05641 1.22182 0.933898 0.817055
threshold=1.0000000180025095e-35 1.0000000180025095e-35 17.500000000000004 1.0000000180025095e-35 0.87500000000000011 3.5000000000000004 0.68500000000000016 1.0000000180025095e-35 0.67500000000000016 1.3666500000000001 12.500000000000002 14.500000000000002 15.500000000000002 2.5000000000000004
decision_type=2 2 2 2 2 2 2 2 2 2 2 2 2 2
left_child=6 3 4 -2 -3 -6 8 -8 13 10 -10 -12 -13 -1
right_child=1 2 -4 -5 5 -7 7 -9 9 -11 11 12 -14 -15
leaf_value=0.00084697147387644293 0.082970371440309165 0.083141580615054458 -0.078838344141468161 -0.088174557436901044 0.081843894782201568 -0.09232510265403264 0.081705353214393192 -0.080668120424864348 0.025081004276245978 0.094692257981380229 -0.13194515219398789 0.04090778177677537 -0.067416857743428982 -0.030909692600211845
leaf_weight=149.60982054748456 1.8645687139942304 0.72163787914905719 0.75392409178311925 0.19786452036350954 0.2087783629540354 0.3470262810587883 1.603928636221098 0.55636806110851456 1.0667239151662204 0.3707877643755636 1.1845376749406571 0.75614938070066307 1.5606543272442648 5.3713089085940728
leaf_count=3344 163 61 17 6 12 3 523 91 21 7 46 34 147 146
internal_value=6.09407e-06 0.0300125 -0.00708489 0.0665512 0.0352627 -0.0269015 -0.000751804 0.0398873 -0.00130078 -0.0341599 -0.0446188 -0.0658536 -0.0320623 -0.000253645
internal_weight=166.174 4.0938 2.03137 2.06243 1.27744 0.555805 162.08 2.1603 159.92 4.93885 4.56807 3.50134 2.3168 154.981
internal_count=4621 262 93 169 76 15 4359 614 3745 255 248 227 181 3490
is_linear=0
shrinkage=0.08


end of trees

feature_importances:
Column_10=180
Column_19=178
Column_1=170
Column_0=97
Column_6=90
Column_17=85
Column_20=84
Column_16=71
Column_14=68
Column_9=62
Column_21=60
Column_8=59
Column_18=55
Column_15=49
Column_13=46
Column_11=39
Column_12=35
Column_5=21
Column_4=16
Column_7=16
Column_2=3

parameters:
[boosting: gbdt]
[objective: binary]
[metric: binary_logloss]
[tree_learner: serial]
[device_type: cpu]
[data_sample_strategy: bagging]
[data: ]
[valid: ]
[num_iterations: 150]
[learning_rate: 0.08]
[num_leaves: 15]
[num_threads: 0]
[seed: 0]
[deterministic: 0]
[force_col_wise: 0]
[force_row_wise: 0]
[histogram_pool_size: -1]
[max_depth: -1]
[min_data_in_leaf: 5]
[min_sum_hessian_in_leaf: 0.001]
[bagging_fraction: 1]
[pos_bagging_fraction: 1]
[neg_bagging_fraction: 1]
[bagging_freq: 0]
[bagging_seed: 3]
[bagging_by_query: 0]
[feature_fraction: 1]
[feature_fraction_bynode: 1]
[feature_fraction_seed: 2]
[extra_trees: 0]
[extra_seed: 6]
[early_stopping_round: 0]
[early_stopping_min_delta: 0]
[first_metric_only: 0]
[max_delta_step: 0]
[lambda_l1: 0]
[lambda_l2: 0]
[linear_lambda: 0]
[min_gain_to_split: 0]
[drop_rate: 0.1]
[max_drop: 50]
[skip_drop: 0.5]
[xgboost_dart_mode: 0]
[uniform_drop: 0]
[drop_seed: 4]
[top_rate: 0.2]
[other_rate: 0.1]
[min_data_per_group: 100]
[max_cat_threshold: 32]
[cat_l2: 10]
[cat_smooth: 10]
[max_cat_to_onehot: 4]
[top_k: 20]
[monotone_constraints: ]
[monotone_constraints_method: basic]
[monotone_penalty: 0]
[feature_contri: ]
[forcedsplits_filename: ]
[refit_decay_rate: 0.9]
[cegb_tradeoff: 1]
[cegb_penalty_split: 0]
[cegb_penalty_feature_lazy: ]
[cegb_penalty_feature_coupled: ]
[path_smooth: 0]
[interaction_constraints: ]
[verbosity: -1]
[saved_feature_importance_type: 0]
[use_quantized_grad: 0]
[num_grad_quant_bins: 4]
[quant_train_renew_leaf: 0]
[stochastic_rounding: 1]
[linear_tree: 0]
[max_bin: 255]
[max_bin_by_feature: ]
[min_data_in_bin: 3]
[bin_construct_sample_cnt: 200000]
[data_random_seed: 1]
[is_enable_sparse: 1]
[enable_bundle: 1]
[use_missing: 1]
[zero_as_missing: 0]
[feature_pre_filter: 0]
[pre_partition: 0]
[two_round: 0]
[header: 0]
[label_column: ]
[weight_column: ]
[group_column: ]
[ignore_column: ]
[categorical_feature: ]
[forcedbins_filename: ]
[precise_float_parser: 0]
[parser_config_file: ]
[objective_seed: 5]
[num_class: 1]
[is_unbalance: 0]
[scale_pos_weight: 1]
[sigmoid: 1]
[boost_from_average: 1]
[reg_sqrt: 0]
[alpha: 0.9]
[fair_c: 1]
[poisson_max_delta_step: 0.7]
[tweedie_variance_power: 1.5]
[lambdarank_truncation_level: 30]
[lambdarank_norm: 1]
[label_gain: ]
[lambdarank_position_bias_regularization: 0]
[eval_at: ]
[multi_error_top_k: 1]
[auc_mu_weights: ]
[num_machines: 1]
[local_listen_port: 12400]
[time_out: 120]
[machine_list_filename: ]
[machines: ]
[gpu_platform_id: -1]
[gpu_device_id: -1]
[gpu_device_id_list: ]
[gpu_use_dp: 0]
[num_gpu: 1]

end of parameters

pandas_categorical:null
