tree
version=v4
num_class=1
num_tree_per_iteration=1
label_index=0
max_feature_idx=15
objective=binary sigmoid:1
feature_names=Column_0 Column_1 Column_2 Column_3 Column_4 Column_5 Column_6 Column_7 Column_8 Column_9 Column_10 Column_11 Column_12 Column_13 Column_14 Column_15
feature_infos=[1:7] [2:54] [0:1] [0:1] [0:2] [0:2] [0:2] [0.66669999999999996:1] [0:1] [0:0.90000000000000002] [0:0.84999999999999998] [0:0.5] [1:3] [0:1] [0:1] [0:1]
tree_sizes=1691 1595 1386 1589 1590 1698 1691 1697 1383 1593 1590 1396 1713 1717 1723 1294 1403 1403 1720 1400 1509 1618 1393 1405 1405 1507 1732 1730 1725 1522 1737 1516 1624 1512 1734 1730 1725 1630 1617 1736 1730 1725 1752 1762 1738 1753 1761 1739 1748 1743 1754 1746 1755 1745 1745 1753 1738 1753 1755 1763 1748 1758 1763 1742 1767 1754 1759 1757 1778 1771 1742 1765 1758 1763 1763 1758 1749 1766 1755 1759 1767 1768

Tree=0
num_leaves=15
num_cat=0
split_feature=6 10 0 2 10 10 11 1 1 0 1 1 0 1
split_gain=1721.51 0.936757 1.86802 20.8059 0.374445 4.85974 3.08897 0.400409 0.860395 1.13687e-13 5.68434e-14 2.84217e-14 7.10543e-15 7.10543e-15
threshold=0.58335000000000015 1.0000000180025095e-35 2.5000000000000004 1.0000000180025095e-35 0.68500000000000016 0.67500000000000016 1.0000000180025095e-35 14.500000000000002 13.500000000000002 2.5000000000000004 26.500000000000004 21.500000000000004 3.5000000000000004 20.500000000000004
decision_type=2 2 2 2 2 2 2 2 2 2 2 2 2 2
left_child=9 2 13 -4 5 11 7 8 -7 -1 -6 -3 -11 -2
right_child=1 4 3 -5 10 6 -8 -9 -10 12 -12 -13 -14 -15
leaf_value=-0.047370083410756658 0.27384396442490688 0.27384396442490688 -0.047370083410756658 0.27384396442490688 0.27384396442490688 0.19354045246599103 0.27384396442490683 0.20246306490587052 0.11323694050707513 -0.047370083410756658 0.27384396442490688 0.27384396442490688 -0.047370083410756575 0.27384396442490672
leaf_weight=196.50448760390282 12.9508661031723 70.23354309797287 1.4943307042121876 9.4640944600105286 130.00677126646042 1.9924409389495832 3.2377165257930756 2.2414960563182831 1.4943307042121887 4.4829921126365653 1.2452755868434895 1.7433858215808857 2.9886614084243774 1.4943307042121894
leaf_count=789 52 282 6 38 522 8 13 9 6 18 5 7 12 6
internal_value=0.123111 0.269467 0.254949 0.230042 0.271205 0.266926 0.211386 0.176083 0.159125 -0.0473701 0.273844 0.273844 -0.0473701 0.273844
internal_weight=441.575 237.599 25.4036 10.9584 212.195 80.9429 8.96598 5.72827 3.48677 203.976 131.252 71.9769 7.47165 14.4452
internal_count=1773 954 102 44 852 325 36 23 14 819 527 289 30 58
is_linear=0
shrinkage=1


Tree=1
num_leaves=14
num_cat=0
split_feature=6 10 0 2 10 10 11 1 13 1 1 1 1
split_gain=1464.81 0.815494 1.62714 17.8165 0.332487 4.28723 2.69836 0.343743 0.84623 1.13687e-13 5.68434e-14 2.84217e-14 7.10543e-15
threshold=0.58335000000000015 1.0000000180025095e-35 2.5000000000000004 1.0000000180025095e-35 0.68500000000000016 0.67500000000000016 1.0000000180025095e-35 14.500000000000002 1.0000000180025095e-35 15.500000000000002 25.500000000000004 20.500000000000004 20.500000000000004
decision_type=2 2 2 2 2 2 2 2 2 2 2 2 2
left_child=9 2 12 -4 5 11 7 8 -7 -1 -6 -3 -2
right_child=1 4 3 -5 10 6 -8 -9 -10 -11 -12 -13 -14
leaf_value=-0.15629874578716549 0.1408360561727082 0.1408360561727082 -0.15629874578716549 0.14083605617270817 0.1408360561727082 0.067432696031816147 0.14083605617270814 0.073494994978056893 -0.012319211849527832 -0.15629874578716549 0.1408360561727082 0.1408360561727082 0.14083605617270803
leaf_weight=156.16238117218018 12.759295046329497 67.967783227562904 1.4991588592529286 9.3241002261638641 127.34757940471172 1.9859680086374265 3.1898237615823746 2.2270990312099457 1.4906211644411087 48.472803115844727 1.9629684686660755 2.9444527029991141 1.4722263514995582
leaf_count=625 52 277 6 38 519 8 13 9 6 194 8 12 6
internal_value=5.92688e-05 0.136696 0.123057 0.0996791 0.13833 0.13427 0.0819113 0.0489572 0.0332383 -0.156299 0.140836 0.140836 0.140836
internal_weight=438.806 234.171 25.0548 10.8233 209.116 79.8057 8.89351 5.70369 3.47659 204.635 129.311 70.9122 14.2315
internal_count=1773 954 102 44 852 325 36 23 14 819 527 289 58
is_linear=0
shrinkage=0.08


Tree=2
num_leaves=12
num_cat=0
split_feature=6 10 0 2 10 10 11 1 13 1 1
split_gain=1261.64 0.71155 1.42762 15.4246 0.30523 3.89112 2.40733 0.29695 0.722751 2.84217e-14 7.10543e-15
threshold=0.58335000000000015 1.0000000180025095e-35 2.5000000000000004 1.0000000180025095e-35 0.68500000000000016 0.67500000000000016 1.0000000180025095e-35 14.500000000000002 1.0000000180025095e-35 15.500000000000002 18.500000000000004
decision_type=2 2 2 2 2 2 2 2 2 2 2
left_child=-1 2 10 -4 5 9 7 8 -7 -3 -2
right_child=1 4 3 -5 -6 6 -8 -9 -10 -11 -12
leaf_value=-0.14525859246702147 0.13284412481002908 0.13284412481002908 -0.14525859246702147 0.13284412481002905 0.13284412481002908 0.062466912669765888 0.13284412481002902 0.068234033986336651 -0.011322985384009214 0.13284412481002908 0.13284412481002897
leaf_weight=202.64128643274307 11.738107442855833 62.283835411071777 1.4845515489578236 9.1030220985412598 126.2445433139801 1.9728686958551389 3.1141917705535889 2.2077018320560455 1.4919695109128952 6.9470431804656974 2.1559789180755624
leaf_count=819 49 260 6 38 527 8 13 9 6 29 9
internal_value=9.83996e-05 0.128868 0.11598 0.0938496 0.130413 0.126479 0.0763296 0.0453035 0.0306928 0.132844 0.132844
internal_weight=431.385 228.744 24.4817 10.5876 204.262 78.0176 8.78673 5.67254 3.46484 69.2309 13.8941
internal_count=1773 954 102 44 852 325 36 23 14 289 58
is_linear=0
shrinkage=0.08


Tree=3
num_leaves=14
num_cat=0
split_feature=6 10 10 6 11 0 2 1 13 1 0 1 10
split_gain=1097.11 0.636554 3.17091 2.24465 1.57124 1.32832 14.113 0.754566 0.174725 0.000157034 1.13687e-13 5.68434e-14 7.10543e-15
threshold=0.58335000000000015 0.68500000000000016 0.67500000000000016 0.70835000000000015 1.0000000180025095e-35 2.5000000000000004 1.0000000180025095e-35 13.500000000000002 1.0000000180025095e-35 18.500000000000004 1.5000000000000002 26.500000000000004 0.66500000000000015
decision_type=2 2 2 2 2 2 2 2 2 2 2 2 2
left_child=10 2 5 9 7 -2 -7 -5 -9 -4 -1 -3 -8
right_child=1 11 3 4 -6 6 12 8 -10 -11 -12 -13 -14
leaf_value=-0.1364355524667587 0.12627040199762621 0.12627040199762621 0.13055565477363396 0.060008445858728894 0.12627040199762612 -0.13643555246675887 0.12627040199762621 -0.02383162860562664 0.017013748533674163 0.12934703082101268 -0.1364355524667587 0.12627040199762621 0.12627040199762604
leaf_weight=108.90153133869171 76.381121098995209 121.18828332424164 1.1819634139537796 1.9624836444854734 1.1608073115348814 1.4552543163299532 11.608073115348814 1.4672427177429199 1.2339759171009064 1.6462863385677335 89.74068284034729 1.1608073115348805 1.3929687738418586
leaf_count=449 329 522 5 8 5 6 50 6 5 7 370 5 6
internal_value=0.000125107 0.122406 0.117654 0.0713788 0.0429854 0.122062 0.0998249 0.0222556 -0.00517256 0.129852 -0.136436 0.12627 0.12627
internal_weight=420.481 221.839 99.4902 8.65276 5.82451 90.8374 14.4563 4.6637 2.70122 2.82825 198.642 122.349 13.001
internal_count=1773 954 427 36 24 391 62 19 11 12 819 527 56
is_linear=0
shrinkage=0.08


Tree=4
num_leaves=14
num_cat=0
split_feature=6 10 10 6 11 0 2 1 13 1 1 1 1
split_gain=961.434 0.590591 3.00336 2.03586 1.41504 1.17955 12.4177 0.646344 0.147594 0.00010648 5.68434e-14 2.84217e-14 3.55271e-15
threshold=0.58335000000000015 0.68500000000000016 0.67500000000000016 0.70835000000000015 1.0000000180025095e-35 2.5000000000000004 1.0000000180025095e-35 13.500000000000002 1.0000000180025095e-35 18.500000000000004 22.500000000000004 20.500000000000004 21.500000000000004
decision_type=2 2 2 2 2 2 2 2 2 2 2 2 2
left_child=10 2 5 9 7 11 -7 -5 -9 -4 -1 -2 -8
right_child=1 -3 3 4 -6 6 12 8 -10 -11 -12 -13 -14
leaf_value=-0.12923790421637599 0.12078165063136222 0.12078165063136222 0.12439560765097869 0.055715043568938798 0.12078165063136212 -0.12923790421637615 0.12078165063136222 -0.021849023579235669 0.015679989734886594 0.12338324464921518 -0.12923790421637599 0.12078165063136222 0.12078165063136215
leaf_weight=188.66863250732422 71.788993209600449 117.8591882288456 1.1428418159484848 1.9453312158584593 1.1182086169719694 1.4150147438049288 9.3929523825645429 1.4721352010965347 1.2319124937057495 1.5900750905275343 4.4808800220489493 1.7891337871551503 3.1309841275215158
leaf_count=800 321 527 5 8 5 6 42 6 5 7 19 8 14
internal_value=0.000144003 0.116987 0.11233 0.0669311 0.0399812 0.116739 0.0954009 0.0205481 -0.00475152 0.123807 -0.129238 0.120782 0.120782
internal_weight=407.026 213.877 96.0176 8.5005 5.76759 87.5171 13.939 4.64938 2.70405 2.73292 193.15 73.5781 12.5239
internal_count=1773 954 427 36 24 391 62 19 11 12 819 329 56
is_linear=0
shrinkage=0.08


Tree=5
num_leaves=15
num_cat=0
split_feature=6 10 10 6 11 0 2 1 1 1 0 1 0 1
split_gain=847.901 0.553828 2.87965 1.86588 1.28382 1.05192 10.9896 0.571498 0.00388738 7.3566e-05 5.68434e-14 5.68434e-14 2.84217e-14 2.84217e-14
threshold=0.58335000000000015 0.68500000000000016 0.67500000000000016 0.70835000000000015 1.0000000180025095e-35 2.5000000000000004 1.0000000180025095e-35 12.500000000000002 14.500000000000002 18.500000000000004 1.5000000000000002 10.500000000000002 3.5000000000000004 3.5000000000000004
decision_type=2 2 2 2 2 2 2 2 2 2 2 2 2 2
left_child=10 2 5 9 7 13 -7 -5 -9 -4 11 -1 -12 -2
right_child=1 -3 3 4 -6 6 -8 8 -10 -11 12 -13 -14 -15
leaf_value=-0.12326853372092567 0.11614181370713267 0.11614181370713267 0.11922510645516481 0.066552194252402497 0.11614181370713259 -0.12326853372092583 0.11614181370713265 0.00039230140337647595 0.0060201392642089272 0.11836677577728148 -0.12326853372092567 -0.12326853372092567 -0.12326853372092567 0.11614181370713267
leaf_weight=92.94325590133667 1.5004472881555546 112.96224583685398 1.0988075882196411 1.1982622295618055 1.0717480629682539 1.3668125867843599 12.003578305244446 2.2182025462388997 1.2161937505006788 1.5274230092763899 81.55315101146698 9.339886009693144 2.7336251735687247 69.020575255155563
leaf_count=408 7 527 5 5 5 6 56 9 5 7 358 41 12 322
internal_value=0.000157565 0.112386 0.107786 0.0629262 0.0372368 0.112241 0.0916677 0.0189824 0.00238524 0.118726 -0.123269 -0.123269 -0.123269 0.116142
internal_weight=391.754 205.184 92.2221 8.33064 5.70441 83.8914 13.3704 4.63266 3.4344 2.62623 186.57 102.283 84.2868 70.521
internal_count=1773 954 427 36 24 391 62 19 14 12 819 449 370 329
is_linear=0
shrinkage=0.08


Tree=6
num_leaves=15
num_cat=0
split_feature=6 10 10 6 0 2 1 13 1 1 1 1 1 1
split_gain=751.743 0.524239 2.78831 1.72432 0.94155 9.77333 0.666659 0.24887 0.0403222 5.16243e-05 5.68434e-14 2.84217e-14 2.84217e-14 1.42109e-14
threshold=0.58335000000000015 0.68500000000000016 0.67500000000000016 0.70835000000000015 2.5000000000000004 1.0000000180025095e-35 16.500000000000004 1.0000000180025095e-35 12.500000000000002 18.500000000000004 15.500000000000002 21.500000000000004 26.500000000000004 22.500000000000004
decision_type=2 2 2 2 2 2 2 2 2 2 2 2 2 2
left_child=10 2 4 9 11 -6 7 8 -5 -4 -1 -2 -3 -12
right_child=1 12 3 6 5 -7 -8 -9 -10 -11 13 -13 -14 -15
leaf_value=-0.11825053088271363 0.11217882297272767 0.11217882297272767 0.11483487654086988 0.055395680332600311 -0.11825053088271378 0.11217882297272766 -0.021086369571544562 0.028681797239345386 0.076284325465939093 0.11409973265652389 -0.11825053088271363 0.11217882297272767 0.11217882297272767 -0.11825053088271363
leaf_weight=136.77326962351799 66.280137777328491 106.78466641902924 1.0514849275350555 1.1432609558105471 1.3130233883857698 11.455826282501221 1.1022894084453581 2.1661830991506577 1.2253032475709913 1.4605166465044019 38.296515494585037 1.0228416323661793 1.0228416323661793 4.157907396554946
leaf_count=625 324 522 5 5 6 56 5 9 5 7 175 5 5 19
internal_value=0.000167447 0.108436 0.103863 0.0592808 0.1084 0.0884837 0.034715 0.048279 0.0662018 0.114407 -0.118251 0.112179 0.112179 -0.118251
internal_weight=375.256 196.028 88.2209 8.14904 80.0718 12.7688 5.63704 4.53475 2.36856 2.512 179.228 67.303 107.808 42.4544
internal_count=1773 954 427 36 391 62 24 19 10 12 819 329 527 194
is_linear=0
shrinkage=0.08


Tree=7
num_leaves=15
num_cat=0
split_feature=6 10 10 11 0 2 1 13 0 1 1 1 14 1
split_gain=669.407 0.505698 2.76132 1.7384 0.845461 8.72782 0.199435 0.583501 0.0012688 2.84217e-14 1.42109e-14 3.55271e-15 3.55271e-15 1.77636e-15
threshold=0.58335000000000015 0.68500000000000016 0.67500000000000016 1.0000000180025095e-35 2.5000000000000004 1.0000000180025095e-35 14.500000000000002 1.0000000180025095e-35 2.5000000000000004 16.500000000000004 15.500000000000002 25.500000000000004 1.0000000180025095e-35 21.500000000000004
decision_type=2 2 2 2 2 2 2 2 2 2 2 2 2 2
left_child=-1 2 4 6 10 -6 7 -4 -5 -3 -2 12 -7 -12
right_child=1 9 3 8 5 11 -8 -9 -10 -11 13 -13 -14 -15
leaf_value=-0.11398457365341337 0.10876415139723741 0.10876415139723741 0.047384687838270358 0.11207551286430441 -0.11398457365341352 0.10876415139723745 0.049638070464640402 -0.019716508594637649 0.1084423334012843 0.10876415139723741 0.10876415139723744 0.10876415139723722 0.10876415139723726 0.10876415139723733
leaf_weight=171.38134199380875 55.827974617481232 51.15943318605423 1.8954061269760123 1.0209080874919891 1.255540966987607 8.7535151839256251 2.0559972822666168 1.4746920019388199 1.5479134321212769 51.353955745697021 7.1973347067832929 0.97261279821395952 1.1671353578567512 0.97261279821395863
leaf_count=819 287 263 8 5 6 45 9 6 8 264 37 5 6 5
internal_value=0.00017425 0.104992 0.100395 0.0556693 0.105091 0.0857438 0.0300019 0.0180225 0.109886 0.108764 0.108764 0.108764 0.108764 0.108764
internal_weight=358.036 186.655 84.1416 7.99492 76.1467 12.1488 5.4261 3.3701 2.56882 102.513 63.9979 10.8933 9.92065 8.16995
internal_count=1773 954 427 36 391 62 23 14 13 527 329 56 51 42
is_linear=0
shrinkage=0.08


Tree=8
num_leaves=12
num_cat=0
split_feature=6 10 10 11 0 2 1 13 0 1 1
split_gain=598.386 0.4888 2.72963 1.63286 0.7613 7.82196 0.204576 0.205878 0.000909492 5.68434e-14 2.84217e-14
threshold=0.58335000000000015 0.68500000000000016 0.67500000000000016 1.0000000180025095e-35 2.5000000000000004 1.0000000180025095e-35 16.500000000000004 1.0000000180025095e-35 2.5000000000000004 20.500000000000004 25.500000000000004
decision_type=2 2 2 2 2 2 2 2 2 2 2
left_child=9 2 4 6 -2 -6 7 -4 -5 -1 -3
right_child=1 10 3 8 5 -7 -8 -9 -10 -11 -12
leaf_value=-0.11032346907138534 0.10579976880884835 0.10579976880884835 0.054021390777555321 0.10867604751032227 -0.1103234690713855 0.10579976880884834 0.00042092342281088209 0.01799039040535241 0.10551933565722454 -0.11032346907138534 0.10579976880884835
leaf_weight=154.46667410433292 60.664175510406494 95.698197841644287 2.1137507557868949 0.97067092359066021 1.1958710253238649 10.325817108154297 1.3149619102478025 1.9523856639862058 1.4668455719947815 8.7697208523750287 1.475116729736327
leaf_count=775 329 519 9 5 6 56 6 8 8 44 8
internal_value=0.000179298 0.101987 0.0973561 0.0524562 0.102219 0.0833677 0.0278503 0.0367208 0.106776 -0.110323 0.1058
internal_weight=340.414 177.178 80.0045 7.81861 72.1859 11.5217 5.3811 4.06614 2.43752 163.236 97.1733
internal_count=1773 954 427 36 391 62 23 17 13 819 527
is_linear=0
shrinkage=0.08


Tree=9
num_leaves=14
num_cat=0
split_feature=6 10 10 6 0 2 1 13 1 1 1 1 1
split_gain=536.63 0.477487 2.72403 1.60385 0.687199 7.03176 0.687099 0.159799 0.0354593 0.000106054 5.68434e-14 1.42109e-14 8.88178e-16
threshold=0.58335000000000015 0.68500000000000016 0.67500000000000016 0.70835000000000015 2.5000000000000004 1.0000000180025095e-35 16.500000000000004 1.0000000180025095e-35 12.500000000000002 18.500000000000004 22.500000000000004 21.500000000000004 23.500000000000004
decision_type=2 2 2 2 2 2 2 2 2 2 2 2 2
left_child=10 2 4 9 11 -6 7 8 -5 -4 -1 -2 -12
right_child=1 -3 3 6 5 -7 -8 -9 -10 -11 12 -13 -14
leaf_value=-0.10715601497985754 0.1032095927246708 0.1032095927246708 0.10741826081316953 0.044162169644914602 -0.1071560149798577 0.10320959272467078 -0.032276299459658334 0.024146497779719691 0.064207107683461398 0.10629709205392036 -0.10715601497985749 0.1032095927246708 -0.10715601497985748
leaf_weight=151.36063098907471 56.475807130336761 91.860340610146523 0.93306051194667761 1.0769712179899218 1.1352047324180574 9.7612506151199341 1.0455352514982221 2.1290467083454132 1.1876741796731947 1.2816599309444425 1.7028070986270898 0.87154023349285026 1.8920078873634336
leaf_count=800 324 527 5 5 6 56 5 9 5 7 9 5 10
internal_value=0.000182866 0.0993301 0.0946346 0.0493792 0.0997103 0.0812935 0.0260113 0.0398816 0.0546746 0.106769 -0.107156 0.10321 -0.107156
internal_weight=322.714 167.758 75.8978 7.65395 68.2438 10.8965 5.43923 4.39369 2.26465 2.21472 154.955 57.3473 3.59481
internal_count=1773 954 427 36 391 62 24 19 10 12 819 329 19
is_linear=0
shrinkage=0.08


Tree=10
num_leaves=14
num_cat=0
split_feature=6 10 10 11 0 2 1 1 0 1 1 1 1
split_gain=482.59 0.470845 2.73806 1.57439 0.621655 6.33839 0.198091 0.516514 0.00238472 5.68434e-14 1.42109e-14 1.77636e-15 1.77636e-15
threshold=0.58335000000000015 0.68500000000000016 0.67500000000000016 1.0000000180025095e-35 2.5000000000000004 1.0000000180025095e-35 14.500000000000002 13.500000000000002 2.5000000000000004 21.500000000000004 9.5000000000000018 25.500000000000004 18.500000000000004
decision_type=2 2 2 2 2 2 2 2 2 2 2 2 2
left_child=9 2 4 6 10 -6 7 -4 -5 -1 -2 12 -7
right_child=1 -3 3 8 5 11 -8 -9 -10 -11 -12 -13 -14
leaf_value=-0.10439657595536767 0.10093362219784803 0.10093362219784803 0.038855671364234692 0.10595406441582521 -0.10439657595536783 0.10093362219784804 0.04260924272128911 -0.024922779813961793 0.10063940792690672 -0.10439657595536767 0.10093362219784803 0.10093362219784779 0.10093362219784799
leaf_weight=141.47294849157333 30.4112508893013 86.630968749523163 1.8340993970632544 0.92256981134414684 1.0744780898094148 4.109628498554228 1.9812570661306379 1.4592450857162476 1.3041859418153763 5.1933107674121848 23.671460151672363 0.82192569971084672 4.2740136384963989
leaf_count=790 185 527 8 5 6 25 9 6 8 29 144 5 26
internal_value=0.000185426 0.0969623 0.0921748 0.0464341 0.0975058 0.0794724 0.022621 0.0105961 0.102841 -0.104397 0.100934 0.100934 0.100934
internal_weight=305.161 158.495 71.8641 7.50136 64.3628 10.28 5.2746 3.29334 2.22676 146.666 54.0827 9.20557 8.38364
internal_count=1773 954 427 36 391 62 23 14 13 819 329 56 51
is_linear=0
shrinkage=0.08


Tree=11
num_leaves=12
num_cat=0
split_feature=6 10 10 11 0 2 1 13 0 1 1
split_gain=435.082 0.464184 2.73936 1.48397 0.563442 5.72686 0.210988 0.15933 0.00174847 2.84217e-14 1.77636e-15
threshold=0.58335000000000015 0.68500000000000016 0.67500000000000016 1.0000000180025095e-35 2.5000000000000004 1.0000000180025095e-35 16.500000000000004 1.0000000180025095e-35 2.5000000000000004 7.5000000000000009 16.500000000000004
decision_type=2 2 2 2 2 2 2 2 2 2 2
left_child=9 2 4 6 -2 -6 7 -4 -5 -1 -7
right_child=1 -3 3 8 5 10 -8 -9 -10 -11 -12
leaf_value=-0.10197808830287379 0.098923839640297398 0.098923839640297398 0.045625608151683837 0.10334838113805427 -0.10197808830287397 0.09892383964029737 -0.0075225129761287406 0.01356983945647388 0.098663378090510165 -0.10197808830287379 0.098923839640297384
leaf_weight=37.871647834777832 50.897127240896225 81.528225094079971 2.0411551147699347 0.87222304940223705 1.0144191384315462 2.011132687330246 1.2606893479824064 1.9312841445207598 1.2270339876413345 100.59656456112862 6.6522081196308136
leaf_count=224 329 527 9 5 6 13 6 8 8 595 43
internal_value=0.000187291 0.0948546 0.0899692 0.0437864 0.0955594 0.0778654 0.0209918 0.030041 0.10061 -0.101978 0.0989238
internal_weight=287.904 149.435 67.9073 7.33239 60.5749 9.67776 5.23313 3.97244 2.09926 138.468 8.66334
internal_count=1773 954 427 36 391 62 23 17 13 819 56
is_linear=0
shrinkage=0.08


Tree=12
num_leaves=15
num_cat=0
split_feature=6 10 10 6 1 0 2 13 1 11 1 1 1 1
split_gain=393.077 0.461595 2.75705 1.50802 0.70479 0.511551 5.18508 0.124974 0.042391 0.0101775 2.84217e-14 1.77636e-15 1.77636e-15 8.88178e-16
threshold=0.58335000000000015 0.68500000000000016 0.67500000000000016 0.70835000000000015 16.500000000000004 2.5000000000000004 1.0000000180025095e-35 1.0000000180025095e-35 12.500000000000002 1.0000000180025095e-35 22.500000000000004 22.500000000000004 18.500000000000004 19.500000000000004
decision_type=2 2 2 2 2 2 2 2 2 2 2 2 2 2
left_child=10 2 5 9 7 -2 -7 8 -5 -4 -1 12 -8 -14
right_child=1 -3 3 4 -6 6 11 -9 -10 -11 -12 -13 13 -15
leaf_value=-0.099847302418195116 0.097141433892212137 0.097141433892212137 0.10875274303242377 0.034671695643846256 -0.041639884845549931 -0.099847302418195311 0.097141433892212123 0.019183509401494436 0.057093235586179507 0.09690991176628605 -0.099847302418195116 0.097141433892212081 0.097141433892212026 0.097141433892212095
leaf_weight=127.41153240203857 47.810588285326958 76.584133818745613 0.77794224023818848 1.013327017426491 0.99465256929397572 0.95558649301528653 3.6330234259366989 2.0861519128084183 1.154520198702812 1.1523468047380447 3.0260238945484152 1.5985303074121473 1.1625674962997439 1.7438512444496153
leaf_count=800 329 527 4 5 5 6 25 9 5 8 19 11 8 12
internal_value=0.000188465 0.0929494 0.0879396 0.0412218 0.0189861 0.0938334 0.0764411 0.0331614 0.0466126 0.101683 -0.0998473 0.0971414 0.0971414 0.0971414
internal_weight=271.105 140.667 64.0831 7.17894 5.24865 56.9041 9.09356 4.254 2.16785 1.93029 130.438 8.13797 6.53944 2.90642
internal_count=1773 954 427 36 24 391 62 19 10 12 819 56 45 20
is_linear=0
shrinkage=0.08


Tree=13
num_leaves=15
num_cat=0
split_feature=6 10 10 11 0 2 1 13 0 0 1 1 1 1
split_gain=355.781 0.462537 2.78664 1.43839 0.465147 4.70319 0.195341 0.122748 0.00276066 2.84217e-14 1.42109e-14 1.42109e-14 1.42109e-14 1.77636e-15
threshold=0.58335000000000015 0.68500000000000016 0.67500000000000016 1.0000000180025095e-35 2.5000000000000004 1.0000000180025095e-35 16.500000000000004 1.0000000180025095e-35 2.5000000000000004 1.5000000000000002 20.500000000000004 21.500000000000004 9.5000000000000018 25.500000000000004
decision_type=2 2 2 2 2 2 2 2 2 2 2 2 2 2
left_child=9 2 4 6 10 -6 7 -4 -5 -1 -2 12 -3 -7
right_child=1 11 3 8 5 13 -8 -9 -10 -11 -12 -13 -14 -15
leaf_value=-0.097961320586287676 0.09555461159754107 0.09555461159754107 0.039395446193668519 0.10148421136399514 -0.097961320586287773 0.095554611597541042 -0.011161486433957854 0.011019471478184262 0.095348079510151951 -0.097961320586287676 0.09555461159754107 0.09555461159754107 0.09555461159754107 0.095554611597540945
leaf_weight=67.230347603559494 43.747271999716759 0.95399035513400932 1.9832796901464453 0.82951143383979764 0.89840108156204035 6.9505011588335037 1.2267112731933592 1.9203192293643951 1.0804589986801147 55.401400029659271 1.090274691581725 8.8584818691015226 62.00937308371067 0.68142168223857869
leaf_count=449 321 7 9 5 6 51 6 8 8 370 8 65 455 5
internal_value=0.000189259 0.0912153 0.0860562 0.0387489 0.0922969 0.0751738 0.0166854 0.0254363 0.098013 -0.0979613 0.0955546 0.0955546 0.0955546 0.0955546
internal_weight=254.862 132.23 60.4082 7.04028 53.3679 8.53032 5.13031 3.9036 1.90997 122.632 44.8375 71.8218 62.9634 7.63192
internal_count=1773 954 427 36 391 62 23 17 13 819 329 527 462 56
is_linear=0
shrinkage=0.08


Tree=14
num_leaves=15
num_cat=0
split_feature=6 10 10 6 1 0 2 1 13 11 0 0 0 1
split_gain=322.566 0.464073 2.80904 1.44033 0.629992 0.42353 4.27306 0.106361 0.261058 0.00983294 2.84217e-14 1.42109e-14 7.10543e-15 1.77636e-15
threshold=0.58335000000000015 0.68500000000000016 0.67500000000000016 0.70835000000000015 16.500000000000004 2.5000000000000004 1.0000000180025095e-35 12.500000000000002 1.0000000180025095e-35 1.0000000180025095e-35 1.5000000000000002 3.5000000000000004 1.5000000000000002 24.500000000000004
decision_type=2 2 2 2 2 2 2 2 2 2 2 2 2 2
left_child=10 2 5 9 7 12 -7 -5 -9 -4 -1 -12 -2 -8
right_child=1 -3 3 4 -6 6 13 8 -10 -11 11 -13 -14 -15
leaf_value=-0.096285236455005113 0.094137099426700357 0.094137099426700357 0.10607930258934638 0.048668571292663713 -0.042542222735120303 -0.096285236455005113 0.094137099426700344 0.050884300181611816 0.0018735354004286132 0.093952272909827939 -0.096285236455005113 -0.096285236455005113 0.094137099426700357 0.094137099426700246
leaf_weight=63.097350060939789 28.970408990979195 67.257293120026588 0.74162292480468628 1.21169838309288 0.98134130239486683 0.84317171573638816 6.2535244077444077 1.1226257532835007 1.8284157961606979 1.0115991979837418 50.309245705604553 1.6863434314727772 13.017540603876112 0.89336062967777241
leaf_count=449 227 527 4 6 5 6 49 5 8 8 358 12 102 7
internal_value=0.000189642 0.089639 0.0843197 0.0364615 0.0151189 0.0909245 0.0740423 0.0287122 0.0205181 0.0990821 -0.0962852 -0.0962852 0.0941371 0.0941371
internal_weight=239.226 124.133 56.8753 6.8973 5.14408 49.978 7.99006 4.16274 2.95104 1.75322 115.093 51.9956 41.9879 7.14689
internal_count=1773 954 427 36 24 391 62 19 13 12 819 370 329 56
is_linear=0
shrinkage=0.08


Tree=15
num_leaves=11
num_cat=0
split_feature=6 10 10 11 0 2 1 1 0 1
split_gain=292.875 0.467738 2.83395 1.38673 0.386108 3.88793 0.220692 0.444773 0.00347178 1.42109e-14
threshold=0.58335000000000015 0.68500000000000016 0.67500000000000016 1.0000000180025095e-35 2.5000000000000004 1.0000000180025095e-35 14.500000000000002 13.500000000000002 2.5000000000000004 25.500000000000004
decision_type=2 2 2 2 2 2 2 2 2 2
left_child=-1 2 4 6 -2 -6 7 -4 -5 -3
right_child=1 9 3 8 5 -7 -8 -9 -10 -11
leaf_value=-0.094790337099375899 0.092867000722111084 0.092867000722111084 0.027369208309175375 0.099889028380717823 -0.094790337099375899 0.092867000722111057 0.034813701029647814 -0.03293351187191159 0.092701117675259806 0.092867000722111084
leaf_weight=107.85092107951641 39.268135905265808 61.945782780647278 1.7328847199678412 0.78859119117259957 0.79011663794517417 6.6839380264282227 1.8679248690605161 1.4277319014072418 0.94591070711612701 0.95484828948974509
leaf_count=819 329 519 8 5 6 56 9 6 8 8
internal_value=0.000189957 0.0881899 0.0826916 0.0342886 0.0896949 0.0730289 0.0130131 0.000128917 0.0959691 0.092867
internal_weight=224.257 116.406 53.5052 6.76304 46.7422 7.47405 5.02854 3.16062 1.7345 62.9006
internal_count=1773 954 427 36 391 62 23 14 13 527
is_linear=0
shrinkage=0.08


Tree=16
num_leaves=12
num_cat=0
split_feature=6 10 10 6 1 0 2 1 13 11 0
split_gain=266.27 0.471257 2.84811 1.32417 0.617907 0.35238 3.54213 0.0801497 0.240644 0.00741266 2.84217e-14
threshold=0.58335000000000015 0.68500000000000016 0.67500000000000016 0.70835000000000015 16.500000000000004 2.5000000000000004 1.0000000180025095e-35 12.500000000000002 1.0000000180025095e-35 1.0000000180025095e-35 2.5000000000000004
decision_type=2 2 2 2 2 2 2 2 2 2 2
left_child=10 2 5 9 7 -2 -7 -5 -9 -4 -1
right_child=1 -3 3 4 -6 6 -8 8 -10 -11 -12
leaf_value=-0.093452756917157362 0.091725889573175956 0.091725889573175956 0.10265202519453397 0.043655212181376489 -0.045228564857192649 -0.093452756917157362 0.091725889573175942 0.048267913304660265 0.00091247953152938984 0.091576633103426647 -0.093452756917157362
leaf_weight=97.228583917021751 36.681547164916992 58.75737190246582 0.68789219856262096 1.1671452969312666 0.96534341573715199 0.73938086628913779 6.2436676025390625 1.1055736541748047 1.8130160421133041 0.88346861302852631 3.6969043314456931
leaf_count=789 329 527 4 6 5 6 56 5 8 8 30
internal_value=0.000189984 0.0868605 0.0811757 0.0322883 0.0123358 0.0885902 0.0721188 0.0259366 0.0188509 0.0964251 -0.0934528
internal_weight=209.97 109.044 50.287 6.62244 5.05108 43.6646 6.98305 4.08573 2.91859 1.57136 100.925
internal_count=1773 954 427 36 24 391 62 19 13 12 819
is_linear=0
shrinkage=0.08


Tree=17
num_leaves=12
num_cat=0
split_feature=6 10 10 11 0 2 1 13 0 1 1
split_gain=242.346 0.477883 2.8705 1.33101 0.321918 3.23087 0.222315 0.0663459 0.00390685 7.10543e-15 1.77636e-15
threshold=0.58335000000000015 0.68500000000000016 0.67500000000000016 1.0000000180025095e-35 2.5000000000000004 1.0000000180025095e-35 16.500000000000004 1.0000000180025095e-35 2.5000000000000004 15.500000000000002 21.500000000000004
decision_type=2 2 2 2 2 2 2 2 2 2 2
left_child=-1 2 4 6 9 -6 7 -4 -5 -2 -7
right_child=1 -3 3 8 5 10 -8 -9 -10 -11 -12
leaf_value=-0.092252511475045026 0.090698167677486272 0.090698167677486272 0.029871173170002395 0.098541869295577109 -0.092252511475045026 0.09069816767748623 -0.021067385881493868 0.0086800389389261601 0.090563582867920087 0.090698167677486272 0.090698167677486202
leaf_weight=94.32843592017889 29.859626643359661 54.829349271953106 1.8794836848974219 0.7504288926720617 0.69105081260204215 4.3697014600038528 1.1418131589889524 1.9028702974319458 0.82429391890764236 4.369701460003852 1.4565671533346174
leaf_count=819 287 527 9 5 6 42 6 8 8 42 14
internal_value=0.000189958 0.085617 0.0797202 0.0303443 0.0875954 0.0712994 0.00987057 0.0192101 0.0943656 0.0906982 0.0906982
internal_weight=196.403 102.075 47.2455 6.49889 40.7466 6.51732 4.92417 3.78235 1.57472 34.2293 5.82627
internal_count=1773 954 427 36 391 62 23 17 13 329 56
is_linear=0
shrinkage=0.08


Tree=18
num_leaves=15
num_cat=0
split_feature=6 10 10 6 1 0 2 1 13 11 1 0 1 1
split_gain=220.791 0.485925 2.89116 1.26087 0.549242 0.294354 2.95007 0.0675284 0.200442 0.00697405 1.42109e-14 7.10543e-15 3.55271e-15 1.77636e-15
threshold=0.58335000000000015 0.68500000000000016 0.67500000000000016 0.70835000000000015 16.500000000000004 2.5000000000000004 1.0000000180025095e-35 12.500000000000002 1.0000000180025095e-35 1.0000000180025095e-35 14.500000000000002 1.5000000000000002 21.500000000000004 21.500000000000004
decision_type=2 2 2 2 2 2 2 2 2 2 2 2 2 2
left_child=10 2 5 9 7 11 -7 -5 -9 -4 -1 -2 -13 -8
right_child=1 -3 3 4 -6 6 13 8 -10 -11 -12 12 -14 -15
leaf_value=-0.091172757872406529 0.08977056778251781 0.08977056778251781 0.10087735257586208 0.03905450020232664 -0.045115904333016731 -0.091172757872406529 0.089770567782517782 0.043255000721907397 -0.00038516426392404778 0.089648952222220579 -0.091172757872406529 0.089770567782517782 0.089770567782517463 0.089770567782517741
leaf_weight=66.452092856168747 22.01748526096344 51.115483403205872 0.65650245547294506 1.124823100864887 0.95399285852909077 0.64516595005988975 4.0737197399139404 1.076034814119339 1.801010325551033 0.76836506277322769 21.61305932700634 9.4083527326583862 0.4849666357040413 1.3579065799713133
leaf_count=618 227 527 4 6 5 6 42 5 8 8 201 97 5 14
internal_value=0.000189604 0.0844535 0.0783279 0.0284997 0.00943113 0.0866975 0.07056 0.0224344 0.0159366 0.0948224 -0.0911728 0.0897706 0.0897706 0.0897706
internal_weight=183.549 95.4838 44.3683 6.38073 4.95586 37.9876 6.07679 4.00187 2.87705 1.42487 88.0652 31.9108 9.89332 5.43163
internal_count=1773 954 427 36 24 391 62 19 13 12 819 329 102 56
is_linear=0
shrinkage=0.08


Tree=19
num_leaves=12
num_cat=0
split_feature=6 10 10 11 0 2 1 1 0 0 1
split_gain=201.332 0.494992 2.90754 1.27325 0.269368 2.69623 0.219691 0.365612 0.00407302 1.42109e-14 1.42109e-14
threshold=0.58335000000000015 0.68500000000000016 0.67500000000000016 1.0000000180025095e-35 2.5000000000000004 1.0000000180025095e-35 14.500000000000002 13.500000000000002 2.5000000000000004 3.5000000000000004 11.500000000000002
decision_type=2 2 2 2 2 2 2 2 2 2 2
left_child=9 2 4 6 -2 -6 7 -4 -5 -1 -3
right_child=1 10 3 8 5 -7 -8 -9 -10 -11 -12
leaf_value=-0.090199163549199157 0.088931675691990772 0.088931675691990772 0.01969062979188254 0.097360929493346376 -0.090199163549199157 0.088931675691990758 0.029611403132684483 -0.035723603234140255 0.088821572310319757 -0.090199163549199157 0.088931675691990772
leaf_weight=80.932521186769009 29.723907895386219 4.1559263318777075 1.6573555767536154 0.71427460014820077 0.60172878205776115 5.0593885779380798 1.7691015154123304 1.4105267822742462 0.71562757343053818 1.2034575641155232 43.456534035503864
leaf_count=807 329 46 8 5 6 56 9 6 8 12 481
internal_value=0.000189365 0.0833597 0.0769904 0.0267655 0.0858855 0.0698916 0.0071596 -0.00578729 0.0930872 -0.0901992 0.0889317
internal_weight=171.4 89.2644 41.6519 6.26689 35.385 5.66112 4.83698 3.06788 1.4299 82.136 47.6125
internal_count=1773 954 427 36 391 62 23 14 13 819 527
is_linear=0
shrinkage=0.08


Tree=20
num_leaves=13
num_cat=0
split_feature=6 10 10 11 0 2 1 13 0 1 1 1
split_gain=183.739 0.504016 2.91483 1.18896 0.246685 2.46636 0.230482 0.0434511 0.00308772 7.10543e-15 7.10543e-15 8.88178e-16
threshold=0.58335000000000015 0.68500000000000016 0.67500000000000016 1.0000000180025095e-35 2.5000000000000004 1.0000000180025095e-35 16.500000000000004 1.0000000180025095e-35 2.5000000000000004 3.5000000000000004 26.500000000000004 22.500000000000004
decision_type=2 2 2 2 2 2 2 2 2 2 2 2
left_child=-1 2 4 6 9 -6 7 -4 -5 -2 -3 -7
right_child=1 10 3 8 5 11 -8 -9 -10 -11 -12 -13
leaf_value=-0.089319472566743358 0.088171657769314293 0.088171657769314821 0.024980843335633086 0.095764064072741045 -0.089319472566743358 0.088171657769314807 -0.02550354538799058 0.0076690333565745663 0.088071817596380469 0.088171657769314821 0.088171657769314821 0.088171657769314751
leaf_weight=76.537297122180462 0.5886273011565234 43.894778743386269 1.8215485513210288 0.66990168392658211 0.56071279942989249 3.7840326502919197 1.1018381416797636 1.8913123607635498 0.66600169986486435 27.076855853199959 0.42044807225465675 0.92498575896024693
leaf_count=819 7 522 9 5 6 45 6 8 8 322 5 11
internal_value=0.000188966 0.082331 0.075709 0.0251546 0.0851499 0.0692862 0.00662712 0.0161623 0.0919292 0.0881717 0.0881717 0.0881717
internal_weight=159.938 83.401 39.0858 6.1506 32.9352 5.26973 4.8147 3.71286 1.3359 27.6655 44.3152 4.70902
internal_count=1773 954 427 36 391 62 23 17 13 329 527 56
is_linear=0
shrinkage=0.08


Tree=21
num_leaves=14
num_cat=0
split_feature=6 10 10 6 1 0 2 1 13 11 0 4 1
split_gain=167.788 0.515909 2.92738 1.17166 0.567525 0.226064 2.25783 0.0467073 0.178783 0.00627855 1.42109e-14 7.10543e-15 8.88178e-16
threshold=0.58335000000000015 0.68500000000000016 0.67500000000000016 0.70835000000000015 16.500000000000004 2.5000000000000004 1.0000000180025095e-35 12.500000000000002 1.0000000180025095e-35 1.0000000180025095e-35 3.5000000000000004 1.5000000000000002 25.500000000000004
decision_type=2 2 2 2 2 2 2 2 2 2 2 2 2
left_child=10 2 5 9 7 -2 -7 -5 -9 -4 -1 -3 -8
right_child=1 11 3 4 -6 6 12 8 -10 -11 -12 -13 -14
leaf_value=-0.088523156675220843 0.087482005725816755 0.087482005725816769 0.098796669647547852 0.033282903182779468 -0.050985033715126311 -0.088523156675220843 0.087482005725816755 0.039801707694735559 -0.0018051198805068475 0.087391323923583356 -0.088523156675220843 0.087482005725816769 0.087482005725816575
leaf_weight=70.218305513262749 25.731576554477218 39.49679683893919 0.61623248457908519 1.0704131349921229 0.91411198675632466 0.52206918597221275 3.9887854233384132 1.0521454662084579 1.777746818959713 0.61938906461000443 1.0441383719444264 1.7206525355577458 0.39105739444494236
leaf_count=807 329 505 4 6 5 6 51 5 8 8 12 22 5
internal_value=0.000188386 0.0813401 0.0744392 0.0235865 0.00575118 0.0844824 0.0687369 0.0190484 0.0136642 0.0930794 -0.0885232 0.087482 0.087482
internal_weight=149.163 77.901 36.6835 6.05004 4.81442 30.6335 4.90191 3.90031 2.82989 1.23562 71.2624 41.2174 4.37984
internal_count=1773 954 427 36 24 391 62 19 13 12 819 527 56
is_linear=0
shrinkage=0.08


Tree=22
num_leaves=12
num_cat=0
split_feature=6 10 10 11 1 1 0 2 0 1 1
split_gain=153.316 0.528333 2.93331 1.13348 0.21621 0.304614 0.207292 2.0684 0.0031378 7.10543e-15 8.88178e-16
threshold=0.58335000000000015 0.68500000000000016 0.67500000000000016 1.0000000180025095e-35 14.500000000000002 13.500000000000002 2.5000000000000004 1.0000000180025095e-35 2.5000000000000004 25.500000000000004 25.500000000000004
decision_type=2 2 2 2 2 2 2 2 2 2 2
left_child=-1 2 6 4 5 -4 -2 -8 -5 -3 -9
right_child=1 9 3 8 -6 -7 7 10 -10 -11 -12
leaf_value=-0.087801094182627909 0.08685527841897446 0.08685527841897446 0.015270486789993111 0.094915123230890852 0.027096101224638149 -0.035675742236087236 -0.087801094182627909 0.086855278418974446 0.086772806223580204 0.08685527841897446 0.086855278418974252
leaf_weight=66.302442960441113 23.917648397386078 37.730272091925144 1.61300304532051 0.6392785310745237 1.718166187405586 1.4056881666183472 0.48573218286037345 3.7075989916920662 0.57567756623029709 0.5815841555595388 0.36349009722471226
leaf_count=819 329 519 8 5 9 6 6 51 8 8 5
internal_value=0.000188075 0.0803922 0.0731996 0.0221224 0.00444134 -0.00845321 0.0838759 0.0682379 0.0910571 0.0868553 0.0868553
internal_weight=139.041 72.7381 34.4263 5.95181 4.73686 3.01869 28.4745 4.55682 1.21496 38.3119 4.07109
internal_count=1773 954 427 36 23 14 391 62 13 527 56
is_linear=0
shrinkage=0.08


Tree=23
num_leaves=12
num_cat=0
split_feature=6 10 10 6 1 0 2 1 13 11 1
split_gain=140.171 0.540665 2.93084 1.06479 0.555636 0.190185 1.89607 0.0331598 0.164336 0.00462463 1.42109e-14
threshold=0.58335000000000015 0.68500000000000016 0.67500000000000016 0.70835000000000015 16.500000000000004 2.5000000000000004 1.0000000180025095e-35 12.500000000000002 1.0000000180025095e-35 1.0000000180025095e-35 22.500000000000004
decision_type=2 2 2 2 2 2 2 2 2 2 2
left_child=10 2 5 9 7 -2 -7 -5 -9 -4 -1
right_child=1 -3 3 4 -6 6 -8 8 -10 -11 -12
leaf_value=-0.087145364830019847 0.086284981929632174 0.086284981929632187 0.096573204738978444 0.029777389355888802 -0.052168545215831967 -0.087145364830019847 0.086284981929632174 0.038280247234421111 -0.0018040210114197977 0.086209884762781519 -0.087145364830019847
leaf_weight=60.21648645401001 22.21875207871199 35.590523846447468 0.56864523887634166 1.039058290421963 0.90289472043514241 0.45162364840507407 3.7819152474403381 1.0398887395858765 1.7666264027357101 0.53474593907594681 1.4301415532827366
leaf_count=800 329 527 4 6 5 6 56 5 8 8 19
internal_value=0.00018754 0.0794836 0.0719903 0.0207582 0.00430832 0.083324 0.0677839 0.0175684 0.0130483 0.0915507 -0.0871454
internal_weight=129.541 67.8947 32.3042 5.85186 4.74847 26.4523 4.23354 3.84557 2.80652 1.10339 61.6466
internal_count=1773 954 427 36 24 391 62 19 13 12 819
is_linear=0
shrinkage=0.08


Tree=24
num_leaves=12
num_cat=0
split_feature=6 10 10 11 1 0 2 13 0 1 1
split_gain=128.205 0.554999 2.92874 1.07697 0.24798 0.174578 1.73912 0.0184796 0.00307189 1.42109e-14 3.55271e-15
threshold=0.58335000000000015 0.68500000000000016 0.67500000000000016 1.0000000180025095e-35 16.500000000000004 2.5000000000000004 1.0000000180025095e-35 1.0000000180025095e-35 2.5000000000000004 4.5000000000000009 20.500000000000004
decision_type=2 2 2 2 2 2 2 2 2 2 2
left_child=9 2 5 4 7 10 -7 -4 -5 -1 -2
right_child=1 -3 3 8 -6 6 -8 -9 -10 -11 -12
leaf_value=-0.086549034370812947 0.085765426301470868 0.085765426301470923 0.018369739978001596 0.094169991474979661 -0.032011026121046851 -0.086549034370812863 0.085765426301470882 0.0069362459550338061 0.08569696349853935 -0.086549034370812947 0.085765426301470923
leaf_weight=1.6086834222078312 20.128049969673167 33.045116305351257 1.744443103671073 0.61071018874645211 1.0319393575191496 0.41965654492378179 3.5114355087280273 1.879473015666008 0.49646692350506783 55.674434959888458 0.50163364410400291
leaf_count=23 321 527 9 5 6 6 56 8 8 796 8
internal_value=0.000187205 0.0785935 0.0707779 0.0194523 0.00258771 0.0828212 0.0673703 0.01244 0.0903706 -0.086549 0.0857654
internal_weight=120.652 63.3689 30.3238 5.76303 4.65586 24.5608 3.93109 3.62392 1.10718 57.2831 20.6297
internal_count=1773 954 427 36 23 391 62 17 13 819 329
is_linear=0
shrinkage=0.08


Tree=25
num_leaves=13
num_cat=0
split_feature=6 10 10 6 1 0 2 1 13 11 1 1
split_gain=117.302 0.571032 2.92567 1.00633 0.485769 0.160325 1.596 0.0275459 0.139325 0.00414392 3.55271e-15 4.44089e-16
threshold=0.58335000000000015 0.68500000000000016 0.67500000000000016 0.70835000000000015 16.500000000000004 2.5000000000000004 1.0000000180025095e-35 12.500000000000002 1.0000000180025095e-35 1.0000000180025095e-35 15.500000000000002 19.500000000000004
decision_type=2 2 2 2 2 2 2 2 2 2 2 2
left_child=-1 2 5 9 7 10 -7 -5 -9 -4 -2 -8
right_child=1 -3 3 4 -6 6 11 8 -10 -11 -12 -13
leaf_value=-0.086006050040323287 0.085291561843380673 0.085291561843380728 0.09553701471681661 0.026438975307693617 -0.050458338969818543 -0.086006050040323176 0.085291561843380673 0.03458410043863043 -0.002626601853351286 0.085229086547134333 0.085291561843380728 0.085291561843380673
leaf_weight=53.19922187179327 16.701037652790557 30.667062170803547 0.54471880197524913 1.0094273909926417 0.89356970787048329 0.38973788917064611 1.9203283712267878 1.0162932276725769 1.7578485682606697 0.46071017533540726 2.4440542906522742 1.3384106829762457
leaf_count=819 287 527 4 6 5 6 33 5 8 8 42 23
internal_value=0.00018659 0.0777167 0.0695591 0.0182026 0.00259359 0.0823626 0.0669932 0.0151229 0.0110054 0.0908137 0.0852916 0.0852916
internal_weight=112.342 59.1432 28.4761 5.68257 4.67714 22.7936 3.64848 3.78357 2.77414 1.00543 19.1451 3.25874
internal_count=1773 954 427 36 24 391 62 19 13 12 329 56
is_linear=0
shrinkage=0.08


Tree=26
num_leaves=15
num_cat=0
split_feature=6 10 10 11 1 0 2 13 0 0 0 1 1 1
split_gain=107.365 0.586846 2.9141 1.02027 0.221547 0.147298 1.46537 0.00995174 0.00290225 7.10543e-15 7.10543e-15 3.55271e-15 3.55271e-15 3.55271e-15
threshold=0.58335000000000015 0.68500000000000016 0.67500000000000016 1.0000000180025095e-35 16.500000000000004 2.5000000000000004 1.0000000180025095e-35 1.0000000180025095e-35 2.5000000000000004 1.5000000000000002 2.5000000000000004 17.500000000000004 4.5000000000000009 21.500000000000004
decision_type=2 2 2 2 2 2 2 2 2 2 2 2 2 2
left_child=9 2 5 4 7 11 -7 -4 -5 -1 13 12 -2 -3
right_child=1 10 3 8 -6 6 -8 -9 -10 -11 -12 -13 -14 -15
leaf_value=-0.085511092614290296 0.084858944025633876 0.084858944025634833 0.014783235805890131 0.093479713695994615 -0.032064454833001584 -0.085511092614290199 0.084858944025634819 0.0063381607814406923 0.084801879548127262 -0.085511092614290296 0.084858944025634833 0.084858944025634847 0.084858944025634847 0.08485894402563457
leaf_weight=27.072535589337349 1.2415511459112298 15.654340535402298 1.7048039436340323 0.58336371183395364 1.0100791752338407 0.36177107691764776 3.0229071378707886 1.8755035102367401 0.42734437063336372 22.309216409921646 12.253570005297663 1.1875706613063801 15.330457627773283 0.53980484604835588
leaf_count=449 23 290 9 5 6 6 56 8 8 370 227 22 284 10
internal_value=0.000186224 0.0768604 0.0683528 0.0170457 0.00102434 0.081944 0.066649 0.0103594 0.0898106 -0.0855111 0.0848589 0.0848589 0.0848589 0.0848589
internal_weight=104.575 55.1931 26.7454 5.60109 4.59039 21.1443 3.38468 3.58031 1.01071 49.3818 28.4477 17.7596 16.572 16.1941
internal_count=1773 954 427 36 23 391 62 17 13 819 527 329 307 300
is_linear=0
shrinkage=0.08


Tree=27
num_leaves=15
num_cat=0
split_feature=6 10 10 6 1 0 2 1 13 11 1 1 1 1
split_gain=98.2916 0.604472 2.902 0.948136 0.426734 0.135382 1.34603 0.0228589 0.118939 0.00363909 3.55271e-15 3.55271e-15 3.55271e-15 1.77636e-15
threshold=0.58335000000000015 0.68500000000000016 0.67500000000000016 0.70835000000000015 16.500000000000004 2.5000000000000004 1.0000000180025095e-35 12.500000000000002 1.0000000180025095e-35 1.0000000180025095e-35 26.500000000000004 22.500000000000004 16.500000000000004 11.500000000000002
decision_type=2 2 2 2 2 2 2 2 2 2 2 2 2 2
left_child=-1 2 5 9 7 -2 -7 -5 -9 -4 11 12 13 -3
right_child=1 10 3 4 -6 6 -8 8 -10 -11 -12 -13 -14 -15
leaf_value=-0.085059417002584126 0.084463632644394424 0.084463632644394077 0.094581488257852217 0.023460383889844699 -0.048873202875841071 -0.085059417002584001 0.084463632644394424 0.031328494141982889 -0.0033115854454682696 0.084411458818447235 0.084463632644394465 0.084463632644394465 0.084463632644394465 0.084463632644394465
leaf_weight=45.817308716475964 16.467764388769872 2.3024837747216322 0.52160006761550803 0.9834518060088161 0.8823653608560561 0.33565793931484167 2.8030237257480621 0.99511638283729564 1.7499464973807335 0.39623893424868584 0.25026997551321883 2.1523217894136897 10.811662942171095 10.861716937273739
leaf_count=819 329 46 4 6 5 6 56 5 8 8 5 43 216 217
internal_value=0.000185613 0.0760044 0.0671266 0.0159367 0.00115564 0.0815614 0.0663344 0.0129951 0.00924584 0.090191 0.0844636 0.0844636 0.0844636 0.0844636
internal_weight=97.3309 51.5136 25.1352 5.52872 4.61088 19.6064 3.13868 3.72851 2.74506 0.917839 26.3785 26.1282 23.9759 13.1642
internal_count=1773 954 427 36 24 391 62 19 13 12 527 522 479 263
is_linear=0
shrinkage=0.08


Tree=28
num_leaves=15
num_cat=0
split_feature=6 10 10 11 1 1 0 2 0 1 1 10 12 1
split_gain=90.0098 0.621496 2.88107 0.963573 0.244454 0.250402 0.124473 1.2369 0.00266658 3.55271e-15 3.55271e-15 3.55271e-15 1.77636e-15 8.88178e-16
threshold=0.58335000000000015 0.68500000000000016 0.67500000000000016 1.0000000180025095e-35 14.500000000000002 13.500000000000002 2.5000000000000004 1.0000000180025095e-35 2.5000000000000004 21.500000000000004 11.500000000000002 0.70500000000000007 2.5000000000000004 16.500000000000004
decision_type=2 2 2 2 2 2 2 2 2 2 2 2 2 2
left_child=-1 2 6 4 5 -4 9 -8 -5 10 12 -3 -2 -12
right_child=1 11 3 8 -6 -7 7 -9 -10 -11 13 -13 -14 -15
leaf_value=-0.084646864064664804 0.084102104744296122 0.084102104744296011 0.0081379911434890963 0.092834896976063688 0.024771483900857063 -0.038772028574441265 -0.084646864064664679 0.084102104744296094 0.08405436624900238 0.084102104744295469 0.08410210474429608 0.084102104744296136 0.084102104744295469 0.084102104744296066
leaf_weight=42.492455363273621 10.717523831874132 2.6445838026702431 1.5385671854019156 0.55717647820711125 1.6082078218460081 1.3827817887067795 0.31130003929138128 2.5981875956058502 0.36726537346839905 0.23198103532195169 2.9229610450565824 21.806217320263386 0.23198103532195169 1.1599051766097543
leaf_count=819 231 57 8 5 9 6 6 56 8 5 63 470 5 25
internal_value=0.00018525 0.0751609 0.0659082 0.014914 -0.000277006 -0.0140662 0.0812116 0.0660468 0.0893465 0.0841021 0.0841021 0.0841021 0.0841021 0.0841021
internal_weight=90.5711 48.0786 23.6278 5.454 4.52956 2.92135 18.1738 2.90949 0.924442 15.2644 15.0324 24.4508 10.9495 4.08287
internal_count=1773 954 427 36 23 14 391 62 13 329 324 527 236 88
is_linear=0
shrinkage=0.08


Tree=29
num_leaves=13
num_cat=0
split_feature=6 10 10 11 1 0 2 13 0 1 1 1
split_gain=82.4413 0.638736 2.85491 0.890899 0.226598 0.114481 1.13704 0.00469422 0.00204995 7.10543e-15 1.77636e-15 1.77636e-15
threshold=0.58335000000000015 0.68500000000000016 0.67500000000000016 1.0000000180025095e-35 16.500000000000004 2.5000000000000004 1.0000000180025095e-35 1.0000000180025095e-35 2.5000000000000004 24.500000000000004 21.500000000000004 18.500000000000004
decision_type=2 2 2 2 2 2 2 2 2 2 2 2
left_child=9 2 5 4 7 10 -7 -4 -5 -1 11 -2
right_child=1 -3 3 8 -6 6 -8 -9 -10 -11 -12 -13
leaf_value=-0.084269706710418044 0.083771213387250507 0.08377121338725052 0.012247593203047243 0.091712842661418506 -0.034311481854322139 -0.084269706710417919 0.083771213387250493 0.0064134682078089179 0.083727506412664104 -0.084269706710418044 0.083771213387249827 0.083771213387250104
leaf_weight=39.105295658111572 13.585278794169428 22.656461786478758 1.6732561588287345 0.5203738585114478 0.97913642227649678 0.28859996795654241 2.4075177609920502 1.8680908530950546 0.3402983620762825 0.28859996795654197 0.21495694294571954 0.3439311087131508
leaf_count=813 316 527 9 5 6 6 56 8 8 6 5 8
internal_value=0.000184851 0.0743192 0.0646821 0.0139554 -0.000248053 0.0808914 0.0657836 0.00917004 0.0885555 -0.0842697 0.0837712 0.0837712
internal_weight=84.2718 44.8779 22.2214 5.38116 4.52048 16.8403 2.69612 3.54135 0.860672 39.3939 14.1442 13.9292
internal_count=1773 954 427 36 23 391 62 17 13 819 329 324
is_linear=0
shrinkage=0.08


Tree=30
num_leaves=15
num_cat=0
split_feature=6 10 10 6 1 0 2 1 13 11 1 1 1 1
split_gain=75.5115 0.65828 2.82996 0.868606 0.444171 0.105321 1.0456 0.0143475 0.109358 0.0029792 1.42109e-14 3.55271e-15 3.55271e-15 8.88178e-16
threshold=0.58335000000000015 0.68500000000000016 0.67500000000000016 0.70835000000000015 16.500000000000004 2.5000000000000004 1.0000000180025095e-35 12.500000000000002 1.0000000180025095e-35 1.0000000180025095e-35 5.5000000000000009 17.500000000000004 13.500000000000002 10.500000000000002
decision_type=2 2 2 2 2 2 2 2 2 2 2 2 2 2
left_child=10 2 5 9 7 11 -7 -5 -9 -4 -1 -2 13 -3
right_child=1 12 3 4 -6 6 -8 8 -10 -11 -12 -13 -14 -15
leaf_value=-0.083924641830578253 0.083468162110334171 0.083468162110333768 0.093392721261697398 0.019872772652662508 -0.052880359121751139 -0.083924641830578114 0.083468162110334157 0.029781252974719383 -0.0036285471492066819 0.083428117920419029 -0.083924641830578253 0.083468162110334018 0.083468162110334185 0.083468162110334171
leaf_weight=3.3878541737794867 12.22605537623167 0.71683712303638714 0.49134983122348685 0.95173474401235614 0.84617535769939412 0.26746217161416952 2.2301599383354187 0.98244231939315807 1.7332039996981621 0.31521644070744514 33.120732251554728 0.87613426148891527 16.248308122158051 4.0222527459263802
leaf_count=76 307 18 4 6 5 6 56 5 8 8 743 22 408 101
internal_value=0.000184263 0.0734578 0.0634151 0.0130304 -0.000634333 0.0805982 0.0655426 0.0114204 0.00845815 0.0894984 -0.0839246 0.0834682 0.0834682 0.0834682
internal_weight=78.4159 41.9073 20.9199 5.32012 4.51356 15.5998 2.49762 3.66738 2.71565 0.806566 36.5086 13.1022 20.9874 4.73909
internal_count=1773 954 427 36 24 391 62 19 13 12 819 329 527 119
is_linear=0
shrinkage=0.08


Tree=31
num_leaves=13
num_cat=0
split_feature=6 10 10 11 1 1 0 2 0 1 1 10
split_gain=69.1762 0.676522 2.79583 0.840756 0.236658 0.209315 0.0969211 0.961806 0.00187553 3.55271e-15 1.77636e-15 8.88178e-16
threshold=0.58335000000000015 0.68500000000000016 0.67500000000000016 1.0000000180025095e-35 14.500000000000002 13.500000000000002 2.5000000000000004 1.0000000180025095e-35 2.5000000000000004 13.500000000000002 18.500000000000004 0.80500000000000016
decision_type=2 2 2 2 2 2 2 2 2 2 2 2
left_child=-1 2 6 4 5 -4 10 -8 -5 11 -2 -3
right_child=1 9 3 8 -6 -7 7 -9 -10 -11 -12 -13
leaf_value=-0.083608705096037336 0.083190431952642974 0.083190431952642904 0.0057275240490885547 0.091228948901770746 0.023765243249636688 -0.037321688357717556 -0.083608705096037197 0.08319043195264296 0.083153724136392257 0.083190431952643001 0.083190431952642696 0.083190431952642932
leaf_weight=33.823844701051712 11.654140487313271 3.2823370359838036 1.5141021013259879 0.49831188097596157 1.5672308206558225 1.3832196593284607 0.24779373407363836 2.0652907192707062 0.29190261662006378 15.047118097543715 0.479442488402129 1.1064057424664495
leaf_count=819 316 89 8 5 9 6 6 56 8 408 13 30
internal_value=0.000184062 0.0726008 0.0621538 0.0121845 -0.00127816 -0.0148247 0.0803294 0.0653217 0.088246 0.0831904 0.0831904 0.0831904
internal_weight=72.9611 39.1373 19.7014 5.25477 4.46455 2.89732 14.4467 2.31308 0.790214 19.4359 12.1336 4.38874
internal_count=1773 954 427 36 23 14 391 62 13 527 329 119
is_linear=0
shrinkage=0.08


Tree=32
num_leaves=14
num_cat=0
split_feature=6 10 10 6 1 0 2 1 13 1 1 1 1
split_gain=63.3753 0.695037 2.75791 0.77924 0.440023 0.089213 0.884979 0.00905073 0.100546 4.79391e-08 3.55271e-15 1.77636e-15 1.77636e-15
threshold=0.58335000000000015 0.68500000000000016 0.67500000000000016 0.70835000000000015 16.500000000000004 2.5000000000000004 1.0000000180025095e-35 12.500000000000002 1.0000000180025095e-35 19.500000000000004 11.500000000000002 20.500000000000004 17.500000000000004
decision_type=2 2 2 2 2 2 2 2 2 2 2 2 2
left_child=-1 2 5 9 7 11 -7 -5 -9 -4 -3 12 -2
right_child=1 10 3 4 -6 6 -8 8 -10 -11 -12 -13 -14
leaf_value=-0.083319262904575156 0.082935762119957956 0.082935762119957762 0.088516494773731705 0.017760550912853845 -0.053401752086257324 -0.083319262904575059 0.082935762119957901 0.029149810792590426 -0.0029829863973320925 0.088557738454343796 0.082935762119957956 0.082935762119957401 0.082935762119957637
leaf_weight=31.327402330935001 10.482515405863522 1.5706700608134294 0.36008863151073356 0.93414711952209506 0.83581022918224324 0.22950477898120802 1.9121200740337372 0.97571612894535076 1.7251776903867722 0.36137844622135162 16.423745635896921 0.27316001057624895 0.47803001850843507
leaf_count=819 307 46 6 6 5 6 56 5 8 6 481 8 14
internal_value=0.000183696 0.0717314 0.0608729 0.0113879 -0.00106177 0.080083 0.0651192 0.0109728 0.0086252 0.0885372 0.0829358 0.0829358 0.0829358
internal_weight=67.8895 36.5621 18.5676 5.19232 4.47085 13.3753 2.14162 3.63504 2.70089 0.721467 17.9944 11.2337 10.9605
internal_count=1773 954 427 36 24 391 62 19 13 12 527 329 321
is_linear=0
shrinkage=0.08


Tree=33
num_leaves=13
num_cat=0
split_feature=6 10 10 11 1 0 2 1 6 1 1 1
split_gain=58.0617 0.713634 2.71599 0.791208 0.236432 0.0821367 0.8145 0.00391682 0.00169029 1.77636e-15 1.77636e-15 2.22045e-16
threshold=0.58335000000000015 0.68500000000000016 0.67500000000000016 1.0000000180025095e-35 16.500000000000004 2.5000000000000004 1.0000000180025095e-35 13.500000000000002 0.70835000000000015 21.500000000000004 18.500000000000004 25.500000000000004
decision_type=2 2 2 2 2 2 2 2 2 2 2 2
left_child=-1 2 5 4 7 9 -7 -4 -5 10 -2 -8
right_child=1 -3 3 8 -6 6 11 -9 -10 -11 -12 -13
leaf_value=-0.083053911910092801 0.082702103544002065 0.082702103544002065 0.0043151168893430843 0.08265619291769076 -0.038211352961509688 -0.08305391191009287 0.082702103544002009 0.0097306567046203801 0.090788126330546906 0.082702103544001121 0.082702103544001468 0.082702103544001468
leaf_weight=29.007476303726435 9.9872570037841779 16.65596342086792 1.4993859827518456 0.24882054701447476 0.91890376806259144 0.21250898391008255 1.6118674278259275 1.9880049079656599 0.47756852954626083 0.15802621841430742 0.2528419494628914 0.15802621841430675
leaf_count=819 316 527 8 8 6 6 51 9 5 5 8 5
internal_value=0.00018355 0.0708469 0.059572 0.0106428 -0.00211015 0.0798569 0.0649334 0.00740227 0.0880026 0.0827021 0.0827021 0.0827021
internal_weight=63.1767 34.1692 17.5132 5.13268 4.40629 12.3805 1.9824 3.48739 0.726389 10.3981 10.2401 1.76989
internal_count=1773 954 427 36 23 391 62 17 13 329 324 56
is_linear=0
shrinkage=0.08


Tree=34
num_leaves=15
num_cat=0
split_feature=6 10 10 6 1 0 2 1 13 1 0 4 1 1
split_gain=53.1854 0.73434 2.67516 0.733213 0.381846 0.0756375 0.749813 0.00813864 0.0881358 4.11716e-08 3.55271e-15 3.55271e-15 1.77636e-15 1.77636e-15
threshold=0.58335000000000015 0.68500000000000016 0.67500000000000016 0.70835000000000015 16.500000000000004 2.5000000000000004 1.0000000180025095e-35 12.500000000000002 1.0000000180025095e-35 19.500000000000004 1.5000000000000002 1.5000000000000002 20.500000000000004 17.500000000000004
decision_type=2 2 2 2 2 2 2 2 2 2 2 2 2 2
left_child=10 2 5 9 7 12 -7 -5 -9 -4 -1 -3 13 -2
right_child=1 11 3 4 -6 6 -8 8 -10 -11 -12 -13 -14 -15
leaf_value=-0.08281051321241438 0.082487626931617208 0.08248762693161725 0.088231412644830767 0.015886321112087647 -0.051016560218015761 -0.082810513212414491 0.082487626931617181 0.026587501559527747 -0.0036825328067678414 0.088271228938533411 -0.08281051321241438 0.082487626931617014 0.082487626931616612 0.082487626931616875
leaf_weight=14.721487954258919 8.9791649151593464 14.770287564024326 0.3318224847316732 0.91874736919999156 0.82300387322902668 0.19672366976737854 1.6378932744264603 0.95919440686702739 1.7186226695775986 0.33301838487386703 12.131292968988419 0.64345807209611017 0.2339847534894951 0.40947331860661584
leaf_count=449 307 505 6 6 5 6 56 5 8 6 370 22 8 14
internal_value=0.000183116 0.0699244 0.0582178 0.00992357 -0.00185937 0.0796494 0.0647629 0.0093893 0.0071602 0.0882514 -0.0828105 0.0824876 0.0824876 0.0824876
internal_weight=58.8082 31.9554 16.5416 5.08441 4.41957 11.4572 1.83462 3.59656 2.67782 0.664841 26.8528 15.4137 9.62262 9.38864
internal_count=1773 954 427 36 24 391 62 19 13 12 819 527 329 321
is_linear=0
shrinkage=0.08


Tree=35
num_leaves=15
num_cat=0
split_feature=6 10 10 11 1 1 0 2 1 1 1 1 1 1
split_gain=48.7227 0.752623 2.62546 0.743636 0.234098 0.18018 0.069666 0.690414 0.000155556 7.10543e-15 1.77636e-15 1.77636e-15 1.77636e-15 2.22045e-16
threshold=0.58335000000000015 0.68500000000000016 0.67500000000000016 1.0000000180025095e-35 14.500000000000002 13.500000000000002 2.5000000000000004 1.0000000180025095e-35 17.500000000000004 7.5000000000000009 21.500000000000004 8.5000000000000018 23.500000000000004 25.500000000000004
decision_type=2 2 2 2 2 2 2 2 2 2 2 2 2 2
left_child=9 2 6 4 5 -4 10 -8 -5 -1 11 -2 -3 -9
right_child=1 12 3 8 -6 -7 7 13 -10 -11 -12 -13 -14 -15
leaf_value=-0.082587159443508334 0.082290662991126029 0.082290662991126071 0.0031298262584781274 0.08879824568332223 0.022866462965439708 -0.037033481179300644 -0.082587159443508473 0.082290662991125987 0.086315970188884247 -0.082587159443508362 0.08229066299112496 0.082290662991126029 0.082290662991125862 0.082290662991125377
leaf_weight=6.7972809076309231 4.2215773835778236 13.422451168298718 1.4868310838937751 0.39664079621434201 1.4959641844034193 1.3768806606531143 0.18207002431154129 1.3801310677081344 0.2726275622844696 18.055277410894632 0.13530696742236692 4.5463141053915024 0.83890319801867086 0.13530696742236625
leaf_count=224 156 496 8 6 9 6 6 51 7 595 5 168 31 5
internal_value=0.000182987 0.0690013 0.0568754 0.00927101 -0.00278226 -0.0161808 0.0794588 0.0646063 0.0877871 -0.0825872 0.0822907 0.0822907 0.0822907 0.0822907
internal_weight=54.7436 29.891 15.6297 5.02894 4.35968 2.86371 10.6007 1.69751 0.669268 24.8526 8.9032 8.76789 14.2614 1.51544
internal_count=1773 954 427 36 23 14 391 62 13 819 329 324 527 56
is_linear=0
shrinkage=0.08


Tree=36
num_leaves=15
num_cat=0
split_feature=6 10 10 1 13 1 1 0 2 0 1 1 1 12
split_gain=44.6293 0.771062 2.5734 0.458211 0.830655 0.13366 0.121378 0.0641773 0.635847 1.77636e-15 1.77636e-15 4.44089e-16 4.44089e-16 2.22045e-16
threshold=0.58335000000000015 0.68500000000000016 0.67500000000000016 14.500000000000002 1.0000000180025095e-35 13.500000000000002 18.500000000000004 2.5000000000000004 1.0000000180025095e-35 1.5000000000000002 10.500000000000002 24.500000000000004 15.500000000000002 2.5000000000000004
decision_type=2 2 2 2 2 2 2 2 2 2 2 2 2 2
left_child=-1 2 7 5 6 -4 -5 9 -9 -2 -3 13 -11 -10
right_child=1 10 3 4 -6 -7 -8 8 11 12 -12 -13 -14 -15
leaf_value=-0.082382068692578164 0.082109711523093862 0.08210971152309389 0.0052701526056813273 0.018164548320623277 0.10575740102405787 -0.028632763991857924 -0.033044189028883356 -0.082382068692578261 0.082109711523093834 0.08210971152309382 0.08210971152309389 0.082109711523093376 0.082109711523093834 0.082109711523093612
leaf_weight=22.996595224365592 5.6826341077685374 0.45060534775257011 1.5297034829854956 0.78590784966945626 0.73714955151081074 1.4493854716420174 0.47543774545192719 0.16847322508692619 0.95127795636653878 1.5020178258419039 12.742117889225481 0.17523541301488887 1.0514124780893324 0.27536993473768234
leaf_count=819 227 18 9 8 5 7 7 6 38 60 509 7 42 11
internal_value=0.000182834 0.0680504 0.0555043 0.00865602 0.0382909 -0.0112243 -0.00113751 0.0792838 0.0644625 0.0821097 0.0821097 0.0821097 0.0821097 0.0821097
internal_weight=50.9733 27.9767 14.784 4.97758 1.9985 2.97909 1.26135 9.80642 1.57036 8.23606 13.1927 1.40188 2.55343 1.22665
internal_count=1773 954 427 36 20 16 15 391 62 329 527 56 102 49
is_linear=0
shrinkage=0.08


Tree=37
num_leaves=14
num_cat=0
split_feature=6 10 10 11 13 1 0 2 1 0 1 1 1
split_gain=40.868 0.791672 2.52283 0.688555 0.16313 0.0733839 0.0591306 0.585702 6.37794e-05 3.55271e-15 1.77636e-15 8.88178e-16 2.22045e-16
threshold=0.58335000000000015 0.68500000000000016 0.67500000000000016 1.0000000180025095e-35 1.0000000180025095e-35 13.500000000000002 2.5000000000000004 1.0000000180025095e-35 17.500000000000004 3.5000000000000004 26.500000000000004 21.500000000000004 25.500000000000004
decision_type=2 2 2 2 2 2 2 2 2 2 2 2 2
left_child=9 2 6 4 5 -4 11 -8 -5 -1 -3 -2 -9
right_child=1 10 3 8 -6 -7 7 12 -10 -11 -12 -13 -14
leaf_value=-0.082193696031485269 0.08194340423156185 0.081943404231561878 0.0015934389419464809 0.08766678070411757 0.013357821121097815 -0.028322491254856589 -0.082193696031484936 0.081943404231561809 0.086020776492042775 -0.082193696031485283 0.081943404231560615 0.08194340423156124 0.081943404231561087
leaf_weight=20.963484574109319 7.5018796473741549 12.086361654102799 0.80951857566833441 0.3597971275448798 2.0187735259532928 1.4919447153806684 0.15586233884096112 1.1808514259755609 0.25919434614479542 0.31172467768192191 0.11576974764466363 0.11576974764466275 0.11576974764466297
leaf_count=807 324 522 5 6 10 8 6 51 7 12 5 5 5
internal_value=0.000182998 0.0670461 0.0540706 0.00806585 -0.00324039 -0.0177998 0.0791229 0.0643303 0.0869775 -0.0821937 0.0819434 0.0819434 0.0819434
internal_weight=47.4867 26.2115 14.0094 4.93923 4.32024 2.30146 9.07013 1.45248 0.618991 21.2752 12.2021 7.61765 1.29662
internal_count=1773 954 427 36 23 13 391 62 13 819 527 329 56
is_linear=0
shrinkage=0.08


Tree=38
num_leaves=14
num_cat=0
split_feature=6 10 10 1 13 1 1 0 2 1 1 0 1
split_gain=37.4193 0.81102 2.46777 0.39066 0.756907 0.115824 0.114468 0.0544889 0.539603 1.77636e-15 1.77636e-15 8.88178e-16 4.44089e-16
threshold=0.58335000000000015 0.68500000000000016 0.67500000000000016 14.500000000000002 1.0000000180025095e-35 18.500000000000004 12.500000000000002 2.5000000000000004 1.0000000180025095e-35 26.500000000000004 24.500000000000004 1.5000000000000002 13.500000000000002
decision_type=2 2 2 2 2 2 2 2 2 2 2 2 2
left_child=-1 2 7 6 5 -5 -4 11 -9 10 -3 -2 -13
right_child=1 9 3 4 -6 -7 -8 8 -10 -11 -12 12 -14
leaf_value=-0.08202060317447521 0.081790509124142471 0.081790509124142541 0.013260162053139121 0.017235403363792451 0.1031364268387354 -0.033352987096107123 -0.020920157770683661 -0.082020603174474835 0.081790509124142444 0.081790509124141167 0.081790509124141833 0.081790509124142402 0.081790509124142458
leaf_weight=19.679258041083813 4.860551919788124 10.963006973266596 0.89741964638233129 0.77290190011262871 0.68452319502830494 0.46326220221817493 2.0814830623567104 0.14417038857936826 1.1990788877010345 0.10706061497330743 0.21412122994661409 0.98495765775442157 1.1990788877010343
leaf_count=819 227 512 6 8 5 7 10 6 56 5 10 46 56
internal_value=0.000182778 0.066019 0.0526252 0.0075158 0.0356484 -0.00172299 -0.010623 0.0789749 0.0642087 0.0817905 0.0817905 0.0817905 0.0817905
internal_weight=44.2509 24.5716 13.2874 4.89959 1.92069 1.23616 2.9789 8.38784 1.34325 11.2842 11.1771 7.04459 2.18404
internal_count=1773 954 427 36 20 15 16 391 62 527 522 329 102
is_linear=0
shrinkage=0.08


Tree=39
num_leaves=15
num_cat=0
split_feature=6 10 10 1 13 1 1 0 2 0 1 1 1 1
split_gain=34.256 0.829571 2.4094 0.338808 0.696972 0.0974916 0.0964998 0.0502184 0.497209 3.55271e-15 1.77636e-15 1.77636e-15 1.77636e-15 8.88178e-16
threshold=0.58335000000000015 0.68500000000000016 0.67500000000000016 14.500000000000002 1.0000000180025095e-35 18.500000000000004 12.500000000000002 2.5000000000000004 1.0000000180025095e-35 1.5000000000000002 14.500000000000002 12.500000000000002 9.5000000000000018 12.500000000000002
decision_type=2 2 2 2 2 2 2 2 2 2 2 2 2 2
left_child=9 2 7 6 5 -5 -4 13 -9 10 11 12 -1 -2
right_child=1 -3 3 4 -6 -7 -8 8 -10 -11 -12 -13 -14 -15
leaf_value=-0.081861487623699339 0.081649883279750063 0.081649883279750118 0.01229603468169151 0.015990803008939018 0.1010588975661596 -0.030332766156560092 -0.019146934749661112 -0.081861487623698895 0.081649883279750035 -0.081861487623699283 -0.081861487623698007 -0.081861487623698381 -0.081861487623699214 0.081649883279750063
leaf_weight=8.0889426469802803 5.009030984714629 10.433831339702008 0.89065499231219325 0.76668225787579991 0.64435068517923344 0.46841160394251347 2.0918562784790993 0.13333421945571866 1.1087183207273483 8.2222768664360046 0.11111184954643327 0.15555658936500627 1.6222330033779151 1.5046891495585439
leaf_count=364 253 527 6 8 5 7 10 6 56 370 5 7 73 76
internal_value=0.000183176 0.0649607 0.0511601 0.00700704 0.0336105 -0.0015775 -0.00975725 0.0788389 0.064097 -0.0818615 -0.0818615 -0.0818615 -0.0818615 0.0816499
internal_weight=41.2517 23.0516 12.6177 4.86196 1.87944 1.23509 2.98251 7.75577 1.24205 18.2001 9.97784 9.86673 9.71118 6.51372
internal_count=1773 954 427 36 20 15 16 391 62 819 449 444 437 329
is_linear=0
shrinkage=0.08


Tree=40
num_leaves=15
num_cat=0
split_feature=6 10 10 1 1 1 1 0 2 0 1 1 1 9
split_gain=31.3542 0.846994 2.348 0.293829 0.66118 0.605499 0.0842339 0.0462886 0.458211 3.55271e-15 3.55271e-15 1.77636e-15 1.77636e-15 8.88178e-16
threshold=0.58335000000000015 0.68500000000000016 0.67500000000000016 14.500000000000002 16.500000000000004 19.500000000000004 13.500000000000002 2.5000000000000004 1.0000000180025095e-35 3.5000000000000004 4.5000000000000009 26.500000000000004 24.500000000000004 1.0000000180025095e-35
decision_type=2 2 2 2 2 2 2 2 2 2 2 2 2 2
left_child=9 2 7 6 -5 -6 -4 13 -9 10 -1 12 -3 -2
right_child=1 11 3 4 5 -7 -8 8 -10 -11 -12 -13 -14 -15
leaf_value=-0.081715175732416212 0.081520531939511032 0.081520531939511059 0.0042792644200104436 0.10280717633596542 -0.035601865104356534 0.087037856366805749 -0.022599174457016903 -0.081715175732417017 0.081520531939510935 -0.081715175732417461 -0.081715175732417461 0.08152053193950945 0.081520531939510241 0.081520531939510893
leaf_weight=0.47262865491212025 4.1550489403307429 9.3717403411865181 1.5144490860402584 0.57501295953989018 0.90427930094301678 0.36031167209148407 1.4710082784295082 0.12329443171620336 1.025034099817276 0.24658886343240638 16.110472410917282 0.09152090176940042 0.18304180353880006 1.8670263960957552
leaf_count=23 227 512 9 5 8 7 7 6 56 12 784 5 10 102
internal_value=0.00018349 0.0638719 0.0496795 0.00653242 0.0316819 -0.000658928 -0.0089644 0.0787137 0.0639941 -0.0817152 -0.0817152 0.0815205 0.0815205 0.0815205
internal_weight=38.4715 21.6418 11.9955 4.82506 1.8396 1.26459 2.98546 7.1704 1.14833 16.8297 16.5831 9.6463 9.55478 6.02208
internal_count=1773 954 427 36 20 15 16 391 62 819 807 527 522 329
is_linear=0
shrinkage=0.08


Tree=41
num_leaves=15
num_cat=0
split_feature=6 10 10 1 1 1 1 1 0 2 1 1 0 1
split_gain=28.7004 0.860111 2.27911 0.256911 0.604318 0.204449 0.35814 0.0729999 0.0426712 0.422328 3.55271e-15 1.77636e-15 8.88178e-16 4.44089e-16
threshold=0.58335000000000015 0.68500000000000016 0.67500000000000016 14.500000000000002 16.500000000000004 17.500000000000004 19.500000000000004 12.500000000000002 2.5000000000000004 1.0000000180025095e-35 24.500000000000004 25.500000000000004 1.5000000000000002 10.500000000000002
decision_type=2 2 2 2 2 2 2 2 2 2 2 2 2 2
left_child=10 2 8 7 -5 -6 -7 -4 12 -10 -1 -3 13 -2
right_child=1 11 3 4 5 6 -8 -9 9 -11 -12 -13 -14 -15
leaf_value=-0.081580592859575612 0.081401496558575689 0.081401496558575787 0.011081489257549077 0.10064897064152646 -0.04565372956085624 -0.020908745897555609 0.086470644946693542 -0.016330700035809859 -0.081580592859575043 0.081401496558575689 -0.081580592859574336 0.08140149655857469 0.081401496558575717 0.081401496558575648
leaf_weight=15.446355912834402 3.2656747382134221 8.7817885447293484 0.88220080360770259 0.54171684384345997 0.4242657348513601 0.48953782208263874 0.33470254391431808 2.1059776842594147 0.11399524658918359 0.94755329191684723 0.11399524658918458 0.13536475598812181 1.7259006388485429 0.57530021294951428
leaf_count=813 193 519 6 5 3 5 7 10 6 56 6 8 102 34
internal_value=0.000186033 0.0627878 0.0482368 0.00612009 0.0300858 -0.000531027 0.0226952 -0.00823779 0.0785985 0.0638995 -0.0815806 0.0814015 0.0814015 0.0814015
internal_weight=35.8843 20.324 11.4068 4.7784 1.79022 1.24851 0.82424 2.98818 6.62842 1.06155 15.5604 8.91715 5.56688 3.84097
internal_count=1773 954 427 36 20 15 12 16 391 62 819 527 329 227
is_linear=0
shrinkage=0.08


Tree=42
num_leaves=15
num_cat=0
split_feature=6 11 10 10 13 1 1 2 10 6 3 1 10 10
split_gain=26.2661 0.881162 0.952631 1.87044 0.0801623 0.0404986 0.0304814 0.0440364 0.0111187 0.0284028 0.0308586 0.00732336 0.000267133 0.00166013
threshold=0.58335000000000015 1.0000000180025095e-35 0.68500000000000016 0.67500000000000016 1.0000000180025095e-35 13.500000000000002 18.500000000000004 1.0000000180025095e-35 1.0000000180025095e-35 0.70835000000000015 1.0000000180025095e-35 19.500000000000004 0.68500000000000016 0.67500000000000016
decision_type=2 2 2 2 2 2 2 2 2 2 2 2 2 2
left_child=-1 2 3 6 5 -5 -2 -8 9 10 11 -3 13 -10
right_child=1 8 -4 4 -6 -7 7 -9 12 -11 -12 -13 -14 -15
leaf_value=-0.081456760984946183 0.081291923844358752 0.011612312330214699 0.081291923844358766 -0.00032735960242298275 0.0073731443782483665 -0.022642260698019931 0.022768080625958476 0.081291923844358363 0.081291923844358752 0.081291923844358682 0.081291923844358141 0.045615433212676908 0.081291923844358779 0.086210170416250537
leaf_weight=14.384963750839232 2.6118591390550141 0.08204774186015118 3.3469332680106163 0.79802879691123996 1.888010039925575 1.4967852830886839 0.14653142541646946 0.1876785010099411 2.1895825117826466 0.70379437878727913 0.12511900067329407 0.080123558640480042 4.8952809013426304 0.54946519248187531
leaf_count=819 167 5 214 5 10 8 9 12 140 45 8 5 313 13
internal_value=0.000188559 0.0616749 0.0460836 0.0295536 -0.00483675 -0.0148822 0.0783811 0.0556327 0.080611 0.0726392 0.051442 0.0284121 0.0816459 0.0822785
internal_weight=33.4862 19.1012 10.4758 7.12889 4.18282 2.29481 2.94607 0.33421 8.62541 0.991085 0.28729 0.162171 7.63433 2.73905
internal_count=1773 954 425 211 23 13 188 21 529 63 18 10 466 153
is_linear=0
shrinkage=0.08


Tree=43
num_leaves=15
num_cat=0
split_feature=6 11 10 10 13 1 1 2 10 6 3 13 10 10
split_gain=24.0133 0.89355 0.941259 1.75578 0.0676145 0.0339338 0.0331539 0.0447015 0.0122439 0.0305224 0.0313869 0.00751055 0.000210642 0.00130383
threshold=0.58335000000000015 1.0000000180025095e-35 0.68500000000000016 0.67500000000000016 1.0000000180025095e-35 13.500000000000002 18.500000000000004 1.0000000180025095e-35 1.0000000180025095e-35 0.70835000000000015 1.0000000180025095e-35 1.0000000180025095e-35 0.68500000000000016 0.67500000000000016
decision_type=2 2 2 2 2 2 2 2 2 2 2 2 2 2
left_child=-1 2 3 6 5 -5 -2 -8 9 10 11 -3 13 -10
right_child=1 8 -4 4 -6 -7 7 -9 12 -11 -12 -13 -14 -15
leaf_value=-0.081342800906985341 0.081191061344241436 0.0095856321341487288 0.081191061344241519 -0.00030110660347058653 0.0067964969248397733 -0.020705679117989036 0.021078411720141993 0.081191061344241075 0.081191061344241491 0.081191061344241422 0.081191061344240853 0.044247548018011083 0.081191061344241519 0.085717062107665998
leaf_weight=13.296844460070135 2.4139237105846427 0.082008592784403755 3.0932914614677429 0.7981858849525455 1.8844940662384031 1.5054554194211958 0.14565377868711937 0.17345559597015381 2.0236486196517949 0.65045848488807678 0.11563706398010254 0.07811781857162714 4.5243001282215118 0.51001950353384007
leaf_count=819 167 5 214 5 10 8 9 12 140 45 8 5 313 13
internal_value=0.000187836 0.0604201 0.0445042 0.0281077 -0.00444204 -0.0136357 0.0779874 0.0537533 0.0803832 0.0717352 0.0494312 0.0264955 0.0815181 0.0821021
internal_weight=31.2955 17.9987 10.0145 6.92117 4.18814 2.30364 2.73303 0.319109 7.98419 0.926222 0.275763 0.160126 7.05797 2.53367
internal_count=1773 954 425 211 23 13 188 21 529 63 18 10 466 153
is_linear=0
shrinkage=0.08


Tree=44
num_leaves=15
num_cat=0
split_feature=6 10 10 1 1 1 1 13 0 2 1 11 3 10
split_gain=21.9472 0.907057 2.04594 0.210239 0.573267 0.193417 0.296869 0.0612164 0.048037 0.396843 1.26335e-07 1.37057e-07 6.36717e-08 5.67158e-08
threshold=0.58335000000000015 0.68500000000000016 0.67500000000000016 14.500000000000002 16.500000000000004 17.500000000000004 19.500000000000004 1.0000000180025095e-35 2.5000000000000004 1.0000000180025095e-35 18.500000000000004 1.0000000180025095e-35 1.0000000180025095e-35 0.52500000000000013
decision_type=2 2 2 2 2 2 2 2 2 2 2 2 2 2
left_child=-1 2 8 7 -5 -6 -7 -4 10 -10 -2 -12 13 -11
right_child=1 -3 3 4 5 6 -8 -9 9 12 11 -13 -14 -15
leaf_value=-0.081237903140468137 0.081098179454788061 0.081098179454788116 0.0035393980245081165 0.098862547060979897 -0.047873836478829708 -0.017306365235089806 0.085457317415177855 -0.019385355676203 -0.08152252778437602 0.081176906818935329 0.081236505428831637 0.081098179454787256 0.08109817945478795 0.081098179454787256
leaf_weight=12.289740999229254 4.2211184985935706 7.0396501543000332 1.5100482441484928 0.50535219721496094 0.40385366231203057 0.49010605178773403 0.28426572680473328 1.4723655395209789 0.10995065234601487 0.15672153886407614 0.089936217293143161 0.093505789525806904 0.50760285742580891 0.093505789525806904
leaf_count=819 316 527 9 5 3 5 7 7 6 11 6 7 38 7
internal_value=0.000186936 0.0591274 0.0435648 0.00498058 0.0275823 -0.00299042 0.0204174 -0.00777815 0.0777115 0.0605078 0.081101 0.081166 0.0811145 0.0811475
internal_weight=29.2677 16.978 9.93833 4.66599 1.68358 1.17823 0.774372 2.98241 5.27234 0.867781 4.40456 0.183442 0.75783 0.250227
internal_count=1773 954 427 36 20 15 12 16 391 62 329 13 56 18
is_linear=0
shrinkage=0.08


Tree=45
num_leaves=15
num_cat=0
split_feature=6 11 10 10 13 1 2 1 10 6 3 1 10 10
split_gain=20.0718 0.923189 0.916544 1.57038 0.053389 0.0331025 0.0416196 0.0273625 0.0124948 0.0300785 0.0292605 0.00616375 0.000186761 0.00108324
threshold=0.58335000000000015 1.0000000180025095e-35 0.68500000000000016 0.67500000000000016 1.0000000180025095e-35 18.500000000000004 1.0000000180025095e-35 13.500000000000002 1.0000000180025095e-35 0.70835000000000015 1.0000000180025095e-35 19.500000000000004 0.68500000000000016 0.67500000000000016
decision_type=2 2 2 2 2 2 2 2 2 2 2 2 2 2
left_child=-1 2 3 5 7 -2 -7 -5 9 10 11 -3 13 -10
right_child=1 8 -4 4 -6 6 -8 -9 12 -11 -12 -13 -14 -15
leaf_value=-0.081141314151239749 0.081012632370636106 0.0087992060521672136 0.081012633319556007 -0.00056100925310542183 0.0056912260737267753 0.019472438079421134 0.081012620113598277 -0.018900228795208932 0.081012633319555966 0.081012633319555882 0.081012633319555202 0.041662262291878006 0.081012633319556021 0.085354244353247954
leaf_weight=11.357817543670537 2.0613547973334811 0.075721265748142197 2.6414989940822124 0.7966321557760242 1.8561900183558462 0.13392735645174969 0.14811954461038113 1.503153547644615 1.7280834540724757 0.5554553959518671 0.098747625946998596 0.070566774345934391 3.8635008651763201 0.46723325178027142
leaf_count=819 167 5 214 5 10 9 12 8 140 45 8 5 313 13
internal_value=0.00018975 0.057923 0.0412767 0.0251271 -0.00440158 0.0774956 0.0517908 -0.0125476 0.0801064 0.0707128 0.0473648 0.0246518 0.0813474 0.0819367
internal_weight=27.358 16.0002 9.14088 6.49938 4.15598 2.3434 0.282047 2.29979 6.85931 0.800491 0.245036 0.146288 6.05882 2.19532
internal_count=1773 954 425 211 23 188 21 13 529 63 18 10 466 153
is_linear=0
shrinkage=0.08


Tree=46
num_leaves=15
num_cat=0
split_feature=6 11 10 10 1 13 1 2 10 6 3 13 10 10
split_gain=18.3347 0.929828 0.898531 1.46848 0.0500341 0.0676488 0.0356618 0.0417978 0.0136999 0.0319845 0.0294237 0.0062732 0.000147227 0.000850919
threshold=0.58335000000000015 1.0000000180025095e-35 0.68500000000000016 0.67500000000000016 14.500000000000002 1.0000000180025095e-35 18.500000000000004 1.0000000180025095e-35 1.0000000180025095e-35 0.70835000000000015 1.0000000180025095e-35 1.0000000180025095e-35 0.68500000000000016 0.67500000000000016
decision_type=2 2 2 2 2 2 2 2 2 2 2 2 2 2
left_child=-1 2 3 6 5 -5 -2 -8 9 10 11 -3 13 -10
right_child=1 8 -4 4 -6 -7 7 -9 12 -11 -12 -13 -14 -15
leaf_value=-0.081052363605232963 0.080933826343124127 0.0070384479293830607 0.080933827204045003 0.0021450294519023434 0.0092445178368187539 -0.022307746670920205 0.01799805480305508 0.080933815222752142 0.080933827204044975 0.080933827204044878 0.080933827204044156 0.040378020227561373 0.080933827204045031 0.084930946260429518
leaf_weight=10.495626510120928 1.9046479426324352 0.075777405872941794 2.4406888335943222 1.4778214395046234 1.2629628926515577 1.4196462482213974 0.13333273865282524 0.13685930147767067 1.5967123210430147 0.51322896033525467 0.09124070405960083 0.069018445909023285 3.5697925463318825 0.43337291851639737
leaf_count=819 167 5 214 8 9 6 9 12 140 45 8 5 313 13
internal_value=0.000188755 0.0565637 0.0396922 0.0238037 -0.00404373 -0.00983588 0.0770754 0.0498767 0.0798838 0.0697246 0.0453516 0.0229301 0.0812432 0.0817871
internal_weight=25.6207 15.1251 8.77596 6.33527 4.16043 2.89747 2.17484 0.270192 6.34914 0.749266 0.236037 0.144796 5.59988 2.03009
internal_count=1773 954 425 211 23 14 188 21 529 63 18 10 466 153
is_linear=0
shrinkage=0.08


Tree=47
num_leaves=15
num_cat=0
split_feature=6 10 10 1 1 1 1 0 2 1 11 3 10 1
split_gain=16.7453 0.934344 1.80647 0.153328 0.552712 0.183645 0.0532264 0.0532233 0.36992 3.4971e-07 3.36742e-07 1.74972e-07 1.47279e-07 1.90452e-08
threshold=0.58335000000000015 0.68500000000000016 0.67500000000000016 14.500000000000002 16.500000000000004 17.500000000000004 13.500000000000002 2.5000000000000004 1.0000000180025095e-35 18.500000000000004 1.0000000180025095e-35 1.0000000180025095e-35 0.52500000000000013 18.500000000000004
decision_type=2 2 2 2 2 2 2 2 2 2 2 2 2 2
left_child=-1 2 7 6 -5 -6 -4 9 -9 -2 -11 12 13 -10
right_child=1 -3 3 4 5 -7 -8 8 11 10 -12 -13 -14 -15
leaf_value=-0.080970431988145894 0.080861229886238978 0.080861229886238936 0.0039680928991839247 0.097093047814482469 -0.051096743148345829 0.017150221842378417 -0.01742792988318085 -0.081458016999773189 0.081034576901032662 0.08109810419405758 0.080861229886237868 0.080861229868210704 0.080861229875363802 0.080973861988530751
leaf_weight=9.6980902506038547 3.3297842331230627 5.5531528191640982 1.5004025995731354 0.46841164864599694 0.38584418594837167 0.72932388633489609 1.47626031935215 0.10542142018675793 0.062016990035772324 0.080142321065068134 0.073761043138802052 0.40041709970682859 0.073761044070124626 0.070829334668815136
leaf_count=819 316 527 9 5 3 12 7 6 5 6 7 38 7 6
internal_value=0.000187619 0.0551914 0.038912 0.00405631 0.0241682 -0.00646299 -0.00664315 0.0767922 0.056869 0.0808667 0.0809846 0.0808921 0.0809519 0.0810022
internal_weight=24.0076 14.3095 8.75638 4.56024 1.58358 1.11517 2.97666 4.19613 0.712446 3.48369 0.153903 0.607024 0.206607 0.132846
internal_count=1773 954 427 36 20 15 16 391 62 329 13 56 18 11
is_linear=0
shrinkage=0.08


Tree=48
num_leaves=15
num_cat=0
split_feature=6 11 10 1 2 1 1 13 1 1 10 10 6 3
split_gain=15.2979 0.951077 0.863904 1.38606 0.768344 0.642308 0.786468 0.124004 0.333243 0.0824966 0.0274495 0.0139398 0.0312096 0.0271428
threshold=0.58335000000000015 1.0000000180025095e-35 0.68500000000000016 11.500000000000002 1.0000000180025095e-35 16.500000000000004 14.500000000000002 1.0000000180025095e-35 12.500000000000002 17.500000000000004 0.67500000000000016 1.0000000180025095e-35 0.70835000000000015 1.0000000180025095e-35
decision_type=2 2 2 2 2 2 2 2 2 2 2 2 2 2
left_child=-1 2 3 10 5 6 7 8 -5 -7 -2 12 13 -3
right_child=1 11 -4 4 -6 9 -8 -9 -10 -11 -12 -13 -14 -15
leaf_value=-0.080894954419424361 0.080794325546349521 0.021288321104218626 0.080794325546349438 -0.049958586132791631 0.085619710673583815 -0.12321157656650558 0.094098762532270494 -0.034207441595049876 0.029022199871051736 -0.064450356368904116 0.10606264031006803 0.081124416781342315 0.080794325546349285 0.080794325546348439
leaf_weight=8.9604796953499317 1.1681849509477595 0.13256543409079391 2.0832631625235081 0.54327174462378114 0.56538743525743473 0.24803735874593247 0.48656856454908837 1.2980222404003143 0.92239394783973694 0.39869755320250988 0.35991740226745594 4.8141752704977989 0.43806935660541058 0.077878996729850769
leaf_count=819 120 10 214 10 28 2 10 13 12 14 2 466 45 8
internal_value=0.000188161 0.0538614 0.0364187 0.0209866 -0.00153207 -0.0141763 0.00031145 -0.0162005 -0.000253255 -0.0869866 0.0867458 0.0796412 0.0686305 0.0433097
internal_weight=22.4969 13.5364 8.07374 5.99048 4.46238 3.89699 3.25026 2.76369 1.46567 0.646735 1.5281 5.46269 0.648514 0.210444
internal_count=1773 954 425 211 89 61 45 35 22 16 122 529 63 18
is_linear=0
shrinkage=0.08


Tree=49
num_leaves=15
num_cat=0
split_feature=6 11 10 1 2 1 1 13 1 1 10 10 6 3
split_gain=13.985 0.938144 0.833219 1.28499 0.697089 0.549435 0.708304 0.104855 0.277217 0.076596 0.0209174 0.0153184 0.0330272 0.0270957
threshold=0.58335000000000015 1.0000000180025095e-35 0.68500000000000016 11.500000000000002 1.0000000180025095e-35 16.500000000000004 14.500000000000002 1.0000000180025095e-35 12.500000000000002 17.500000000000004 0.67500000000000016 1.0000000180025095e-35 0.70835000000000015 1.0000000180025095e-35
decision_type=2 2 2 2 2 2 2 2 2 2 2 2 2 2
left_child=-1 2 3 10 5 6 7 8 -5 -7 -2 12 13 -3
right_child=1 11 -4 4 -6 9 -8 -9 -10 -11 -12 -13 -14 -15
leaf_value=-0.080825407484134304 0.080732671669825035 0.019695338792826103 0.080732671669825062 -0.044439429936208356 0.085192575409575866 -0.11620691597655489 0.092883844359392814 -0.031359685485845723 0.027035457420906985 -0.059185237121281514 0.10348297868565881 0.081039725916855543 0.080732671669824896 0.08073267166982398
leaf_weight=8.2783937584608793 1.0791607573628423 0.13185556884855021 1.9245033506304023 0.56108448095619767 0.52442888729274262 0.24218813236802805 0.45479398779571045 1.3024270087480545 0.91143303364515305 0.39940335508435965 0.34018553793430317 4.4484998611733317 0.40468528401106596 0.071944050490856171
leaf_count=819 120 10 214 10 28 2 10 13 12 14 2 466 45 8
internal_value=0.000198111 0.052614 0.0351049 0.0200044 -0.00136478 -0.0130902 0.000342457 -0.0148244 -0.000199159 -0.0807098 0.0861854 0.0794113 0.0675062 0.0412424
internal_weight=21.075 12.7966 7.73961 5.81511 4.39576 3.87133 3.22974 2.77494 1.47252 0.641591 1.41935 5.05698 0.608485 0.2038
internal_count=1773 954 425 211 89 61 45 35 22 16 122 529 63 18
is_linear=0
shrinkage=0.08


Tree=50
num_leaves=15
num_cat=0
split_feature=6 11 10 10 13 1 13 1 10 6 2 1 10 10
split_gain=12.7822 0.923549 0.80226 1.21921 0.0439249 0.029029 0.0286698 0.028365 0.0167826 0.0347485 0.155056 0.00620534 9.02254e-05 0.00047462
threshold=0.58335000000000015 1.0000000180025095e-35 0.68500000000000016 0.67500000000000016 1.0000000180025095e-35 18.500000000000004 1.0000000180025095e-35 13.500000000000002 1.0000000180025095e-35 0.70835000000000015 1.0000000180025095e-35 19.500000000000004 0.68500000000000016 0.67500000000000016
decision_type=2 2 2 2 2 2 2 2 2 2 2 2 2 2
left_child=-1 2 3 5 7 -2 11 -5 9 10 -3 -7 13 -10
right_child=1 8 -4 4 -6 6 -8 -9 12 -11 -12 -13 -14 -15
leaf_value=-0.080761311058612395 0.080708423715965816 -0.081401673126948557 0.080675854552164805 -0.00038312707516355125 0.0044374793478353207 0.049838791013634129 0.00202117610066027 -0.019243653561494843 0.080675425497938463 0.080675854552164653 0.080823382804414673 0.080887787487579618 0.080675425497938491 0.084037686855109789
leaf_weight=7.6477395063266167 1.4401088403537867 0.05071977525949467 1.7777409832924602 0.79602281749248538 1.7649756893515589 0.075165558606386074 0.059183825738728046 1.4219620451331136 1.1622797884047029 0.3738240385428071 0.14698554296046495 0.091153490357100964 2.598525526933372 0.34949391055852164
leaf_count=819 167 3 214 5 10 7 5 8 140 45 15 9 313 13
internal_value=0.000207306 0.0513487 0.0338057 0.0190546 -0.00498039 0.0765292 0.0498397 -0.0124747 0.0791753 0.0663304 0.0392058 0.0668556 0.0809613 0.0814527
internal_weight=19.7559 12.1081 7.42631 5.64857 3.98296 1.66561 0.225503 2.21798 4.68183 0.571529 0.197705 0.166319 4.1103 1.51177
internal_count=1773 954 425 211 23 188 21 13 529 63 18 16 466 153
is_linear=0
shrinkage=0.08


Tree=51
num_leaves=15
num_cat=0
split_feature=6 11 10 1 2 1 1 13 1 1 10 10 6 2
split_gain=11.6647 0.923674 0.776851 1.15455 0.628079 0.477032 0.639892 0.0943286 0.2432 0.0656857 0.0156385 0.015451 0.0320771 0.142994
threshold=0.58335000000000015 1.0000000180025095e-35 0.68500000000000016 11.500000000000002 1.0000000180025095e-35 16.500000000000004 14.500000000000002 1.0000000180025095e-35 12.500000000000002 17.500000000000004 0.67500000000000016 1.0000000180025095e-35 0.70835000000000015 1.0000000180025095e-35
decision_type=2 2 2 2 2 2 2 2 2 2 2 2 2 2
left_child=-1 2 3 10 5 6 7 8 -5 -7 -2 12 13 -3
right_child=1 11 -4 4 -6 9 -8 -9 -10 -11 -12 -13 -14 -15
leaf_value=-0.080702249668785267 0.080623449423658899 -0.081292098938056626 0.080623468285994995 -0.040872796885462463 0.084987147528485421 -0.11001058097475032 0.091906303531770303 -0.029642464886262303 0.025861717451598765 -0.056389548832214559 0.10114351655983886 0.080887185148058496 0.080623468285994801 0.080759488390582432
leaf_weight=7.0647108005359778 0.92076569795608498 0.046880803070962318 1.6420847773551939 0.57152311876416295 0.47579837776720513 0.23321584053337563 0.42112469626590598 1.2995322570204735 0.89964016526937485 0.39191820099949837 0.32040642201900482 3.7976190866902471 0.34529820084571838 0.13578775431960821
leaf_count=819 120 3 214 10 28 2 10 13 12 14 2 466 45 15
internal_value=0.000206688 0.049904 0.0323024 0.0179641 -0.00168432 -0.0124883 2.79359e-05 -0.0139369 -6.3561e-05 -0.0763937 0.0859207 0.0791044 0.0662812 0.0391699
internal_weight=18.5663 11.5016 7.17601 5.53392 4.29275 3.81695 3.19182 2.7707 1.47116 0.625134 1.24117 4.32559 0.527967 0.182669
internal_count=1773 954 425 211 89 61 45 35 22 16 122 529 63 18
is_linear=0
shrinkage=0.08


Tree=52
num_leaves=15
num_cat=0
split_feature=6 11 10 10 13 0 2 1 10 6 2 10 10 1
split_gain=10.661 0.910712 0.745141 1.09464 0.0354274 0.0288181 0.136607 0.0269013 0.0142304 0.029611 0.131881 5.66525e-05 0.000295668 4.0104e-05
threshold=0.58335000000000015 1.0000000180025095e-35 0.68500000000000016 0.67500000000000016 1.0000000180025095e-35 2.5000000000000004 1.0000000180025095e-35 13.500000000000002 1.0000000180025095e-35 0.70835000000000015 1.0000000180025095e-35 0.68500000000000016 0.67500000000000016 13.500000000000002
decision_type=2 2 2 2 2 2 2 2 2 2 2 2 2 2
left_child=-1 2 3 5 7 -2 -7 -5 9 10 -3 12 -10 -6
right_child=1 8 -4 4 13 6 -8 -9 11 -11 -12 -13 -14 -15
leaf_value=-0.080647794554927585 0.080662293378892455 -0.081191220449361265 0.080575175869293927 -2.6163694576553648e-05 0.0040647247900076474 -0.081142531843554397 0.080574468162244769 -0.018467499027786882 0.080574655477056681 0.080575175869293733 0.080700590822972831 0.08057465547705675 0.083438567951168732 0.0032705554013001893
leaf_weight=6.5257745683193216 1.2546265302225945 0.043328022584319448 1.5167070273309944 0.79630219936370883 0.65450946986675296 0.041625967249274143 0.16979718301445246 1.3898762688040731 0.99135794676840328 0.31893372070044279 0.1254356661811471 2.2163931238465011 0.30068492982536554 1.0759160518646238
leaf_count=819 161 3 214 5 3 3 24 8 140 45 15 313 13 7
internal_value=0.000216425 0.0486494 0.031047 0.0170911 -0.00498113 0.076058 0.0487349 -0.0117504 0.0790402 0.0662358 0.0391368 0.0808201 0.0812411 0.00357094
internal_weight=17.4213 10.8955 6.89936 5.38265 3.9166 1.46605 0.211423 2.18618 3.99613 0.487697 0.168764 3.50844 1.29204 1.73043
internal_count=1773 954 425 211 23 188 27 13 529 63 18 466 153 10
is_linear=0
shrinkage=0.08


Tree=53
num_leaves=15
num_cat=0
split_feature=6 11 1 10 2 10 1 13 10 6 2 4 10 10
split_gain=9.72715 0.904553 0.720446 1.03132 0.564035 0.434603 0.0373013 0.0250604 0.0131061 0.0273345 0.121639 0.0090824 0.0014558 0.00196117
threshold=0.58335000000000015 1.0000000180025095e-35 11.500000000000002 0.68500000000000016 1.0000000180025095e-35 0.67500000000000016 18.500000000000004 1.0000000180025095e-35 1.0000000180025095e-35 0.70835000000000015 1.0000000180025095e-35 1.5000000000000002 0.67500000000000016 0.68500000000000016
decision_type=2 2 2 2 2 2 2 2 2 2 2 2 2 2
left_child=-1 2 11 4 5 6 -4 -7 9 10 -3 12 -2 -14
right_child=1 8 3 -5 -6 7 -8 -9 -10 -11 -12 -13 13 -15
leaf_value=-0.080597609221449651 0.080530585186421463 -0.081098327558806263 0.080708016237022756 0.08053064773208897 0.084801941943242323 -0.027522325823073013 0.027134279894262345 -0.013564939269760132 0.080756898484130632 0.080530647732088761 0.080646297386844173 0.10178452585830063 0.094418670000616559 0.080530647732088415
leaf_weight=6.0276483013294646 0.78542489558458306 0.040040761232376432 0.29627211997285519 1.2633742289617655 0.4305049804970621 1.8824219927191734 0.11564218904823065 1.4633002728223801 3.2411256968043745 0.29456912074238062 0.11586650740355253 0.17827612627297629 0.12938964366912842 0.13091960921883583
leaf_count=819 120 3 35 193 28 10 9 7 466 45 15 2 1 20
internal_value=0.000216138 0.0472028 0.02963 0.0171767 -0.00193431 -0.0118715 0.0656675 -0.0214179 0.0789798 0.0661939 0.0391064 0.0850943 0.082249 0.0874338
internal_weight=16.3948 10.3671 6.67553 5.45152 4.18814 3.75764 0.411914 3.34572 3.6916 0.450476 0.155907 1.22401 1.04573 0.260309
internal_count=1773 954 425 282 89 61 44 17 529 63 18 143 141 21
is_linear=0
shrinkage=0.08


Tree=54
num_leaves=15
num_cat=0
split_feature=6 11 10 1 2 1 1 13 1 1 10 6 2 10
split_gain=8.88009 0.892262 0.687803 0.958372 0.512402 0.430411 0.571419 0.0902539 0.21586 0.0526112 0.0120742 0.025233 0.112201 0.00897839
threshold=0.58335000000000015 1.0000000180025095e-35 0.68500000000000016 11.500000000000002 1.0000000180025095e-35 16.500000000000004 14.500000000000002 1.0000000180025095e-35 12.500000000000002 17.500000000000004 1.0000000180025095e-35 0.70835000000000015 1.0000000180025095e-35 0.67500000000000016
decision_type=2 2 2 2 2 2 2 2 2 2 2 2 2 2
left_child=-1 2 3 13 5 6 7 8 -5 -7 11 12 -3 -2
right_child=1 10 -4 4 -6 9 -8 -9 -10 -11 -12 -13 -14 -15
leaf_value=-0.080551335077970909 0.080489530421171282 -0.081012772803972913 0.080489548716616593 -0.036300781104019596 0.084434327472332885 -0.10447719970944373 0.091302250933215451 -0.027428230668604475 0.026270906271408091 -0.055148750840823074 0.08069954142174332 0.080489595856966911 0.080596244880289852 0.097290538682387906
leaf_weight=5.5672874702140698 0.72539336979388991 0.036999732255936002 1.2936453185975549 0.58355077356100171 0.39906616974622 0.2202306780964135 0.39134926069527853 1.2907360941171646 0.89255592226982117 0.37230829149484634 2.9939764551818371 0.27205463731661439 0.10702199582010508 0.28297986835241318
leaf_count=819 120 3 214 10 28 2 10 13 12 14 466 45 15 2
internal_value=0.000225247 0.0458258 0.0283315 0.0152505 -0.00174784 -0.0109174 0.000821155 -0.0119767 0.00153438 -0.0734828 0.0789249 0.0661554 0.0390783 0.0852044
internal_weight=15.4292 9.86187 6.45182 5.15817 4.1498 3.75073 3.15819 2.76684 1.47611 0.592539 3.41005 0.416076 0.144022 1.00837
internal_count=1773 954 425 211 89 61 45 35 22 16 529 63 18 122
is_linear=0
shrinkage=0.08


Tree=55
num_leaves=15
num_cat=0
split_feature=6 11 10 10 0 2 13 1 10 6 2 10 10 1
split_gain=8.11196 0.873951 0.656293 0.911819 0.0289599 0.118936 0.0243804 0.0249649 0.011125 0.0232931 0.1035 2.82095e-05 0.000145632 2.41567e-05
threshold=0.58335000000000015 1.0000000180025095e-35 0.68500000000000016 0.67500000000000016 2.5000000000000004 1.0000000180025095e-35 1.0000000180025095e-35 13.500000000000002 1.0000000180025095e-35 0.70835000000000015 1.0000000180025095e-35 0.68500000000000016 0.67500000000000016 13.500000000000002
decision_type=2 2 2 2 2 2 2 2 2 2 2 2 2 2
left_child=-1 2 3 4 -2 -6 7 -5 9 10 -3 12 -10 -8
right_child=1 8 -4 6 5 -7 13 -9 11 -11 -12 -13 -14 -15
leaf_value=-0.080508663561035032 0.080559812579023199 -0.080933963779421789 0.080451685864068631 0.001019288394182282 -0.081024385007863367 0.080447483747982537 0.0022747779336493089 -0.016829453745254835 0.08045112397675086 0.080451729364043004 0.080550091621416992 0.080451123976750943 0.082705861812003206 0.0028994192320584184
leaf_weight=5.141867599915714 1.0252048028632978 0.034186966717243528 1.1947243795730171 0.79814644902944598 0.037430332973599323 0.13268109504133463 0.63820822536945376 1.3495119065046308 0.78063929453492187 0.25125148706138134 0.098848064430058002 1.745286422781646 0.23960765451192856 1.0450926944613455
leaf_count=819 161 3 214 5 3 24 3 8 140 45 15 313 13 7
internal_value=0.000234795 0.0445396 0.0271553 0.0144869 0.0754875 0.0449181 -0.00454614 -0.0101962 0.0788742 0.0661198 0.0390524 0.0806465 0.0809807 0.00266259
internal_weight=14.5127 9.37082 6.221 5.02628 1.19532 0.170111 3.83096 2.14766 3.14982 0.384287 0.133035 2.76553 1.02025 1.6833
internal_count=1773 954 425 211 188 27 23 13 529 63 18 466 153 10
is_linear=0
shrinkage=0.08


Tree=56
num_leaves=15
num_cat=0
split_feature=6 11 1 10 2 1 1 13 1 1 10 6 2 1
split_gain=7.39657 0.861999 0.638291 0.846641 0.460907 0.379758 0.518149 0.080299 0.191038 0.0455174 0.0102507 0.0215022 0.0954802 0.00791687
threshold=0.58335000000000015 1.0000000180025095e-35 11.500000000000002 0.68500000000000016 1.0000000180025095e-35 16.500000000000004 14.500000000000002 1.0000000180025095e-35 12.500000000000002 17.500000000000004 1.0000000180025095e-35 0.70835000000000015 1.0000000180025095e-35 13.500000000000002
decision_type=2 2 2 2 2 2 2 2 2 2 2 2 2 2
left_child=-1 2 -2 4 5 6 7 8 -4 -7 11 12 -3 -9
right_child=1 10 3 -5 -6 9 -8 13 -10 -11 -12 -13 -14 -15
leaf_value=-0.080469322464199897 0.084494690135583875 -0.080861352878627279 -0.033680528507639522 0.080416806685047124 0.084259670436401257 -0.1000824912008997 0.0904401241282803 -0.018376791770391421 0.025092108999867035 -0.053186691120569098 0.080596676968680322 0.080416806722688736 0.08050753852269199 -0.03111266764185654
leaf_weight=4.7487686332315215 0.9918510257266443 0.03158573713153634 0.59107625391334384 0.995155211072415 0.36164243146777142 0.20989395305514325 0.36292417068034399 0.53338772058486938 0.882321797311306 0.3590596579015255 2.5544220837764442 0.23203098680824041 0.091294540092349052 0.75387738645076752
leaf_count=819 143 3 10 193 28 2 10 8 12 14 466 45 15 5
internal_value=0.000233694 0.0430513 0.0258225 0.0142974 -0.00193249 -0.010374 0.000575418 -0.0112384 0.00151456 -0.0704871 0.0788266 0.066087 0.0390285 -0.0258355
internal_weight=13.6993 8.95052 6.04119 5.04934 4.05418 3.69254 3.12359 2.76066 1.4734 0.568954 2.90933 0.354911 0.12288 1.28727
internal_count=1773 954 425 282 89 61 45 35 22 16 529 63 18 13
is_linear=0
shrinkage=0.08


Tree=57
num_leaves=15
num_cat=0
split_feature=6 11 1 10 10 1 13 0 2 10 6 2 4 10
split_gain=6.75533 0.840444 0.60295 0.787807 0.433889 0.038313 0.0598016 0.0213818 0.103336 0.0094472 0.0198491 0.0880859 0.00417509 0.000715977
threshold=0.58335000000000015 1.0000000180025095e-35 11.500000000000002 0.68500000000000016 0.67500000000000016 14.500000000000002 1.0000000180025095e-35 2.5000000000000004 1.0000000180025095e-35 1.0000000180025095e-35 0.70835000000000015 1.0000000180025095e-35 1.5000000000000002 0.67500000000000016
decision_type=2 2 2 2 2 2 2 2 2 2 2 2 2 2
left_child=-1 2 12 4 7 6 -6 -4 -9 10 11 -3 13 -2
right_child=1 9 3 -5 5 -7 -8 8 -10 -11 -12 -13 -14 -15
leaf_value=-0.080433035091965144 0.080382956769848843 -0.080794446676074771 0.080734541378856287 0.080384605191446343 -0.0049987838804947185 0.0024312185457470293 -0.029361624677268012 -0.080895731391770934 0.080379528750456841 0.080551329936865784 0.080384605229058201 0.080468290844048898 0.096459969655858166 0.085941553576042967
leaf_weight=4.3855634895153353 0.56896565482020189 0.029180476441979741 0.33436692273244295 0.9189971457235514 1.3656013309955601 0.92980207502841938 1.2216749489307404 0.03283347561955452 0.11272276937961578 2.3593024355359375 0.21427392493933439 0.084314919542521238 0.14906002581119537 0.20058585330843925
leaf_count=819 120 3 41 193 7 9 5 3 24 466 45 15 2 21
internal_value=0.000243338 0.0417623 0.0247126 0.0135957 -0.00176049 -0.0114971 -0.0165026 0.0695934 0.0440003 0.0787833 0.0660568 0.0390065 0.0842055 0.0818318
internal_weight=12.9072 8.52168 5.83461 4.916 3.997 3.51708 2.58728 0.479923 0.145556 2.68707 0.327769 0.113495 0.918612 0.769552
internal_count=1773 954 425 282 89 21 12 68 27 529 63 18 143 141
is_linear=0
shrinkage=0.08


Tree=58
num_leaves=15
num_cat=0
split_feature=6 11 1 10 2 1 1 13 1 1 10 6 2 1
split_gain=6.16268 0.821859 0.570017 0.733646 0.406814 0.354014 0.458655 0.0579811 0.163049 0.0397688 0.00870762 0.018323 0.0812682 0.00635869
threshold=0.58335000000000015 1.0000000180025095e-35 11.500000000000002 0.68500000000000016 1.0000000180025095e-35 16.500000000000004 14.500000000000002 1.0000000180025095e-35 12.500000000000002 17.500000000000004 1.0000000180025095e-35 0.70835000000000015 1.0000000180025095e-35 13.500000000000002
decision_type=2 2 2 2 2 2 2 2 2 2 2 2 2 2
left_child=-1 2 -2 4 5 6 7 8 -4 -7 11 12 -3 -9
right_child=1 10 3 -5 -6 9 -8 13 -10 -11 -12 -13 -14 -15
leaf_value=-0.080399569468417767 0.083875299820079532 -0.080732785939567148 -0.03079245245780728 0.080354897666160149 0.084005215938249139 -0.096794602301651406 0.089595213923652481 -0.01529881542336178 0.023416632701237408 -0.052105068479882222 0.080509396890625723 0.080354897703744099 0.080432097515847067 -0.026729838071488377
leaf_weight=4.0500020468607554 0.85117528075352122 0.026956713758409356 0.59948304854333534 0.84864224586635817 0.32598818652331818 0.20115717966109503 0.33520010346546758 0.53423559293150902 0.87109709903597832 0.34776525944471359 2.1789990006946027 0.19786993274465203 0.077866084408015013 0.74680748023092747
leaf_count=819 143 3 10 193 28 2 10 8 12 14 466 45 15 5
internal_value=0.000247042 0.0403562 0.0235296 0.0128517 -0.00160809 -0.00928435 0.00124261 -0.00952042 0.00131826 -0.0684819 0.0787432 0.0660289 0.0389862 -0.0219627
internal_weight=12.1932 8.14324 5.66155 4.81038 3.96173 3.63575 3.08682 2.75162 1.47058 0.548922 2.48169 0.302693 0.104823 1.28104
internal_count=1773 954 425 282 89 61 45 35 22 16 529 63 18 13
is_linear=0
shrinkage=0.08


Tree=59
num_leaves=15
num_cat=0
split_feature=6 11 10 10 0 2 13 1 10 6 2 10 10 1
split_gain=5.6268 0.798414 0.539161 0.73466 0.0235852 0.0898532 0.023563 0.0264072 0.00802679 0.0169143 0.0749813 1.10797e-05 5.6537e-05 6.09922e-06
threshold=0.58335000000000015 1.0000000180025095e-35 0.68500000000000016 0.67500000000000016 2.5000000000000004 1.0000000180025095e-35 1.0000000180025095e-35 13.500000000000002 1.0000000180025095e-35 0.70835000000000015 1.0000000180025095e-35 0.68500000000000016 0.67500000000000016 17.500000000000004
decision_type=2 2 2 2 2 2 2 2 2 2 2 2 2 2
left_child=-1 2 3 4 -2 -6 7 -5 9 10 -3 12 -10 -14
right_child=1 8 -4 6 5 -7 -8 -9 11 -11 -12 -13 13 -15
leaf_value=-0.080368699308280903 0.080475933830334384 -0.080675952913173324 0.080327033103116743 0.0014539611888102276 -0.080784180453393084 0.080321998514574763 0.002871802529502825 -0.017113630940835949 0.080326894969997106 0.080327492725282404 0.080398708324572646 0.080326894969997231 0.082330607458592747 0.081358612501574723
leaf_weight=3.7400008449330926 0.79830623022280622 0.024901001714170312 0.86768999858759333 0.79337170720100436 0.028823976404964924 0.095772796310484409 1.6122060492634775 1.2829439491033552 0.56741750799119506 0.18271675100550056 0.071908093988895416 1.2685834285803137 0.1103550661355257 0.066043283324688673
leaf_count=819 161 3 214 5 3 24 10 8 140 45 15 313 6 7
internal_value=0.000255825 0.0390583 0.0224736 0.0115878 0.0754235 0.043052 -0.00438451 -0.0100189 0.0787062 0.0660031 0.0389675 0.0804706 0.0807158 0.0819667
internal_weight=11.511 7.77104 5.47911 4.61142 0.922903 0.124597 3.68852 2.07632 2.29193 0.279526 0.0968091 2.0124 0.743816 0.176398
internal_count=1773 954 425 211 188 27 23 13 529 63 18 466 153 13
is_linear=0
shrinkage=0.08


Tree=60
num_leaves=15
num_cat=0
split_feature=6 11 1 10 2 1 1 13 1 1 10 6 2 1
split_gain=5.12757 0.780361 0.527701 0.641281 0.367373 0.314223 0.417393 0.0524597 0.145809 0.0348584 0.00739947 0.0156139 0.0691835 0.0050444
threshold=0.58335000000000015 1.0000000180025095e-35 11.500000000000002 0.68500000000000016 1.0000000180025095e-35 16.500000000000004 14.500000000000002 1.0000000180025095e-35 12.500000000000002 17.500000000000004 1.0000000180025095e-35 0.70835000000000015 1.0000000180025095e-35 13.500000000000002
decision_type=2 2 2 2 2 2 2 2 2 2 2 2 2 2
left_child=-1 2 -2 4 5 6 7 8 -4 -7 11 12 -3 -9
right_child=1 10 3 -5 -6 9 -8 13 -10 -11 -12 -13 -14 -15
leaf_value=-0.080340232344423279 0.083780186738152282 -0.080623562931460072 -0.028739853597496597 0.080302214770310243 0.083842005345462725 -0.093261338586697551 0.088864571333488546 -0.01486815637196609 0.0224801385702839 -0.050413111579373386 0.08043436350490564 0.080302214939215799 0.080367917360344501 -0.025070580197745818
leaf_weight=3.4536297367885709 0.74414542084559787 0.023000853136182164 0.60515173804015054 0.72362070204690088 0.29648425290361036 0.19058906473219384 0.31087113521061827 0.53230779711157084 0.86290203407406807 0.3352676760405302 1.858482255367562 0.16871975851245224 0.066403937991708517 0.74319009948521852
leaf_count=819 143 3 10 193 28 2 10 8 12 14 466 45 15 5
internal_value=0.000253844 0.0375594 0.0212777 0.0111675 -0.00173693 -0.00882375 0.00101 -0.00894478 0.00136656 -0.0659428 0.0786716 0.0659794 0.0389502 -0.0208128
internal_weight=10.9148 7.46114 5.34453 4.60038 3.87676 3.58028 3.05442 2.74355 1.46805 0.525857 2.11661 0.258125 0.0894048 1.2755
internal_count=1773 954 425 282 89 61 45 35 22 16 529 63 18 13
is_linear=0
shrinkage=0.08


Tree=61
num_leaves=15
num_cat=0
split_feature=6 11 1 10 10 1 13 0 2 10 6 2 4 10
split_gain=4.68079 0.755205 0.49653 0.595612 0.365797 0.0192084 0.038992 0.0183029 0.078223 0.00682222 0.0144134 0.0638364 0.00196222 0.00036887
threshold=0.58335000000000015 1.0000000180025095e-35 11.500000000000002 0.68500000000000016 0.67500000000000016 14.500000000000002 1.0000000180025095e-35 2.5000000000000004 1.0000000180025095e-35 1.0000000180025095e-35 0.70835000000000015 1.0000000180025095e-35 1.5000000000000002 0.67500000000000016
decision_type=2 2 2 2 2 2 2 2 2 2 2 2 2 2
left_child=-1 2 12 4 7 6 -6 -4 -9 10 11 -3 13 -2
right_child=1 9 3 -5 5 -7 -8 8 -10 -11 -12 -13 -14 -15
leaf_value=-0.080313955285659974 0.080275722103648792 -0.080575260595114495 0.080683245473767401 0.080278899177339311 -0.0042384786160487731 0.00050439804145144479 -0.023903426643071327 -0.080687760262991987 0.080273248576314307 0.080401254183917137 0.080278899327392531 0.08033951347483026 0.092659048480512138 0.084859584207557417
leaf_weight=3.1891025451477617 0.41074619628489006 0.021244675386696943 0.29672445938922498 0.66817225608974684 1.3743101805448537 0.83121386915445317 1.2165467143058777 0.025340370833873749 0.081371807027608156 1.7162731543648986 0.15579137485474348 0.061319355852901936 0.123538872692734 0.15465942956507206
leaf_count=819 120 3 41 193 7 9 5 3 24 466 45 15 2 21
internal_value=0.000262384 0.0362659 0.0202845 0.0105888 -0.00158341 -0.0100773 -0.0134722 0.0704646 0.0420507 0.0786399 0.0659575 0.0389343 0.0835253 0.0815296
internal_weight=10.3264 7.13725 5.18262 4.49368 3.82551 3.42207 2.59086 0.403437 0.106712 1.95463 0.238355 0.082564 0.688944 0.565406
internal_count=1773 954 425 282 89 21 12 68 27 529 63 18 143 141
is_linear=0
shrinkage=0.08


Tree=62
num_leaves=15
num_cat=0
split_feature=6 11 1 10 10 0 2 1 13 10 6 2 4 10
split_gain=4.26832 0.732505 0.467562 0.553525 0.333472 0.0168692 0.0721814 0.0162492 0.033152 0.00629056 0.0133053 0.0589046 0.00151506 0.000291926
threshold=0.58335000000000015 1.0000000180025095e-35 11.500000000000002 0.68500000000000016 0.67500000000000016 2.5000000000000004 1.0000000180025095e-35 14.500000000000002 1.0000000180025095e-35 1.0000000180025095e-35 0.70835000000000015 1.0000000180025095e-35 1.5000000000000002 0.67500000000000016
decision_type=2 2 2 2 2 2 2 2 2 2 2 2 2 2
left_child=-1 2 12 4 5 -4 -7 8 -6 10 11 -3 13 -2
right_child=1 9 3 -5 7 6 -8 -9 -10 -11 -12 -13 -14 -15
leaf_value=-0.080289729466509335 0.0802544505080868 -0.080530727806847599 0.080630382424543859 0.080257381858328425 -0.0038919355760039511 -0.080634445019558673 0.080252171381579793 0.00046410568308717892 -0.022023498463287994 0.080370657734422299 0.080257381989553137 0.080313309927491597 0.091546028970076035 0.084492163943674953
leaf_weight=2.944765049032867 0.37926292978227127 0.019621712155640014 0.27408349490724537 0.61695937230251718 1.376837402582169 0.023406949825584888 0.075134573504328728 0.83111308515071858 1.2148322463035583 1.5848985447082666 0.14385055750608444 0.056622618343681097 0.11537051689811051 0.14336428977549076
leaf_count=819 120 3 41 193 7 3 24 9 5 466 45 15 2 21
internal_value=0.000265246 0.0348682 0.0192347 0.00997868 -0.00144541 0.0704241 0.0420362 -0.00926956 -0.012391 0.0786107 0.0659373 0.0389196 0.0832486 0.0814169
internal_weight=9.80012 6.85536 5.05036 4.41237 3.79541 0.372625 0.0985415 3.42278 2.59167 1.80499 0.220095 0.0762443 0.637998 0.522627
internal_count=1773 954 425 282 89 68 27 21 12 529 63 18 143 141
is_linear=0
shrinkage=0.08


Tree=63
num_leaves=15
num_cat=0
split_feature=6 11 1 2 6 1 1 1 10 13 1 10 1 10
split_gain=3.89177 0.709189 0.440019 0.52808 0.386245 0.344165 0.297401 0.354638 0.272261 0.138061 0.190252 0.00917212 0.00670455 0.00580078
threshold=0.58335000000000015 1.0000000180025095e-35 11.500000000000002 1.0000000180025095e-35 1.2500000000000002 12.500000000000002 16.500000000000004 14.500000000000002 0.67500000000000016 1.0000000180025095e-35 13.500000000000002 0.52500000000000013 18.500000000000004 1.0000000180025095e-35
decision_type=2 2 2 2 2 2 2 2 2 2 2 2 2 2
left_child=-1 2 -2 4 5 -4 7 9 11 10 -7 -8 -10 -3
right_child=1 13 3 -5 -6 6 8 -9 12 -11 -12 -13 -14 -15
leaf_value=-0.080267384269440994 0.082994006895453956 0.065918692816571894 -0.072190765236036139 0.081849301079675266 0.10360151136658254 0.092484760537731941 0.036042479561523774 0.086465714174958616 -0.07083322934648846 -0.015736679364610123 0.0052772149518225207 0.080786703253236461 -0.090823304088356691 0.080342368560338467
leaf_weight=2.7190869748592377 0.59067462850362051 0.20322867552749802 0.45982668898068446 0.56057061185128976 0.21178992558270682 0.20701624290086429 0.077980786096304544 0.36544725019484747 0.20570055115967989 1.270484073786065 0.70650145644322038 0.046988468617200851 0.22465151362121105 1.463539987336844
leaf_count=819 143 63 20 129 8 19 9 37 13 19 14 5 9 466
internal_value=0.0002674 0.0334745 0.0182164 0.00939394 -0.0013614 -0.00759776 0.00196868 0.0135244 -0.0510828 0.00131914 0.0250397 0.0528663 -0.0812684 0.0785837
internal_weight=9.31349 6.5944 4.92763 4.33696 3.77639 3.5646 3.10477 2.54945 0.555321 2.184 0.913518 0.124969 0.430352 1.66677
internal_count=1773 954 425 282 153 145 125 89 36 52 33 14 22 529
is_linear=0
shrinkage=0.08


Tree=64
num_leaves=15
num_cat=0
split_feature=6 11 10 10 13 0 2 1 10 6 2 10 10 1
split_gain=3.55231 0.677866 0.421598 0.537968 0.0249776 0.0205503 0.0670435 0.0191646 0.0069284 0.0142492 0.0560114 3.41523e-06 1.72435e-05 2.73502e-06
threshold=0.58335000000000015 1.0000000180025095e-35 0.68500000000000016 0.67500000000000016 1.0000000180025095e-35 2.5000000000000004 1.0000000180025095e-35 13.500000000000002 1.0000000180025095e-35 0.70835000000000015 1.0000000180025095e-35 0.68500000000000016 0.67500000000000016 11.500000000000002
decision_type=2 2 2 2 2 2 2 2 2 2 2 2 2 2
left_child=-1 2 3 5 7 13 -7 -5 9 10 -3 12 -10 -2
right_child=1 8 -4 4 -6 6 -8 -9 11 -11 -12 -13 -14 -15
leaf_value=-0.080246757907424748 0.080216130560076968 -0.080523031594512892 0.080225426454646503 -1.1417225896401205e-05 0.0036987574878974746 -0.080606777873325403 0.08021443527809595 -0.016093352495326757 0.080218713342227868 0.080222383337016173 0.080270694203266629 0.080218713342227951 0.08131948715438013 0.080569401522966419
leaf_weight=2.5106526527088135 0.3224462829530238 0.019340781029313692 0.59730217698961485 0.77436997741460811 1.5394053794443607 0.02240148838609457 0.063951182644814253 1.223629258573055 0.38066328968852736 0.12439616024494171 0.04897148278541863 0.85105435480363667 0.1197219449095428 0.24823330924846232
leaf_count=819 120 3 214 5 10 3 24 8 140 45 15 313 13 41
internal_value=0.000285402 0.032197 0.0173426 0.00838784 -0.00395975 0.0748662 0.0384944 -0.00986043 0.0782927 0.0641018 0.0347463 0.0803162 0.0804821 0.0803698
internal_weight=8.84654 6.33589 4.79174 4.19444 3.5374 0.657032 0.0863527 1.998 1.54415 0.192708 0.0683123 1.35144 0.500385 0.57068
internal_count=1773 954 425 211 23 188 27 13 529 63 18 466 153 161
is_linear=0
shrinkage=0.08


Tree=65
num_leaves=15
num_cat=0
split_feature=6 11 1 2 6 10 1 1 13 1 1 10 6 2
split_gain=3.23646 0.655562 0.402519 0.475423 0.34898 0.299344 0.295097 0.345141 0.0814762 0.0231665 0.0123592 0.00639086 0.0131538 0.0516872
threshold=0.58335000000000015 1.0000000180025095e-35 11.500000000000002 1.0000000180025095e-35 1.2500000000000002 0.68500000000000016 12.500000000000002 16.500000000000004 1.0000000180025095e-35 17.500000000000004 13.500000000000002 1.0000000180025095e-35 0.70835000000000015 1.0000000180025095e-35
decision_type=2 2 2 2 2 2 2 2 2 2 2 2 2 2
left_child=-1 2 -2 4 5 6 -4 8 -8 -9 -10 12 13 -3
right_child=1 11 3 -5 -6 -7 7 9 10 -11 -12 -13 -14 -15
leaf_value=-0.080227725150451248 0.082907523524918605 -0.080482568740511809 -0.074323606806403333 0.081815783782907922 0.10157304536830389 0.080217944865114868 0.026595579394160102 -0.090708280202251426 -0.013827567611914868 -0.053663470905650275 0.0017243199277308871 0.080291895714224876 0.080205235182949391 0.080249817453796099
leaf_weight=2.3181518632918596 0.51730491081252683 0.01786240329965938 0.44618629943579557 0.49381207325495768 0.19789881771430362 0.2317428730893879 0.92878437531180735 0.17107569519430388 0.51159279653802514 0.29321641474962234 0.90659845899790525 1.2478986841160802 0.11485567898489535 0.045217659324407578
leaf_count=819 143 3 11 129 8 86 17 2 5 14 10 466 45 15
internal_value=0.000281444 0.0307568 0.0163374 0.00810071 -0.00177194 -0.00763342 -0.0138834 -0.00429068 0.0081768 -0.0673132 -0.00388581 0.0782694 0.0640856 0.0347352
internal_weight=8.4422 6.12405 4.69821 4.18091 3.6871 3.4892 3.25745 2.81127 2.34698 0.464292 1.41819 1.42583 0.177936 0.0630801
internal_count=1773 954 425 282 153 145 59 48 32 16 15 529 63 18
is_linear=0
shrinkage=0.08


Tree=66
num_leaves=15
num_cat=0
split_feature=6 11 1 2 6 10 10 13 1 10 6 2 4 10
split_gain=2.95253 0.630124 0.377467 0.439926 0.313835 0.271155 0.278753 0.0760731 0.0138299 0.00589547 0.0121426 0.047698 0.000707194 0.000167699
threshold=0.58335000000000015 1.0000000180025095e-35 11.500000000000002 1.0000000180025095e-35 1.2500000000000002 0.68500000000000016 0.67500000000000016 1.0000000180025095e-35 18.500000000000004 1.0000000180025095e-35 0.70835000000000015 1.0000000180025095e-35 1.5000000000000002 0.68500000000000016
decision_type=2 2 2 2 2 2 2 2 2 2 2 2 2 2
left_child=-1 2 12 4 5 6 8 -8 -4 10 11 -3 -2 -5
right_child=1 9 3 13 -6 -7 7 -9 -10 -11 -12 -13 -14 -15
leaf_value=-0.080210169557362238 0.08118208524942476 -0.08044524859196045 0.080483875508245664 0.083253501775266289 0.099575797977201716 0.08020114546272096 -0.031313138815724492 -0.0057694996930358075 0.039854464907356085 0.080269587480010188 0.080189421371654218 0.080230560408611568 0.088920832643255371 0.080186130311728318
leaf_weight=2.1403733545448631 0.38461050111800421 0.016496415715664514 0.17481033876538399 0.22266913019120682 0.18619708204641927 0.21396862948313344 1.6206057220697403 1.3829356878995895 0.077341415919363499 1.1522627926897255 0.1060452195815742 0.041750774485990405 0.094056735979393125 0.23389261914417148
leaf_count=819 141 3 34 28 8 86 9 7 9 466 45 15 2 101
internal_value=0.000291533 0.0294578 0.0154665 0.00764049 -0.0016062 -0.00703606 -0.0127694 -0.019552 0.0680218 0.0782481 0.0640707 0.0347249 0.0827027 0.0816821
internal_weight=8.04802 5.90764 4.59109 4.11242 3.65586 3.46966 3.25569 3.00354 0.252152 1.31656 0.164292 0.0582472 0.478667 0.456562
internal_count=1773 954 425 282 153 145 59 16 43 529 63 18 143 129
is_linear=0
shrinkage=0.08


Tree=67
num_leaves=15
num_cat=0
split_feature=6 11 1 2 6 10 1 1 13 1 1 10 6 2
split_gain=2.69392 0.604449 0.35356 0.406961 0.28275 0.245912 0.232964 0.306844 0.078578 0.0219368 0.0105891 0.00543876 0.0112092 0.0440178
threshold=0.58335000000000015 1.0000000180025095e-35 11.500000000000002 1.0000000180025095e-35 1.2500000000000002 0.68500000000000016 12.500000000000002 16.500000000000004 1.0000000180025095e-35 17.500000000000004 13.500000000000002 1.0000000180025095e-35 0.70835000000000015 1.0000000180025095e-35
decision_type=2 2 2 2 2 2 2 2 2 2 2 2 2 2
left_child=-1 2 -2 4 5 6 -4 8 -8 -9 -10 12 13 -3
right_child=1 11 3 -5 -6 -7 7 9 10 -11 -12 -13 -14 -15
leaf_value=-0.080193973247045774 0.082494749064249459 -0.080410830960246996 -0.064173834965374293 0.081553651869730126 0.097788913843445263 0.080185642538816077 0.026676601615199753 -0.087691519970686971 -0.012487094880611874 -0.050640356701067056 0.0019134868677158706 0.08024897237516751 0.080174822061771192 0.080212783764749468
leaf_weight=1.9761964513454584 0.44293246394954611 0.015234364196658023 0.46482207253575447 0.42209611507132638 0.17489328980445851 0.19755457597784687 0.92657780135050472 0.15950124524533738 0.51147511834278703 0.28502604784443974 0.90508073335513473 1.0639348241966216 0.097909178584814072 0.038549016928300261
leaf_count=819 143 3 11 129 8 86 17 2 5 14 10 466 45 15
internal_value=0.000304249 0.0281857 0.014637 0.00721022 -0.00144651 -0.00647707 -0.0117409 -0.00299813 0.00856245 -0.0639347 -0.00328612 0.0782284 0.064057 0.0347155
internal_weight=7.68178 5.70559 4.48996 4.04703 3.62493 3.45004 3.25248 2.78766 2.34313 0.444527 1.41656 1.21563 0.151693 0.0537834
internal_count=1773 954 425 282 153 145 59 48 32 16 15 529 63 18
is_linear=0
shrinkage=0.08


Tree=68
num_leaves=15
num_cat=0
split_feature=6 11 10 10 0 2 13 10 6 2 1 10 10 1
split_gain=2.45786 0.578947 0.343826 0.42344 0.0204667 0.0551453 0.0170357 0.00501765 0.0103475 0.0406225 2.82214e-06 1.32415e-06 6.64718e-06 7.94823e-07
threshold=0.58335000000000015 1.0000000180025095e-35 0.67500000000000016 0.68500000000000016 2.5000000000000004 1.0000000180025095e-35 1.0000000180025095e-35 1.0000000180025095e-35 0.70835000000000015 1.0000000180025095e-35 11.500000000000002 0.68500000000000016 0.67500000000000016 16.500000000000004
decision_type=2 2 2 2 2 2 2 2 2 2 2 2 2 2
left_child=-1 2 4 6 10 -6 -4 8 9 -3 -2 12 -9 -12
right_child=1 7 3 -5 5 -7 -8 11 -10 -11 13 -13 -14 -15
leaf_value=-0.080179030621464184 0.080155876940948917 -0.08037909022000965 -0.0088187781955886089 0.080163056801935681 -0.080524846313885554 0.080154649944085735 0.0025331019368151444 0.080158660466624704 0.080161349265965895 0.080196382516565579 0.080425356102932735 0.08015866046662487 0.080958574601608754 0.080727592485742128
leaf_weight=1.8245855255518106 0.23290690965950478 0.014068419113755004 1.9242128171026711 0.43254459265153844 0.019416149239987135 0.046190484892576933 1.5100134946405888 0.27654787059873343 0.090396133018657565 0.035592209547758102 0.13359421002678573 0.61828202498145401 0.087529367068782449 0.095492423512041569
leaf_count=819 120 3 13 214 3 24 10 140 45 15 30 313 13 11
internal_value=0.000310822 0.0269315 0.0138338 0.00556793 0.0744143 0.0326019 -0.00382741 0.0782103 0.0640443 0.0347068 0.080352 0.0802299 0.080351 0.0805513
internal_weight=7.34137 5.51679 4.39437 3.86677 0.5276 0.0656066 3.43423 1.12242 0.140057 0.0496606 0.461994 0.982359 0.364077 0.229087
internal_count=1773 954 425 237 188 27 23 529 63 18 161 466 153 41
is_linear=0
shrinkage=0.08


Tree=69
num_leaves=15
num_cat=0
split_feature=6 11 10 10 0 2 13 10 6 2 1 10 10 1
split_gain=2.23993 0.555494 0.323481 0.391346 0.0188826 0.0508918 0.0143728 0.00462929 0.00955197 0.0374899 2.21795e-06 1.04205e-06 5.22756e-06 6.24076e-07
threshold=0.58335000000000015 1.0000000180025095e-35 0.67500000000000016 0.68500000000000016 2.5000000000000004 1.0000000180025095e-35 1.0000000180025095e-35 1.0000000180025095e-35 0.70835000000000015 1.0000000180025095e-35 11.500000000000002 0.68500000000000016 0.67500000000000016 16.500000000000004
decision_type=2 2 2 2 2 2 2 2 2 2 2 2 2 2
left_child=-1 2 4 6 10 -6 -4 8 9 -3 -2 12 -9 -12
right_child=1 7 3 -5 5 -7 -8 11 -10 -11 13 -13 -14 -15
leaf_value=-0.080165230150970782 0.080143867234257857 -0.08034981460043629 -0.0080904335377465914 0.080150496733956522 -0.080484238860531257 0.0801427402981294 0.002331040893546387 0.080146433782056173 0.080148925463261647 0.080181253322631166 0.08039252217662099 0.080146433782056353 0.080884496991417087 0.080671186777102902
leaf_weight=1.6845829405356196 0.21503109019249667 0.01299132779240586 1.9294184222817425 0.39934901893138874 0.017932040616869926 0.0426452721003443 1.5096502378582954 0.25532322004437447 0.083458562730811536 0.032861699117347598 0.12337132217362523 0.57082977052778006 0.080870789010077715 0.08820975199341774
leaf_count=819 120 3 13 214 3 24 10 140 45 15 30 313 13 11
internal_value=0.00030495 0.0255866 0.012983 0.00518892 0.07439 0.0325941 -0.00351571 0.0781934 0.0640326 0.0346987 0.0803248 0.0802122 0.080324 0.0805087
internal_weight=7.04653 5.36194 4.32561 3.83842 0.487189 0.0605773 3.43907 1.03634 0.129312 0.045853 0.426612 0.907024 0.336194 0.211581
internal_count=1773 954 425 237 188 27 23 529 63 18 161 466 153 41
is_linear=0
shrinkage=0.08


Tree=70
num_leaves=15
num_cat=0
split_feature=6 11 1 2 6 10 1 1 1 13 1 1 1 10
split_gain=2.04163 0.531933 0.313478 0.353783 0.261603 0.193359 0.295839 0.414784 0.25638 0.110684 0.165334 0.0112759 0.00431259 0.00427117
threshold=0.58335000000000015 1.0000000180025095e-35 11.500000000000002 1.0000000180025095e-35 1.2500000000000002 0.67500000000000016 16.500000000000004 14.500000000000002 12.500000000000002 1.0000000180025095e-35 13.500000000000002 18.500000000000004 18.500000000000004 1.0000000180025095e-35
decision_type=2 2 2 2 2 2 2 2 2 2 2 2 2 2
left_child=-1 2 -2 4 5 11 7 8 -7 10 -10 -4 -8 -3
right_child=1 13 3 -5 -6 6 12 -9 9 -11 -12 -13 -14 -15
leaf_value=-0.080152501306358828 0.082544846006822742 0.064021781352836454 0.080401733016494711 0.081587381311388429 0.096697851628990292 -0.069215317960798106 -0.070931643122194771 0.086817280483593398 0.093706185750074555 -0.017221398922538596 0.0033084770495621463 0.040455932650829349 -0.088577924131701083 0.080195912732642136
leaf_weight=1.5553029491566119 0.369955206173472 0.11938916461076576 0.14208308432716998 0.35525115311611433 0.16339997411705542 0.4387509208172572 0.16396576538681973 0.29370277875568707 0.15962998592294764 1.2302976319333538 0.68574835825711489 0.066343453247100115 0.19292987883090973 0.83745201327838004
leaf_count=819 143 63 34 129 8 11 13 30 14 14 11 9 9 466
internal_value=0.000298561 0.0242741 0.0121726 0.00548349 -0.0021606 -0.006949 -0.011864 -0.0031445 -0.0136527 -0.00190798 0.020378 0.0676867 -0.0804708 0.0781778
internal_weight=6.7742 5.2189 4.26206 3.8921 3.53685 3.37345 3.16503 2.80813 2.51443 2.07568 0.845378 0.208427 0.356896 0.956841
internal_count=1773 954 425 282 153 145 102 80 50 39 25 43 22 529
is_linear=0
shrinkage=0.08


Tree=71
num_leaves=15
num_cat=0
split_feature=6 10 10 1 1 0 2 1 13 1 11 1 11 1
split_gain=1.86639 0.507733 0.545794 0.068239 0.0492257 0.0251561 0.0910081 0.0124445 0.0615553 1.18688e-06 7.20195e-07 3.44821e-07 2.34044e-07 1.30044e-07
threshold=0.58335000000000015 0.68500000000000016 0.67500000000000016 16.500000000000004 17.500000000000004 2.5000000000000004 1.0000000180025095e-35 12.500000000000002 1.0000000180025095e-35 16.500000000000004 1.0000000180025095e-35 11.500000000000002 1.0000000180025095e-35 12.500000000000002
decision_type=2 2 2 2 2 2 2 2 2 2 2 2 2 2
left_child=-1 2 5 7 -5 9 -7 -4 -9 11 -11 -2 13 -13
right_child=1 -3 3 4 -6 6 -8 8 -10 10 -12 12 -14 -15
leaf_value=-0.080140755254086343 0.080123684410487978 0.080128563695002417 -0.0062148491654597663 -0.065409330414256839 -0.011449651699313113 -0.080413680755431247 0.08013374050249901 0.022534684933263386 -0.0045852991349030585 0.080588372410709347 0.080127850342540802 0.080424773262494309 0.080126931559558121 0.080246806807611024
leaf_weight=1.4359274986200032 0.3636742194648831 0.83742566721048195 0.70641165366396386 0.16105876956135023 0.3296945602633059 0.030019294004887342 0.091395311523228884 0.87608435936272155 1.3783376356586814 0.077117378357797861 0.030262038577347994 0.051622065948322415 0.052179690566845238 0.053524552728049457
leaf_count=819 236 527 6 3 12 6 56 7 8 11 19 10 33 20
internal_value=0.000318776 0.0232476 0.01191 -0.00152906 -0.0291585 0.0737752 0.040439 0.00305048 0.00595372 0.0802164 0.0804586 0.0801665 0.0802654 0.0803342
internal_weight=6.47473 5.03881 4.20138 3.45159 0.490753 0.749795 0.121415 2.96083 2.25442 0.62838 0.107379 0.521001 0.157326 0.105147
internal_count=1773 954 427 36 15 391 62 21 15 329 30 299 63 30
is_linear=0
shrinkage=0.08


Tree=72
num_leaves=15
num_cat=0
split_feature=6 11 1 2 6 14 1 1 10 1 13 1 10 6
split_gain=1.70231 0.483989 0.285487 0.319038 0.239688 0.165625 0.150229 0.25584 0.150078 0.148224 0.0879154 0.159771 0.00469605 0.00935969
threshold=0.58335000000000015 1.0000000180025095e-35 11.500000000000002 1.0000000180025095e-35 1.2500000000000002 1.0000000180025095e-35 16.500000000000004 14.500000000000002 0.67500000000000016 12.500000000000002 1.0000000180025095e-35 13.500000000000002 1.0000000180025095e-35 0.70835000000000015
decision_type=2 2 2 2 2 2 2 2 2 2 2 2 2 2
left_child=-1 2 -2 4 5 6 7 9 -8 -4 11 -11 13 -3
right_child=1 12 3 -5 -6 -7 8 -9 -10 10 -12 -13 -14 -15
leaf_value=-0.08012991600912743 0.082490635300602411 0.030415806746244761 -0.050085260546008752 0.081552497286337788 0.095385948034601112 0.085152540972134788 0.046278986311830937 0.085759684847881282 -0.079210291140359962 0.091455068358295352 -0.01479108860377425 0.0020402869046215622 0.080182335593721524 0.080119003246654941
leaf_weight=1.3257001284509895 0.32647254294715811 0.038084758212789782 0.49088388017844664 0.31502911285497237 0.15279712318442751 0.11997070419602085 0.074781601317226776 0.18956830550450821 0.33080407208763063 0.15718208358157437 1.2374797239899635 0.68645480112172663 0.72120760148391128 0.066739650559611619
leaf_count=819 143 18 19 129 8 17 12 29 20 19 15 14 466 45
internal_value=0.000307902 0.0220374 0.0107349 0.00449617 -0.00256067 -0.00711357 -0.0106086 -0.00393137 -0.0560727 -0.010542 -0.00121474 0.0186996 0.0778827 0.0620609
internal_weight=6.23316 4.90746 4.08142 3.75495 3.43992 3.28713 3.16715 2.76157 0.405586 2.572 2.08112 0.843637 0.826032 0.104824
internal_count=1773 954 425 282 153 145 128 96 32 67 48 33 529 63
is_linear=0
shrinkage=0.08


Tree=73
num_leaves=15
num_cat=0
split_feature=6 10 10 1 1 0 2 1 13 1 11 1 1 1
split_gain=1.55635 0.46468 0.476737 0.0548691 0.0397597 0.0259656 0.0850547 0.0101012 0.0454605 8.89254e-07 6.48543e-07 2.50859e-07 5.66444e-08 1.09329e-07
threshold=0.58335000000000015 0.68500000000000016 0.67500000000000016 16.500000000000004 17.500000000000004 2.5000000000000004 1.0000000180025095e-35 12.500000000000002 1.0000000180025095e-35 11.500000000000002 1.0000000180025095e-35 18.500000000000004 12.500000000000002 16.500000000000004
decision_type=2 2 2 2 2 2 2 2 2 2 2 2 2 2
left_child=-1 2 5 7 -5 9 -7 -4 -9 -2 11 12 -11 -14
right_child=1 -3 3 4 -6 6 -8 8 -10 10 -12 -13 13 -15
leaf_value=-0.080119910691743193 0.080105246518851536 0.08011208079804559 -0.005991460524934808 -0.061530881647072912 -0.011125981378281751 -0.080398038892997223 0.080116387785455004 0.019518222210279317 -0.0040160266215303834 0.080407414627529289 0.080108426023107263 0.080567663664154562 0.080224359352108796 0.080429352574170498
leaf_weight=1.2239220613846553 0.30959212803281833 0.72278866986744095 0.69845121866092164 0.14777675457298745 0.31080580572597682 0.028829010901972651 0.079087667050771415 0.85387898213230085 1.3651483291760087 0.049060330027714372 0.070266197202727199 0.041950162500143051 0.047451761085540056 0.025652072858065367
leaf_count=819 236 527 6 3 12 6 56 7 8 10 52 6 20 5
internal_value=0.000323635 0.0210481 0.0104495 -0.00164448 -0.0273688 0.0730828 0.0372363 0.00239898 0.00503992 0.0801942 0.0803118 0.0803989 0.0803409 0.0802963
internal_weight=5.97466 4.75074 4.02795 3.37606 0.458583 0.651889 0.107917 2.91748 2.21903 0.543973 0.234381 0.164114 0.122164 0.0731038
internal_count=1773 954 427 36 15 391 62 21 15 329 93 41 35 25
is_linear=0
shrinkage=0.08


Tree=74
num_leaves=15
num_cat=0
split_feature=6 10 10 1 1 0 2 1 13 1 11 1 1 1
split_gain=1.42018 0.441282 0.443856 0.0468264 0.0367974 0.0239641 0.0784999 0.00856321 0.0388455 6.99088e-07 5.0976e-07 1.97057e-07 4.44979e-08 8.59162e-08
threshold=0.58335000000000015 0.68500000000000016 0.67500000000000016 16.500000000000004 18.500000000000004 2.5000000000000004 1.0000000180025095e-35 12.500000000000002 1.0000000180025095e-35 11.500000000000002 1.0000000180025095e-35 18.500000000000004 12.500000000000002 16.500000000000004
decision_type=2 2 2 2 2 2 2 2 2 2 2 2 2 2
left_child=-1 2 5 7 -5 9 -7 -4 -9 -2 11 12 -11 -14
right_child=1 -3 3 4 -6 6 -8 8 -10 10 -12 -13 13 -15
leaf_value=-0.080110678611059638 0.080097143516746738 0.080103455559347683 -0.0054948994221243053 -0.0033257039553946694 -0.048825755637108607 -0.080367295618646958 0.080107427996964672 0.018117192304131648 -0.0036946574237544335 0.080375936001066517 0.080100076925029171 0.08052372304906491 0.080207076571405342 0.080396184832915718
leaf_weight=1.1299474361585451 0.28581728693097863 0.66728696890640993 0.70055190054699856 0.23478210647590447 0.22067818534560502 0.026622298872098327 0.073014953290112317 0.84662965335883211 1.3651794418692589 0.045305408537387848 0.064870359958149493 0.038745155092328787 0.04381255351472646 0.023689221125096083
leaf_count=819 236 527 6 6 9 6 56 7 8 10 52 6 20 5
internal_value=0.000312034 0.0199096 0.00979126 -0.00151741 -0.0253712 0.0730692 0.0372298 0.00221306 0.00465442 0.0801793 0.0802877 0.0803681 0.0803146 0.0802734
internal_weight=5.76693 4.63699 3.9697 3.36782 0.45546 0.601877 0.0996373 2.91236 2.21181 0.50224 0.216423 0.151552 0.112807 0.0675018
internal_count=1773 954 427 36 15 391 62 21 15 329 93 41 35 25
is_linear=0
shrinkage=0.08


Tree=75
num_leaves=15
num_cat=0
split_feature=6 11 1 2 6 14 1 1 1 10 13 1 10 6
split_gain=1.29621 0.421806 0.253709 0.282293 0.222358 0.1479 0.132698 0.2296 0.120464 0.117145 0.0584511 0.151893 0.0044904 0.00834893
threshold=0.58335000000000015 1.0000000180025095e-35 11.500000000000002 1.0000000180025095e-35 1.2500000000000002 1.0000000180025095e-35 16.500000000000004 14.500000000000002 12.500000000000002 0.67500000000000016 1.0000000180025095e-35 13.500000000000002 1.0000000180025095e-35 0.70835000000000015
decision_type=2 2 2 2 2 2 2 2 2 2 2 2 2 2
left_child=-1 2 -2 4 5 6 7 8 -4 -8 11 -10 13 -3
right_child=1 12 3 -5 -6 -7 9 -9 10 -11 -12 -13 -14 -15
leaf_value=-0.080102160640514675 0.082558247846933344 0.028307075113794537 -0.046338948092224684 0.081594070571805344 0.09432741273416459 0.085019871897069402 0.043680832655008377 0.085389409779023956 0.090349556235294323 -0.076896833031524225 -0.013328790738037031 -0.0014070987736271199 0.080172764582948211 0.080093579514037658
leaf_weight=1.0431793984025715 0.2762927201110873 0.032104226294904836 0.49439358268864708 0.27048319380264718 0.14261729014106084 0.10623899253550906 0.062178620137274154 0.16903179942164559 0.13931931217666726 0.30214488937053829 1.2312137095723301 0.67429306358098984 0.5803198633948341 0.052515401039272547
leaf_count=819 143 18 19 129 8 17 12 29 19 20 15 14 466 45
internal_value=0.000301092 0.0188037 0.00868597 0.00300366 -0.00339641 -0.00778078 -0.0109895 -0.00489175 -0.0109016 -0.056318 -0.00233367 0.0143049 0.0776624 0.0604461
internal_weight=5.57633 4.53315 3.86821 3.59191 3.32143 3.17881 3.07257 2.70825 2.53922 0.364324 2.04483 0.813612 0.664939 0.0846196
internal_count=1773 954 425 282 153 145 128 96 67 32 48 33 529 63
is_linear=0
shrinkage=0.08


Tree=76
num_leaves=15
num_cat=0
split_feature=6 10 10 0 2 1 1 1 1 1 11 1 1 1
split_gain=1.18597 0.400999 0.386407 0.0245634 0.0731174 0.0203811 0.258085 0.0356583 0.01215 5.45326e-07 3.83085e-07 1.10315e-07 5.27552e-08 5.3534e-08
threshold=0.58335000000000015 0.68500000000000016 0.67500000000000016 2.5000000000000004 1.0000000180025095e-35 14.500000000000002 16.500000000000004 17.500000000000004 13.500000000000002 11.500000000000002 1.0000000180025095e-35 18.500000000000004 12.500000000000002 16.500000000000004
decision_type=2 2 2 2 2 2 2 2 2 2 2 2 2 2
left_child=-1 2 3 9 -5 8 -7 -8 -4 -2 11 12 -11 -14
right_child=1 -3 5 4 -6 6 7 -9 -10 10 -12 -13 13 -15
leaf_value=-0.08009429606239088 0.080082661942579791 0.080090922336322895 0.0008977687349638983 -0.080352615372400571 0.080093766810095918 0.086093381373678057 -0.05776439443939263 -0.008074661202066985 -0.0098969383822938312 0.080360995562273385 0.080085260480639089 0.080459602275024522 0.080189464779911845 0.08034841871612125
leaf_weight=0.96306666824966658 0.2432891791686419 0.57687764160800714 1.2986154048703615 0.025507723446935415 0.063257398433052003 0.20106342248618592 0.13541030790656805 0.29118929407559335 1.3727129106409848 0.043020201846957207 0.055286889430135489 0.034044575411826372 0.038945564883761108 0.020803784020245075
leaf_count=819 236 527 9 6 56 5 3 12 7 10 52 6 20 5
internal_value=0.000317457 0.0179178 0.00853643 0.0723426 0.0339876 -0.00160131 0.0113709 -0.0238471 -0.0046493 0.0801622 0.080263 0.0803348 0.0802934 0.0802448
internal_weight=5.36309 4.40002 3.82315 0.524155 0.0887651 3.29899 0.627663 0.4266 2.67133 0.43539 0.192101 0.136814 0.10277 0.0597493
internal_count=1773 954 427 391 62 36 20 15 16 329 93 41 35 25
is_linear=0
shrinkage=0.08


Tree=77
num_leaves=15
num_cat=0
split_feature=6 11 6 2 10 1 1 1 0 13 10 6 2 1
split_gain=1.0838 0.379359 0.229779 0.250436 0.231139 0.201327 0.270648 0.069969 0.0521639 0.04782 0.00461373 0.00800977 0.0262986 0.00405719
threshold=0.58335000000000015 1.0000000180025095e-35 1.2500000000000002 1.0000000180025095e-35 0.67500000000000016 16.500000000000004 14.500000000000002 12.500000000000002 2.5000000000000004 1.0000000180025095e-35 1.0000000180025095e-35 0.70835000000000015 1.0000000180025095e-35 18.500000000000004
decision_type=2 2 2 2 2 2 2 2 2 2 2 2 2 2
left_child=-1 2 3 4 8 6 7 -6 -2 -9 11 12 -3 -7
right_child=1 10 -4 -5 5 13 -8 9 -10 -11 -12 -13 -14 -15
leaf_value=-0.080087033312547198 0.08020063141290884 -0.080264612067680374 0.090582891733116538 0.081545831723570161 -0.035436761738017346 -0.06216225603012835 0.084985710459254765 0.012567755921688182 -0.080369067316068965 -0.012707307689078594 0.080166432873240615 0.080079727102415246 0.080107403566215207 -0.081378467401390861
leaf_weight=0.88909991725813586 0.23424164461903396 0.0098479879088698707 0.20198828319553275 0.24105076980777074 0.53005820908583823 0.12531210936140258 0.20968085556523863 0.79010567901423212 0.013706265017390251 1.2169935918645933 0.50107943563489243 0.044758141739293933 0.019507004879415035 0.16023255826439708
leaf_count=819 157 3 13 129 32 13 30 25 3 14 466 45 15 9
internal_value=0.000314449 0.0169444 0.00760345 0.0028437 -0.00293962 -0.00901195 -0.00236582 -0.0095849 0.0713245 -0.00275764 0.0774109 0.0587808 0.0263059 -0.0729454
internal_weight=5.18766 4.29856 3.72337 3.52138 3.28033 3.03238 2.74684 2.53716 0.247948 2.0071 0.575193 0.0741131 0.029355 0.285545
internal_count=1773 954 425 412 283 123 101 71 160 39 529 63 18 22
is_linear=0
shrinkage=0.08


Tree=78
num_leaves=15
num_cat=0
split_feature=6 10 10 0 2 1 1 1 1 1 11 1 1 1
split_gain=0.991923 0.365529 0.335216 0.0209346 0.0622754 0.0147271 0.219167 0.0295867 0.0110271 3.3728e-07 2.36843e-07 6.81741e-08 3.25963e-08 3.30944e-08
threshold=0.58335000000000015 0.68500000000000016 0.67500000000000016 2.5000000000000004 1.0000000180025095e-35 14.500000000000002 16.500000000000004 17.500000000000004 13.500000000000002 11.500000000000002 1.0000000180025095e-35 18.500000000000004 12.500000000000002 16.500000000000004
decision_type=2 2 2 2 2 2 2 2 2 2 2 2 2 2
left_child=-1 2 3 9 -5 8 -7 -8 -4 -2 11 12 -11 -14
right_child=1 -3 5 4 -6 6 7 -9 -10 10 -12 -13 13 -15
leaf_value=-0.080080335438789271 0.080070412703858992 0.080081069225870383 0.0011794684288785578 -0.080300282871503731 0.080079854514980037 0.0851369951873054 -0.054819633693604333 -0.0078699043822427466 -0.0091290901675130671 0.080307462287979539 0.080072640364765385 0.080391385168710333 0.080161406366535598 0.080296753530856704
leaf_weight=0.820808526710607 0.20729953720001537 0.50290693022543553 1.2909093718044464 0.021749840117990971 0.053881982865277678 0.17328954627737392 0.1253006923943758 0.27321157045662403 1.3677821988239884 0.036669319146312773 0.047117839218117297 0.029040947090834379 0.033197512850165367 0.017740895505994558
leaf_count=819 236 527 9 6 56 5 3 12 7 10 52 6 20 5
internal_value=0.000323513 0.0161117 0.007363 0.0723194 0.0339585 -0.00161887 0.0100284 -0.0226319 -0.00412384 0.0801382 0.080224 0.0802852 0.0802499 0.0802085
internal_weight=5.00091 4.1801 3.67719 0.446698 0.0756318 3.23049 0.571802 0.398512 2.65869 0.371066 0.163767 0.116649 0.0876077 0.0509384
internal_count=1773 954 427 391 62 36 20 15 16 329 93 41 35 25
is_linear=0
shrinkage=0.08


Tree=79
num_leaves=15
num_cat=0
split_feature=6 10 10 0 2 1 1 1 1 1 11 1 1 1
split_gain=0.906922 0.344329 0.311018 0.0193224 0.0574789 0.0127929 0.199525 0.0323457 0.0093269 2.65212e-07 1.86206e-07 5.35763e-08 2.56224e-08 2.6017e-08
threshold=0.58335000000000015 0.68500000000000016 0.67500000000000016 2.5000000000000004 1.0000000180025095e-35 14.500000000000002 16.500000000000004 18.500000000000004 13.500000000000002 11.500000000000002 1.0000000180025095e-35 18.500000000000004 12.500000000000002 16.500000000000004
decision_type=2 2 2 2 2 2 2 2 2 2 2 2 2 2
left_child=-1 2 3 9 -5 8 -7 -8 -4 -2 11 12 -11 -14
right_child=1 -3 5 4 -6 6 7 -9 -10 10 -12 -13 13 -15
leaf_value=-0.080074155649986406 0.080064993824284891 0.080074830683776702 0.0010855590879712419 -0.080277114392551904 0.080073709340470367 0.084718580972976326 0.001440672114368699 -0.044294502706575312 -0.0083950369153470965 0.080283743914770431 0.080067051314950941 0.080361158497073246 0.080148976634826688 0.080273865174928738
leaf_weight=0.75775787030579511 0.19137402315391261 0.46427630283869792 1.2903987681493168 0.020083192037418485 0.049743001640308648 0.16072431346401561 0.20199992205016315 0.19403322553262115 1.3683631955645978 0.033859643503092229 0.04349816165631637 0.026817848905920982 0.030649725580587983 0.016381391324102879
leaf_count=819 236 527 9 6 56 5 6 9 7 10 52 6 20 5
internal_value=0.000319006 0.0152055 0.00690398 0.0723098 0.0339541 -0.00148465 0.0095423 -0.0209669 -0.00379374 0.0801276 0.0802067 0.0802632 0.0802307 0.0801925
internal_weight=4.84996 4.0922 3.62793 0.412407 0.0698262 3.21552 0.556757 0.396033 2.65876 0.342581 0.151207 0.107709 0.0808908 0.0470311
internal_count=1773 954 427 391 62 36 20 15 16 329 93 41 35 25
is_linear=0
shrinkage=0.08


Tree=80
num_leaves=15
num_cat=0
split_feature=6 11 6 2 10 1 1 1 13 0 10 6 2 1
split_gain=0.829414 0.326615 0.215276 0.223457 0.183598 0.175427 0.208884 0.0653385 0.0413659 0.041012 0.00364823 0.00630003 0.0206767 0.00321539
threshold=0.58335000000000015 1.0000000180025095e-35 1.2500000000000002 1.0000000180025095e-35 0.67500000000000016 16.500000000000004 14.500000000000002 12.500000000000002 1.0000000180025095e-35 2.5000000000000004 1.0000000180025095e-35 0.70835000000000015 1.0000000180025095e-35 18.500000000000004
decision_type=2 2 2 2 2 2 2 2 2 2 2 2 2 2
left_child=-1 2 3 4 9 6 7 -6 -9 -2 11 12 -3 -7
right_child=1 10 -4 -5 5 13 -8 8 -10 -11 -12 -13 -14 -15
leaf_value=-0.080068452411780733 0.080157768811347577 -0.080207975833307604 0.08974891533762229 0.081557528057791179 -0.033397884374724136 -0.061379958529629922 0.083873917559054725 0.012432520707297093 -0.011133046239143789 -0.08029004661468872 0.080166417462718159 0.080062702060534618 0.080084463482585827 -0.079270086199349998
leaf_weight=0.69954650150611986 0.1843558573164058 0.0077511162962763383 0.186463348858524 0.20894290739670385 0.53219135897234182 0.11442409688606847 0.16705456789350126 0.78647217137040559 1.2104339441284537 0.010792743414640427 0.40536189649719745 0.035215238807722926 0.015349539113231003 0.14676618564408273
leaf_count=819 157 3 13 129 32 13 30 25 14 3 466 45 15 9
internal_value=0.000314257 0.0143316 0.00607929 0.00143803 -0.00387219 -0.00883159 -0.0027671 -0.00849001 -0.00185186 0.0712842 0.0774749 0.0587659 0.0263005 -0.0714327
internal_weight=4.71112 4.01157 3.5479 3.36143 3.15249 2.95734 2.69615 2.5291 1.99691 0.195149 0.463678 0.0583159 0.0231007 0.26119
internal_count=1773 954 425 412 283 123 101 71 39 160 529 63 18 22
is_linear=0
shrinkage=0.08


Tree=81
num_leaves=15
num_cat=0
split_feature=6 10 10 0 2 13 1 1 1 1 11 1 1 1
split_gain=0.759671 0.312474 0.268993 0.0164691 0.0489591 0.00708731 0.0182259 0.0952493 0.000490035 1.64049e-07 1.15147e-07 3.31174e-08 1.58377e-08 1.60864e-08
threshold=0.58335000000000015 0.68500000000000016 0.67500000000000016 2.5000000000000004 1.0000000180025095e-35 1.0000000180025095e-35 15.500000000000002 18.500000000000004 13.500000000000002 11.500000000000002 1.0000000180025095e-35 18.500000000000004 12.500000000000002 16.500000000000004
decision_type=2 2 2 2 2 2 2 2 2 2 2 2 2 2
left_child=-1 2 3 9 -5 6 -4 -8 -7 -2 11 12 -11 -14
right_child=1 -3 5 4 -6 8 7 -9 -10 10 -12 -13 13 -15
leaf_value=-0.080063182495631699 0.080055366045991672 0.080067453103262382 -0.0006884012406391534 -0.080236016731916757 0.080062776091696236 0.00089536015157321101 0.012316602535733655 -0.071018147882005667 0.003953771480777162 0.080241698953701757 0.080057126925870636 0.080307596903463771 0.080126923653929469 0.080233280758030698
leaf_weight=0.64580357924569387 0.16306180454557839 0.4056276874616741 1.3856251549441365 0.017122177639976144 0.042368468886706978 0.5545312687754631 0.22126180247869354 0.1455024320166558 0.84803119860589504 0.028857561410404742 0.037069546058773994 0.022871284279972315 0.026124343043193221 0.013967397855594754
leaf_count=819 236 527 9 6 56 3 8 7 9 10 52 6 20 5
internal_value=0.000321674 0.0135917 0.00590169 0.0722912 0.0339267 -0.0014937 -0.00488589 -0.0207439 0.00274457 0.0801087 0.0801761 0.0802242 0.0801965 0.080164
internal_weight=4.55783 3.91202 3.50639 0.351443 0.0594906 3.15495 1.75239 0.366764 1.40256 0.291952 0.12889 0.0918206 0.0689493 0.0400917
internal_count=1773 954 427 391 62 36 24 15 12 329 93 41 35 25
is_linear=0
shrinkage=0.08


end of trees

feature_importances:
Column_1=375
Column_10=221
Column_6=137
Column_2=102
Column_0=99
Column_11=74
Column_13=69
Column_3=8
Column_4=7
Column_14=3
Column_12=2
Column_9=1

parameters:
[boosting: gbdt]
[objective: binary]
[metric: binary_logloss]
[tree_learner: serial]
[device_type: cpu]
[data_sample_strategy: bagging]
[data: ]
[valid: ]
[num_iterations: 150]
[learning_rate: 0.08]
[num_leaves: 15]
[num_threads: 0]
[seed: 0]
[deterministic: 0]
[force_col_wise: 0]
[force_row_wise: 0]
[histogram_pool_size: -1]
[max_depth: -1]
[min_data_in_leaf: 5]
[min_sum_hessian_in_leaf: 0.001]
[bagging_fraction: 1]
[pos_bagging_fraction: 1]
[neg_bagging_fraction: 1]
[bagging_freq: 0]
[bagging_seed: 3]
[bagging_by_query: 0]
[feature_fraction: 1]
[feature_fraction_bynode: 1]
[feature_fraction_seed: 2]
[extra_trees: 0]
[extra_seed: 6]
[early_stopping_round: 0]
[early_stopping_min_delta: 0]
[first_metric_only: 0]
[max_delta_step: 0]
[lambda_l1: 0]
[lambda_l2: 0]
[linear_lambda: 0]
[min_gain_to_split: 0]
[drop_rate: 0.1]
[max_drop: 50]
[skip_drop: 0.5]
[xgboost_dart_mode: 0]
[uniform_drop: 0]
[drop_seed: 4]
[top_rate: 0.2]
[other_rate: 0.1]
[min_data_per_group: 100]
[max_cat_threshold: 32]
[cat_l2: 10]
[cat_smooth: 10]
[max_cat_to_onehot: 4]
[top_k: 20]
[monotone_constraints: ]
[monotone_constraints_method: basic]
[monotone_penalty: 0]
[feature_contri: ]
[forcedsplits_filename: ]
[refit_decay_rate: 0.9]
[cegb_tradeoff: 1]
[cegb_penalty_split: 0]
[cegb_penalty_feature_lazy: ]
[cegb_penalty_feature_coupled: ]
[path_smooth: 0]
[interaction_constraints: ]
[verbosity: -1]
[saved_feature_importance_type: 0]
[use_quantized_grad: 0]
[num_grad_quant_bins: 4]
[quant_train_renew_leaf: 0]
[stochastic_rounding: 1]
[linear_tree: 0]
[max_bin: 255]
[max_bin_by_feature: ]
[min_data_in_bin: 3]
[bin_construct_sample_cnt: 200000]
[data_random_seed: 1]
[is_enable_sparse: 1]
[enable_bundle: 1]
[use_missing: 1]
[zero_as_missing: 0]
[feature_pre_filter: 0]
[pre_partition: 0]
[two_round: 0]
[header: 0]
[label_column: ]
[weight_column: ]
[group_column: ]
[ignore_column: ]
[categorical_feature: ]
[forcedbins_filename: ]
[precise_float_parser: 0]
[parser_config_file: ]
[objective_seed: 5]
[num_class: 1]
[is_unbalance: 0]
[scale_pos_weight: 1]
[sigmoid: 1]
[boost_from_average: 1]
[reg_sqrt: 0]
[alpha: 0.9]
[fair_c: 1]
[poisson_max_delta_step: 0.7]
[tweedie_variance_power: 1.5]
[lambdarank_truncation_level: 30]
[lambdarank_norm: 1]
[label_gain: ]
[lambdarank_position_bias_regularization: 0]
[eval_at: ]
[multi_error_top_k: 1]
[auc_mu_weights: ]
[num_machines: 1]
[local_listen_port: 12400]
[time_out: 120]
[machine_list_filename: ]
[machines: ]
[gpu_platform_id: -1]
[gpu_device_id: -1]
[gpu_device_id_list: ]
[gpu_use_dp: 0]
[num_gpu: 1]

end of parameters

pandas_categorical:null
