tree
version=v4
num_class=1
num_tree_per_iteration=1
label_index=0
max_feature_idx=15
objective=binary sigmoid:1
feature_names=Column_0 Column_1 Column_2 Column_3 Column_4 Column_5 Column_6 Column_7 Column_8 Column_9 Column_10 Column_11 Column_12 Column_13 Column_14 Column_15
feature_infos=[1:5] [2:31] [0:1] [0:1] [0:2] [0:2] [0:2] [0.66669999999999996:1] [0:1] [0:0.90000000000000002] [0:0.84999999999999998] [0:0.5] [1:3] [0:1] [0:1] [0:1]
tree_sizes=1493 1709 1707 1700 1689 1500 1478 1693 1692 1701 1705 1715 1720 1614 1622 1633 1389 1725 1723 1619 1616 1618 1499 1517 1618 1628 1742 1735 1736 1730 1414 1618 1512 1733 1626 1737 1739 1738 1628 1413 1411 1307 1624 1740 1634 1628 1639 1746 1637 1639 1421 1208 1310 1528 1529 1424 1745 1742 1741 1754 1742 1765 1762 1754 1766 1755 1772 1754 1749 1749 1777 1764 1778 1748 1784 1761 1778 1771 1788 1765 1780 1771 1781 1772 1786 1781 1771 1782 1781 1782 1782 1779 1768 1781 1790 1786 1784 1791 1788 1794 1788 1785

Tree=0
num_leaves=13
num_cat=0
split_feature=6 10 10 11 14 6 2 1 1 0 1 0
split_gain=1926.93 1.10155 8.99923 4.5836 5.68016 2.34215 21.379 1.56977 0.00954421 1.13687e-13 1.13687e-13 5.68434e-14
threshold=0.58335000000000015 0.68500000000000016 0.67500000000000016 1.0000000180025095e-35 1.0000000180025095e-35 0.83335000000000015 1.0000000180025095e-35 15.500000000000002 13.500000000000002 2.5000000000000004 20.500000000000004 2.5000000000000004
decision_type=2 2 2 2 2 2 2 2 2 2 2 2
left_child=9 2 5 4 7 6 -2 8 -4 -1 -3 -7
right_child=1 10 3 -5 -6 11 -8 -9 -10 -11 -12 -13
leaf_value=-0.24545814343585826 -0.24545814343585842 0.0752272585488553 -0.062209342301736206 0.075227258548855272 0.075227258548855216 0.0752272585488553 0.0752272585488553 -0.1538337428687972 -0.053046902245030142 -0.24545814343585826 0.0752272585488553 0.0752272585488553
leaf_weight=245.97315472364426 1.4967940449714632 104.2766517996788 1.7462597191333755 2.7441224157810211 1.7462597191333769 94.298024833202362 11.974352359771729 1.7462597191333769 1.2473283708095548 9.7291612923145276 18.210994213819504 1.2473283708095539
leaf_count=986 6 418 7 11 7 378 48 7 5 39 73 5
internal_value=-0.0925283 0.0699102 0.0644024 -0.0114445 -0.0481133 0.0708243 0.0395955 -0.0935545 -0.0583917 -0.245458 0.0752273 0.0752273
internal_weight=496.437 240.734 118.247 9.23023 6.48611 109.016 13.4711 4.73985 2.99359 255.702 122.488 95.5454
internal_count=1990 965 474 37 26 437 54 19 12 1025 491 383
is_linear=0
shrinkage=1


Tree=1
num_leaves=15
num_cat=0
split_feature=6 10 10 11 14 6 2 1 1 1 0 10 10 1
split_gain=1641.22 0.925538 7.60041 3.87218 4.80158 1.95696 18.1045 1.33154 0.00804981 2.27374e-13 5.68434e-14 5.68434e-14 2.84217e-14 7.10543e-15
threshold=0.58335000000000015 0.68500000000000016 0.67500000000000016 1.0000000180025095e-35 1.0000000180025095e-35 0.83335000000000015 1.0000000180025095e-35 15.500000000000002 13.500000000000002 4.5000000000000009 2.5000000000000004 0.75500000000000012 0.7350000000000001 21.500000000000004
decision_type=2 2 2 2 2 2 2 2 2 2 2 2 2 2
left_child=9 2 5 4 7 6 -2 8 -4 -1 -7 12 -3 -8
right_child=1 11 3 -5 -6 10 13 -9 -10 -11 -12 -13 -14 -15
leaf_value=-0.14258767774748599 -0.14258767774748615 0.15420261148982464 0.027859227373814643 0.15420261148982459 0.15420261148982456 0.15420261148982464 0.15420261148982464 -0.056622615857926231 0.036268261950387258 -0.14258767774748599 0.15420261148982464 0.15420261148982464 0.15420261148982464 0.15420261148982453
leaf_weight=6.4030692279338828 1.4776313602924318 36.198761910200119 1.7483079135417923 2.7461129724979401 1.7475264370441435 94.366427600383759 9.2369254529476148 1.7396873682737348 1.2491210550069807 246.02562148869038 1.2482331693172444 72.896817088127136 13.480918228626249 2.746112972497941
leaf_count=26 6 145 7 11 7 378 37 7 5 999 5 292 54 11
internal_value=-4.46278e-05 0.149331 0.144283 0.0745806 0.0408623 0.150182 0.121623 -0.000949036 0.0313635 -0.142588 0.154203 0.154203 0.154203 0.154203
internal_weight=493.311 240.883 118.306 9.23076 6.48464 109.075 13.4607 4.73712 2.99743 252.429 95.6147 122.576 49.6797 11.983
internal_count=1990 965 474 37 26 437 54 19 12 1025 383 491 199 48
is_linear=0
shrinkage=0.08


Tree=2
num_leaves=15
num_cat=0
split_feature=6 10 10 11 14 6 2 1 1 1 10 10 10 1
split_gain=1414.61 0.800025 6.61805 3.34436 4.1265 1.6618 15.5365 1.13085 0.00681049 1.13687e-13 1.13687e-13 5.68434e-14 7.10543e-15 1.77636e-15
threshold=0.58335000000000015 0.68500000000000016 0.67500000000000016 1.0000000180025095e-35 1.0000000180025095e-35 0.83335000000000015 1.0000000180025095e-35 15.500000000000002 13.500000000000002 21.500000000000004 0.83500000000000008 1.0000000180025095e-35 0.66500000000000015 17.500000000000004
decision_type=2 2 2 2 2 2 2 2 2 2 2 2 2 2
left_child=9 2 5 4 7 6 -2 8 -4 -1 -3 -7 -8 -5
right_child=1 10 3 13 -6 11 12 -9 -10 -11 -12 -13 -14 -15
leaf_value=-0.13427050710103819 -0.13427050710103836 0.14359893513602404 0.025612438000973653 0.14359893513602393 0.14359893513602398 0.14359893513602404 0.14359893513602404 -0.052372458337901773 0.03334460568304725 -0.13427050710103819 0.14359893513602404 0.14359893513602404 0.14359893513602384 0.14359893513602395
leaf_weight=242.26494055986404 1.4449201226234407 109.30527801811695 1.7494838833808883 1.4804326593875887 1.7271714359521864 14.557587817311285 10.609767392277716 1.7307644337415693 1.2499120086431501 4.5755803883075705 11.843461275100706 79.943363606929779 1.2336938828229911 1.2336938828229902
leaf_count=1006 6 443 7 6 7 59 43 7 5 19 48 324 5 5
internal_value=-7.42964e-05 0.139043 0.134323 0.0690847 0.0377651 0.139874 0.113385 -0.000879044 0.0288346 -0.134271 0.143599 0.143599 0.143599 0.143599
internal_weight=484.95 238.11 116.961 9.17146 6.45733 107.789 13.2884 4.73016 2.9994 246.841 121.149 94.501 11.8435 2.71413
internal_count=1990 965 474 37 26 437 54 19 12 1025 491 383 48 11
is_linear=0
shrinkage=0.08


Tree=3
num_leaves=15
num_cat=0
split_feature=6 10 10 11 14 6 2 1 1 0 0 1 4 10
split_gain=1230.82 0.707143 5.90167 2.93861 3.59227 1.42884 13.472 0.961292 0.00577588 1.13687e-13 5.68434e-14 7.10543e-15 3.55271e-15 3.55271e-15
threshold=0.58335000000000015 0.68500000000000016 0.67500000000000016 1.0000000180025095e-35 1.0000000180025095e-35 0.83335000000000015 1.0000000180025095e-35 15.500000000000002 13.500000000000002 2.5000000000000004 2.5000000000000004 23.500000000000004 1.0000000180025095e-35 0.52500000000000013
decision_type=2 2 2 2 2 2 2 2 2 2 2 2 2 2
left_child=9 2 5 4 7 6 -2 8 -4 -1 -3 13 -11 -8
right_child=1 10 3 -5 -6 -7 11 -9 -10 12 -12 -13 -14 -15
leaf_value=-0.12745160009505813 -0.12745160009505827 0.1350916285397841 0.02355659729053235 0.13509162853978407 0.13509162853978404 0.1350916285397841 0.13509162853978413 -0.048493248613097367 0.030676859680741561 -0.12745160009505813 0.1350916285397841 0.13509162853978393 -0.12745160009505807 0.13509162853978407
leaf_weight=230.42372587323189 1.4021727740764589 76.314279437065125 1.7499666213989242 2.6565097272396088 1.690506190061569 92.494838684797287 7.003525644540785 1.7201225012540815 1.2499142438173292 6.5434729456901533 42.26265475153923 1.44900530576706 2.5706500858068466 3.1395114958286285
leaf_count=986 6 316 7 11 7 383 29 7 5 28 175 6 11 13
internal_value=-9.47298e-05 0.130761 0.126278 0.0643428 0.0350246 0.131602 0.106761 -0.000815174 0.0265233 -0.127452 0.135092 0.135092 -0.127452 0.135092
internal_weight=472.671 233.133 114.556 9.06702 6.41051 105.489 12.9942 4.72 2.99988 239.538 118.577 11.592 9.11412 10.143
internal_count=1990 965 474 37 26 437 54 19 12 1025 491 48 39 42
is_linear=0
shrinkage=0.08


Tree=4
num_leaves=15
num_cat=0
split_feature=6 10 10 6 11 14 1 6 2 1 1 1 1 10
split_gain=1079.08 0.636484 5.36394 2.63251 2.25113 3.75266 3.60088 1.24074 11.7798 0.00490747 1.13687e-13 5.68434e-14 2.84217e-14 3.55271e-15
threshold=0.58335000000000015 0.68500000000000016 0.67500000000000016 0.83335000000000015 1.0000000180025095e-35 1.0000000180025095e-35 15.500000000000002 0.83335000000000015 1.0000000180025095e-35 13.500000000000002 23.500000000000004 26.500000000000004 20.500000000000004 0.66500000000000015
decision_type=2 2 2 2 2 2 2 2 2 2 2 2 2 2
left_child=10 2 7 -4 5 6 9 8 -2 -5 -1 -3 -9 -10
right_child=1 11 3 4 -6 -7 -8 12 13 -11 -12 -13 -14 -15
leaf_value=-0.12177335641110767 -0.12177335641110784 0.12813002700127973 0.14386167905376376 0.021672839137434254 0.12813002700127965 0.12813002700127965 -0.13859823451857625 0.12813002700127973 0.12813002700127973 0.028237025385114762 -0.12177335641110767 0.12813002700127973 0.12813002700127973 0.12813002700127954
leaf_weight=228.29386745393276 1.3521848022937746 113.51404988765717 1.8952768445014934 1.7499039322137835 1.4071989655494688 1.4071989655494688 1.2201946973800657 87.715402185916901 10.084925919771193 1.2493027746677396 2.704369604587554 1.6417321264743794 2.1107984483242026 1.1726658046245582
leaf_count=1013 6 484 8 7 6 6 5 374 43 5 12 7 9 5
internal_value=-0.00010919 0.12396 0.119648 0.06018 0.0376317 0.0149983 -0.0227319 0.124831 0.101332 0.0244071 -0.121773 0.12813 0.12813 0.12813
internal_weight=457.519 226.521 111.365 8.92908 7.0338 5.6266 4.2194 102.436 12.6098 2.99921 230.998 115.156 89.8262 11.2576
internal_count=1990 965 474 37 29 23 17 437 54 12 1025 491 383 48
is_linear=0
shrinkage=0.08


Tree=5
num_leaves=13
num_cat=0
split_feature=6 10 10 11 14 6 2 1 1 0 15 1
split_gain=952.031 0.579212 4.92743 2.32348 2.77934 1.08604 10.3708 0.678606 0.00417542 4.20112e-05 1.13687e-13 5.68434e-14
threshold=0.58335000000000015 0.68500000000000016 0.67500000000000016 1.0000000180025095e-35 1.0000000180025095e-35 0.83335000000000015 1.0000000180025095e-35 15.500000000000002 13.500000000000002 2.5000000000000004 1.0000000180025095e-35 26.500000000000004
decision_type=2 2 2 2 2 2 2 2 2 2 2 2
left_child=10 2 5 4 7 6 -2 8 -4 -5 -1 -3
right_child=1 11 3 9 -6 -7 -8 -9 -10 -11 -12 -13
leaf_value=-0.11698399665250904 -0.11698399665250919 0.12234185784379471 0.019944761147019822 0.12234185784379462 0.12224783965618378 0.12234185784379471 0.1223418578437947 -0.040982604467548936 0.026001479943435747 0.12168096059882189 -0.11698399665250904 0.12234185784379471
leaf_weight=198.90181481838226 1.2971857488155336 109.53555446863174 1.7494175434112533 1.3578787744045258 1.5830860733985899 86.677928432822227 10.863030195236206 1.6853267103433607 1.2482213228940962 1.1260364949703217 22.700750604271889 1.5841919034719456
leaf_count=920 6 484 7 6 7 383 48 7 5 5 105 7
internal_value=-0.000119951 0.118291 0.114107 0.0565659 0.0306105 0.119201 0.0968119 -0.000367665 0.0224668 0.122042 -0.116984 0.122342
internal_weight=440.31 218.708 107.588 8.74997 6.26605 98.8381 12.1602 4.68297 2.99764 2.48392 221.603 111.12
internal_count=1990 965 474 37 26 437 54 19 12 11 1025 491
is_linear=0
shrinkage=0.08


Tree=6
num_leaves=13
num_cat=0
split_feature=6 10 10 6 14 11 1 6 2 1 1 1
split_gain=844.318 0.536034 4.60563 2.3039 1.84594 2.99873 2.95795 0.956918 9.18232 0.00355616 2.84217e-14 3.55271e-15
threshold=0.58335000000000015 0.68500000000000016 0.67500000000000016 0.83335000000000015 1.0000000180025095e-35 1.0000000180025095e-35 15.500000000000002 0.83335000000000015 1.0000000180025095e-35 13.500000000000002 4.5000000000000009 23.500000000000004
decision_type=2 2 2 2 2 2 2 2 2 2 2 2
left_child=-1 2 7 -4 5 6 9 8 -2 -5 -9 -10
right_child=1 -3 3 4 -6 -7 -8 10 11 -11 -12 -13
leaf_value=-0.1129009442795471 -0.11290094427954726 0.117466020053514 0.13392692876609835 0.018358031469185302 0.11746953352697675 0.11746602005351392 -0.12896588332489115 0.117466020053514 0.117466020053514 0.023950009128070548 0.117466020053514 0.11746602005351382
leaf_weight=211.65429167449474 1.2389519512653322 106.65580697357655 1.7907357215881328 1.7486072778701784 1.3033740520477293 1.3033296167850492 1.1776165664196012 6.2994264811277381 9.1233073174953443 1.2467872351408003 76.896447390317917 1.3033296167850501
leaf_count=1025 6 491 8 7 6 6 5 29 42 5 354 6
internal_value=-0.000127639 0.113487 0.109383 0.0532201 0.0319029 0.011538 -0.0215458 0.114457 0.0929997 0.0206856 0.117466 0.117466
internal_weight=421.742 210.088 103.432 8.57045 6.77971 5.47634 4.17301 94.8615 11.6656 2.99539 83.1959 10.4266
internal_count=1990 965 474 37 29 23 17 437 54 12 383 48
is_linear=0
shrinkage=0.08


Tree=7
num_leaves=15
num_cat=0
split_feature=6 10 10 6 14 11 1 6 2 1 1 1 1 1
split_gain=752.163 0.497593 4.31113 2.04597 1.65954 2.66019 2.59963 0.847804 8.1691 0.00303092 1.13687e-13 2.84217e-14 2.84217e-14 3.55271e-15
threshold=0.58335000000000015 0.68500000000000016 0.67500000000000016 0.83335000000000015 1.0000000180025095e-35 1.0000000180025095e-35 15.500000000000002 0.83335000000000015 1.0000000180025095e-35 13.500000000000002 9.5000000000000018 26.500000000000004 19.500000000000004 23.500000000000004
decision_type=2 2 2 2 2 2 2 2 2 2 2 2 2 2
left_child=10 2 7 -4 5 6 9 8 -2 -5 -1 -3 -9 -10
right_child=1 11 3 4 -6 -7 -8 12 13 -11 -12 -13 -14 -15
leaf_value=-0.10938841419552463 -0.10938841419552478 0.11331368882451916 0.12785188686166354 0.016899978647028583 0.11331670324539403 0.11331368882451909 -0.12304119936069553 0.11331368882451916 0.11331368882451916 0.022065192383642289 -0.10938841419552463 0.11331368882451916 0.11331368882451916 0.11331368882451899
leaf_weight=89.595935940742493 1.1788938939571352 100.46002942323685 1.7283024936914424 1.747554808855057 1.2454186677932737 1.2453722655773161 1.1372167617082594 77.420642510056496 8.7176058590412122 1.2450963258743284 111.79843761026859 1.4529343098402012 2.0756204426288596 1.245372265577317
leaf_count=456 6 484 8 7 6 6 5 373 42 5 569 7 10 6
internal_value=-0.000133694 0.10939 0.10535 0.0503408 0.0301068 0.0108274 -0.0200775 0.110417 0.0897501 0.019049 -0.109388 0.113314 0.113314 0.113314
internal_weight=402.294 200.9 98.9871 8.34896 6.62066 5.37524 4.12987 90.6381 11.1419 2.99265 201.394 101.913 79.4963 9.96298
internal_count=1990 965 474 37 29 23 17 437 54 12 1025 491 383 48
is_linear=0
shrinkage=0.08


Tree=8
num_leaves=15
num_cat=0
split_feature=6 10 10 6 14 11 1 6 2 1 0 0 1 1
split_gain=672.618 0.465187 4.06044 1.83107 1.4991 2.36965 2.2984 0.754643 7.29741 0.00258445 2.84217e-14 2.84217e-14 3.55271e-15 1.77636e-15
threshold=0.58335000000000015 0.68500000000000016 0.67500000000000016 0.83335000000000015 1.0000000180025095e-35 1.0000000180025095e-35 15.500000000000002 0.83335000000000015 1.0000000180025095e-35 13.500000000000002 2.5000000000000004 2.5000000000000004 23.500000000000004 21.500000000000004
decision_type=2 2 2 2 2 2 2 2 2 2 2 2 2 2
left_child=-1 2 7 -4 5 6 9 8 -2 -5 -3 -9 13 -10
right_child=1 10 3 4 -6 -7 -8 11 12 -11 -12 -13 -14 -15
leaf_value=-0.106343247139959 -0.10634324713995916 0.10974479886260508 0.12268408244806855 0.015559379490417587 0.1097474026746805 0.10974479886260501 -0.11805820368390257 0.10974479886260508 0.10974479886260509 0.020331807091063567 0.10974479886260508 0.10974479886260508 0.10974479886260491 0.10974479886260499
leaf_weight=191.0131823271513 1.1181259453296633 62.433875143527985 1.6598153412342052 1.7463266849517824 1.1855008006095884 1.1854533255100248 1.0922346264123914 74.683559507131577 7.3102955073118192 1.2432260811328886 34.575721994042397 0.98787777125835319 1.1854533255100257 0.98787777125835408
leaf_count=1025 6 316 8 7 6 6 5 378 37 5 175 5 6 5
internal_value=-0.000138349 0.105854 0.101856 0.0477454 0.0284692 0.0101759 -0.0187414 0.106944 0.0869548 0.017544 0.109745 0.109745 0.109745 0.109745
internal_weight=382.409 191.395 94.3857 8.11256 6.45274 5.26724 4.08179 86.2732 10.6018 2.98955 97.0096 75.6714 9.48363 8.29817
internal_count=1990 965 474 37 29 23 17 437 54 12 491 383 48 42
is_linear=0
shrinkage=0.08


Tree=9
num_leaves=15
num_cat=0
split_feature=6 10 10 6 14 11 1 6 2 1 0 0 10 10
split_gain=603.458 0.437718 3.84541 1.64955 1.3597 2.11839 2.04237 0.674401 6.54166 0.00220437 5.68434e-14 2.84217e-14 1.42109e-14 1.77636e-15
threshold=0.58335000000000015 0.68500000000000016 0.67500000000000016 0.83335000000000015 1.0000000180025095e-35 1.0000000180025095e-35 15.500000000000002 0.83335000000000015 1.0000000180025095e-35 13.500000000000002 2.5000000000000004 2.5000000000000004 0.77500000000000013 0.52500000000000013
decision_type=2 2 2 2 2 2 2 2 2 2 2 2 2 2
left_child=10 2 7 -4 5 6 9 8 -2 -5 -1 -3 -13 -10
right_child=1 11 3 4 -6 -7 -8 -9 13 -11 -12 12 -14 -15
leaf_value=-0.10368562859443659 -0.10368562859443677 0.10665321010660157 0.11823978735973512 0.01432616195154675 0.10665547453981908 0.1066532101066015 -0.11382021040906173 0.10665321010660157 0.10665321010660157 0.018736479501645583 -0.10368562859443659 0.10665321010660157 0.10665321010660157 0.10665321010660155
leaf_weight=173.78599271178246 1.0575212538242311 59.23505437374115 1.5873921513557423 1.7449769377708437 1.1247639656066892 1.1247162222862241 1.0442332178354261 71.794385522603989 6.3733919262886047 1.2412391602993009 6.8738881498575202 18.557817667722702 14.246405482292174 2.6243378520011902
leaf_count=986 6 316 8 7 6 6 5 383 34 5 39 99 76 14
internal_value=-0.000141964 0.102777 0.0988007 0.0453789 0.0269616 0.0095739 -0.0175166 0.103936 0.0845317 0.0161593 -0.103686 0.106653 0.106653 0.106653
internal_weight=362.416 181.756 89.717 7.86732 6.27993 5.15517 4.03045 81.8496 10.0553 2.98622 180.66 92.0393 32.8042 8.99773
internal_count=1990 965 474 37 29 23 17 437 54 12 1025 491 175 48
is_linear=0
shrinkage=0.08


Tree=10
num_leaves=15
num_cat=0
split_feature=6 10 10 6 14 11 1 6 2 1 1 0 1 10
split_gain=542.947 0.414345 3.65971 1.49441 1.23758 1.89964 1.82274 0.604765 5.88204 0.00188039 5.68434e-14 1.42109e-14 1.77636e-15 1.77636e-15
threshold=0.58335000000000015 0.68500000000000016 0.67500000000000016 0.83335000000000015 1.0000000180025095e-35 1.0000000180025095e-35 15.500000000000002 0.83335000000000015 1.0000000180025095e-35 13.500000000000002 23.500000000000004 1.5000000000000002 22.500000000000004 0.52500000000000013
decision_type=2 2 2 2 2 2 2 2 2 2 2 2 2 2
left_child=10 2 7 -4 5 6 9 8 -2 -5 -1 -9 13 -10
right_child=1 -3 3 4 -6 -7 -8 11 12 -11 -12 -13 -14 -15
leaf_value=-0.10135280287971409 -0.10135280287971427 0.10395690684183205 0.11438275248834287 0.013191325557079478 0.10395889165149243 0.10395690684183195 -0.11018177088609027 0.10395690684183205 0.10395690684183202 0.017267342429414967 -0.10135280287971409 0.10395690684183205 0.10395690684183198 0.10395690684183201
leaf_weight=168.45457772910595 0.99775663018226346 87.075403720140457 1.5127055943012226 1.7435488551855094 1.0641052722930906 1.0640578866004942 0.9944552183151244 50.188063651323318 5.1429464519023895 1.2391857802867887 1.9955132603645314 17.73429811000824 1.2414008677005766 2.1281157732009888
leaf_count=1013 6 491 8 7 6 6 5 283 29 5 12 100 7 12
internal_value=-0.000144812 0.100078 0.0961062 0.0431991 0.0255621 0.00901414 -0.0163869 0.101311 0.082417 0.0148847 -0.101353 0.103957 0.103957 0.103957
internal_weight=342.576 172.126 85.0506 7.61806 6.10535 5.04125 3.97719 77.4326 9.51022 2.98273 170.45 67.9224 8.51246 7.27106
internal_count=1990 965 474 37 29 23 17 437 54 12 1025 383 48 41
is_linear=0
shrinkage=0.08


Tree=11
num_leaves=15
num_cat=0
split_feature=6 10 10 6 14 11 6 2 1 1 0 1 0 1
split_gain=489.713 0.394415 3.4984 1.36044 1.12983 1.7081 0.54394 5.30299 0.369912 1.26452 2.84217e-14 2.84217e-14 1.42109e-14 1.42109e-14
threshold=0.58335000000000015 0.68500000000000016 0.67500000000000016 0.83335000000000015 1.0000000180025095e-35 1.0000000180025095e-35 0.83335000000000015 1.0000000180025095e-35 13.500000000000002 15.500000000000002 1.5000000000000002 21.500000000000004 1.5000000000000002 8.5000000000000018
decision_type=2 2 2 2 2 2 2 2 2 2 2 2 2 2
left_child=10 2 6 -4 5 8 7 -2 -5 -10 13 -3 -8 -1
right_child=1 11 3 4 -6 -7 12 -9 9 -11 -12 -13 -14 -15
leaf_value=-0.099294695712459899 -0.099294695712460079 0.10159149285870415 0.11100969080134186 0.01214671313842729 0.10159324253640808 0.10159149285870406 0.10159149285870415 0.10159149285870413 0.015913807587776364 -0.10703294786294693 -0.099294695712459899 0.10159149285870415 0.10159149285870415 -0.099294695712459899
leaf_weight=56.360957622528076 0.93934929370879849 73.137397840619087 1.4370743185281742 1.7420775890350344 1.0042212903499601 1.0041747987270353 47.363578006625175 8.0333983898162842 1.2371058017015459 0.94388358294963826 83.758645355701447 9.0375731885433179 16.736246645450592 20.352568030357361
leaf_count=360 6 437 8 7 6 6 283 48 5 5 535 54 100 130
internal_value=-0.000147081 0.0976934 0.0937113 0.0411734 0.0242535 0.00849087 0.0990091 0.0805609 -0.0153398 -0.0372948 -0.0992947 0.101591 0.101591 -0.0992947
internal_weight=323.088 162.616 80.4411 7.36854 5.93146 4.92724 73.0726 8.97275 3.92307 2.18099 160.472 82.175 64.0998 76.7135
internal_count=1990 965 474 37 29 23 437 54 17 10 1025 491 383 490
is_linear=0
shrinkage=0.08


Tree=12
num_leaves=15
num_cat=0
split_feature=6 10 10 6 14 11 6 2 1 1 1 0 1 1
split_gain=442.657 0.377417 3.35754 1.24373 1.03414 1.53954 0.490511 4.7921 0.322747 1.1461 2.84217e-14 1.42109e-14 1.42109e-14 7.10543e-15
threshold=0.58335000000000015 0.68500000000000016 0.67500000000000016 0.83335000000000015 1.0000000180025095e-35 1.0000000180025095e-35 0.83335000000000015 1.0000000180025095e-35 13.500000000000002 15.500000000000002 24.500000000000004 2.5000000000000004 10.500000000000002 26.500000000000004
decision_type=2 2 2 2 2 2 2 2 2 2 2 2 2 2
left_child=10 2 6 -4 5 8 7 -2 -5 -10 -1 12 -3 -13
right_child=1 11 3 4 -6 -7 -8 -9 9 -11 -12 13 -14 -15
leaf_value=-0.097470876440098261 -0.097470876440098358 0.099505727494697604 0.10804068065092771 0.011184933454941483 0.099507265814926638 0.099505727494697521 0.099505727494697604 0.099505727494697591 0.014666362859405454 -0.10428900060294219 -0.097470876440098261 0.099505727494697591 0.099505727494697604 0.099505727494697604
leaf_weight=149.76240971684456 0.8826861083507519 2.6791987419128409 1.3615340888500203 1.7405904680490496 0.94564488530158985 0.94559955596923817 60.360771656036377 7.5647964477539062 1.2350305169820788 0.89329026639461506 1.029800459742545 26.476787567138675 47.122377872467041 1.1031994819641102
leaf_count=1018 6 17 8 7 6 6 383 48 5 5 7 168 299 7
internal_value=-0.000148895 0.0955738 0.0915668 0.0392763 0.0230224 0.00799957 0.0969789 0.0789234 -0.0143654 -0.0352611 -0.0974709 0.0995057 0.0995057 0.0995057
internal_weight=304.104 153.312 75.9299 7.12169 5.76016 4.81451 68.8083 8.44748 3.86891 2.12832 150.792 77.3816 49.8016 27.58
internal_count=1990 965 474 37 29 23 437 54 17 10 1025 491 316 175
is_linear=0
shrinkage=0.08


Tree=13
num_leaves=14
num_cat=0
split_feature=6 10 10 6 14 1 6 2 1 10 0 1 1
split_gain=400.887 0.362946 3.23395 1.14121 0.94869 0.778075 0.443345 4.33933 0.00631274 2.84217e-14 1.42109e-14 3.55271e-15 1.77636e-15
threshold=0.58335000000000015 0.68500000000000016 0.67500000000000016 0.83335000000000015 1.0000000180025095e-35 15.500000000000002 0.83335000000000015 1.0000000180025095e-35 13.500000000000002 0.81500000000000006 2.5000000000000004 14.500000000000002 22.500000000000004
decision_type=2 2 2 2 2 2 2 2 2 2 2 2 2
left_child=-1 2 6 -4 5 8 7 -2 -5 -3 -8 -11 -9
right_child=1 9 3 4 -6 -7 10 12 -10 11 -12 -13 -14
leaf_value=-0.095848333224820378 -0.095848333224820378 0.097658235666931575 0.10541285856484624 0.02301430110797946 0.097659600729961937 -0.050008109257974678 0.097658235666931575 0.097658235666931575 0.029816466655691393 0.09765823566693152 0.097658235666931575 0.097658235666931575 0.097658235666931506
leaf_weight=141.45830534398556 0.82804861664771934 56.582608819007874 1.2868929505348194 2.0353534221649174 0.88877597451210011 1.1395194381475446 55.990120768547058 6.0730025172233582 1.5292284637689588 6.6654905676841762 0.74061006307601829 9.4798088073730451 1.0368540883064268
leaf_count=1025 6 382 8 9 6 7 378 41 7 45 5 64 7
internal_value=-0.000150369 0.0936784 0.089633 0.0374876 0.0218583 0.00753666 0.0951805 0.0774725 0.0259325 0.0976582 0.0976582 0.0976582 0.0976582
internal_weight=285.735 144.276 71.5484 6.87977 5.59288 4.7041 64.6686 7.93791 3.56458 72.7279 56.7307 16.1453 7.10986
internal_count=1990 965 474 37 29 23 437 54 16 491 383 109 48
is_linear=0
shrinkage=0.08


Tree=14
num_leaves=14
num_cat=0
split_feature=6 10 10 11 14 6 2 1 1 0 0 1 1
split_gain=363.57 0.359373 3.20087 1.1524 1.1369 0.401527 3.93649 0.159314 0.000819543 0.000626548 2.84217e-14 1.42109e-14 1.77636e-15
threshold=0.58335000000000015 0.68500000000000016 0.67500000000000016 1.0000000180025095e-35 1.0000000180025095e-35 0.83335000000000015 1.0000000180025095e-35 15.500000000000002 13.500000000000002 2.5000000000000004 3.5000000000000004 22.500000000000004 23.500000000000004
decision_type=2 2 2 2 2 2 2 2 2 2 2 2 2
left_child=10 2 5 4 7 6 -2 8 -4 -5 -1 -3 -8
right_child=1 11 3 9 -6 -7 12 -9 -10 -11 -12 -13 -14
leaf_value=-0.094399833273892592 -0.094399833273892592 0.096015295583155913 0.0084763711440294532 0.097668170817312203 0.095797785570101157 0.096015295583155913 0.096015295583155885 -0.024385755848348949 0.011176659626897695 0.09439404599576183 -0.094399833273892592 0.096015295583155913 0.096015295583155802
leaf_weight=130.69412657618523 0.77563279867172141 62.539820373058319 1.7357265800237649 0.88826066255569436 0.9630916267633437 53.228336006402969 5.8370499014854431 1.2576270401477812 1.22843362390995 0.64618036150932312 1.8098098635673512 5.698072522878646 0.83386427164077748
leaf_count=1011 6 450 7 6 7 383 42 7 5 5 14 41 6
internal_value=-0.000151627 0.0919229 0.0877792 0.0353885 0.0173652 0.0935811 0.0761816 -0.000527203 0.00959545 0.0962894 -0.0943998 0.0960153 0.0960153
internal_weight=268.136 135.632 67.3942 6.71932 5.18488 60.6749 7.44655 4.22179 2.96416 1.53444 132.504 68.2379 6.67091
internal_count=1990 965 474 37 26 437 54 19 12 11 1025 491 48
is_linear=0
shrinkage=0.08


Tree=15
num_leaves=14
num_cat=0
split_feature=6 10 10 11 14 6 2 1 1 0 1 1 10
split_gain=330.231 0.355736 3.15862 1.08189 1.04417 0.364306 3.57684 0.135574 0.000698255 0.000469088 2.84217e-14 1.42109e-14 1.42109e-14
threshold=0.58335000000000015 0.68500000000000016 0.67500000000000016 1.0000000180025095e-35 1.0000000180025095e-35 0.83335000000000015 1.0000000180025095e-35 15.500000000000002 13.500000000000002 2.5000000000000004 24.500000000000004 9.5000000000000018 0.81500000000000006
decision_type=2 2 2 2 2 2 2 2 2 2 2 2 2
left_child=10 2 5 4 7 6 -2 8 -4 -5 -1 -7 -3
right_child=1 12 3 9 -6 11 -8 -9 -10 -11 -12 -13 -14
leaf_value=-0.093102682291520647 -0.093102682291520647 0.094549090251534185 0.0078046379171098574 0.096024752578098449 0.094355081617670394 0.094549090251534185 0.094549090251534157 -0.022584977291448066 0.010298614018714005 0.093097494068632686 -0.093102682291520647 0.094549090251534185 0.094549090251534185
leaf_weight=123.10436715185642 0.72556601464748283 49.736433625221252 1.7343674451112741 0.83342453837394692 0.90208137780427922 30.466820597648621 6.2496042251586914 1.249615207314491 1.2265939265489576 0.60446646064519882 0.8464936837553968 19.399813115596771 14.191809594631193
leaf_count=1018 6 382 7 6 7 234 48 7 5 5 7 149 109
internal_value=-0.000152217 0.0903382 0.0860917 0.0334881 0.0162463 0.0921538 0.0750293 -0.000487868 0.00883778 0.0947942 -0.0931027 0.0945491 0.0945491
internal_weight=251.271 127.321 63.3924 6.55055 5.11266 56.8418 6.97517 4.21058 2.96096 1.43789 123.951 49.8666 63.9282
internal_count=1990 965 474 37 26 437 54 19 12 11 1025 383 491
is_linear=0
shrinkage=0.08


Tree=16
num_leaves=12
num_cat=0
split_feature=6 10 10 6 6 2 1 1 1 1 1
split_gain=300.337 0.353816 3.12366 1.08826 0.331065 3.25475 0.281139 0.123422 0.0584529 1.42109e-14 8.88178e-16
threshold=0.58335000000000015 0.68500000000000016 0.67500000000000016 0.83335000000000015 0.83335000000000015 1.0000000180025095e-35 15.500000000000002 12.500000000000002 13.500000000000002 25.500000000000004 20.500000000000004
decision_type=2 2 2 2 2 2 2 2 2 2 2
left_child=-1 2 4 -4 5 -2 7 -5 -9 -3 -7
right_child=1 9 3 6 -6 10 -8 8 -10 -11 -12
leaf_value=-0.091937850894372633 -0.091937850894372633 0.093236518322117518 0.10317539011849108 0.052007027081206102 0.093236518322117518 0.093236518322117504 -0.013821350422848719 0.0062029916897946161 0.029336858981471974 0.093236518322117518 0.09323651832211749
leaf_weight=115.81138148903847 0.67792028188705344 58.713610664010048 1.1229341477155674 0.99272776395082507 46.654176108539104 4.0198115184903145 1.4316971972584722 1.240308113396168 1.601737432181835 1.0963122323155392 1.8271870538592336
leaf_count=1025 6 482 8 5 383 33 10 6 8 9 15
internal_value=-0.000152629 0.08889 0.0845259 0.0316749 0.0908759 0.0739974 0.0164293 0.0277233 0.0192409 0.0932365 0.0932365
internal_weight=235.19 119.378 59.5685 6.3894 53.1791 6.52492 5.26647 3.83477 2.84205 59.8099 5.847
internal_count=1990 965 474 37 437 54 29 19 14 491 48
is_linear=0
shrinkage=0.08


Tree=17
num_leaves=15
num_cat=0
split_feature=6 10 10 11 6 2 1 1 1 1 0 1 1 1
split_gain=273.388 0.36076 3.15262 1.02098 0.301287 2.96551 0.133916 0.134432 0.0743533 0.000149046 2.84217e-14 2.84217e-14 7.10543e-15 8.88178e-16
threshold=0.58335000000000015 0.68500000000000016 0.67500000000000016 1.0000000180025095e-35 0.83335000000000015 1.0000000180025095e-35 12.500000000000002 14.500000000000002 15.500000000000002 17.500000000000004 3.5000000000000004 4.5000000000000009 20.500000000000004 19.500000000000004
decision_type=2 2 2 2 2 2 2 2 2 2 2 2 2 2
left_child=10 2 4 6 5 -2 -4 -8 -9 -5 11 -1 -6 -7
right_child=1 -3 3 9 12 13 7 8 -10 -11 -12 -13 -14 -15
leaf_value=-0.090889255041281883 -0.090889255041281883 0.092058180106353971 0.042038382154457044 0.093662243747698673 0.092058180106353971 0.092058180106353957 -0.010901000105484988 0.037992156054396563 0.0090051609592798707 0.091927883064677529 -0.090889255041281883 -0.090889255041281883 0.092058180106353971 0.092058180106353915
leaf_weight=2.7418029755353919 0.63272376358508964 55.889278963208199 0.85581983625888725 0.7414656728506086 42.571467071771622 3.5286510139703751 1.5988183319568632 0.85100392252206836 1.6930332854390142 0.55410376191139221 1.4763554483652104 103.87215118855238 1.0244470685720433 1.935066685080528
leaf_count=26 6 491 4 6 374 31 7 4 11 5 14 985 9 17
internal_value=-0.000153836 0.0875113 0.0829724 0.029632 0.0897287 0.0730708 0.0132287 0.0072773 0.0187016 0.0929205 -0.0908893 -0.0908893 0.0920582 0.0920582
internal_weight=219.966 111.876 55.9866 6.29424 49.6924 6.09644 4.99868 4.14286 2.54404 1.29557 108.09 106.614 43.5959 5.46372
internal_count=1990 965 474 37 437 54 26 22 15 11 1025 1011 383 48
is_linear=0
shrinkage=0.08


Tree=18
num_leaves=15
num_cat=0
split_feature=6 10 10 6 6 2 1 1 1 1 1 1 1 1
split_gain=249.116 0.367981 3.17232 1.01911 0.274539 2.7051 0.242022 0.0931025 0.0402039 1.42109e-14 1.42109e-14 7.10543e-15 3.55271e-15 8.88178e-16
threshold=0.58335000000000015 0.68500000000000016 0.67500000000000016 0.83335000000000015 0.83335000000000015 1.0000000180025095e-35 15.500000000000002 12.500000000000002 13.500000000000002 23.500000000000004 25.500000000000004 10.500000000000002 21.500000000000004 19.500000000000004
decision_type=2 2 2 2 2 2 2 2 2 2 2 2 2 2
left_child=9 2 4 -4 5 -2 7 -5 -9 -1 -3 -6 -13 -7
right_child=1 10 3 6 11 13 -8 8 -10 -11 -12 12 -14 -15
leaf_value=-0.089943175967343289 -0.089943175967343289 0.090997688681425049 0.10090880907597458 0.045422028191456729 0.090997688681425049 0.090997688681425035 -0.014824990264422126 0.0057801366385163934 0.025097497544261559 -0.089943175967343289 0.090997688681425049 0.090997688681425062 0.090997688681424799 0.090997688681424993
leaf_weight=99.606628097593784 0.58997015655040641 51.212706133723259 1.0183202326297749 0.96353413909673724 27.518860764801502 3.2937632575631142 1.4163681119680402 1.2323919758200648 1.5653498619794843 1.1799403131008137 0.95625384896993537 12.537550464272496 0.63750256597995836 1.8062572702765463
leaf_count=1013 6 482 8 5 259 31 10 6 8 12 9 118 6 17
internal_value=-0.000154697 0.0862374 0.0815143 0.0277496 0.0886963 0.0722367 0.0133609 0.0239747 0.0165883 -0.0899432 0.0909977 0.0909977 0.0909977 0.0909977
internal_weight=205.535 104.749 52.5799 6.19596 46.3839 5.68999 5.17764 3.76128 2.79774 100.787 52.169 40.6939 13.1751 5.10002
internal_count=1990 965 474 37 437 54 29 19 14 1025 491 383 124 48
is_linear=0
shrinkage=0.08


Tree=19
num_leaves=14
num_cat=0
split_feature=6 10 10 11 6 2 1 1 1 1 1 1 1
split_gain=227.193 0.377106 3.19557 0.965851 0.250453 2.47015 0.101268 0.108323 0.0624161 0.00015376 1.42109e-14 7.10543e-15 8.88178e-16
threshold=0.58335000000000015 0.68500000000000016 0.67500000000000016 1.0000000180025095e-35 0.83335000000000015 1.0000000180025095e-35 12.500000000000002 14.500000000000002 15.500000000000002 17.500000000000004 13.500000000000002 19.500000000000004 21.500000000000004
decision_type=2 2 2 2 2 2 2 2 2 2 2 2 2
left_child=10 2 4 6 5 -2 -4 -8 -9 -5 -1 -6 -7
right_child=1 -3 3 9 11 12 7 8 -10 -11 -12 -13 -14
leaf_value=-0.089087899275514082 -0.089087899275514082 0.090041107157590367 0.035805907728427247 0.092184319362158026 0.090041107157590367 0.090041107157590353 -0.010963348274627449 0.033505393158012022 0.0067329120668433873 0.090322949390409135 -0.089087899275514082 0.090041107157590367 0.090041107157590297
leaf_weight=68.336829915642738 0.54962597787380119 48.648724511265755 0.83914167433977027 0.67841295897960641 36.957177683711052 3.6659934967756271 1.5986676812171934 0.837753385305405 1.6648523285984991 0.48857536911964417 25.557607971131802 0.99080905318260093 1.0898899585008619
leaf_count=746 6 491 4 6 373 37 7 4 11 5 279 10 11
internal_value=-0.000155639 0.0850426 0.0801162 0.0259466 0.0877649 0.0714842 0.0104846 0.00530367 0.0156951 0.091405 -0.0890879 0.0900411 0.0900411
internal_weight=191.904 98.0096 49.3609 6.1074 43.2535 5.30551 4.94042 4.10127 2.50261 1.16699 93.8944 37.948 4.75588
internal_count=1990 965 474 37 437 54 26 22 15 11 1025 383 48
is_linear=0
shrinkage=0.08


Tree=20
num_leaves=14
num_cat=0
split_feature=6 10 10 6 6 2 1 1 1 1 1 1 1
split_gain=207.368 0.386453 3.20959 0.951192 0.228718 2.25773 0.208541 0.0701812 0.0268872 1.42109e-14 7.10543e-15 7.10543e-15 1.77636e-15
threshold=0.58335000000000015 0.68500000000000016 0.67500000000000016 0.83335000000000015 0.83335000000000015 1.0000000180025095e-35 15.500000000000002 12.500000000000002 13.500000000000002 23.500000000000004 25.500000000000004 10.500000000000002 19.500000000000004
decision_type=2 2 2 2 2 2 2 2 2 2 2 2 2
left_child=9 2 4 -4 5 -2 7 -5 -9 -1 -3 -6 -13
right_child=1 10 3 6 11 -7 -8 8 -10 -11 -12 12 -14
leaf_value=-0.088313292351131667 -0.088313292351131667 0.089176508967896334 0.099016518845348914 0.039644951956767496 0.089176508967896334 0.089176508967896306 -0.015534055213173886 0.0054548227103785873 0.021354468992942882 -0.088313292351131667 0.089176508967896334 0.089176508967896348 0.089176508967896154
leaf_weight=86.381418280303478 0.51163722574710746 44.495224669575691 0.92279455065727134 0.93578129261732135 23.909259729087353 4.431059718132019 1.4011473506689069 1.2250478044152262 1.5318662971258161 1.0232744514942158 0.83082369714975257 10.523766830563542 0.92313744127750474
leaf_count=1013 6 482 8 5 259 48 10 6 8 12 9 114 10
internal_value=-0.00015625 0.083925 0.0787858 0.0242827 0.0869231 0.0708039 0.010744 0.0207148 0.0142894 -0.0883133 0.0891765 0.0891765 0.0891765
internal_weight=179.046 91.6415 46.3155 6.01664 40.2989 4.9427 5.09384 3.6927 2.75691 87.4047 45.326 35.3562 11.4469
internal_count=1990 965 474 37 437 54 29 19 14 1025 491 383 124
is_linear=0
shrinkage=0.08


Tree=21
num_leaves=14
num_cat=0
split_feature=6 10 10 11 6 2 1 1 1 1 1 1 1
split_gain=189.397 0.397575 3.22555 0.909111 0.209064 2.06534 0.0765819 0.0873527 0.052693 6.37099e-05 7.10543e-15 7.10543e-15 8.88178e-16
threshold=0.58335000000000015 0.68500000000000016 0.67500000000000016 1.0000000180025095e-35 0.83335000000000015 1.0000000180025095e-35 12.500000000000002 14.500000000000002 15.500000000000002 15.500000000000002 20.500000000000004 7.5000000000000009 22.500000000000004
decision_type=2 2 2 2 2 2 2 2 2 2 2 2 2
left_child=-1 2 4 6 5 -2 -4 -8 -9 -5 -3 -6 -7
right_child=1 10 3 9 11 12 7 8 -10 -11 -12 -13 -14
leaf_value=-0.087610605920141221 -0.087610605920141221 0.088393603028355819 0.030414944884017758 0.090924382591366371 0.088393603028355819 0.088393603028355777 -0.01090834216034633 0.029588789585240548 0.0047955880266274944 0.089654123186177423 0.088393603028355819 0.088393603028355819 0.08839360302835568
leaf_weight=81.305434741079807 0.47593425214290519 35.923033535480499 0.8229253813624372 0.42225912958383538 14.953607261180876 3.5235511362552643 1.5988436788320539 0.8252975940704349 1.636422164738178 0.62929680943489075 6.2736398279666892 17.96151676774025 0.60158190131187428
leaf_count=1025 6 418 4 4 174 41 7 4 11 7 73 209 7
internal_value=-0.000156985 0.0828626 0.0774913 0.0226904 0.0861608 0.0701877 0.00816131 0.00365132 0.0131076 0.0901642 0.0883936 0.0883936 0.0883936
internal_weight=166.953 85.6479 43.4512 5.93504 37.5162 4.60107 4.88349 4.06056 2.46172 1.05156 42.1967 32.9151 4.12513
internal_count=1990 965 474 37 437 54 26 22 15 11 491 383 48
is_linear=0
shrinkage=0.08


Tree=22
num_leaves=13
num_cat=0
split_feature=6 10 10 6 6 2 1 1 1 1 1 1
split_gain=173.094 0.408883 3.23249 0.884849 0.19126 1.89081 0.179794 0.0527806 0.0173403 7.10543e-15 8.88178e-16 4.44089e-16
threshold=0.58335000000000015 0.68500000000000016 0.67500000000000016 0.83335000000000015 0.83335000000000015 1.0000000180025095e-35 15.500000000000002 12.500000000000002 13.500000000000002 16.500000000000004 19.500000000000004 15.500000000000002
decision_type=2 2 2 2 2 2 2 2 2 2 2 2
left_child=-1 2 4 -4 5 -2 7 -5 -9 -3 11 -7
right_child=1 9 3 6 -6 10 -8 8 -10 -11 -12 -13
leaf_value=-0.08697221324936015 -0.08697221324936015 0.08768350668509374 0.097411890167336521 0.034555751121529601 0.08768350668509374 0.087683506685093421 -0.015991169016112253 0.00520642803036291 0.018052319752981928 0.08768350668509374 0.087683506685093685 0.087683506685093712
leaf_weight=75.58282595127821 0.44243605434894462 22.385755181312561 0.83611870557069679 0.91002300381660495 30.620515123009682 0.47969475388526994 1.3861429318785665 1.2182198092341425 1.5013577491044996 16.869265511631966 1.3591351360082624 1.9987281411886213
leaf_count=1025 6 280 8 5 383 6 10 6 8 211 17 25
internal_value=-0.000157393 0.0818564 0.0762434 0.0212196 0.0854694 0.0696288 0.00851839 0.0178786 0.0122981 0.0876835 0.0876835 0.0876835
internal_weight=155.59 80.0074 40.7524 5.85186 34.9005 4.27999 5.01574 3.6296 2.71958 39.255 3.83756 2.47842
internal_count=1990 965 474 37 437 54 29 19 14 491 48 31
is_linear=0
shrinkage=0.08


Tree=23
num_leaves=13
num_cat=0
split_feature=6 10 10 11 6 2 1 1 1 1 1 1
split_gain=158.273 0.421862 3.24015 0.851962 0.175107 1.73224 0.0166486 0.0447453 4.50057e-05 7.10543e-15 7.10543e-15 3.55271e-15
threshold=0.58335000000000015 0.68500000000000016 0.67500000000000016 1.0000000180025095e-35 0.83335000000000015 1.0000000180025095e-35 14.500000000000002 15.500000000000002 15.500000000000002 14.500000000000002 21.500000000000004 22.500000000000004
decision_type=2 2 2 2 2 2 2 2 2 2 2 2
left_child=-1 2 4 6 5 -2 -4 -8 -5 -3 -6 -11
right_child=1 9 3 8 10 -7 7 -9 -10 11 -12 -13
leaf_value=-0.086391437192465781 -0.086391437192465684 0.087038477754305885 0.0014876370220630489 0.08980020324081231 0.087038477754305871 0.087038477754305871 0.026167826395499794 0.0031468017285841338 0.088679321886804968 0.087038477754305871 0.087038477754305885 0.087038477754305885
leaf_weight=70.221669040620327 0.41105367243289892 14.345106586813925 2.4069880917668334 0.38803424686193455 28.021270379424099 3.5676949024200439 0.81381612271070514 1.608081594109535 0.56029824912548065 19.102033123373989 0.44596186280250449 3.0474060624837866
leaf_count=1025 6 193 11 4 377 48 4 11 7 257 6 41
internal_value=-0.000157943 0.0808865 0.0750128 0.0198139 0.0848413 0.069121 0.00619953 0.0108824 0.089138 0.0870385 0.0870385 0.0870385
internal_weight=144.939 74.7177 38.2232 5.77722 32.446 3.97875 4.82889 2.4219 0.948332 36.4945 28.4672 22.1494
internal_count=1990 965 474 37 437 54 26 15 11 491 383 298
is_linear=0
shrinkage=0.08


Tree=24
num_leaves=14
num_cat=0
split_feature=6 10 10 6 6 2 1 1 1 10 1 1 11
split_gain=144.788 0.435418 3.2415 0.820809 0.160429 1.58798 0.155049 0.0488669 0.0118976 1.42109e-14 3.55271e-15 4.44089e-16 4.44089e-16
threshold=0.58335000000000015 0.68500000000000016 0.67500000000000016 0.83335000000000015 0.83335000000000015 1.0000000180025095e-35 15.500000000000002 12.500000000000002 13.500000000000002 0.70500000000000007 6.5000000000000009 18.500000000000004 1.0000000180025095e-35
decision_type=2 2 2 2 2 2 2 2 2 2 2 2 2
left_child=-1 2 4 -4 5 -2 7 -5 -9 -3 -6 12 -7
right_child=1 9 3 6 10 11 -8 8 -10 -11 -12 -13 -14
leaf_value=-0.085862451944614421 -0.085862451944613533 0.08645177229757349 0.096030414193623292 0.031613360397987442 0.086451772297573462 0.086451772297573379 -0.016243407143838737 0.0041242643349857257 0.014831633746461535 0.08645177229757349 0.08645177229757349 0.086451772297573462 0.086451772297573407
leaf_weight=65.205865539610386 0.38169287145138087 4.2126057818531981 0.75790740922093291 0.89250277727842364 7.7346204519271877 0.69059111177921306 1.3713328391313551 1.2096831351518633 1.4727577120065687 29.695417806506157 18.715019129216671 1.5883595570921896 1.0358866676688194
leaf_count=1025 6 61 8 5 112 10 10 6 8 430 271 23 15
internal_value=-0.000158216 0.0799529 0.0738061 0.0185048 0.08427 0.0686591 0.00662566 0.0153981 0.010003 0.0864518 0.0864518 0.0864518 0.0864518
internal_weight=134.964 69.7584 35.8504 5.70418 30.1462 3.69653 4.94628 3.57494 2.68244 33.908 26.4496 3.31484 1.72648
internal_count=1990 965 474 37 437 54 29 19 14 491 383 48 25
is_linear=0
shrinkage=0.08


Tree=25
num_leaves=14
num_cat=0
split_feature=6 10 10 11 6 2 1 1 1 1 1 1 1
split_gain=132.502 0.450132 3.24021 0.79555 0.147075 1.45657 0.0146142 0.0383104 2.85979e-05 1.42109e-14 7.10543e-15 3.55271e-15 4.44089e-16
threshold=0.58335000000000015 0.68500000000000016 0.67500000000000016 1.0000000180025095e-35 0.83335000000000015 1.0000000180025095e-35 14.500000000000002 15.500000000000002 15.500000000000002 22.500000000000004 9.5000000000000018 3.5000000000000004 19.500000000000004
decision_type=2 2 2 2 2 2 2 2 2 2 2 2 2
left_child=9 2 4 6 5 -2 -4 -8 -5 -1 -3 -6 -7
right_child=1 10 3 8 11 12 7 -9 -10 -11 -12 -13 -14
leaf_value=-0.085380098864508064 -0.085380098864507106 0.085917430537151451 0.00013356927674574041 0.088826391820802139 0.085917430537151618 0.085917430537152339 0.02320361781488962 0.0017482667204334807 0.087888635357016479 -0.085380098864508064 0.085917430537152395 0.085917430537152395 0.085917430537152326
leaf_weight=59.574129037559032 0.35425646603107752 0.32064955681562679 2.3964035063982001 0.35684458166360844 0.38477946817875164 1.9880272522568705 0.80346822738647494 1.5800914913415907 0.49941348657011986 0.94468390941619773 31.167136922478676 24.176976583898067 1.0902084931731222
leaf_count=1009 6 5 11 4 6 31 4 11 7 16 486 377 17
internal_value=-0.0001586 0.0790435 0.0726076 0.0172662 0.0837497 0.0682384 0.0045452 0.0089806 0.0882794 -0.0853801 0.0859174 0.0859174 0.0859174
internal_weight=125.637 65.1183 33.6305 5.63622 27.9942 3.43249 4.77996 2.38356 0.856258 60.5188 31.4878 24.5618 3.07824
internal_count=1990 965 474 37 437 54 26 15 11 1025 491 383 48
is_linear=0
shrinkage=0.08


Tree=26
num_leaves=15
num_cat=0
split_feature=6 10 10 14 11 6 2 1 1 1 0 1 1 10
split_gain=121.301 0.46541 3.23291 0.810452 1.04583 0.13491 1.33675 0.121959 0.000498335 2.11169e-05 7.10543e-15 7.10543e-15 3.55271e-15 3.55271e-15
threshold=0.58335000000000015 0.68500000000000016 0.67500000000000016 1.0000000180025095e-35 1.0000000180025095e-35 0.83335000000000015 1.0000000180025095e-35 15.500000000000002 13.500000000000002 15.500000000000002 2.5000000000000004 14.500000000000002 24.500000000000004 0.83500000000000008
decision_type=2 2 2 2 2 2 2 2 2 2 2 2 2 2
left_child=11 2 5 4 7 6 -2 8 -4 -6 -3 -1 -13 -12
right_child=1 10 3 -5 9 -7 -8 -9 -10 -11 13 12 -14 -15
leaf_value=-0.08493980158026293 -0.084939801580260973 0.085430243051398402 -0.0031739334865684126 0.092158677120354873 0.08807666775976683 0.085430243051398402 0.085430243051398375 -0.035108321198610806 -0.0053148941340794096 0.087241184151699264 0.085430243051398375 -0.084939801580262944 -0.084939801580262542 0.085430243051398222
leaf_weight=43.600377798080444 0.32864606380463302 18.809337869286537 1.6939221322536462 0.7725248485803603 0.33209861069917668 22.797393683344126 2.8571146130561829 1.1264847815036771 1.1808481663465498 0.46429870277643204 9.58323859795928 12.159904360771176 0.38342040777206499 0.83332509547472078
leaf_count=796 6 316 7 7 4 383 48 7 5 7 161 222 7 14
internal_value=-0.000158684 0.0781563 0.0714189 0.0161125 0.00386744 0.0832753 0.0678547 -0.0127964 -0.00405336 0.0875896 0.0854302 -0.0849398 -0.0849398 0.0854302
internal_weight=116.923 60.7792 31.5533 5.57018 4.79765 25.9832 3.18576 4.00126 2.87477 0.796397 29.2259 56.1437 12.5433 10.4166
internal_count=1990 965 474 37 30 437 54 19 12 11 491 1025 229 175
is_linear=0
shrinkage=0.08


Tree=27
num_leaves=15
num_cat=0
split_feature=6 10 10 6 1 6 2 1 1 1 13 0 1 1
split_gain=111.13 0.472604 3.17964 0.769084 0.141202 0.123816 1.22737 0.0448404 0.00812956 7.10543e-15 7.10543e-15 3.55271e-15 3.55271e-15 1.77636e-15
threshold=0.58335000000000015 0.68500000000000016 0.67500000000000016 0.83335000000000015 15.500000000000002 0.83335000000000015 1.0000000180025095e-35 12.500000000000002 13.500000000000002 10.500000000000002 1.0000000180025095e-35 2.5000000000000004 22.500000000000004 26.500000000000004
decision_type=2 2 2 2 2 2 2 2 2 2 2 2 2 2
left_child=9 2 5 -4 7 6 -2 -5 -9 10 -1 -3 -11 -13
right_child=1 11 3 4 -6 -7 -8 8 -10 12 -12 13 -14 -15
leaf_value=-0.084537543886515201 -0.084537543886513106 0.084985606507627334 0.095533246737138672 0.028168151527809021 -0.018500193795125915 0.084985606507627334 0.08498560650762732 0.0022685021861692536 0.011222135185951096 -0.084537543886515187 -0.08453754388651516 0.08498560650762732 -0.084537543886515201 0.084985606507626946
leaf_weight=18.43818474188447 0.30476338416338622 17.450352415442467 0.66923665627837081 0.86490764468908343 1.3024234622716901 21.150268908590078 2.6506864428520203 1.188342057168484 1.4299819096922872 22.09534535184503 10.717512343078853 9.2774025499820709 0.81270235776901145 0.38655843958258707
leaf_count=363 6 316 8 5 10 383 48 6 8 435 211 168 16 7
internal_value=-0.000157209 0.0773578 0.0703612 0.0152057 0.00397249 0.0828424 0.0675045 0.0123753 0.00715848 -0.0845375 -0.0845375 0.0849856 -0.0845375 0.0849856
internal_weight=108.739 56.6749 29.5606 5.45489 4.78566 24.1057 2.95545 3.48323 2.61832 52.0637 29.1557 27.1143 22.908 9.66396
internal_count=1990 965 474 37 29 437 54 19 14 1025 574 491 451 175
is_linear=0
shrinkage=0.08


Tree=28
num_leaves=15
num_cat=0
split_feature=6 10 10 14 11 6 2 1 1 1 1 0 1 1
split_gain=101.788 0.48926 3.1654 0.766457 0.95097 0.113688 1.12744 0.112072 0.000361741 1.14741e-05 7.10543e-15 3.55271e-15 3.55271e-15 3.55271e-15
threshold=0.58335000000000015 0.68500000000000016 0.67500000000000016 1.0000000180025095e-35 1.0000000180025095e-35 0.83335000000000015 1.0000000180025095e-35 15.500000000000002 13.500000000000002 15.500000000000002 14.500000000000002 2.5000000000000004 3.5000000000000004 24.500000000000004
decision_type=2 2 2 2 2 2 2 2 2 2 2 2 2 2
left_child=10 2 5 4 7 6 -2 8 -4 -6 -1 -3 -7 -12
right_child=1 11 3 -5 9 12 -8 -9 -10 -11 13 -13 -14 -15
leaf_value=-0.08416972075304506 -0.084169720753042798 0.084579400521871712 -0.0039692785658492803 0.091170271395462257 0.08731079929500371 0.084579400521870712 0.08457940052187167 -0.03486000110603641 -0.0057950809106292397 0.086664646578402477 -0.084169720753045074 0.08457940052187167 0.084579400521871712 -0.084169720753044616
leaf_weight=37.479857355356216 0.28251148760319411 16.182921871542931 1.6895284801721571 0.71744223684072483 0.30557908862829197 0.30727066844702022 2.4581653475761414 1.0893925875425337 1.1792314499616621 0.41441121697425842 10.452925041317936 8.9620611630380171 19.30684033408761 0.32959673553705293
leaf_count=796 6 316 7 7 4 6 48 7 5 7 222 175 377 7
internal_value=-0.000157319 0.0764966 0.0691727 0.0141761 0.00236824 0.0824468 0.0671846 -0.0130152 -0.00471979 0.0869389 -0.0841697 0.0845794 0.0845794 -0.0841697
internal_weight=101.158 52.8954 27.7504 5.39559 4.67814 22.3548 2.74068 3.95815 2.86876 0.71999 48.2624 25.145 19.6141 10.7825
internal_count=1990 965 474 37 30 437 54 19 12 11 1025 491 383 229
is_linear=0
shrinkage=0.08


Tree=29
num_leaves=15
num_cat=0
split_feature=6 10 10 14 1 1 6 2 1 1 1 1 1 0
split_gain=93.2972 0.497564 3.10869 0.706578 0.436711 0.110275 0.104435 1.03606 1.42109e-14 3.55271e-15 3.55271e-15 3.55271e-15 1.77636e-15 1.11022e-16
threshold=0.58335000000000015 0.68500000000000016 0.67500000000000016 1.0000000180025095e-35 17.500000000000004 14.500000000000002 0.83335000000000015 1.0000000180025095e-35 21.500000000000004 15.500000000000002 20.500000000000004 4.5000000000000009 11.500000000000002 3.5000000000000004
decision_type=2 2 2 2 2 2 2 2 2 2 2 2 2 2
left_child=8 2 6 4 5 -4 7 -2 -1 12 11 -8 -3 -10
right_child=1 9 3 -5 -6 -7 10 -9 13 -11 -12 -13 -14 -15
leaf_value=-0.083833118236091062 -0.083833118236088633 0.084208011330977814 0.0016582723256735148 0.090205699723474017 0.058161489741537516 -0.026390384015513572 0.084208011330977509 0.084208011330977911 -0.083833118236091062 0.084208011330977953 0.084208011330977953 0.084208011330977953 0.084208011330977953 -0.083833118236090659
leaf_weight=43.894377321004868 0.26179549098015487 2.2312990389764336 2.4584704190492626 0.66907498985528935 0.74892826378345478 1.4124990925192831 1.3767589814961017 2.2787734866142273 0.61085614562034507 11.821137461811302 0.42727002874016662 16.378684435039759 9.2575172893702966 0.2181629091501236
leaf_count=1006 6 47 13 7 8 9 29 48 14 249 9 345 195 5
internal_value=-0.000155556 0.0757199 0.0681136 0.01337 0.0022423 -0.00857655 0.0820852 0.066892 -0.0838331 0.084208 0.084208 0.084208 0.084208 -0.0838331
internal_weight=94.0456 49.3222 26.0123 5.28897 4.6199 3.87097 20.7233 2.54057 44.7234 23.31 18.1827 17.7554 11.4888 0.829019
internal_count=1990 965 474 37 30 22 437 54 1025 491 383 374 242 19
is_linear=0
shrinkage=0.08


Tree=30
num_leaves=12
num_cat=0
split_feature=6 10 10 11 6 2 1 1 1 1 1
split_gain=85.4966 0.512768 3.07684 0.641806 0.0959725 0.952432 0.0468849 0.0534518 0.0425971 2.32446e-08 3.55271e-15
threshold=0.58335000000000015 0.68500000000000016 0.67500000000000016 1.0000000180025095e-35 0.83335000000000015 1.0000000180025095e-35 12.500000000000002 14.500000000000002 15.500000000000002 16.500000000000004 10.500000000000002
decision_type=2 2 2 2 2 2 2 2 2 2 2
left_child=-1 2 4 6 5 -2 -4 -8 -9 -5 -3
right_child=1 10 3 9 -6 -7 7 8 -10 -11 -12
leaf_value=-0.083524876572639559 -0.08352487657263695 0.083868175847389606 0.019776342114786981 0.086298002350062908 0.083868175847389995 0.083868175847389953 -0.013094767469236254 0.02120783423290264 -0.0020093731491027753 0.086328059988709058 0.083868175847389995
leaf_weight=41.431064624339342 0.2425233051180905 0.74791152402758854 0.77452792227268119 0.32505534216761578 16.850006688386202 2.1117501854896545 1.5742520764470103 0.78173991292715106 1.4325729086995123 0.33370476216077805 20.853533081710339
leaf_count=1025 6 17 4 5 383 48 7 4 11 6 474
internal_value=-0.000155005 0.0748892 0.0669486 0.0124981 0.0817542 0.0666243 0.00184158 -0.00182497 0.00618722 0.0863132 0.0838682
internal_weight=87.4586 46.0276 24.4261 5.22185 19.2043 2.35427 4.56309 3.78856 2.21431 0.65876 21.6014
internal_count=1990 965 474 37 437 54 26 22 15 11 491
is_linear=0
shrinkage=0.08


Tree=31
num_leaves=14
num_cat=0
split_feature=6 10 10 1 1 6 2 1 1 0 10 0 0
split_gain=78.3474 0.530352 3.04851 0.390449 0.16121 0.0882282 0.875851 0.03092 0.00647349 7.10543e-15 7.10543e-15 3.55271e-15 2.22045e-16
threshold=0.58335000000000015 0.68500000000000016 0.67500000000000016 17.500000000000004 15.500000000000002 0.83335000000000015 1.0000000180025095e-35 12.500000000000002 13.500000000000002 2.5000000000000004 0.71500000000000008 2.5000000000000004 3.5000000000000004
decision_type=2 2 2 2 2 2 2 2 2 2 2 2 2
left_child=9 2 5 4 7 6 -2 -4 -9 -1 -3 -7 -11
right_child=1 10 3 -5 -6 11 -8 8 -10 12 -12 -13 -14
leaf_value=-0.08324242474301656 -0.083242424743014493 0.083556989544121038 0.023186290708720605 0.06044621012927838 -0.028185780211553477 0.083556989544121121 0.083556989544121066 0.0010113934851409259 0.0090936569468650433 -0.083242424743016574 0.083556989544121121 0.0835569895441204 -0.083242424743016394
leaf_weight=36.910251423716545 0.22460599243641355 3.3828653581440475 0.82980280742049162 0.87238457426428784 0.9083239585161208 15.406302474439142 1.95635586977005 1.1643271297216418 1.3930910304188726 0.93585830181836971 16.629024893045425 0.20378706976771432 0.52408064901828766
leaf_count=986 6 83 5 10 8 378 48 6 8 25 408 5 14
internal_value=-0.000154601 0.0740374 0.0657398 0.0116519 0.0017423 0.0814512 0.0663792 0.00976787 0.00541401 -0.0832424 0.083557 0.083557 -0.0832424
internal_weight=81.3411 42.9709 22.959 5.16793 4.29554 17.7911 2.18096 3.38722 2.55742 38.3702 20.0119 15.6101 1.45994
internal_count=1990 965 474 37 27 437 54 19 14 1025 491 383 39
is_linear=0
shrinkage=0.08


Tree=32
num_leaves=13
num_cat=0
split_feature=6 10 10 1 1 6 2 1 1 0 1 1
split_gain=71.7878 0.55087 3.02517 0.343165 0.13695 0.0811359 0.805675 0.0265733 0.00550875 7.10543e-15 3.55271e-15 2.22045e-16
threshold=0.58335000000000015 0.68500000000000016 0.67500000000000016 17.500000000000004 15.500000000000002 0.83335000000000015 1.0000000180025095e-35 12.500000000000002 13.500000000000002 2.5000000000000004 16.500000000000004 23.500000000000004
decision_type=2 2 2 2 2 2 2 2 2 2 2 2
left_child=9 2 5 4 7 6 -2 -4 -9 -1 -7 -8
right_child=1 -3 3 -5 -6 10 11 8 -10 -11 -12 -13
leaf_value=-0.08298344757582149 -0.082983447575819269 0.083271854782138083 0.021522299305489895 0.05733481426401154 -0.026020389369386374 0.083271854782138083 0.083271854782138027 0.00093067167228130711 0.008391779488209768 -0.08298344757582149 0.083271854782137972 0.08327185478213768
leaf_weight=34.174470171332359 0.20795823633671262 18.533987060189247 0.82274562865495626 0.84721577912569035 0.90533164143562306 13.022862598299978 1.585391968488693 1.1640987098217013 1.3890153542160986 1.3517285361886013 1.4344022572040565 0.22648456692695629
leaf_count=986 6 491 5 10 8 345 42 6 8 39 38 6
internal_value=-0.000155388 0.0731531 0.0644729 0.0108152 0.00160937 0.0811735 0.0661545 0.00901906 0.00498987 -0.0829834 0.0832719 0.0832719
internal_weight=75.6657 40.1395 21.6055 5.12841 4.28119 16.4771 2.01983 3.37586 2.55311 35.5262 14.4573 1.81188
internal_count=1990 965 474 37 27 437 54 19 14 1025 383 48
is_linear=0
shrinkage=0.08


Tree=33
num_leaves=15
num_cat=0
split_feature=6 10 10 1 1 6 2 1 1 0 1 1 1 10
split_gain=65.7768 0.572036 2.99754 0.300926 0.116295 0.0746364 0.741331 0.0228193 0.00468607 7.10543e-15 3.55271e-15 3.55271e-15 1.77636e-15 1.77636e-15
threshold=0.58335000000000015 0.68500000000000016 0.67500000000000016 17.500000000000004 15.500000000000002 0.83335000000000015 1.0000000180025095e-35 12.500000000000002 13.500000000000002 2.5000000000000004 14.500000000000002 14.500000000000002 25.500000000000004 0.52500000000000013
decision_type=2 2 2 2 2 2 2 2 2 2 2 2 2 2
left_child=9 2 5 4 7 6 -2 -4 -9 -1 -3 13 -12 -7
right_child=1 10 3 -5 -6 11 -8 8 -10 -11 12 -13 -14 -15
leaf_value=-0.082745860975693294 -0.082745860975692642 0.083010439710657594 0.01996859366994631 0.054288801487655587 -0.024010637531848223 0.083010439710657649 0.08301043971065758 0.00085637466946155056 0.0077424713866598429 -0.082745860975693294 0.083010439710657649 0.083010439710657566 0.083010439710657163 0.083010439710657441
leaf_weight=31.633912436664104 0.19249845296144541 6.7454548366367844 0.81610590219497625 0.82415083423256863 0.90273520722985257 10.520113501697775 1.6776260733604431 1.1638881936669352 1.3852269947528837 1.2512399442493904 10.100706983357664 2.0970325917005548 0.31455488875508386 0.76891195029020387
leaf_count=986 6 193 5 10 8 301 48 6 8 39 289 60 9 22
internal_value=-0.000156147 0.0722525 0.0631797 0.0100322 0.0014862 0.080919 0.0659486 0.00832584 0.00459838 -0.0827459 0.0830104 0.0830104 0.0830104 0.0830104
internal_weight=70.3942 37.509 20.3483 5.09211 4.26796 15.2562 1.87012 3.36522 2.54912 32.8852 17.1607 13.3861 10.4153 11.289
internal_count=1990 965 474 37 27 437 54 19 14 1025 491 383 298 323
is_linear=0
shrinkage=0.08


Tree=34
num_leaves=14
num_cat=0
split_feature=6 10 10 1 1 6 2 1 1 0 0 1 1
split_gain=60.2663 0.593742 2.96562 0.263302 0.0987197 0.0686769 0.682301 0.0195801 0.00398485 7.10543e-15 3.55271e-15 2.22045e-16 5.55112e-17
threshold=0.58335000000000015 0.68500000000000016 0.67500000000000016 17.500000000000004 15.500000000000002 0.83335000000000015 1.0000000180025095e-35 12.500000000000002 13.500000000000002 3.5000000000000004 2.5000000000000004 23.500000000000004 24.500000000000004
decision_type=2 2 2 2 2 2 2 2 2 2 2 2 2
left_child=9 2 5 4 7 6 -2 -4 -9 -1 -7 -8 -11
right_child=1 -3 3 -5 -6 10 11 8 -10 12 -12 -13 -14
leaf_value=-0.082527801050092844 -0.082527801050092137 0.082770632276142994 0.018518662378064387 0.051316260098790832 -0.022147433214096401 0.082770632276142994 0.082770632276142939 0.00078800585316258684 0.0071419948456893333 -0.082527801050092858 0.082770632276142092 0.082770632276142508 -0.082527801050092317
leaf_weight=30.018092030659322 0.1781489141285425 15.885369993746279 0.80987162515520994 0.80303773656487454 0.9004840813577174 12.229470178484915 1.3588300198316572 1.1636941358447077 1.381708852946758 0.26722337119281192 0.16176547855138856 0.19411857426166546 0.14845742844045162
leaf_count=1011 6 491 5 10 8 378 42 6 8 9 5 6 5
internal_value=-0.000156872 0.0713318 0.0618585 0.00930031 0.00137214 0.0806854 0.0657596 0.00768429 0.00423711 -0.0825278 0.0827706 0.0827706 -0.0825278
internal_weight=65.5003 35.0665 19.1811 5.0588 4.25576 14.1223 1.7311 3.35527 2.5454 30.4338 12.3912 1.55295 0.415681
internal_count=1990 965 474 37 27 437 54 19 14 1025 383 48 14
is_linear=0
shrinkage=0.08


Tree=35
num_leaves=15
num_cat=0
split_feature=6 10 10 1 1 6 2 1 1 1 1 1 1 1
split_gain=55.2129 0.615863 2.9294 0.229888 0.0837745 0.0632094 0.628121 0.0167877 0.00338746 3.55271e-15 3.55271e-15 1.77636e-15 1.77636e-15 4.44089e-16
threshold=0.58335000000000015 0.68500000000000016 0.67500000000000016 17.500000000000004 15.500000000000002 0.83335000000000015 1.0000000180025095e-35 12.500000000000002 13.500000000000002 9.5000000000000018 14.500000000000002 25.500000000000004 21.500000000000004 21.500000000000004
decision_type=2 2 2 2 2 2 2 2 2 2 2 2 2 2
left_child=9 2 5 4 7 6 -2 -4 -9 -1 -7 12 -3 -8
right_child=1 11 3 -5 -6 10 13 8 -10 -11 -12 -13 -14 -15
leaf_value=-0.082327562289870912 -0.082327562289870149 0.082550535697522812 0.017166351362756724 0.048425033033042117 -0.020421822681053206 0.082550535697522798 0.082550535697522728 0.00072507803284049756 0.0065868753644500299 -0.082327562289870926 0.082550535697522728 0.082550535697522257 0.082550535697522687 0.082550535697522534
leaf_weight=12.527529537677767 0.16483591496944483 13.084681799635286 0.80402889847755377 0.78372754156589497 0.89853321388363827 9.6712865475565177 1.1078563537448642 1.1635152846574786 1.3784441649913786 15.631939269602297 1.7965238168835647 0.26947857253253538 1.3473928626626737 0.32936269976198684
leaf_count=456 6 437 5 10 8 323 37 6 8 569 60 9 45 11
internal_value=-0.000157563 0.0703878 0.0605077 0.00861689 0.00126654 0.0804711 0.0655862 0.00709074 0.00390379 -0.0823276 0.0825505 0.0825505 0.0825505 0.0825505
internal_weight=60.9591 32.7997 18.0981 5.02825 4.24452 13.0699 1.60205 3.34599 2.54196 28.1595 11.4678 14.7016 14.4321 1.43722
internal_count=1990 965 474 37 27 437 54 19 14 1025 383 491 482 48
is_linear=0
shrinkage=0.08


Tree=36
num_leaves=15
num_cat=0
split_feature=6 10 10 1 1 6 2 1 1 1 13 1 1 1
split_gain=50.5774 0.638261 2.88895 0.200301 0.071072 0.0581909 0.578369 0.0143825 0.00287873 3.55271e-15 3.55271e-15 1.77636e-15 1.77636e-15 2.22045e-16
threshold=0.58335000000000015 0.68500000000000016 0.67500000000000016 17.500000000000004 15.500000000000002 0.83335000000000015 1.0000000180025095e-35 12.500000000000002 13.500000000000002 17.500000000000004 1.0000000180025095e-35 26.500000000000004 20.500000000000004 21.500000000000004
decision_type=2 2 2 2 2 2 2 2 2 2 2 2 2 2
left_child=10 2 5 4 7 6 -2 -4 -9 -7 -1 12 -3 -8
right_child=1 11 3 -5 -6 9 13 8 -10 -11 -12 -13 -14 -15
leaf_value=-0.082143614798035336 -0.082143614798032588 0.082348443806913724 0.01590585453111637 0.045622375255172001 -0.018825039511917625 0.08234844380691371 0.08234844380691364 0.00066717516021158683 0.0060738410034994281 0.082348443806913502 -0.082143614798035308 0.082348443806912947 0.082348443806913627 0.082348443806913404
leaf_weight=17.332987789064646 0.15248962864280158 11.580725334584708 0.79856214299797956 0.76607664301991452 0.89684297516942013 9.9184202626347524 1.0250881277024744 1.1633505225181582 1.3754170089960096 0.69262711331248361 8.7173237707465905 0.19393559172749597 1.8285355791449553 0.30475592985749256
leaf_count=682 6 418 5 10 8 358 37 6 8 25 343 7 66 11
internal_value=-0.000158206 0.0694172 0.0591265 0.00797944 0.00116881 0.0802743 0.0654269 0.00654177 0.00359632 0.0823484 -0.0821436 0.0823484 0.0823484 0.0823484
internal_weight=56.7471 30.6968 17.0936 5.00025 4.23417 12.0934 1.48233 3.33733 2.53877 10.611 26.0503 13.6032 13.4093 1.32984
internal_count=1990 965 474 37 27 437 54 19 14 383 1025 491 484 48
is_linear=0
shrinkage=0.08


Tree=37
num_leaves=15
num_cat=0
split_feature=6 10 10 6 2 1 1 1 1 1 10 12 1 1
split_gain=46.3244 0.660782 2.84434 0.0535824 0.532664 0.0161395 0.161675 0.07304 3.55271e-15 3.55271e-15 3.55271e-15 1.77636e-15 8.88178e-16 2.22045e-16
threshold=0.58335000000000015 0.68500000000000016 0.67500000000000016 0.83335000000000015 1.0000000180025095e-35 14.500000000000002 17.500000000000004 15.500000000000002 7.5000000000000009 21.500000000000004 0.77500000000000013 2.5000000000000004 6.5000000000000009 22.500000000000004
decision_type=2 2 2 2 2 2 2 2 2 2 2 2 2 2
left_child=8 2 3 4 -2 -4 7 -7 12 11 -3 -5 -1 -6
right_child=1 10 5 9 13 6 -8 -9 -10 -11 -12 -13 -14 -15
leaf_value=-0.08197456518678177 -0.081974565186778869 0.082162798542991175 0.002967463361284724 0.082162798542991189 0.082162798542991106 0.016312593531221494 0.042914685396053295 -0.017348611026801627 -0.081974565186781839 0.082162798542990217 0.082162798542991147 0.082162798542990828 -0.081974565186781798 0.082162798542990662
leaf_weight=4.0667736660689142 0.14104417338967734 6.7408097870647889 2.5641978681087485 9.2269639670848811 1.0508486740291116 0.76506756991148017 0.74994836747646321 0.89537832885980606 17.395448051393032 0.15378273278474885 5.8437438458204269 0.43571774289012033 2.632824569940567 0.17941318824887287
leaf_count=173 6 263 15 360 41 4 10 8 740 6 228 17 112 7
internal_value=-0.000158799 0.0684174 0.0577148 0.0800935 0.0652806 0.00738546 0.0120854 -0.00183886 -0.0819746 0.0821628 0.0821628 0.0821628 -0.0819746 0.0821628
internal_weight=52.842 28.7469 16.1624 11.1878 1.37131 4.97459 2.41039 1.66045 24.095 9.81646 12.5846 9.66268 6.6996 1.23026
internal_count=1990 965 474 437 54 37 22 12 1025 383 491 377 285 48
is_linear=0
shrinkage=0.08


Tree=38
num_leaves=14
num_cat=0
split_feature=6 10 10 6 2 1 1 1 0 1 1 1 1
split_gain=42.4208 0.683476 2.79618 0.0493487 0.490661 0.0139318 0.140333 0.0620384 1.77636e-15 1.77636e-15 1.77636e-15 1.77636e-15 2.22045e-16
threshold=0.58335000000000015 0.68500000000000016 0.67500000000000016 0.83335000000000015 1.0000000180025095e-35 14.500000000000002 17.500000000000004 15.500000000000002 2.5000000000000004 26.500000000000004 22.500000000000004 21.500000000000004 23.500000000000004
decision_type=2 2 2 2 2 2 2 2 2 2 2 2 2
left_child=-1 2 3 4 -2 -4 7 -7 11 10 -3 -5 -6
right_child=1 9 5 8 12 6 -8 -9 -10 -11 -12 -13 -14
leaf_value=-0.081819163087030675 -0.081819163087029703 0.081992202182584364 0.0027325570718856763 0.081992202182584337 0.081992202182584253 0.015095214736233042 0.040307324757555003 -0.015984379019029292 0.081992202182583102 0.081992202182583448 0.081992202182584142 0.081992202182583102 0.081992202182583754
leaf_weight=22.283063502982259 0.13043744489550646 10.66820472478866 2.5619582943618289 8.8427563607692683 0.99569910764694214 0.76080995053052924 0.73521390929818142 0.89410891756415367 0.11853560805320817 0.16594985127449113 0.80604213476181108 0.11853560805320817 0.14224272966384888
leaf_count=1025 6 450 15 373 42 4 10 8 5 7 34 5 6
internal_value=-0.000159336 0.0673833 0.056269 0.0799274 0.0651462 0.00683106 0.0112242 -0.00169627 0.0819922 0.0819922 0.0819922 0.0819922 0.0819922
internal_weight=49.2236 26.9405 15.3003 10.3482 1.26838 4.95209 2.39013 1.65492 9.07983 11.6402 11.4742 8.96129 1.13794
internal_count=1990 965 474 437 54 37 22 12 383 491 484 378 48
is_linear=0
shrinkage=0.08


Tree=39
num_leaves=12
num_cat=0
split_feature=6 10 10 6 2 1 1 1 0 1 1
split_gain=38.8384 0.705933 2.74403 0.0454578 0.452046 0.0120075 0.121595 0.0526801 3.55271e-15 1.77636e-15 1.77636e-15
threshold=0.58335000000000015 0.68500000000000016 0.67500000000000016 0.83335000000000015 1.0000000180025095e-35 14.500000000000002 17.500000000000004 15.500000000000002 2.5000000000000004 25.500000000000004 23.500000000000004
decision_type=2 2 2 2 2 2 2 2 2 2 2
left_child=8 2 3 4 -2 -4 7 -7 -1 10 -3
right_child=1 9 5 -5 -6 6 -8 -9 -10 -11 -12
leaf_value=-0.081676248988148348 -0.081676248988147307 0.081835381976763377 0.0025160726147954822 0.081835381976763322 0.08183538197676328 0.013964001202261569 0.037804545455202322 -0.014724551328879565 -0.081676248988148362 0.081835381976762614 0.081835381976763044
leaf_weight=19.820419430732731 0.12061107158660944 10.085346847772593 2.5598906502127639 8.3971474841237068 1.0523840188980103 0.75681924074888252 0.72175307571887959 0.89300819113850594 0.78397196531295676 0.1973220035433777 0.48234267532825548
leaf_count=986 6 460 15 383 48 4 10 8 39 9 22
internal_value=-0.000159798 0.0663151 0.0547939 0.0797747 0.0650226 0.00631566 0.0104169 -0.00156436 -0.0816762 0.0818354 0.0818354
internal_weight=45.871 25.2666 14.5016 9.57014 1.173 4.93147 2.37158 1.64983 20.6044 10.765 10.5677
internal_count=1990 965 474 437 54 37 22 12 1025 491 482
is_linear=0
shrinkage=0.08


Tree=40
num_leaves=12
num_cat=0
split_feature=6 10 10 6 2 1 1 1 1 1 1
split_gain=35.5505 0.727962 2.68808 0.0418808 0.416535 0.0103342 0.105184 0.0447226 1.77636e-15 1.77636e-15 1.77636e-15
threshold=0.58335000000000015 0.68500000000000016 0.67500000000000016 0.83335000000000015 1.0000000180025095e-35 14.500000000000002 17.500000000000004 15.500000000000002 26.500000000000004 23.500000000000004 22.500000000000004
decision_type=2 2 2 2 2 2 2 2 2 2 2
left_child=-1 2 3 4 -2 -4 7 -7 9 10 -3
right_child=1 8 5 -5 -6 6 -8 -9 -10 -11 -12
leaf_value=-0.081544778041586455 -0.081544778041584567 0.0816911646887436 0.002316585062073342 0.081691164688743531 0.081691164688743462 0.012913346471254122 0.035409430136570934 -0.013561729554647415 0.081691164688742518 0.081691164688743254 0.081691164688742837
leaf_weight=19.04967101290822 0.11151026934385455 9.1229841113090444 2.5579822696745387 7.7646731436252594 0.97311830520629883 0.75308519601821922 0.7094544731080531 0.8920530267059803 0.14191308617591936 0.48655915260315019 0.20273298025131303
leaf_count=1025 6 450 15 383 48 4 10 8 7 24 10
internal_value=-0.000160183 0.0652111 0.0532908 0.0796342 0.0649089 0.0058369 0.00966131 -0.00144239 0.0816912 0.0816912 0.0816912
internal_weight=42.7657 23.7161 13.7619 8.8493 1.08463 4.91257 2.35459 1.64514 9.95419 9.81228 9.32572
internal_count=1990 965 474 437 54 37 22 12 491 484 460
is_linear=0
shrinkage=0.08


Tree=41
num_leaves=11
num_cat=0
split_feature=6 10 10 6 2 1 1 1 1 4
split_gain=32.5327 0.749362 2.62854 0.0385911 0.383868 0.0107815 0.113457 0.0196731 0.000831504 1.77636e-15
threshold=0.58335000000000015 0.68500000000000016 0.67500000000000016 0.83335000000000015 1.0000000180025095e-35 12.500000000000002 17.500000000000004 15.500000000000002 13.500000000000002 1.5000000000000002
decision_type=2 2 2 2 2 2 2 2 2 2
left_child=-1 2 3 4 -2 -4 7 8 -7 -3
right_child=1 9 5 -5 -6 6 -8 -9 -10 -11
leaf_value=-0.081423808114923932 -0.081423808114921919 0.081558499737305293 0.013950699877125709 0.081558499737305251 0.081558499737305182 -0.00022833340468682661 0.033123944965759183 -0.012488912977792704 0.0026891943415558758 0.08155849973730496
leaf_weight=17.610127618536353 0.1030836738646046 8.7533632982522214 0.79005109891295333 7.1788825336843729 0.89970329403877258 1.160778775811196 0.69821547344326962 0.89122360199689854 1.3549880683422086 0.44985164701938707
leaf_count=1025 6 467 5 383 48 6 10 8 8 24
internal_value=-0.00016048 0.0640697 0.0517615 0.079505 0.0648044 0.00539252 0.00374549 -0.00227521 0.00134304 0.0815585
internal_weight=39.8903 22.2801 13.0769 8.18167 1.00279 4.89526 4.10521 3.40699 2.51577 9.20321
internal_count=1990 965 474 437 54 37 32 22 14 491
is_linear=0
shrinkage=0.08


Tree=42
num_leaves=14
num_cat=0
split_feature=6 10 10 1 1 6 2 1 1 1 1 1 1
split_gain=29.7637 0.769726 2.56531 0.0843816 0.343391 0.0355649 0.353809 0.0263758 0.012749 0.000704772 1.77636e-15 8.88178e-16 1.11022e-16
threshold=0.58335000000000015 0.68500000000000016 0.67500000000000016 17.500000000000004 19.500000000000004 0.83335000000000015 1.0000000180025095e-35 15.500000000000002 12.500000000000002 13.500000000000002 25.500000000000004 15.500000000000002 21.500000000000004
decision_type=2 2 2 2 2 2 2 2 2 2 2 2 2
left_child=-1 2 5 7 -5 6 -2 8 -4 -10 -3 -7 -13
right_child=1 10 3 4 -6 11 -8 -9 9 -11 -12 12 -14
leaf_value=-0.081312468038189964 -0.081312468038187688 0.081436436436436457 0.012911944652821868 -0.025662532895061135 0.087379241701497495 0.08143643643643643 0.081436436436436332 -0.011499507340726287 -0.00021005545351472581 0.0024765048137153087 0.081436436436435514 0.081436436436436332 0.081436436436435666
leaf_weight=16.277553513646126 0.095283240079881426 8.3519064188003505 0.78551727160811458 0.34341942891478527 0.34452248364686966 5.7700930237770081 0.83172512054443359 0.8905026726424693 1.1608316823840144 1.3537053763866422 0.15594846010208208 0.76241469383239735 0.1039656400680542
leaf_count=1025 6 482 5 3 7 333 48 8 6 8 9 44 6
internal_value=-0.000160661 0.0628925 0.0502121 0.00498144 0.030949 0.0793862 0.0647082 0.00071848 0.00401544 0.00123626 0.0814364 0.0814364 0.0814364
internal_weight=37.2274 20.9498 12.442 4.8785 0.687942 7.56348 0.927008 4.19056 3.30005 2.51454 8.50785 6.63647 0.86638
internal_count=1990 965 474 37 10 437 54 27 19 14 491 383 50
is_linear=0
shrinkage=0.08


Tree=43
num_leaves=15
num_cat=0
split_feature=6 10 10 1 1 6 2 1 1 1 1 1 1 10
split_gain=27.2327 0.785482 2.4927 0.0751401 0.315551 0.0327802 0.326143 0.0223497 0.0108787 0.000597292 1.77636e-15 8.88178e-16 8.88178e-16 1.11022e-16
threshold=0.58335000000000015 0.68500000000000016 0.67500000000000016 17.500000000000004 19.500000000000004 0.83335000000000015 1.0000000180025095e-35 15.500000000000002 12.500000000000002 13.500000000000002 24.500000000000004 18.500000000000004 4.5000000000000009 0.52500000000000013
decision_type=2 2 2 2 2 2 2 2 2 2 2 2 2 2
left_child=10 2 5 7 -5 6 -2 8 -4 -10 -1 12 -7 -8
right_child=1 -3 3 4 -6 11 13 -9 9 -11 -12 -13 -14 -15
leaf_value=-0.081209974574340718 -0.081209974574338248 0.081324094107987757 0.011945957655608342 -0.023574964400207267 0.086796019566629717 0.081324094107987591 0.081324094107987618 -0.010587335410726227 -0.00019324215325998881 0.0022804661529648774 -0.081209974574339303 0.081324094107987493 0.081324094107987743 0.081324094107987396
leaf_weight=14.94152849540114 0.088064018636943575 7.8641490917652837 0.78129569813609157 0.34390201978385437 0.32008439674973488 0.46448131091892708 0.54456429556012154 0.88987531885504711 1.1608803644776347 1.3525219932198522 0.10274135507643301 0.27228214778006066 5.3975931648164988 0.22423235699534416
leaf_count=1018 6 491 5 3 7 29 34 8 6 8 7 17 337 14
internal_value=-0.000158639 0.0617254 0.0487076 0.00462953 0.029631 0.0792768 0.0646196 0.000662425 0.00370091 0.00113792 -0.08121 0.0813241 0.0813241 0.0813241
internal_weight=34.7482 19.7039 11.8398 4.84856 0.663986 6.99122 0.856861 4.18457 3.2947 2.5134 15.0443 6.13436 5.86207 0.768797
internal_count=1990 965 474 37 10 437 54 27 19 14 1025 383 366 48
is_linear=0
shrinkage=0.08


Tree=44
num_leaves=14
num_cat=0
split_feature=6 10 10 6 2 1 1 1 1 0 0 0 1
split_gain=24.9097 0.800203 2.41849 0.0302172 0.300675 0.00877892 0.0582463 0.290314 0.0283085 1.77636e-15 1.77636e-15 8.88178e-16 8.88178e-16
threshold=0.58335000000000015 0.68500000000000016 0.67500000000000016 0.83335000000000015 1.0000000180025095e-35 14.500000000000002 17.500000000000004 19.500000000000004 15.500000000000002 3.5000000000000004 2.5000000000000004 2.5000000000000004 21.500000000000004
decision_type=2 2 2 2 2 2 2 2 2 2 2 2 2
left_child=9 2 3 4 -2 -4 8 -8 -7 10 -1 12 -5
right_child=1 -3 5 11 -6 6 7 -9 -10 -11 -12 -13 -14
leaf_value=-0.081115597515532753 -0.081115597515530061 0.08122067613920296 0.0010688345165106839 0.08122067613920296 0.081220676139202849 0.011373831628906084 -0.021659256762580254 0.086260033074193693 -0.0097465920845806152 -0.081115597515531962 -0.081115597515532309 0.081220676139202003 0.081220676139202003
leaf_weight=13.37411768175661 0.081384083256127115 7.2683931635692707 2.542154710739851 5.5216102851554751 0.71055574715137482 0.74756985902786277 0.34435417130589474 0.29723641462624073 0.88932882621884346 0.18989619426429349 0.33910034690052349 0.074016223661601432 0.074016223661601432
leaf_count=986 6 491 15 373 48 4 3 7 8 14 25 5 5
internal_value=-0.00015653 0.0605198 0.0471836 0.079176 0.0645381 0.0043009 0.00790698 0.0283376 -0.000100917 -0.0811156 -0.0811156 0.0812207 0.0812207
internal_weight=32.4537 18.5506 11.2822 6.46158 0.79194 4.82064 2.27849 0.641591 1.6369 13.9031 13.7132 5.66964 5.59563
internal_count=1990 965 474 437 54 37 22 10 12 1025 1011 383 378
is_linear=0
shrinkage=0.08


Tree=45
num_leaves=14
num_cat=0
split_feature=6 10 10 6 2 1 1 1 1 0 0 1 1
split_gain=22.7777 0.813868 2.34312 0.0278577 0.277223 0.00765353 0.051847 0.267381 0.0240251 1.77636e-15 8.88178e-16 4.44089e-16 1.11022e-16
threshold=0.58335000000000015 0.68500000000000016 0.67500000000000016 0.83335000000000015 1.0000000180025095e-35 14.500000000000002 17.500000000000004 19.500000000000004 15.500000000000002 2.5000000000000004 2.5000000000000004 26.500000000000004 23.500000000000004
decision_type=2 2 2 2 2 2 2 2 2 2 2 2 2
left_child=-1 2 3 4 -2 -4 8 -8 -7 -3 -5 -11 -6
right_child=1 9 5 10 12 6 7 -9 -10 11 -12 -13 -14
leaf_value=-0.081028680149317134 -0.081028680149314275 0.081125448046241999 0.00098365769447001684 0.081125448046241985 0.08112544804624186 0.01050964149004688 -0.019900951221185983 0.085767291647191796 -0.0089718864276525506 0.081125448046241944 0.081125448046240931 0.081125448046241236 0.081125448046241
leaf_weight=12.84740057308227 0.075204296037556406 4.3230400532484046 2.5413342677056789 5.1712314561009407 0.57458127290010452 0.74445298314094566 0.34477808140218247 0.27589604631066322 0.88885209709405899 2.2983250916004185 0.06840253248810757 0.095763545483350643 0.082083038985729218
leaf_count=1025 6 316 15 378 42 4 3 7 8 168 5 7 6
internal_value=-0.000154335 0.059273 0.0456399 0.0790833 0.064463 0.00399359 0.00738725 0.0270697 -9.22951e-05 0.0811254 0.0811254 0.0811254 0.0811254
internal_weight=30.3313 17.4839 10.7668 5.9715 0.731869 4.79531 2.25398 0.620674 1.63331 6.71713 5.23963 2.39409 0.656664
internal_count=1990 965 474 437 54 37 22 10 12 491 383 175 48
is_linear=0
shrinkage=0.08


Tree=46
num_leaves=14
num_cat=0
split_feature=6 10 10 6 2 1 1 1 13 1 1 0 0
split_gain=20.8215 0.826138 2.26653 0.0256851 0.255624 0.00748622 0.0611559 0.246496 0.00997117 0.0154867 0.0129321 1.77636e-15 5.55112e-17
threshold=0.58335000000000015 0.68500000000000016 0.67500000000000016 0.83335000000000015 1.0000000180025095e-35 12.500000000000002 17.500000000000004 19.500000000000004 1.0000000180025095e-35 13.500000000000002 15.500000000000002 2.5000000000000004 3.5000000000000004
decision_type=2 2 2 2 2 2 2 2 2 2 2 2 2
left_child=11 2 3 4 -2 -4 8 -8 9 -7 -11 -1 -13
right_child=1 -3 5 -5 -6 6 7 -9 -10 10 -12 12 -14
leaf_value=-0.080948608235024574 -0.080948608235021466 0.081037757289815174 0.010893562480824168 0.08103775728981516 0.081037757289815035 0.011012343732892281 -0.018286877341759166 0.085314152318662947 -0.010009189807038932 -0.0082422251960485703 0.0050251790224362779 -0.080948608235024089 -0.080948608235024089
leaf_weight=11.419226827099919 0.069488195702435251 6.2071291087195268 0.77669227123260487 4.8418135410174727 0.6068069189786911 0.66510666906833771 0.34517560154199589 0.25598188117146492 0.74831262603402127 1.2123865298926828 0.76806691288948048 0.28953414876014072 0.16213912330567837
leaf_count=986 6 491 5 383 48 4 3 7 5 6 7 25 14
internal_value=-0.000152041 0.0579876 0.0440831 0.0789979 0.0643939 0.00370703 0.00230987 0.025828 -0.00185591 0.000450299 -0.00309681 -0.0809486 -0.0809486
internal_weight=28.3679 16.497 10.2898 5.51811 0.676295 4.77172 3.99503 0.601157 3.39387 2.64556 1.98045 11.8709 0.451673
internal_count=1990 965 474 437 54 37 32 10 22 17 13 1025 39
is_linear=0
shrinkage=0.08


Tree=47
num_leaves=15
num_cat=0
split_feature=6 10 10 6 2 1 1 1 1 1 0 0 0 1
split_gain=19.0264 0.837206 2.18941 0.0236841 0.235729 0.00634436 0.0538531 0.227435 0.00868423 0.000489174 1.77636e-15 1.77636e-15 8.88178e-16 8.88178e-16
threshold=0.58335000000000015 0.68500000000000016 0.67500000000000016 0.83335000000000015 1.0000000180025095e-35 12.500000000000002 17.500000000000004 19.500000000000004 15.500000000000002 13.500000000000002 3.5000000000000004 2.5000000000000004 2.5000000000000004 21.500000000000004
decision_type=2 2 2 2 2 2 2 2 2 2 2 2 2 2
left_child=10 2 3 4 -2 -4 8 -8 9 -7 11 -1 -3 -5
right_child=1 12 5 13 -6 6 7 -9 -10 -11 -12 -13 -14 -15
leaf_value=-0.080874847456730209 -0.080874847456731319 0.080956976786368456 0.010070791868089473 0.08095697678636847 0.080956976786368359 -0.00050496709801490928 -0.016804998621888972 0.08489731523342052 -0.0085078404281053299 0.0017360144558786152 -0.080874847456729237 -0.080874847456729654 0.080956976786368456 0.080956976786367471
leaf_weight=10.550498886033889 0.064201818779109021 3.6912068165838727 0.77309126779437054 4.4037499045953155 0.56068964302539825 1.1588724181056034 0.34554826468229283 0.23741410486400127 0.88736439868807782 1.3491642773151395 0.14980424381792623 0.26750757824629623 2.0441809901967645 0.070086205378174671
leaf_count=986 6 316 5 377 48 6 3 7 8 8 14 25 175 6
internal_value=-0.000149538 0.0566581 0.0425098 0.0789192 0.0643303 0.00343936 0.00215071 0.0246137 -0.00170601 0.000700538 -0.0808748 -0.0808748 0.080957 0.080957
internal_weight=26.5534 15.5856 9.85018 5.09873 0.624891 4.75145 3.97836 0.582962 3.3954 2.50804 10.9678 10.818 5.73539 4.47384
internal_count=1990 965 474 437 54 37 32 10 22 14 1025 1011 491 383
is_linear=0
shrinkage=0.08


Tree=48
num_leaves=14
num_cat=0
split_feature=6 10 10 6 2 1 1 1 1 1 1 1 1
split_gain=17.3815 0.845986 2.11083 0.0218408 0.2174 0.00632452 0.0348174 0.0205834 1.77636e-15 8.88178e-16 1.11022e-16 5.55112e-17 5.55112e-17
threshold=0.58335000000000015 0.68500000000000016 0.67500000000000016 0.83335000000000015 1.0000000180025095e-35 14.500000000000002 17.500000000000004 15.500000000000002 23.500000000000004 26.500000000000004 23.500000000000004 21.500000000000004 18.500000000000004
decision_type=2 2 2 2 2 2 2 2 2 2 2 2 2
left_child=8 2 3 4 -2 -4 7 -7 -1 -3 11 12 -6
right_child=1 9 5 -5 10 6 -8 -9 -10 -11 -12 -13 -14
leaf_value=-0.080806882760671217 -0.080806882760672424 0.080882556924298549 0.00046768347246389688 0.080882556924298563 0.080882556924298271 0.010216724171833237 0.023428110222001114 -0.0078307319369339962 -0.08080688276067001 0.080882556924297619 0.080882556924297341 0.080882556924297092 0.080882556924297952
leaf_weight=10.014108860865234 0.059313576668499013 5.2235566414892682 2.533610638231039 4.1335169291123748 0.26981180999428034 0.74345578998327277 0.56601243373006571 0.88698233664035797 0.11862715333700258 0.075547306798398384 0.064754834398627281 0.053962361998856068 0.12950966879725456
leaf_count=1013 6 484 15 383 25 4 10 8 12 7 6 5 12
internal_value=-0.000147047 0.0553009 0.0409422 0.0788468 0.0642716 0.00319139 0.0063332 0.000398642 -0.0808069 0.0808826 0.0808826 0.0808826 0.0808826
internal_weight=24.8728 14.74 9.44093 4.71087 0.577352 4.73006 2.19645 1.63044 10.1327 5.2991 0.518039 0.453284 0.399321
internal_count=1990 965 474 437 54 37 22 12 1025 491 48 42 37
is_linear=0
shrinkage=0.08


Tree=49
num_leaves=14
num_cat=0
split_feature=6 10 10 6 2 1 1 13 1 1 1 1 3
split_gain=15.8676 0.855555 2.03512 0.0201427 0.20051 0.00575459 0.0410499 0.00845294 0.0128776 0.0146469 3.55271e-15 1.77636e-15 5.55112e-17
threshold=0.58335000000000015 0.68500000000000016 0.67500000000000016 0.83335000000000015 1.0000000180025095e-35 12.500000000000002 17.500000000000004 1.0000000180025095e-35 13.500000000000002 15.500000000000002 24.500000000000004 21.500000000000004 1.0000000180025095e-35
decision_type=2 2 2 2 2 2 2 2 2 2 2 2 2
left_child=10 2 3 4 -2 -4 7 8 -7 -10 -1 -3 -6
right_child=1 11 5 -5 12 6 -8 -9 9 -11 -12 -13 -14
leaf_value=-0.080744246532887781 -0.0807442465328891 0.080813981955121753 0.0092715776204936491 0.08081398195512178 0.080813981955121406 0.01016679982083204 0.021756719970800972 -0.0091217793152181502 -0.0081899344419226056 0.0059267983717805209 -0.080744246532885547 0.080813981955121655 0.080813981955121489
leaf_weight=9.2967293169349414 0.054794082418082257 4.3572477484121928 0.76959263905882824 3.8188235415145755 0.20938719157129526 0.66307067126035812 0.56095358077436674 0.74681539088487614 1.2124948129057882 0.76855100691318501 0.063926429487765613 0.53842420689761628 0.26921210344880819
leaf_count=1018 6 437 5 383 21 4 10 5 6 7 7 54 27
internal_value=-0.000146555 0.0538607 0.0393182 0.07878 0.0642175 0.00294265 0.00171015 -0.0016061 0.000516657 -0.00271332 -0.0807442 0.080814 0.080814
internal_weight=23.33 13.9694 9.0737 4.35222 0.533393 4.72148 3.95189 3.39093 2.64412 1.98105 9.36066 4.89567 0.478599
internal_count=1990 965 474 437 54 37 32 22 17 13 1025 491 48
is_linear=0
shrinkage=0.08


Tree=50
num_leaves=12
num_cat=0
split_feature=6 10 10 1 6 2 1 1 1 1 1
split_gain=14.48 0.86322 1.95889 0.0301038 0.0185779 0.184945 0.0109848 0.00018638 4.44089e-16 5.55112e-17 5.55112e-17
threshold=0.58335000000000015 0.68500000000000016 0.67500000000000016 17.500000000000004 0.83335000000000015 1.0000000180025095e-35 15.500000000000002 13.500000000000002 4.5000000000000009 21.500000000000004 16.500000000000004
decision_type=2 2 2 2 2 2 2 2 2 2 2
left_child=-1 2 4 6 5 -2 7 -4 -6 10 -7
right_child=1 -3 3 -5 8 9 -8 -9 -10 -11 -12
leaf_value=-0.080686510946619772 -0.080686510946621187 0.080750781845354197 0.0030185543985696674 0.020189328496621847 0.080750781845353822 0.080750781845353253 -0.0075299742401600958 0.0017921996084139006 0.080750781845354197 0.080750781845353434 0.080750781845353906
leaf_weight=8.6469066562131047 0.050616038963196774 4.5226682471111426 1.9238845854997637 0.55634217895567406 0.26712297182530198 0.082900232635438442 0.88560939580202092 1.3494591638445852 3.2607424836605787 0.10132250655442476 0.25791183486580849
leaf_count=1025 6 491 11 10 29 9 8 8 354 11 28
internal_value=-0.000145797 0.0523808 0.0376934 0.00271232 0.0787184 0.0641677 0.000374429 0.00251298 0.0807508 0.0807508 0.0807508
internal_weight=21.9055 13.2586 8.73591 4.7153 4.02062 0.492751 4.15895 3.27334 3.52787 0.442135 0.340812
internal_count=1990 965 474 37 437 54 27 19 383 48 37
is_linear=0
shrinkage=0.08


Tree=51
num_leaves=10
num_cat=0
split_feature=6 10 10 1 6 2 13 1 1
split_gain=13.21 0.868215 1.88179 0.0257186 0.0171358 0.170599 0.01109 0.0158534 0.0138408
threshold=0.58335000000000015 0.68500000000000016 0.67500000000000016 17.500000000000004 0.83335000000000015 1.0000000180025095e-35 1.0000000180025095e-35 13.500000000000002 15.500000000000002
decision_type=2 2 2 2 2 2 2 2 2
left_child=-1 2 4 6 5 -2 7 -4 -9
right_child=1 -3 3 -5 -6 -7 -8 8 -10
leaf_value=-0.080633295081725218 -0.080633295081726009 0.080692543160538643 0.0087118121023306502 0.018721852329748715 0.080692543160538643 0.080692543160538477 -0.0084870474274756549 -0.0076627194408707749 0.0060544998782626879
leaf_weight=7.9871553112752744 0.046754079870878207 4.1778402654454121 1.4260937087237837 0.55213590990751971 3.2588855838403106 0.40842430293560028 0.74650056660175312 1.2148520871996877 0.76862206682562817
leaf_count=1025 6 491 9 10 383 48 5 6 7
internal_value=-0.000145023 0.0508762 0.0360858 0.00249986 0.0786617 0.0641218 0.000344755 0.00227842 -0.00234712
internal_weight=20.5873 12.6001 8.42227 4.7082 3.71406 0.455178 4.15607 3.40957 1.98347
internal_count=1990 965 474 37 437 54 27 22 13
is_linear=0
shrinkage=0.08


Tree=52
num_leaves=11
num_cat=0
split_feature=6 10 10 1 6 2 1 1 0 1
split_gain=12.0471 0.871001 1.80469 0.021955 0.0158067 0.157375 0.0101054 4.01537e-06 4.44089e-16 4.44089e-16
threshold=0.58335000000000015 0.68500000000000016 0.67500000000000016 17.500000000000004 0.83335000000000015 1.0000000180025095e-35 15.500000000000002 13.500000000000002 2.5000000000000004 11.500000000000002
decision_type=2 2 2 2 2 2 2 2 2 2
left_child=-1 2 4 6 5 -2 7 -4 -6 -3
right_child=1 9 3 -5 8 -7 -8 -9 -10 -11
leaf_value=-0.080584234589257994 -0.080584234589258841 0.080638852827240606 0.0024440313861438271 0.017349962929731975 0.08063885282724105 0.08063885282724087 -0.0072694962695503277 0.0022640281428417987 0.080638852827239274 0.080638852827241064
leaf_weight=7.3773804353550085 0.04318466596305226 0.36940429732203606 1.9179761372506621 0.54829681385308493 2.9709537103772168 0.37726396322250366 0.88430827111005772 1.3523720353841779 0.03929832950234402 3.4896916598081589
leaf_count=1025 6 47 11 10 378 48 8 8 5 444
internal_value=-0.000143945 0.0493392 0.0344887 0.00230363 0.0786094 0.0640795 0.000317939 0.0023696 0.0806389 0.0806389
internal_weight=19.3701 11.9927 8.13365 4.70295 3.4307 0.420449 4.15466 3.27035 3.01025 3.8591
internal_count=1990 965 474 37 437 54 27 19 383 491
is_linear=0
shrinkage=0.08


Tree=53
num_leaves=13
num_cat=0
split_feature=6 10 10 1 6 2 13 1 1 0 0 1
split_gain=10.9838 0.870995 1.72745 0.0187293 0.0145815 0.145184 0.00950287 0.0126695 0.0131578 8.88178e-16 4.44089e-16 4.44089e-16
threshold=0.58335000000000015 0.68500000000000016 0.67500000000000016 17.500000000000004 0.83335000000000015 1.0000000180025095e-35 1.0000000180025095e-35 13.500000000000002 15.500000000000002 2.5000000000000004 1.5000000000000002 9.5000000000000018
decision_type=2 2 2 2 2 2 2 2 2 2 2 2
left_child=9 2 4 6 5 -2 7 -4 -9 -1 -6 -3
right_child=1 11 3 -5 10 -7 -8 8 -10 -11 -12 -13
leaf_value=-0.080539001206102245 -0.080539001206099581 0.08058936226058401 0.0078533825930397622 0.016069166544653572 0.080589362260586925 0.080589362260586758 -0.0078842227434697681 -0.0072187271671342 0.0061512681828078918 -0.080539001206101996 0.080589362260586869 0.080589362260586966
leaf_weight=6.5545913148671398 0.039885951206088399 0.036298306658864354 1.4202450141310694 0.54479078948497761 2.054484156891704 0.3484637439250946 0.74613676220178593 1.2168284505605695 0.76867628097534169 0.25925868283957232 0.72596613317728032 3.5281954072415829
leaf_count=986 6 5 9 10 283 48 5 6 7 39 100 486
internal_value=-0.000142835 0.0477844 0.0329178 0.00212272 0.0785612 0.0640405 0.000292734 0.00208415 -0.00204261 -0.080539 0.0805894 0.0805894
internal_weight=18.2438 11.43 7.86548 4.69668 3.1688 0.38835 4.15189 3.40575 1.9855 6.81385 2.78045 3.56449
internal_count=1990 965 474 37 437 54 27 22 13 1025 383 491
is_linear=0
shrinkage=0.08


Tree=54
num_leaves=13
num_cat=0
split_feature=6 10 10 1 6 2 1 1 1 0 1 1
split_gain=10.0112 0.868712 1.65085 0.015967 0.0134519 0.133944 0.00937462 6.2233e-05 1.77636e-15 4.44089e-16 4.44089e-16 5.55112e-17
threshold=0.58335000000000015 0.68500000000000016 0.67500000000000016 17.500000000000004 0.83335000000000015 1.0000000180025095e-35 15.500000000000002 13.500000000000002 14.500000000000002 2.5000000000000004 5.5000000000000009 3.5000000000000004
decision_type=2 2 2 2 2 2 2 2 2 2 2 2
left_child=8 2 4 6 5 -2 7 -4 -1 -3 11 -6
right_child=1 9 3 -5 10 -7 -8 -9 -10 -11 -12 -13
leaf_value=-0.080497296946358626 -0.080497296946355754 0.080543724236001521 0.0019525996385838375 0.014874892760581593 0.080543724235998884 0.080543724236001299 -0.0070435168598517693 0.0026612659104843224 -0.080497296946358612 0.080543724236001465 0.080543724236001521 0.080543724236001341
leaf_weight=4.8871317543089399 0.036837676540017461 2.11882902123034 1.9127778448164465 0.54158711899071921 0.04023093078285489 0.32184744626283646 0.88307401910424221 1.3548188582062719 1.4059713212773202 1.1734021478332581 2.1523547968827188 0.37548868730664253
leaf_count=796 6 316 11 10 6 48 8 8 229 175 321 56
internal_value=-0.000141416 0.0462041 0.0313658 0.00195567 0.0785168 0.0640045 0.000269951 0.00224643 -0.0804973 0.0805437 0.0805437 0.0805437
internal_weight=17.2044 10.9112 7.61902 4.69226 2.92676 0.358685 4.15067 3.2676 6.2931 3.29223 2.56807 0.41572
internal_count=1990 965 474 37 437 54 27 19 1025 491 383 62
is_linear=0
shrinkage=0.08


Tree=55
num_leaves=12
num_cat=0
split_feature=6 10 10 1 6 2 13 1 1 0 1
split_gain=9.1227 0.863635 1.57475 0.0136043 0.0124105 0.123579 0.00812347 0.0101973 0.012575 8.88178e-16 4.44089e-16
threshold=0.58335000000000015 0.68500000000000016 0.67500000000000016 17.500000000000004 0.83335000000000015 1.0000000180025095e-35 1.0000000180025095e-35 13.500000000000002 15.500000000000002 1.5000000000000002 25.500000000000004
decision_type=2 2 2 2 2 2 2 2 2 2 2
left_child=9 2 4 6 5 -2 7 -4 -9 -1 -3
right_child=1 10 3 -5 -6 -7 -8 8 -10 -11 -12
leaf_value=-0.080458833742820507 -0.080458833742817412 0.080501656839723698 0.0070961565816002759 0.0137625530810576 0.080501656839723698 0.080501656839723448 -0.0073134517919659593 -0.0068445472851716843 0.0062223259205379687 -0.080458833742820549 0.080501656839722435
leaf_weight=2.7783864131197342 0.034021058119833802 2.9849016033113007 1.415075480937958 0.53865818213671435 2.3718201536685228 0.29725161194801331 0.7457258105278014 1.2184876501560209 0.76871633902192105 3.0335443490184844 0.055734677240252384
leaf_count=490 6 482 9 10 383 48 5 6 7 535 9
internal_value=-0.000139957 0.0446146 0.0298483 0.00180177 0.0784758 0.0639713 0.000248547 0.00190602 -0.00178985 -0.0804588 0.0805017
internal_weight=16.2423 10.4304 7.38976 4.68666 2.70309 0.331273 4.14801 3.40228 1.9872 5.81193 3.04064
internal_count=1990 965 474 37 437 54 27 22 13 1025 491
is_linear=0
shrinkage=0.08


Tree=56
num_leaves=15
num_cat=0
split_feature=6 11 14 1 10 2 1 1 1 10 10 6 2 1
split_gain=8.31074 0.866704 1.19576 0.930677 1.11019 0.605759 0.309073 0.0777858 0.0934234 0.018837 0.0102891 0.0114916 0.0844216 0.00889158
threshold=0.58335000000000015 1.0000000180025095e-35 1.0000000180025095e-35 11.500000000000002 0.68500000000000016 1.0000000180025095e-35 15.500000000000002 14.500000000000002 12.500000000000002 0.67500000000000016 1.0000000180025095e-35 0.83335000000000015 1.0000000180025095e-35 18.500000000000004
decision_type=2 2 2 2 2 2 2 2 2 2 2 2 2 2
left_child=-1 2 3 9 5 6 7 8 -5 -2 11 12 -3 -8
right_child=1 10 -4 4 -6 -7 13 -9 -10 -11 -12 -13 -14 -15
leaf_value=-0.08042336342176673 0.080462848530507544 -0.08042336342176265 0.083288752322219647 -0.05986102838545352 0.080462848530507614 0.087255817108210551 -0.072334678201418257 0.0031973248140454102 -0.018659179529936124 0.10629280820986996 0.081494522988899892 0.080462848530507169 0.08046284853050692 -0.091163387370506457
leaf_weight=5.367358506191521 0.45182204293087114 0.026182236615568732 1.849160903599113 0.45925383782014373 0.79497802490368474 0.29002507729455818 0.53519471222534765 0.67542184889316548 1.5111089390702543 0.30111774848774076 2.612338968552649 0.14870092552155256 0.10294679459184408 0.22928230324760079
leaf_count=1025 79 5 236 7 139 19 15 3 13 16 383 26 18 6
internal_value=-0.000138188 0.0430075 0.0279689 0.00847736 -0.00531017 -0.0237378 -0.0331773 -0.0202314 -0.0282625 0.0907928 0.0799379 0.0653012 0.0478415 -0.0779818
internal_weight=15.3549 9.98753 7.09737 5.2482 4.49526 3.70029 3.41026 2.64578 1.97036 0.75294 2.89017 0.27783 0.129129 0.764477
internal_count=1990 965 533 297 202 63 44 23 20 95 432 49 23 21
is_linear=0
shrinkage=0.08


Tree=57
num_leaves=15
num_cat=0
split_feature=6 11 14 1 10 2 1 1 1 10 10 6 2 1
split_gain=7.59813 0.839456 1.12533 0.851408 1.00329 0.536981 0.282269 0.064954 0.0751204 0.0147298 0.00941187 0.010603 0.0778956 0.00721665
threshold=0.58335000000000015 1.0000000180025095e-35 1.0000000180025095e-35 11.500000000000002 0.68500000000000016 1.0000000180025095e-35 15.500000000000002 14.500000000000002 12.500000000000002 0.67500000000000016 1.0000000180025095e-35 0.83335000000000015 1.0000000180025095e-35 18.500000000000004
decision_type=2 2 2 2 2 2 2 2 2 2 2 2 2 2
left_child=-1 2 3 9 5 6 7 8 -5 -2 11 12 -3 -8
right_child=1 10 -4 4 -6 -7 13 -9 -10 -11 -12 -13 -14 -15
leaf_value=-0.08039064513184245 0.08042707027138335 -0.080390645131838009 0.083064657335034597 -0.053714633906460543 0.080427070271383419 0.08669750509147417 -0.069213953612559234 0.0029446408365466519 -0.0171167674218255 0.10405359794820365 0.081388017403284496 0.080427070271382933 0.08042707027138267 -0.086447111183486122
leaf_weight=4.9566313158720723 0.41726234229281534 0.024178689345717763 1.7114096074365077 0.47036247700452927 0.73417045036330808 0.2693808958865701 0.51541397674009193 0.67473967373371113 1.5153098013252018 0.28370325360447168 2.414520819671452 0.13732684683054686 0.095072432421147823 0.22272409498691559
leaf_count=1025 79 5 236 7 139 19 15 3 13 16 383 26 18 6
internal_value=-0.000118447 0.0418273 0.0269273 0.00810061 -0.0049389 -0.0220257 -0.0306435 -0.0184993 -0.025786 0.0899895 0.07984 0.0652724 0.0478206 -0.0744138
internal_weight=14.4422 9.48558 6.81448 5.10307 4.4021 3.66793 3.39855 2.66041 1.98567 0.700966 2.6711 0.256578 0.119251 0.738138
internal_count=1990 965 533 297 202 63 44 23 20 95 432 49 23 21
is_linear=0
shrinkage=0.08


Tree=58
num_leaves=15
num_cat=0
split_feature=6 11 14 1 10 1 1 1 1 1 1 10 10 6
split_gain=6.94515 0.812551 1.05886 0.779405 0.907688 0.0750372 0.20547 0.320719 0.170082 0.0543397 0.060845 0.0115076 0.00861388 0.00978336
threshold=0.58335000000000015 1.0000000180025095e-35 1.0000000180025095e-35 11.500000000000002 0.68500000000000016 17.500000000000004 18.500000000000004 19.500000000000004 15.500000000000002 14.500000000000002 12.500000000000002 0.67500000000000016 1.0000000180025095e-35 0.83335000000000015
decision_type=2 2 2 2 2 2 2 2 2 2 2 2 2 2
left_child=-1 2 3 11 5 8 -7 -8 9 10 -5 -2 13 -3
right_child=1 12 -4 4 -6 6 7 -9 -10 -11 -12 -13 -14 -15
leaf_value=-0.080360469711805646 0.08039406383870866 0.047801249642831216 0.082853830104598722 -0.04838274366627876 0.080394063838708368 0.088018774022096388 -0.086697362810831721 0.077353151301877074 -0.068179997052379204 0.0027117167606050241 -0.015707909693016085 0.10200506193449421 0.081288573191556301 0.080394063838707841
leaf_weight=4.5771956210955986 0.38533340767025759 0.11012526880949769 1.5836875350214539 0.47999153332784894 0.67799169197678555 0.14646659838035692 0.20609693136066198 0.12107463320717216 0.49047331605106581 0.67410926520824421 1.5189611436799166 0.26693500205874443 2.2314999969676137 0.12681858986616135
leaf_count=1025 79 23 236 7 139 8 5 12 15 3 13 16 383 26
internal_value=-9.91751e-05 0.0406314 0.0258921 0.00773186 -0.00458841 -0.0204297 0.0092671 -0.0259881 -0.0248758 -0.01693 -0.0235538 0.0892382 0.0797486 0.0652458
internal_weight=13.5968 9.01956 6.55112 4.96743 4.31517 3.63717 0.473638 0.327172 3.16354 2.67306 1.99895 0.652268 2.46844 0.236944
internal_count=1990 965 533 297 202 63 25 17 38 23 20 95 432 49
is_linear=0
shrinkage=0.08


Tree=59
num_leaves=15
num_cat=0
split_feature=6 11 14 1 10 10 1 1 10 6 2 10 1 1
split_gain=6.34573 0.781598 0.996038 0.713978 0.822186 0.40942 0.123965 0.0222123 0.00979812 0.0107779 0.0738741 0.00898524 0.00132206 0.00206456
threshold=0.58335000000000015 1.0000000180025095e-35 1.0000000180025095e-35 11.500000000000002 0.68500000000000016 0.67500000000000016 15.500000000000002 13.500000000000002 1.0000000180025095e-35 0.83335000000000015 1.0000000180025095e-35 0.67500000000000016 19.500000000000004 21.500000000000004
decision_type=2 2 2 2 2 2 2 2 2 2 2 2 2 2
left_child=-1 2 3 11 5 12 7 -7 9 10 -3 -2 -5 -14
right_child=1 8 -4 4 -6 6 -8 -9 -10 -11 -12 -13 13 -15
leaf_value=-0.080332634660518057 0.080363624596847885 -0.080378118925176226 0.082655776147203888 0.080500485081543102 0.080363624596847566 -0.024896186625563449 -0.055440352599964549 -0.010039666300195154 0.081195785373323365 0.080363624596846997 0.080375676556529496 0.10013404512217867 0.049207424793127244 0.080422860872351343
leaf_weight=4.2266887729056188 0.35583684546872785 0.023410716094076967 1.4652890642173586 0.20605072006583247 0.62609267747029651 1.4486914277076728 0.7374063916504382 1.1596566438674925 2.0621927846223116 0.11711086053401232 0.083737693727016449 0.25082767056301236 0.024435650091618299 0.030468452721834183
leaf_count=1025 79 5 236 34 139 6 7 5 383 26 18 16 5 6
internal_value=-8.18094e-05 0.0393999 0.0248687 0.00737194 -0.00426112 -0.0189512 -0.0264788 -0.0182911 0.0794688 0.0635881 0.0452528 0.0885378 0.0775612 0.0665301
internal_weight=12.8179 8.59121 6.30476 4.83947 4.2328 3.60671 3.34575 2.60835 2.28645 0.224259 0.107148 0.606665 0.260955 0.0549041
internal_count=1990 965 533 297 202 63 18 11 432 49 23 95 45 11
is_linear=0
shrinkage=0.08


Tree=60
num_leaves=15
num_cat=0
split_feature=6 11 14 1 10 1 1 1 1 1 1 10 6 2
split_gain=5.7979 0.755708 0.936817 0.654389 0.745269 0.064737 0.18469 0.282143 0.157842 0.0433683 0.0492198 0.00898291 0.00994602 0.0681688
threshold=0.58335000000000015 1.0000000180025095e-35 1.0000000180025095e-35 11.500000000000002 0.68500000000000016 17.500000000000004 18.500000000000004 20.500000000000004 15.500000000000002 14.500000000000002 12.500000000000002 1.0000000180025095e-35 0.83335000000000015 1.0000000180025095e-35
decision_type=2 2 2 2 2 2 2 2 2 2 2 2 2 2
left_child=-1 2 3 -2 5 8 -7 -8 9 10 -5 12 13 -3
right_child=1 11 -4 4 -6 6 7 -9 -10 -11 -12 -13 -14 -15
leaf_value=-0.08030696208259322 0.087886471710944339 -0.080348915041668134 0.082469969873748092 -0.042211352189583703 0.080335543142212626 0.08802548693381354 -0.078714089473153365 0.083478654497241206 -0.065387704632108884 0.0032909931943408063 -0.013038862144330299 0.081109275858695026 0.080335543142212029 0.080346660269834391
leaf_weight=3.9029223378747711 0.56398368580266645 0.02161835087463293 1.3555564051494 0.48915041470900344 0.57815022533759464 0.13761451328173269 0.20189036661759019 0.10400107363238931 0.45104373665526498 0.67567428946495045 1.5214251060970125 1.9055921044200657 0.10814320761710405 0.077326417900621891
leaf_count=1025 95 5 236 7 139 8 7 10 15 3 13 383 26 18
internal_value=-6.22068e-05 0.0381728 0.0238471 0.00702147 -0.0039444 -0.0175521 0.011057 -0.0235696 -0.0215965 -0.0142435 -0.0201362 0.0793896 0.0635655 0.0452364
internal_weight=12.0941 8.19117 6.07849 4.72293 4.15895 3.5808 0.443506 0.305891 3.13729 2.68625 2.01058 2.11268 0.207088 0.0989448
internal_count=1990 965 533 297 202 63 25 17 38 23 20 432 49 23
is_linear=0
shrinkage=0.08


Tree=61
num_leaves=15
num_cat=0
split_feature=6 11 14 1 4 1 2 10 1 1 10 6 2 1
split_gain=5.29754 0.729268 0.880438 0.601107 0.705849 0.982037 0.577715 0.167873 0.270567 0.00897032 0.00823896 0.00917857 0.0629059 0.00703055
threshold=0.58335000000000015 1.0000000180025095e-35 1.0000000180025095e-35 11.500000000000002 1.5000000000000002 12.500000000000002 1.0000000180025095e-35 0.67500000000000016 16.500000000000004 17.500000000000004 1.0000000180025095e-35 0.83335000000000015 1.0000000180025095e-35 14.500000000000002
decision_type=2 2 2 2 2 2 2 2 2 2 2 2 2 2
left_child=-1 2 3 -2 5 -5 7 -7 13 -10 11 12 -3 -9
right_child=1 10 -4 4 -6 6 -8 8 9 -11 -12 -13 -14 -15
leaf_value=-0.080283276885580637 0.087407784816646253 -0.08032198171590807 0.082295868553082061 -0.15205472132469097 0.11708623859624134 0.074865349497895375 0.082897419081086485 -0.0095482111004147815 -0.08007296461176075 -0.058459846144949673 0.081028667930364839 0.080309642608011197 0.080319893281256272 -0.00047887552084026504
leaf_weight=3.6038713587913662 0.52335870498791326 0.019962673541158327 1.2538763857446609 0.29867680347524617 0.28801619703881431 0.13153199851512987 0.45739899249747384 1.5649571132380522 0.28937590215355147 0.21363115240819752 1.7607622719369826 0.099859653506428003 0.071404100395739079 0.84102377365343262
leaf_count=1025 95 5 236 15 15 22 79 27 7 14 383 26 18 23
internal_value=-4.43088e-05 0.0369632 0.0228599 0.00668672 -0.00365602 -0.0128157 -0.000926532 -0.0135365 -0.0175337 -0.0708937 0.0793158 0.0635447 0.0452213 -0.00637798
internal_weight=11.4177 7.81384 5.86185 4.60797 4.08461 3.7966 3.49792 3.04052 2.90899 0.503007 1.95199 0.191226 0.0913668 2.40598
internal_count=1990 965 533 297 202 187 172 93 71 21 432 49 23 50
is_linear=0
shrinkage=0.08


Tree=62
num_leaves=15
num_cat=0
split_feature=6 10 10 6 2 1 1 1 1 14 11 1 1 1
split_gain=4.83776 0.713209 1.09902 0.00950952 0.0834271 0.00552996 0.0305224 0.0101308 2.98423e-07 2.14663e-07 4.4086e-07 1.16124e-07 1.80776e-08 2.36427e-08
threshold=0.58335000000000015 0.68500000000000016 0.67500000000000016 0.83335000000000015 1.0000000180025095e-35 16.500000000000004 17.500000000000004 14.500000000000002 11.500000000000002 1.0000000180025095e-35 1.0000000180025095e-35 12.500000000000002 17.500000000000004 15.500000000000002
decision_type=2 2 2 2 2 2 2 2 2 2 2 2 2 2
left_child=-1 2 3 4 -2 7 -7 -4 -5 10 11 -10 13 -13
right_child=1 -3 5 8 -6 6 -8 -9 9 -11 -12 12 -14 -15
leaf_value=-0.080261418708844928 -0.080319092939576869 0.080289009276626355 -0.0012813364130828261 0.080282368938460455 0.080304865248053789 -0.020959063416397146 0.010189653851690739 0.008558684326989717 0.080609798516847672 0.08028233612319749 0.080285183248913553 0.08042265726703611 0.080408473967536753 0.080507431550224245
leaf_weight=3.3276617061346769 0.023392854025587329 1.7558346011210231 2.3715869039297108 0.97783281328156568 0.17944865114986897 0.41624829918146122 0.38994803884997964 0.93308405391871918 0.037537980824708939 0.14367818902246654 0.12034223927184939 0.036594828125089407 0.044139979407191277 0.049581015482544899
leaf_count=1025 6 491 15 279 48 5 10 7 5 41 34 7 9 8
internal_value=-1.58588e-05 0.0356869 0.0220039 0.0779765 0.0617808 4.77837e-05 -0.00589278 0.00149702 0.0803068 0.0803622 0.080402 0.0804858 0.0804501 0.0804714
internal_weight=10.8069 7.47925 5.72342 1.61255 0.202842 4.11087 0.806196 3.30467 1.40971 0.431874 0.288196 0.167854 0.130316 0.0861758
internal_count=1990 965 474 437 54 37 15 22 383 104 63 29 24 15
is_linear=0
shrinkage=0.08


Tree=63
num_leaves=15
num_cat=0
split_feature=6 11 14 1 4 1 2 1 10 1 1 10 6 2
split_gain=4.40547 0.703327 0.820994 0.544833 0.637232 0.788994 0.510524 0.155438 0.318058 0.0114764 0.0074201 0.00703603 0.00781709 0.0535708
threshold=0.58335000000000015 1.0000000180025095e-35 1.0000000180025095e-35 11.500000000000002 1.5000000000000002 12.500000000000002 1.0000000180025095e-35 15.500000000000002 0.68500000000000016 14.500000000000002 13.500000000000002 1.0000000180025095e-35 0.83335000000000015 1.0000000180025095e-35
decision_type=2 2 2 2 2 2 2 2 2 2 2 2 2 2
left_child=-1 2 3 -2 5 -5 7 9 -9 10 -7 12 13 -3
right_child=1 11 -4 4 -6 6 -8 8 -10 -11 -12 -13 -14 -15
leaf_value=-0.080241261235720493 0.087305408870877912 -0.080274197283767779 0.082234164382769565 -0.13498050571958087 0.11400923571014233 -0.0032368008765644375 0.082764476286613875 -0.06983495288785932 0.080297103821438759 0.0051630623221979553 -0.014773074155959612 0.080991717249373457 0.080263703482574639 0.080272426139729555
leaf_weight=3.0725593387614936 0.46086244424805034 0.017020411323755869 1.0986057145055381 0.3120485311374076 0.27019145060330618 1.0556343789212417 0.40057349205017079 0.58498238027095784 0.1067984108813107 0.6980780626181512 0.53903274703770865 1.5269337031058965 0.085141607327386737 0.060880499426275492
leaf_count=1025 95 5 236 15 15 19 79 20 29 10 15 383 26 18
internal_value=-1.54699e-05 0.0341408 0.0203306 0.00497277 -0.00459132 -0.0132588 -0.0020381 -0.01342 -0.0466573 -0.00339149 -0.00713632 0.079305 0.063508 0.0451949
internal_weight=10.2893 7.21678 5.52681 4.4282 3.96734 3.69715 3.3851 2.98453 0.691781 2.29275 1.59467 1.68998 0.163043 0.0779009
internal_count=1990 965 533 297 202 187 172 93 49 44 34 432 49 23
is_linear=0
shrinkage=0.08


Tree=64
num_leaves=15
num_cat=0
split_feature=6 10 10 6 2 1 1 1 1 14 11 1 11 0
split_gain=4.02407 0.676404 0.995792 0.0081679 0.0711811 0.00450979 0.0232484 0.00813791 4.56323e-07 3.0518e-07 5.84476e-07 2.02694e-07 1.69155e-08 1.73029e-08
threshold=0.58335000000000015 0.68500000000000016 0.67500000000000016 0.83335000000000015 1.0000000180025095e-35 16.500000000000004 17.500000000000004 14.500000000000002 11.500000000000002 1.0000000180025095e-35 1.0000000180025095e-35 12.500000000000002 1.0000000180025095e-35 2.5000000000000004
decision_type=2 2 2 2 2 2 2 2 2 2 2 2 2 2
left_child=-1 2 3 4 -2 7 -7 -4 -5 10 11 -10 13 -3
right_child=1 12 5 8 -6 6 -8 -9 9 -11 -12 -13 -14 -15
leaf_value=-0.080222654647734884 -0.080272679000217076 0.080267503069493512 -0.00173937851311222 0.080239758817675769 0.080259317083536605 -0.019690387966323816 0.0083817216644571976 0.0071630855634501403 0.0806438694439848 0.08024006474467997 0.080242818959971027 0.08043613180790686 0.080241928237643687 0.080240561027744267
leaf_weight=2.8369609965011477 0.019989764085039385 0.47787858569063224 2.3432930000126366 0.83114027651026823 0.15282524563372135 0.390041023492813 0.36596314702183008 0.91328816674649704 0.039601963944733143 0.12229421106167138 0.10257241548970342 0.12475882540456951 0.80856842361390591 0.22410175041295588
leaf_count=1025 6 147 15 279 48 5 10 7 5 41 34 24 269 75
internal_value=1.12813e-05 0.0329219 0.019697 0.0779682 0.0616903 -0.000534959 -0.00610137 0.000757263 0.0802732 0.0803447 0.0803927 0.0804862 0.0802498 0.0802589
internal_weight=9.75328 6.91632 5.40577 1.39318 0.172815 4.01259 0.756004 3.25658 1.22037 0.389227 0.266933 0.164361 1.51055 0.70198
internal_count=1990 965 474 437 54 37 15 22 383 104 63 29 491 222
is_linear=0
shrinkage=0.08


Tree=65
num_leaves=15
num_cat=0
split_feature=6 11 14 1 4 1 2 1 10 1 1 1 10 6
split_gain=3.66469 0.67189 0.761063 0.49238 0.575559 0.645507 0.45066 0.150636 0.199112 0.0144271 0.00895196 0.00659471 0.00600879 0.0066581
threshold=0.58335000000000015 1.0000000180025095e-35 1.0000000180025095e-35 11.500000000000002 1.5000000000000002 12.500000000000002 1.0000000180025095e-35 15.500000000000002 0.67500000000000016 16.500000000000004 14.500000000000002 13.500000000000002 1.0000000180025095e-35 0.83335000000000015
decision_type=2 2 2 2 2 2 2 2 2 2 2 2 2 2
left_child=-1 2 3 -2 5 -5 7 10 -9 -10 11 -7 13 -3
right_child=1 12 -4 4 -6 6 -8 8 9 -11 -12 -13 -14 -15
leaf_value=-0.080205492662974207 0.087183751232410484 0.045172463392010857 0.082175988618791912 -0.12174577024036619 0.11114986522798175 -0.0032032709684312296 0.082642227218201775 0.072327071493078543 -0.039855464817482103 -0.070593713438494229 0.0040077435783414704 -0.014099431997440608 0.080960170297725204 0.080224600876454638
leaf_weight=2.6193827448878437 0.40676124184392382 0.0664142018649726 0.96426465408876527 0.32148206094279963 0.25350631051696826 1.0515578975901019 0.35143391764722753 0.078230761922895797 0.12541326601058245 0.44262647465802729 0.69338516262359906 0.53704572655260552 1.3258115579374132 0.072586898691952229
leaf_count=1025 95 23 236 15 15 19 79 15 13 21 10 15 383 26
internal_value=1.15743e-05 0.0314171 0.0179948 0.00347205 -0.00536154 -0.0135634 -0.00295916 -0.0132326 -0.0473282 -0.0638072 -0.00357651 -0.00688684 0.0793011 0.0634768
internal_weight=9.3099 6.69052 5.22571 4.26144 3.85468 3.60118 3.27969 2.92826 0.646271 0.56804 2.28199 1.5886 1.46481 0.139001
internal_count=1990 965 533 297 202 187 172 93 49 34 44 34 432 49
is_linear=0
shrinkage=0.08


Tree=66
num_leaves=15
num_cat=0
split_feature=6 10 10 6 2 1 1 1 1 1 11 14 11 0
split_gain=3.34654 0.645332 0.889666 0.0087816 0.068114 0.00359532 0.0176456 0.00624168 4.69161e-07 3.67434e-07 1.13839e-07 2.03158e-07 4.57361e-08 4.32399e-08
threshold=0.58335000000000015 0.68500000000000016 0.67500000000000016 0.83335000000000015 1.0000000180025095e-35 16.500000000000004 17.500000000000004 14.500000000000002 11.500000000000002 12.500000000000002 1.0000000180025095e-35 1.0000000180025095e-35 1.0000000180025095e-35 2.5000000000000004
decision_type=2 2 2 2 2 2 2 2 2 2 2 2 2 2
left_child=-1 2 3 4 -2 7 -7 -4 -5 -10 11 -11 13 -3
right_child=1 12 5 8 -6 6 -8 -9 9 10 -12 -13 -14 -15
leaf_value=-0.08018964593058181 -0.080265679272148213 0.080249713774679002 -0.0021485917503839568 0.080203601042969627 0.080223389337659337 -0.018492382884213579 0.0067696824445869965 0.005712385858763094 0.080482390064021331 0.080381431234311351 0.080206816105059323 0.080203534367670817 0.080205903317059332 0.08020397289813827
leaf_weight=2.4184532929211855 0.019417469855397829 0.43464362598024286 2.3134629130363473 0.70642413198947884 0.13184505002573133 0.36510860174894322 0.34340065624564886 0.89711812138557423 0.069197611417621374 0.10934013454243541 0.097730549983680248 0.065813940949738026 0.68880702066235244 0.19012654875405133
leaf_count=1025 6 147 15 279 48 5 10 7 16 24 38 26 269 75
internal_value=3.60328e-05 0.0301991 0.017363 0.0776412 0.0596215 -0.00109031 -0.00624835 4.79656e-05 0.0802408 0.0803177 0.080276 0.0803146 0.0802201 0.0802358
internal_weight=8.85089 6.43244 5.11886 1.19977 0.151263 3.91909 0.708509 3.21058 1.04851 0.342082 0.272885 0.175154 1.31358 0.62477
internal_count=1990 965 474 437 54 37 15 22 383 104 88 50 491 222
is_linear=0
shrinkage=0.08


Tree=67
num_leaves=15
num_cat=0
split_feature=6 11 14 4 1 10 1 1 1 1 1 10 6 2
split_gain=3.04828 0.634393 0.702322 0.448178 0.515464 0.557539 0.639888 0.0541787 0.122011 0.147643 0.00871851 0.00634495 0.00670563 0.0431552
threshold=0.58335000000000015 1.0000000180025095e-35 1.0000000180025095e-35 1.5000000000000002 11.500000000000002 0.68500000000000016 12.500000000000002 15.500000000000002 17.500000000000004 18.500000000000004 14.500000000000002 1.0000000180025095e-35 0.83335000000000015 1.0000000180025095e-35
decision_type=2 2 2 2 2 2 2 2 2 2 2 2 2 2
left_child=-1 2 3 4 -2 6 -6 10 -9 -10 -8 12 13 -3
right_child=1 11 -4 -5 5 -7 7 8 9 -11 -12 -13 -14 -15
leaf_value=-0.08017503421743237 0.087083923660100759 -0.080225476254697142 0.082120298585275781 0.10826447152541958 -0.13842581270264509 0.080237778549297742 -0.010326711661847192 -0.065820320330221338 0.086017508835953257 -0.031890073607759375 0.00063870192291079974 0.080932858699759067 0.080191314774339412 0.080204680199991538
leaf_weight=2.2329042083583772 0.35772933112457428 0.014013027539476641 0.84790734061971296 0.23993189469911147 0.28688549622893411 0.36259000608697523 1.5177410943433649 0.3493301689159124 0.095249729230999947 0.23730589961633086 0.66843603551387776 1.1527015320025382 0.061879147542640567 0.045817859005182981
leaf_count=1025 94 5 236 16 6 128 13 14 7 16 3 383 26 18
internal_value=3.62609e-05 0.0287503 0.015822 0.00216167 -0.00440754 -0.0137121 -0.0245095 -0.0131147 -0.0328025 0.00188071 -0.00697397 0.0790986 0.0617268 0.0426302
internal_weight=8.47042 6.23752 4.96311 4.1152 3.87527 3.51754 3.15495 2.86806 0.681886 0.332556 2.18618 1.27441 0.12171 0.0598309
internal_count=1990 965 533 297 281 187 59 53 37 23 16 432 49 23
is_linear=0
shrinkage=0.08


Tree=68
num_leaves=15
num_cat=0
split_feature=6 11 14 10 1 1 1 1 1 1 1 10 6 2
split_gain=2.78583 0.604623 0.65449 0.405867 0.452649 0.0306237 0.109875 0.13355 0.200478 0.018123 0.0255851 0.00582419 0.00618918 0.0398289
threshold=0.58335000000000015 1.0000000180025095e-35 1.0000000180025095e-35 0.68500000000000016 11.500000000000002 15.500000000000002 17.500000000000004 18.500000000000004 20.500000000000004 14.500000000000002 12.500000000000002 1.0000000180025095e-35 0.83335000000000015 1.0000000180025095e-35
decision_type=2 2 2 2 2 2 2 2 2 2 2 2 2 2
left_child=-1 2 3 4 -2 9 -7 -8 -9 10 -6 12 13 -3
right_child=1 11 -4 -5 5 6 7 8 -10 -11 -12 -13 -14 -15
leaf_value=-0.080161557957701787 0.087177045769182934 -0.080208091557688543 0.081966815445321001 0.080211071205931114 -0.030507985212309265 -0.061979472900916148 0.085384453462309315 -0.076856988980193205 0.082674966915736642 0.00058773472033076229 -0.0094913590001826365 0.080864576526575346 0.0801765693703934 0.080188905497318483
leaf_weight=2.0615629968233407 0.30486070923507247 0.012938345316797384 0.78412341256625939 0.38505183230154205 0.49038270674646023 0.33856726484373201 0.090971403289586306 0.166409034980461 0.072325313230976462 0.6682952195405959 1.5191529700532553 1.0649397035595027 0.057131730020046234 0.042303197085857391
leaf_count=1025 80 5 236 154 7 15 8 7 10 3 13 383 26 18
internal_value=6.37508e-05 0.0276404 0.0150869 0.00209334 -0.00614541 -0.0146479 -0.0299681 0.00290362 -0.0285263 -0.0108247 -0.01462 0.0790368 0.061715 0.0426217
internal_weight=8.05902 5.99745 4.82014 4.03602 3.65096 3.3461 0.668273 0.329706 0.238734 2.67783 2.00954 1.17731 0.112373 0.0552415
internal_count=1990 965 533 297 143 63 40 25 17 23 20 432 49 23
is_linear=0
shrinkage=0.08


Tree=69
num_leaves=15
num_cat=0
split_feature=6 11 14 4 1 10 1 1 1 1 1 10 6 2
split_gain=2.54541 0.57593 0.610058 0.413226 0.429835 0.45643 0.504886 0.0446367 0.095296 0.121056 0.00622641 0.00534815 0.00571257 0.0367596
threshold=0.58335000000000015 1.0000000180025095e-35 1.0000000180025095e-35 1.5000000000000002 11.500000000000002 0.68500000000000016 12.500000000000002 15.500000000000002 17.500000000000004 18.500000000000004 14.500000000000002 1.0000000180025095e-35 0.83335000000000015 1.0000000180025095e-35
decision_type=2 2 2 2 2 2 2 2 2 2 2 2 2 2
left_child=-1 2 3 4 -2 6 -6 10 -9 -10 -8 12 13 -3
right_child=1 11 -4 -5 5 -7 7 8 9 -11 -12 -13 -14 -15
leaf_value=-0.080149108069308125 0.086143347259075242 -0.080192050999459683 0.081823751924811131 0.10663824917140469 -0.1213122690123913 0.080202541674789601 -0.0087246638209090132 -0.060290496499712083 0.085093132368663907 -0.02839473299724982 0.00054082631446194086 0.080801067988677922 0.080162958335158296 0.080174344098464162
leaf_weight=1.9033460615901274 0.30802844010759223 0.011945889564230816 0.72505144891329099 0.2276789528550579 0.29492581728845912 0.30911165568977583 1.5203847512602813 0.32430203352123488 0.0820237958105281 0.22561884974129498 0.66816553473472584 0.98380465968511999 0.052747823996469378 0.03905757749453187
leaf_count=1025 94 5 236 16 6 128 13 14 7 16 3 383 26 18
internal_value=7.99935e-05 0.0265321 0.014358 0.00200613 -0.00437622 -0.0125182 -0.021718 -0.0113039 -0.0300328 0.00186344 -0.0058959 0.0789792 0.061704 0.0426138
internal_weight=7.67619 5.77285 4.68529 3.96024 3.73256 3.42453 3.11542 2.82049 0.631945 0.307643 2.18855 1.08756 0.103751 0.0510035
internal_count=1990 965 533 297 281 187 59 53 37 23 16 432 49 23
is_linear=0
shrinkage=0.08


Tree=70
num_leaves=15
num_cat=0
split_feature=6 11 14 4 10 10 10 6 2 13 10 10 1 10
split_gain=2.32614 0.547912 0.568297 0.371322 0.396729 0.454978 0.00491271 0.00527272 0.0339273 0.00209851 0.000195605 0.000220268 0.000135625 6.09166e-05
threshold=0.58335000000000015 1.0000000180025095e-35 1.0000000180025095e-35 1.5000000000000002 0.67500000000000016 0.68500000000000016 1.0000000180025095e-35 0.83335000000000015 1.0000000180025095e-35 1.0000000180025095e-35 0.67500000000000016 0.68500000000000016 13.500000000000002 0.68500000000000016
decision_type=2 2 2 2 2 2 2 2 2 2 2 2 2 2
left_child=-1 2 3 4 9 12 7 8 -3 -2 -4 -12 -6 -8
right_child=1 6 10 -5 5 -7 13 -9 -10 -11 11 -13 -14 -15
leaf_value=-0.080137623898992469 0.080342588151753699 -0.080177248019928954 0.080146894138886135 0.1041056820240885 -0.02240466394673862 0.080182822518268401 0.081465541155121224 0.080150408581851157 0.080160913638386275 0.054302218955207246 0.084262664049122429 0.080146887512925633 -0.021329142667535061 0.080149101735024764
leaf_weight=1.7572514247149227 0.3156705795554452 0.011029399465769307 0.29454286477994163 0.21507615759037424 1.3688521459698684 0.30837946850806464 0.40932033373974264 0.048699694918468595 0.036060485523194075 0.021131816785782576 0.25141575513407588 0.1243957094848156 1.6608184389770029 0.4994830972282216
leaf_count=1025 114 5 161 16 6 142 114 26 18 7 7 68 12 269
internal_value=0.000104077 0.0254424 0.0136605 0.00193684 -0.00404274 -0.0123922 0.0789258 0.0616939 0.0426065 0.0787088 0.0816905 0.0829003 -0.0218151 0.080742
internal_weight=7.32213 5.56488 4.56028 3.88993 3.67485 3.33805 1.00459 0.0957896 0.0470899 0.336802 0.670354 0.375811 3.02967 0.908803
internal_count=1990 965 533 297 281 160 432 49 23 121 236 75 18 383
is_linear=0
shrinkage=0.08


Tree=71
num_leaves=15
num_cat=0
split_feature=6 11 14 4 1 1 2 1 10 1 10 6 2 1
split_gain=2.12499 0.521328 0.529439 0.334407 0.375732 0.382042 0.308897 0.1373 0.171052 0.00862914 0.00451385 0.00486679 0.0313137 0.00444864
threshold=0.58335000000000015 1.0000000180025095e-35 1.0000000180025095e-35 1.5000000000000002 11.500000000000002 12.500000000000002 1.0000000180025095e-35 15.500000000000002 0.67500000000000016 16.500000000000004 1.0000000180025095e-35 0.83335000000000015 1.0000000180025095e-35 14.500000000000002
decision_type=2 2 2 2 2 2 2 2 2 2 2 2 2 2
left_child=-1 2 3 4 -2 -6 7 13 -9 -10 11 12 -3 -7
right_child=1 10 -4 -5 5 6 -8 8 9 -11 -12 -13 -14 -15
leaf_value=-0.080127025511677691 0.086152353609512816 -0.080163590597306295 0.081559431101198246 0.10184877358722259 -0.093569323814348751 -0.0037927997943031045 0.082235418469100138 0.0718033737535132 -0.043804814049614914 -0.070600195167325644 0.080686379624264545 0.080138828872082957 0.080148519450501804 0.0039232963957735716
leaf_weight=1.6223533573793245 0.27514010795857835 0.010183083359151968 0.61976810870692123 0.20275864063296456 0.3246587666217241 1.5684352174866956 0.25373942626174528 0.067437387304380425 0.098275689408183098 0.35393033269792795 0.839486213051714 0.044961718493141234 0.033292961306869984 0.68795492802746583
leaf_count=1025 94 5 236 16 15 34 79 15 13 21 383 26 18 10
internal_value=0.000126659 0.0243273 0.0129581 0.00186387 -0.00372158 -0.0110933 -0.00225549 -0.00997826 -0.047052 -0.0647769 0.0788754 0.0616846 0.0425998 -0.00144023
internal_weight=7.00238 5.38002 4.4521 3.83233 3.62957 3.35443 3.02977 2.77603 0.519643 0.452206 0.927924 0.0884378 0.043476 2.25639
internal_count=1990 965 533 297 281 187 172 93 49 34 432 49 23 44
is_linear=0
shrinkage=0.08


Tree=72
num_leaves=15
num_cat=0
split_feature=6 10 10 13 6 2 1 1 1 1 1 1 11 14
split_gain=1.94217 0.498057 0.646083 0.00784184 0.00594709 0.0465312 0.00238817 0.00566473 0.00602158 0.00134923 1.21188e-06 1.45671e-06 1.44448e-07 2.09765e-07
threshold=0.58335000000000015 0.68500000000000016 0.67500000000000016 1.0000000180025095e-35 0.83335000000000015 1.0000000180025095e-35 13.500000000000002 14.500000000000002 16.500000000000004 17.500000000000004 11.500000000000002 12.500000000000002 1.0000000180025095e-35 1.0000000180025095e-35
decision_type=2 2 2 2 2 2 2 2 2 2 2 2 2 2
left_child=-1 2 4 6 5 -2 -4 -8 -9 -10 -6 -12 13 -13
right_child=1 -3 3 -5 10 -7 7 8 9 -11 11 12 -14 -15
leaf_value=-0.080117245084673772 -0.080198054491341153 0.080141756489357674 -0.00097643315366206589 0.005854046719783873 0.080124487931317281 0.080163994905895194 -0.012707598122123725 0.0013295890234946526 -0.0057431870763219803 -0.014532178807822146 0.080659427575794015 0.080343313619465118 0.080127674881020974 0.080124963647711669
leaf_weight=1.4977962942793963 0.013274889905005582 0.82864507276099164 1.136389376595617 0.65366855729371298 0.43267987808212638 0.090717725339345634 0.51872590743005265 0.81247257255017735 0.21905736997723579 0.22827662574127316 0.068538082763552666 0.092473543249070644 0.060450495919212699 0.040486606303602457
leaf_count=1025 6 491 9 7 279 48 3 6 4 8 16 24 38 26
internal_value=0.000143622 0.0232802 0.0124912 -0.00206523 0.0775356 0.0596934 -0.00384112 -0.0056715 -0.00277439 -0.0102283 0.0802067 0.0803425 0.0802302 0.0802768
internal_weight=6.69365 5.19586 4.36721 3.56859 0.798621 0.103993 2.91492 1.77853 1.25981 0.447334 0.694629 0.261949 0.193411 0.13296
internal_count=1990 965 474 37 437 54 30 21 18 12 383 104 88 50
is_linear=0
shrinkage=0.08


Tree=73
num_leaves=15
num_cat=0
split_feature=6 11 14 4 1 10 1 1 1 1 1 1 10 6
split_gain=1.77079 0.484552 0.482493 0.305791 0.335002 0.339852 0.382945 0.0498249 0.0819925 0.104518 0.161242 0.0044272 0.00385238 0.00414617
threshold=0.58335000000000015 1.0000000180025095e-35 1.0000000180025095e-35 1.5000000000000002 11.500000000000002 0.68500000000000016 12.500000000000002 15.500000000000002 17.500000000000004 18.500000000000004 20.500000000000004 14.500000000000002 1.0000000180025095e-35 0.83335000000000015
decision_type=2 2 2 2 2 2 2 2 2 2 2 2 2 2
left_child=-1 2 3 4 -2 6 -6 11 -9 -10 -11 -8 13 -3
right_child=1 12 -4 -5 5 -7 7 8 9 10 -12 -13 -14 -15
leaf_value=-0.080108211986764266 0.08596413887452084 0.042588398532700807 0.081508909698262355 0.10001770148495595 -0.10527700707766577 0.080163414495462271 -0.0060217250265779147 -0.060520152687124455 0.084613963473976539 -0.073895251794789743 0.082550955571372334 0.0017777825113550359 0.080663469945336047 0.08011826873958304
leaf_weight=1.3827898219460619 0.24463574460242021 0.037056662258691975 0.5457968801492824 0.18930134561378498 0.29299370665103275 0.24203428160399187 1.5199579291511334 0.28416212182492007 0.070677794050425291 0.14456139784306288 0.059523100033402443 0.67156702280044545 0.73109009210020304 0.038323304732330143
leaf_count=1025 94 23 236 16 6 128 13 14 7 7 9 3 383 26
internal_value=0.0001411 0.022021 0.0112685 0.000961278 -0.00435059 -0.0110754 -0.0183313 -0.00906935 -0.0303904 0.000770179 -0.0282663 -0.00363166 0.078888 0.0616686
internal_weight=6.45447 5.07168 4.26521 3.71941 3.53011 3.28548 3.04344 2.75045 0.558924 0.274762 0.204084 2.19152 0.80647 0.07538
internal_count=1990 965 533 297 281 187 59 53 37 23 16 16 432 49
is_linear=0
shrinkage=0.08


Tree=74
num_leaves=15
num_cat=0
split_feature=6 11 14 10 10 1 10 6 2 13 1 10 10 10
split_gain=1.6197 0.456064 0.448209 0.281482 0.312995 0.0180199 0.00436098 0.00448125 0.0272656 0.00233902 0.000640235 9.62927e-05 0.000102075 3.13134e-05
threshold=0.58335000000000015 1.0000000180025095e-35 1.0000000180025095e-35 0.67500000000000016 0.68500000000000016 13.500000000000002 1.0000000180025095e-35 0.83335000000000015 1.0000000180025095e-35 1.0000000180025095e-35 14.500000000000002 0.67500000000000016 0.68500000000000016 0.68500000000000016
decision_type=2 2 2 2 2 2 2 2 2 2 2 2 2 2
left_child=-1 2 3 9 5 -5 7 8 -3 -2 -7 -4 -13 -8
right_child=1 6 11 4 -6 10 13 -9 -10 -11 -12 12 -14 -15
leaf_value=-0.080099887124109967 0.080338035900590812 -0.080145419139616564 0.080106311036941644 -0.0060995864213693619 0.080143874258609998 -0.015876784579029538 0.081200592039752509 0.080109161242026328 0.080121246656753478 0.050449254163974618 -0.019335109302848087 0.083346572572275068 0.080106305012791951 0.080108089334912397
leaf_weight=1.2766031897626815 0.25949321605730835 0.0090558239025994025 0.2133797681890427 1.5105877891182906 0.25302645168267179 0.49517133831977833 0.31280191033147275 0.035380726330913603 0.027197519782930613 0.017913826275616884 1.1119161583483217 0.200998913962394 0.090118337655439973 0.36247540614567697
leaf_count=1025 117 5 161 7 154 2 114 26 18 7 10 7 68 269
internal_value=0.000160001 0.0210723 0.0107208 0.000946991 -0.00542801 -0.0123729 0.0786232 0.0598547 0.0400878 0.0784079 -0.0182695 0.0813973 0.0823435 0.0806142
internal_weight=6.17612 4.89952 4.15261 3.64811 3.3707 3.11768 0.746911 0.0716341 0.0362533 0.277407 1.60709 0.504497 0.291117 0.675277
internal_count=1990 965 533 297 173 19 432 49 23 124 12 236 75 383
is_linear=0
shrinkage=0.08


Tree=75
num_leaves=15
num_cat=0
split_feature=6 11 14 4 1 1 2 1 10 1 1 1 10 6
split_gain=1.47974 0.432204 0.416821 0.276812 0.294689 0.298004 0.243555 0.132837 0.137917 0.00600917 0.00404539 0.00535387 0.00401099 0.00413644
threshold=0.58335000000000015 1.0000000180025095e-35 1.0000000180025095e-35 1.5000000000000002 11.500000000000002 12.500000000000002 1.0000000180025095e-35 15.500000000000002 0.67500000000000016 16.500000000000004 14.500000000000002 13.500000000000002 1.0000000180025095e-35 0.83335000000000015
decision_type=2 2 2 2 2 2 2 2 2 2 2 2 2 2
left_child=-1 2 3 4 -2 -6 7 10 -9 -10 11 -7 13 -3
right_child=1 12 -4 -5 5 6 -8 8 9 -11 -12 -13 -14 -15
leaf_value=-0.080092199454724775 0.085803242925977893 0.040082911267270219 0.081289066178479738 0.098440031232937514 -0.084062940197169006 0.00048160261645158496 0.082119012716584214 0.07017995107935876 -0.046081887674638979 -0.06992825515185655 0.0045073508294253056 -0.0094447345189583413 0.080567856631049095 0.08010075898951749
leaf_weight=1.1785618495196102 0.21842157433275211 0.033469981630332657 0.46630370849743474 0.17713144654408086 0.31548784836195443 1.0325585937825974 0.20387428486719716 0.055284227593801805 0.086563040036708117 0.30924222967587411 0.68729947193060059 0.5243448435794561 0.623703159741126 0.03266381414141506
leaf_count=1025 94 23 236 16 15 19 79 15 13 21 10 15 383 26
internal_value=0.000172984 0.0200199 0.01011 0.000916345 -0.00411544 -0.010225 -0.00218996 -0.00856717 -0.0481809 -0.064713 -0.00060472 -0.00286146 0.0785815 0.0598479
internal_weight=5.94491 4.76635 4.07651 3.61021 3.43308 3.21465 2.89917 2.69529 0.451089 0.395805 2.2442 1.5569 0.689837 0.0661338
internal_count=1990 965 533 297 281 187 172 93 49 34 44 34 432 49
is_linear=0
shrinkage=0.08


Tree=76
num_leaves=15
num_cat=0
split_feature=6 10 10 1 1 6 2 1 1 1 11 14 11 1
split_gain=1.35328 0.413894 0.508216 0.00683998 0.00917477 0.00653335 0.042474 0.00509844 1.36283e-06 1.93373e-06 9.77954e-08 1.32221e-07 2.68488e-08 2.6029e-08
threshold=0.58335000000000015 0.68500000000000016 0.67500000000000016 15.500000000000002 17.500000000000004 0.83335000000000015 1.0000000180025095e-35 14.500000000000002 11.500000000000002 12.500000000000002 1.0000000180025095e-35 1.0000000180025095e-35 1.0000000180025095e-35 17.500000000000004
decision_type=2 2 2 2 2 2 2 2 2 2 2 2 2 2
left_child=-1 2 5 7 -5 6 -2 -4 -7 -10 11 13 -3 -11
right_child=1 12 3 4 -6 8 -8 -9 9 10 -12 -13 -14 -15
leaf_value=-0.080085104002904001 -0.080188563236834778 0.08012544277311355 -0.0026989890997815469 -0.018433731087848983 0.0018891884598360906 0.080089943844542252 0.080131904269868021 0.0051995533120261428 0.080715086565739252 0.080317814411755145 0.080092604776041756 0.080090466634699334 0.080092049905392232 0.080210471881829642
leaf_weight=1.0880422050831837 0.012448224355466553 0.30759941675933067 2.1099248863756666 0.35157435853034247 0.23868837160989642 0.31282827712129802 0.070322745479643345 0.69541124813258637 0.065236341091804206 0.05661897303070873 0.043883144855499268 0.0293356420006603 0.30879612569697201 0.019415138696786016
leaf_count=1025 6 222 15 8 10 279 48 4 16 15 38 26 269 9
internal_value=0.000185604 0.0190814 0.00969051 -0.00238801 -0.0102156 0.0769165 0.0560207 -0.000741029 0.0801964 0.0803518 0.080193 0.0802347 0.0801087 0.0802904
internal_weight=5.71013 4.62208 4.00569 3.3956 0.590263 0.610088 0.082771 2.80534 0.527318 0.214489 0.149253 0.10537 0.616396 0.0760341
internal_count=1990 965 474 37 18 437 54 19 383 104 88 50 491 24
is_linear=0
shrinkage=0.08


Tree=77
num_leaves=15
num_cat=0
split_feature=6 11 14 4 1 1 2 1 10 1 10 6 2 1
split_gain=1.23536 0.395899 0.379117 0.253711 0.263353 0.261521 0.215636 0.125374 0.116112 0.0054876 0.0041922 0.00408713 0.0236823 0.00296931
threshold=0.58335000000000015 1.0000000180025095e-35 1.0000000180025095e-35 1.5000000000000002 11.500000000000002 12.500000000000002 1.0000000180025095e-35 15.500000000000002 0.67500000000000016 16.500000000000004 1.0000000180025095e-35 0.83335000000000015 1.0000000180025095e-35 14.500000000000002
decision_type=2 2 2 2 2 2 2 2 2 2 2 2 2 2
left_child=-1 2 3 4 -2 -6 7 13 -9 -10 11 12 -3 -7
right_child=1 10 -4 -5 5 6 -8 8 9 -11 -12 -13 -14 -15
leaf_value=-0.080078547176596016 0.085605192982875847 -0.080128943913026468 0.081267533122501942 0.096926861556205626 -0.079760536761075057 -0.0026766096797424207 0.08202874249052941 0.068728070402547595 -0.045131817284497715 -0.068526863932903678 0.080555506723268153 0.080085840200307429 0.080099233133506142 0.0036487102902769387
leaf_weight=1.0044683906016869 0.19513117708265904 0.0080330815399064504 0.41255614801775653 0.16537040728144337 0.31143089663237367 1.5529674700228508 0.18070744548458595 0.048066913383081444 0.082309677265584469 0.29112065327353776 0.54430163011420518 0.027839254238642752 0.0222722003236413 0.68425296153873194
leaf_count=1025 94 5 236 16 15 34 79 15 13 21 383 26 18 10
internal_value=0.000181328 0.0179922 0.00872163 0.000198076 -0.0045826 -0.0101679 -0.0025349 -0.00828252 -0.0483059 -0.0633702 0.0783744 0.0579562 0.0376272 -0.000742013
internal_weight=5.53083 4.52636 3.92391 3.51136 3.34599 3.15086 2.83943 2.65872 0.421497 0.37343 0.602446 0.0581445 0.0303053 2.23722
internal_count=1990 965 533 297 281 187 172 93 49 34 432 49 23 44
is_linear=0
shrinkage=0.08


Tree=78
num_leaves=15
num_cat=0
split_feature=6 10 10 13 6 2 1 1 1 1 1 11 14 11
split_gain=1.13043 0.381295 0.450355 0.00709026 0.00609429 0.0376527 0.00355488 0.00398418 0.00120511 1.34814e-06 2.08375e-06 6.86596e-08 9.11518e-08 3.47311e-08
threshold=0.58335000000000015 0.68500000000000016 0.67500000000000016 1.0000000180025095e-35 0.83335000000000015 1.0000000180025095e-35 15.500000000000002 14.500000000000002 17.500000000000004 11.500000000000002 12.500000000000002 1.0000000180025095e-35 1.0000000180025095e-35 1.0000000180025095e-35
decision_type=2 2 2 2 2 2 2 2 2 2 2 2 2 2
left_child=-1 2 4 6 5 -2 7 -4 -8 -6 -11 12 -12 -3
right_child=1 13 3 -5 9 -7 8 -9 -10 10 11 -13 -14 -15
leaf_value=-0.08007250840503248 -0.080178825974301329 0.080118986071964896 -0.0052526956769706999 0.0051190150324499908 0.080076468743224577 0.080112226056653302 -0.0074168246447590324 0.0021112859129470874 -0.015698523544310578 0.080730332275762054 0.080256048642597042 0.08007888412741325 0.080076984219904335 0.080078388684448817
leaf_weight=0.9273083327570929 0.011120761628263032 0.27675360755529244 1.5633283993229281 0.61961281299591053 0.26603952172445133 0.059883456968236715 0.28470686636865128 0.67247745394706715 0.18586361291818321 0.063328806834761053 0.067026064265519381 0.037394930550362915 0.024972666520625353 0.26305807381868362
leaf_count=1025 6 222 12 7 279 48 7 3 8 16 24 38 26 269
internal_value=0.00019396 0.0171273 0.00831117 -0.00260058 0.0768175 0.0550073 -0.00436794 -0.00303778 -0.0106879 0.0801932 0.0803543 0.0801703 0.0802074 0.0800992
internal_weight=5.32288 4.39557 3.85576 3.32599 0.529766 0.0710042 2.70638 2.23581 0.47057 0.458762 0.192722 0.129394 0.0919987 0.539812
internal_count=1990 965 474 37 437 54 30 15 15 383 104 88 50 491
is_linear=0
shrinkage=0.08


Tree=79
num_leaves=15
num_cat=0
split_feature=6 11 14 4 1 10 1 1 1 1 1 10 6 2
split_gain=1.03254 0.362553 0.343464 0.232924 0.235588 0.236751 0.271053 0.0526438 0.0633232 0.0865324 0.116895 0.00357938 0.00348229 0.0201756
threshold=0.58335000000000015 1.0000000180025095e-35 1.0000000180025095e-35 1.5000000000000002 11.500000000000002 0.68500000000000016 12.500000000000002 15.500000000000002 17.500000000000004 18.500000000000004 19.500000000000004 1.0000000180025095e-35 0.83335000000000015 1.0000000180025095e-35
decision_type=2 2 2 2 2 2 2 2 2 2 2 2 2 2
left_child=-1 2 3 4 -2 6 -6 -8 -9 -10 -11 12 13 -3
right_child=1 11 -4 -5 5 -7 7 8 9 10 -12 -13 -14 -15
leaf_value=-0.08006692838560979 0.085417177501252731 -0.08010984346200388 0.081231734051138024 0.095583041359936782 -0.090202526404858749 0.08012863149917418 -0.0023899839757773379 -0.061961569303308046 0.083858985825513224 -0.075875531528320814 0.070937134432989532 0.080539654113099296 0.080073138120594911 0.080084542912003662
leaf_weight=0.85607070795958851 0.17486440495122346 0.0068464974174274875 0.36518562509445462 0.15455213177483518 0.28065910656005222 0.17582083586603392 2.1890655537135904 0.22858102107420553 0.056161574844736606 0.11406450998038054 0.049891381058841944 0.47562443598872051 0.023726669838652015 0.018982066540047526
leaf_count=1025 94 5 236 16 6 128 16 14 7 5 11 383 26 18
internal_value=0.00018956 0.0161156 0.00748112 -0.000385512 -0.00492257 -0.0100279 -0.0154594 -0.00750673 -0.0324698 -0.00184402 -0.0312008 0.0784078 0.0579468 0.0376211
internal_weight=5.1701 4.31403 3.78885 3.42366 3.26911 3.09424 2.91842 2.63776 0.448698 0.220117 0.163956 0.52518 0.0495552 0.0258286
internal_count=1990 965 533 297 281 187 59 53 37 23 16 432 49 23
is_linear=0
shrinkage=0.08


Tree=80
num_leaves=15
num_cat=0
split_feature=6 11 14 4 10 10 13 10 6 2 1 1 10 10
split_gain=0.945652 0.340434 0.318093 0.211064 0.226389 0.232258 0.00357178 0.00329408 0.00321445 0.0186227 0.000110576 0.000606117 3.88883e-05 3.68871e-05
threshold=0.58335000000000015 1.0000000180025095e-35 1.0000000180025095e-35 1.5000000000000002 0.67500000000000016 0.68500000000000016 1.0000000180025095e-35 1.0000000180025095e-35 0.83335000000000015 1.0000000180025095e-35 13.500000000000002 14.500000000000002 0.67500000000000016 0.68500000000000016
decision_type=2 2 2 2 2 2 2 2 2 2 2 2 2 2
left_child=-1 2 3 4 6 10 -2 8 9 -3 -6 -12 -4 -14
right_child=1 7 12 -5 5 -7 -8 -9 -10 -11 11 -13 13 -15
leaf_value=-0.080061772023004976 0.080356799769511517 -0.080101387120115108 0.080065511372964263 0.094194453699931721 -0.016057126856776339 0.080115160965354329 0.038787119150139104 0.080499210539658708 0.080067511676783928 0.080078040954875501 -0.012760686179933239 -0.01616042627030068 0.082477536461563347 0.080065506363117017
leaf_weight=0.79030166089069087 0.18772720155539113 0.0063207541825248672 0.13162719807587553 0.1446865762118249 1.3159818723797805 0.1723648840561508 0.014231361914426088 0.43926835525780916 0.021903953223954886 0.01752402086276561 0.49685946106910694 1.0341902654618023 0.15025948919355869 0.055590007337741554
leaf_count=1025 114 5 161 16 6 142 7 383 26 18 2 10 7 68
internal_value=0.000203263 0.0153478 0.00709418 -0.00032954 -0.00457507 -0.01006 0.0774275 0.0783715 0.0579422 0.0376178 -0.0155194 -0.0150571 0.0811395 0.0818262
internal_weight=4.97884 4.18854 3.70352 3.36604 3.22136 3.0194 0.201959 0.485017 0.0457487 0.0238448 2.84703 1.53105 0.337477 0.205849
internal_count=1990 965 533 297 281 160 121 432 49 23 18 12 236 75
is_linear=0
shrinkage=0.08


Tree=81
num_leaves=15
num_cat=0
split_feature=6 11 14 4 1 1 2 1 10 1 1 10 6 2
split_gain=0.865707 0.319878 0.294637 0.19144 0.207894 0.210028 0.170622 0.120387 0.0926185 0.00389673 0.00326457 0.00303218 0.00296721 0.0171895
threshold=0.58335000000000015 1.0000000180025095e-35 1.0000000180025095e-35 1.5000000000000002 11.500000000000002 12.500000000000002 1.0000000180025095e-35 15.500000000000002 0.67500000000000016 16.500000000000004 18.500000000000004 1.0000000180025095e-35 0.83335000000000015 1.0000000180025095e-35
decision_type=2 2 2 2 2 2 2 2 2 2 2 2 2 2
left_child=-1 2 3 4 -2 -6 7 -7 10 -10 -9 12 13 -3
right_child=1 11 -4 -5 5 6 -8 8 9 -11 -12 -13 -14 -15
leaf_value=-0.080057021304156151 0.085294850590072538 -0.080093589726185202 0.0810513039019405 0.092944202045190244 -0.072890377593464339 0.00027630099496692427 0.081911017753986196 0.080255227091017345 -0.047010782927868346 -0.068098091627645949 0.030980080205642573 0.080461717852495063 0.080062316976771422 0.080072032700447396
leaf_weight=0.72958194068633009 0.15785807970678556 0.005835336633026488 0.31185510789509852 0.13528560230042774 0.29598065163008902 2.2283219619421297 0.14693154074484471 0.027914781123399623 0.072033571545034647 0.25329013937152922 0.012439625686965883 0.40567708085291088 0.020221156708430499 0.01617787464056164
leaf_count=1025 94 5 236 16 15 44 79 10 13 21 5 383 26 18
internal_value=0.000220497 0.0145412 0.00669494 -0.000268431 -0.00421561 -0.00886834 -0.0019549 -0.0067053 -0.0492489 -0.0634289 0.0650657 0.0783379 0.057938 0.0376148
internal_weight=4.8194 4.08982 3.64191 3.33006 3.19477 3.03691 2.74093 2.594 0.365678 0.325324 0.0403544 0.447911 0.0422344 0.0220132
internal_count=1990 965 533 297 281 187 172 93 49 34 15 432 49 23
is_linear=0
shrinkage=0.08


Tree=82
num_leaves=15
num_cat=0
split_feature=6 10 10 1 1 6 2 1 1 1 11 14 11 0
split_gain=0.792895 0.308235 0.354858 0.00783974 0.00861383 0.00557372 0.0310288 0.00547944 1.41379e-06 2.23703e-06 4.51981e-08 5.60597e-08 2.56967e-08 1.85834e-08
threshold=0.58335000000000015 0.68500000000000016 0.67500000000000016 15.500000000000002 17.500000000000004 0.83335000000000015 1.0000000180025095e-35 14.500000000000002 11.500000000000002 12.500000000000002 1.0000000180025095e-35 1.0000000180025095e-35 1.0000000180025095e-35 2.5000000000000004
decision_type=2 2 2 2 2 2 2 2 2 2 2 2 2 2
left_child=-1 2 5 7 -5 6 -2 -4 -7 -10 11 -11 13 -3
right_child=1 12 3 4 -6 8 -8 -9 9 10 -12 -13 -14 -15
leaf_value=-0.0800526395980454 -0.080183793925972413 0.080110663203470892 -0.003153677299540475 -0.021200692940799834 0.00077510430100619099 0.08005530309047322 0.080089895411709369 0.0051036788795705409 0.08076090235212878 0.080217916388466648 0.08005724129365771 0.080055768096490371 0.0800568282522469 0.080055542971658969
leaf_weight=0.67352439509704698 0.0093208809848882579 0.16101416130550195 2.0102622192353019 0.27911958284676064 0.19314393564127386 0.19246625300729647 0.045314367453102022 0.69115072768181551 0.060509495437145233 0.05545884498860687 0.027149375644512475 0.018099536886438727 0.19082072097808123 0.051719759532716125
leaf_count=1025 6 147 15 8 10 279 48 4 16 24 38 26 269 75
internal_value=0.000228849 0.0137957 0.00632824 -0.00270353 -0.0122131 0.0765281 0.0527469 -0.00104105 0.0802017 0.0803765 0.0801455 0.080178 0.0800781 0.0800973
internal_weight=4.65907 3.98555 3.582 3.17368 0.472264 0.408319 0.0546352 2.70141 0.353684 0.161217 0.100708 0.0735584 0.403555 0.212734
internal_count=1990 965 474 37 18 437 54 19 383 104 88 50 491 222
is_linear=0
shrinkage=0.08


Tree=83
num_leaves=15
num_cat=0
split_feature=6 11 14 4 1 1 2 1 10 1 1 1 10 6
split_gain=0.725244 0.290799 0.26683 0.17574 0.186204 0.187956 0.151556 0.112484 0.0779161 0.00504539 0.00359412 0.00268355 0.0025903 0.00252801
threshold=0.58335000000000015 1.0000000180025095e-35 1.0000000180025095e-35 1.5000000000000002 11.500000000000002 12.500000000000002 1.0000000180025095e-35 15.500000000000002 0.67500000000000016 19.500000000000004 16.500000000000004 17.500000000000004 1.0000000180025095e-35 0.83335000000000015
decision_type=2 2 2 2 2 2 2 2 2 2 2 2 2 2
left_child=-1 2 3 4 -2 -6 7 -7 9 -9 -10 -12 13 -3
right_child=1 12 -4 -5 5 6 -8 8 10 -11 11 -13 -14 -15
leaf_value=-0.080048584554560057 0.085074734941437496 0.037611738038180978 0.081034854326238567 0.091915808906730498 -0.069932923104445349 0.00014742271635749654 0.081824623405316835 0.080222625682027288 -0.045951004523399112 0.0082900014964920211 -0.074851816955947378 -0.057835269189768161 0.080454106748750157 0.080053091878674765
leaf_weight=0.62177158397389565 0.14192069275304842 0.018760201637633034 0.27724330290220667 0.12597885215654958 0.28980315010994706 2.2230240026256078 0.1309265891322865 0.02703983534593124 0.068243563640862703 0.0081129370955750346 0.12500838097184896 0.11286200967151672 0.35532173304818571 0.017233243386726826
leaf_count=1025 94 23 236 16 15 44 79 11 13 4 7 14 383 26
internal_value=0.000222324 0.0129497 0.00569655 -0.000724466 -0.00445678 -0.00871349 -0.00213087 -0.00641744 -0.0491812 0.0636212 -0.0621349 -0.066778 0.0783825 0.0579322
internal_weight=4.54325 3.92148 3.53016 3.25292 3.12694 2.98502 2.69522 2.56429 0.341267 0.0351528 0.306114 0.23787 0.391315 0.0359934
internal_count=1990 965 533 297 281 187 172 93 49 15 34 21 432 49
is_linear=0
shrinkage=0.08


Tree=84
num_leaves=15
num_cat=0
split_feature=6 10 10 1 1 1 6 2 1 1 1 11 14 11
split_gain=0.664579 0.281369 0.31354 0.0090358 0.00988988 0.00718734 0.00569283 0.0288968 0.000798877 1.37208e-06 2.22213e-06 3.12647e-08 3.81247e-08 2.88789e-08
threshold=0.58335000000000015 0.68500000000000016 0.67500000000000016 12.500000000000002 15.500000000000002 18.500000000000004 0.83335000000000015 1.0000000180025095e-35 13.500000000000002 11.500000000000002 12.500000000000002 1.0000000180025095e-35 1.0000000180025095e-35 1.0000000180025095e-35
decision_type=2 2 2 2 2 2 2 2 2 2 2 2 2 2
left_child=-1 2 6 -4 8 -6 7 -2 -5 -8 -11 12 -12 -3
right_child=1 13 3 4 5 -7 9 -9 -10 10 11 -13 -14 -15
leaf_value=-0.080044853690715845 -0.080170933584875925 0.080094181288887206 -0.013639223334594545 0.0026797548300684605 -0.0051874245681109701 -0.027230517857282369 0.08004703601696006 0.080077044585388654 -0.00034634521395884995 0.08076446558532667 0.080191765570702706 0.080048764017251167 0.080047470899810749 0.080048399763086489
leaf_weight=0.57399321376578871 0.0088259392650805735 0.19273290294222523 0.42637225426733527 1.0345798209309585 0.30411024251952756 0.13745781243778765 0.16371122718555853 0.039137879852205515 1.2128996476531027 0.058806994173210114 0.048926828661933541 0.023134373826906085 0.015409790677949786 0.16255785949761048
leaf_count=1025 6 222 5 6 10 8 279 48 8 16 24 38 26 269
internal_value=0.000229391 0.0122641 0.00532792 -0.00281941 -0.00110383 -0.0120493 0.0762376 0.0505894 0.00104666 0.0802061 0.0803842 0.0801285 0.0801572 0.0800732
internal_weight=4.40266 3.82866 3.47337 3.11542 2.68905 0.441568 0.357953 0.0479638 2.24748 0.309989 0.146278 0.087471 0.0643366 0.355291
internal_count=1990 965 474 37 32 18 437 54 14 383 104 88 50 491
is_linear=0
shrinkage=0.08


Tree=85
num_leaves=15
num_cat=0
split_feature=6 10 10 1 1 1 6 2 1 1 1 11 14 11
split_gain=0.608272 0.263951 0.290028 0.00761643 0.00838533 0.00739205 0.00525163 0.0266725 0.000676259 1.07886e-06 1.74634e-06 2.4586e-08 2.99832e-08 2.27109e-08
threshold=0.58335000000000015 0.68500000000000016 0.67500000000000016 12.500000000000002 15.500000000000002 17.500000000000004 0.83335000000000015 1.0000000180025095e-35 13.500000000000002 11.500000000000002 12.500000000000002 1.0000000180025095e-35 1.0000000180025095e-35 1.0000000180025095e-35
decision_type=2 2 2 2 2 2 2 2 2 2 2 2 2 2
left_child=-1 2 6 -4 8 -6 7 -2 -5 -8 -11 12 -12 -3
right_child=1 13 3 4 5 -7 9 -9 -10 10 11 -13 -14 -15
leaf_value=-0.080041408296431749 -0.080157784156296388 0.080086937029884592 -0.012510888066878436 0.0024656024964047141 -0.019751498902888857 0.001303577384587718 0.080043421862685704 0.08007111805126875 -0.00031860989543235915 0.080705264228776788 0.080176994452995157 0.080045014599103598 0.08004381368883591 0.08004468233845588
leaf_weight=0.52988440729677666 0.0081486512790441834 0.17793033420457494 0.42758695874363217 1.0344868665561087 0.25981311593204726 0.18110334593802691 0.15113106212811545 0.036131382163148373 1.2129996307194231 0.054323903867043555 0.045173138787504286 0.021356679906602949 0.014225652674213052 0.15006650355644524
leaf_count=1025 6 222 5 6 8 10 279 48 8 16 24 38 26 269
internal_value=0.000222907 0.0114909 0.00496456 -0.00259338 -0.00101601 -0.0111033 0.0762237 0.0505849 0.000962924 0.0801903 0.0803546 0.0801186 0.0801451 0.0800676
internal_weight=4.30436 3.77448 3.44648 3.11599 2.6884 0.440916 0.33049 0.04428 2.24749 0.28621 0.135079 0.0807555 0.0593988 0.327997
internal_count=1990 965 474 37 32 18 437 54 14 383 104 88 50 491
is_linear=0
shrinkage=0.08


Tree=86
num_leaves=15
num_cat=0
split_feature=6 11 14 6 1 1 2 1 1 1 10 6 2 1
split_gain=0.556941 0.254095 0.235765 0.165879 0.165118 0.178305 0.136741 0.109198 0.00257146 0.00483487 0.00249594 0.00228424 0.012691 0.002119
threshold=0.58335000000000015 1.0000000180025095e-35 1.0000000180025095e-35 1.2500000000000002 11.500000000000002 12.500000000000002 1.0000000180025095e-35 15.500000000000002 14.500000000000002 13.500000000000002 1.0000000180025095e-35 0.83335000000000015 1.0000000180025095e-35 16.500000000000004
decision_type=2 2 2 2 2 2 2 2 2 2 2 2 2 2
left_child=-1 2 3 4 -2 -6 7 8 9 -7 11 12 -3 -9
right_child=1 10 -4 -5 5 6 -8 13 -10 -11 -12 -13 -14 -15
leaf_value=-0.080038215360240181 0.085201248376956668 -0.080070517052045598 0.081059693174368092 0.09128614585149622 -0.070412557568292136 0.0010792363862727702 0.081765663261857177 -0.038472752095441647 0.0037936922452741916 -0.0084341297335972995 0.080468029818060963 0.080041765265784867 0.080050358705780131 -0.054456388757489441
leaf_weight=0.48916364539763879 0.12425977806560862 0.0043996001477352156 0.23808313766494382 0.11869524887879368 0.2738298196345571 1.0194365560309973 0.11750010668765742 0.06796253565698851 0.68174018233548839 0.51442573708482076 0.29634990147314966 0.013557999162003398 0.011316525866277516 0.24246899638092145
leaf_count=1025 91 5 236 11 14 19 88 15 10 15 383 26 18 34
internal_value=0.000216109 0.0107578 0.0042893 -0.0014942 -0.00511483 -0.00896168 -0.00259631 -0.00652046 -0.00029437 -0.00211135 0.0782667 0.0559819 0.0352258 -0.0509571
internal_weight=4.21319 3.72403 3.3984 3.16032 3.04162 2.91736 2.64353 2.52603 2.2156 1.53386 0.325624 0.0292741 0.0157161 0.310432
internal_count=1990 965 533 297 286 195 181 93 44 34 432 49 23 49
is_linear=0
shrinkage=0.08


Tree=87
num_leaves=15
num_cat=0
split_feature=6 10 10 1 6 2 13 1 1 1 1 1 11 11
split_gain=0.51082 0.239741 0.260938 0.00743022 0.0045973 0.0229219 0.00409778 0.00237283 0.00444784 0.000693114 1.06162e-06 1.68871e-06 2.37467e-08 2.21147e-08
threshold=0.58335000000000015 0.68500000000000016 0.67500000000000016 12.500000000000002 0.83335000000000015 1.0000000180025095e-35 1.0000000180025095e-35 13.500000000000002 15.500000000000002 17.500000000000004 11.500000000000002 12.500000000000002 1.0000000180025095e-35 1.0000000180025095e-35
decision_type=2 2 2 2 2 2 2 2 2 2 2 2 2 2
left_child=-1 2 4 -4 5 -2 7 -5 -9 -10 -6 -12 -3 -13
right_child=1 12 3 6 10 -7 -8 8 9 -11 11 13 -14 -15
leaf_value=-0.080035271527740828 -0.080138025979382924 0.080084216700780586 -0.01279839988101119 0.0017295031629120309 0.080036923596743678 0.080060518541844261 0.0046974743248005754 -0.0021212178333595896 -0.0094509714358748959 -0.016685249518692984 0.080707827924107911 0.080140074692295185 0.08003805395680616 0.080038350083177279
leaf_weight=0.45157088752603147 0.007020681805443795 0.16131554715684604 0.40796717908233437 0.5318894926458605 0.12853364238981158 0.030766740936087444 0.58692490309476841 1.1843799538910387 0.21113929990679015 0.14160863403230906 0.052939560293452814 0.055063907464500517 0.12783386005321518 0.018197785073425621
leaf_count=1025 6 222 5 4 279 48 7 6 7 8 16 50 269 38
internal_value=0.000225491 0.0101672 0.00414579 -0.00274647 0.076336 0.0502966 -0.00120244 -0.00287609 -0.00446975 -0.0123551 0.0801988 0.0803636 0.0800638 0.0801148
internal_weight=4.09715 3.64558 3.35643 3.06391 0.292522 0.0377874 2.65594 2.06902 1.53713 0.352748 0.254735 0.126201 0.289149 0.0732617
internal_count=1990 965 474 37 437 54 32 25 21 15 383 104 491 88
is_linear=0
shrinkage=0.08


Tree=88
num_leaves=15
num_cat=0
split_feature=6 11 14 4 1 1 2 1 1 1 10 6 2 1
split_gain=0.468038 0.229574 0.212761 0.153394 0.150693 0.153615 0.119198 0.100261 0.00248434 0.00379455 0.00213156 0.00194625 0.0108128 0.00180605
threshold=0.58335000000000015 1.0000000180025095e-35 1.0000000180025095e-35 1.5000000000000002 11.500000000000002 12.500000000000002 1.0000000180025095e-35 15.500000000000002 14.500000000000002 13.500000000000002 1.0000000180025095e-35 0.83335000000000015 1.0000000180025095e-35 16.500000000000004
decision_type=2 2 2 2 2 2 2 2 2 2 2 2 2 2
left_child=-1 2 3 4 -2 -6 7 8 9 -7 11 12 -3 -9
right_child=1 10 -4 -5 5 6 -8 13 -10 -11 -12 -13 -14 -15
leaf_value=-0.080032563201406795 0.084954548384380338 -0.080060075505775499 0.081025428673550545 0.090486716995131375 -0.066410150233052731 0.00062247915365999423 0.081757899316402372 -0.038274899648743269 0.003602042691859539 -0.0078120020141003903 0.080455624381303478 0.080035584475284374 0.080042908868403928 -0.053363721160020694
leaf_weight=0.4168660205323248 0.11424679696210827 0.0037492878618649037 0.2124755332188214 0.11131980351638038 0.26798731286544386 1.017908366629855 0.10248507341020729 0.065125407651066669 0.68083862244384352 0.51361613569315512 0.26073937024921179 0.011554223397979513 0.0096440333873033524 0.23030367441242561
leaf_count=1025 94 5 236 16 15 19 79 15 10 15 383 26 18 34
internal_value=0.000218794 0.00950645 0.00357859 -0.00172311 -0.00515326 -0.00872991 -0.00280809 -0.00626402 -0.000418708 -0.00220613 0.0783181 0.0559781 0.0352241 -0.0500375
internal_weight=4.01886 3.60199 3.31631 3.10383 2.99251 2.87826 2.61028 2.50779 2.21236 1.53152 0.285687 0.0249475 0.0133933 0.295429
internal_count=1990 965 533 297 281 187 172 93 44 34 432 49 23 49
is_linear=0
shrinkage=0.08


Tree=89
num_leaves=15
num_cat=0
split_feature=6 10 10 1 6 2 13 1 1 1 1 1 11 11
split_gain=0.429516 0.217845 0.235155 0.00736404 0.00402942 0.0197087 0.00331877 0.00182259 0.00468642 0.0406709 1.02194e-06 1.60566e-06 2.46168e-08 1.96523e-08
threshold=0.58335000000000015 0.68500000000000016 0.67500000000000016 12.500000000000002 0.83335000000000015 1.0000000180025095e-35 1.0000000180025095e-35 13.500000000000002 15.500000000000002 18.500000000000004 11.500000000000002 12.500000000000002 1.0000000180025095e-35 1.0000000180025095e-35
decision_type=2 2 2 2 2 2 2 2 2 2 2 2 2 2
left_child=-1 2 4 -4 5 -2 7 -5 -9 -10 -6 -12 -3 -13
right_child=1 12 3 6 10 -7 -8 8 9 -11 11 13 -14 -15
leaf_value=-0.080030058758609274 -0.080120925254903649 0.080082594794498904 -0.01314385292062786 0.0011751084915874348 0.08003140527991702 0.080051496101052069 0.0039845023366572108 -0.0019195758613004485 0.0050137063512210598 -0.056941217208236292 0.080706250613207686 0.080135482969513477 0.080032410126423925 0.080032673817477612
leaf_weight=0.38482739691971835 0.0060524094733417346 0.14700556642492291 0.38902591541409526 0.52939964830875474 0.10932963818777353 0.026198143401416019 0.58120622672140587 1.1834637299180029 0.2375963432714342 0.094897966249845922 0.051508482691133395 0.051162690739147365 0.10889441697509028 0.015505977557040751
leaf_count=1025 6 222 5 4 279 48 7 6 9 6 16 50 269 38
internal_value=0.000227392 0.00897367 0.00341966 -0.00287158 0.0764562 0.0499922 -0.00135013 -0.00286601 -0.00427724 -0.012669 0.0802077 0.0803708 0.0800612 0.0801116
internal_weight=3.91607 3.53125 3.27535 3.01559 0.259757 0.0322506 2.62656 2.04536 1.51596 0.332494 0.227507 0.118177 0.2559 0.0666687
internal_count=1990 965 474 37 437 54 32 25 21 15 383 104 491 88
is_linear=0
shrinkage=0.08


Tree=90
num_leaves=15
num_cat=0
split_feature=6 11 14 6 1 1 2 1 1 1 10 6 2 13
split_gain=0.39383 0.206948 0.191411 0.142141 0.135023 0.141275 0.10891 0.0911189 0.00236364 0.00299588 0.00181956 0.0016583 0.00921274 0.00136915
threshold=0.58335000000000015 1.0000000180025095e-35 1.0000000180025095e-35 1.2500000000000002 11.500000000000002 12.500000000000002 1.0000000180025095e-35 15.500000000000002 14.500000000000002 13.500000000000002 1.0000000180025095e-35 0.83335000000000015 1.0000000180025095e-35 1.0000000180025095e-35
decision_type=2 2 2 2 2 2 2 2 2 2 2 2 2 2
left_child=-1 2 3 4 -2 -6 7 8 9 -7 11 12 -3 -9
right_child=1 10 -4 -5 5 6 -8 13 -10 -11 -12 -13 -14 -15
leaf_value=-0.080027744671431492 0.084811125672126286 -0.080051185281003051 0.08097541954211393 0.089731211942745276 -0.06482674864309694 0.00026015503844226785 0.081614272734570573 -0.04669156387001111 0.0034142410967179771 -0.0072398797415786902 0.080437902310915743 0.080030321830802928 0.080036562201978204 -0.062849808598133397
leaf_weight=0.35525031344150226 0.10306464479072186 0.0031950639095156283 0.18951902451226477 0.10466511902632181 0.25818685535341535 1.0165030976641003 0.094328499893890583 0.24117346305865783 0.67997902771458019 0.51282557589001942 0.22975212149322033 0.0098464829789008945 0.0082186305080540478 0.038987166131846607
leaf_count=1025 91 5 236 11 14 19 88 43 10 15 383 26 18 6
internal_value=0.000219315 0.00838716 0.00296442 -0.00188344 -0.00513936 -0.00840142 -0.0027631 -0.00596024 -0.000509994 -0.00225481 0.078366 0.055975 0.0352228 -0.0489401
internal_weight=3.8455 3.49024 3.23923 3.04971 2.94505 2.84198 2.5838 2.48947 2.20931 1.52933 0.251012 0.0212602 0.0114137 0.280161
internal_count=1990 965 533 297 286 195 181 93 44 34 432 49 23 49
is_linear=0
shrinkage=0.08


Tree=91
num_leaves=15
num_cat=0
split_feature=6 10 10 1 6 2 13 1 1 1 1 1 1 11
split_gain=0.361613 0.197727 0.212356 0.00728661 0.00350728 0.0168919 0.00276001 0.00142594 0.00124779 0.00816292 0.000138112 9.69758e-07 1.51469e-06 2.44271e-08
threshold=0.58335000000000015 0.68500000000000016 0.67500000000000016 12.500000000000002 0.83335000000000015 1.0000000180025095e-35 1.0000000180025095e-35 13.500000000000002 14.500000000000002 15.500000000000002 17.500000000000004 11.500000000000002 12.500000000000002 1.0000000180025095e-35
decision_type=2 2 2 2 2 2 2 2 2 2 2 2 2 2
left_child=-1 2 4 -4 5 -2 7 -5 -9 -10 -11 -6 -13 -3
right_child=1 13 3 6 11 -7 -8 8 9 10 -12 12 -14 -15
leaf_value=-0.080025608329729311 -0.08010492723602429 0.0800809941994719 -0.013459798729953494 0.00071691762772054673 0.080026712380563109 0.080043824599117352 0.0034185664841626011 -0.0073386656254975837 0.0024923438736862962 -0.011802376236569861 -0.01524542605758108 0.080702543425694537 0.080108527363931148 0.080027608520762405
leaf_weight=0.32794575818115879 0.0051970997010365441 0.13422687757702068 0.37061836104840074 0.52711816225200969 0.092995306447846815 0.02230896582477726 0.57561190612614144 0.5090474886819718 0.67351417243480682 0.18794828746467829 0.12359724577981979 0.050128543778555468 0.060788295086240396 0.092761207022704184
leaf_count=1025 6 222 5 4 279 48 7 3 3 7 8 16 88 269
internal_value=0.000227146 0.00790946 0.00278981 -0.00296632 0.0766001 0.0497847 -0.00146869 -0.00286051 -0.00412262 -0.00246066 -0.0131683 0.0802172 0.080377 0.0800592
internal_weight=3.75381 3.42586 3.19887 2.96746 0.231418 0.0275061 2.59684 2.02123 1.49411 0.98506 0.311546 0.203912 0.110917 0.226988
internal_count=1990 965 474 37 437 54 32 25 21 18 15 383 104 491
is_linear=0
shrinkage=0.08


Tree=92
num_leaves=15
num_cat=0
split_feature=6 11 14 6 10 1 1 1 1 1 1 1 1 13
split_gain=0.331786 0.186528 0.172931 0.131521 0.12316 0.102918 0.230482 0.0306477 0.078387 0.017255 0.102552 0.00325969 0.00272894 0.00238935
threshold=0.58335000000000015 1.0000000180025095e-35 1.0000000180025095e-35 1.2500000000000002 0.67500000000000016 11.500000000000002 12.500000000000002 15.500000000000002 19.500000000000004 17.500000000000004 18.500000000000004 16.500000000000004 14.500000000000002 1.0000000180025095e-35
decision_type=2 2 2 2 2 2 2 2 2 2 2 2 2 2
left_child=-1 2 3 4 13 -6 -7 12 9 11 -11 -9 -8 -2
right_child=1 -3 -4 -5 5 6 7 8 -10 10 -12 -13 -14 -15
leaf_value=-0.080023641321190039 0.080340150259190571 0.078423582845356971 0.080943636086690779 0.089057258341614598 0.086029665051337481 -0.091992872996185873 -0.0027580196130568839 -0.044253861960602256 0.081079848965274343 0.08223623825291286 -0.074348772925976761 -0.068168981244675173 0.0033352412178340096 0.031596667405132062
leaf_weight=0.30273924712673794 0.10465699339693113 0.22113067892496463 0.16991155626601528 0.098157327403896377 0.071970809891354626 0.20718603581190143 1.5156900770671207 0.056929201033199095 0.037387527147075161 0.041365606506587937 0.075856439972994849 0.10152965705492534 0.68210465848096635 0.0068579056242015204
leaf_count=1025 113 432 236 11 15 9 28 16 32 16 9 18 23 7
internal_value=0.000220589 0.00738514 0.00242907 -0.00201823 -0.00509927 -0.0083944 -0.0108946 -0.00420275 -0.0276209 -0.0423627 -0.0190927 -0.059577 -0.000866923 0.0773425
internal_weight=3.69347 3.39073 3.1696 2.99969 2.90153 2.79002 2.71805 2.51086 0.313068 0.275681 0.117222 0.158459 2.19779 0.111515
internal_count=1990 965 533 297 286 166 151 142 91 59 25 34 51 120
is_linear=0
shrinkage=0.08


Tree=93
num_leaves=15
num_cat=0
split_feature=6 10 10 13 6 2 1 1 1 1 1 11 1 1
split_gain=0.304867 0.179796 0.180196 0.0038971 0.00379019 0.0160995 0.000796815 0.006984 7.77976e-05 6.00076e-07 9.35945e-07 2.3323e-08 1.52992e-08 1.76105e-08
threshold=0.58335000000000015 0.68500000000000016 0.67500000000000016 1.0000000180025095e-35 0.83335000000000015 1.0000000180025095e-35 14.500000000000002 15.500000000000002 17.500000000000004 11.500000000000002 12.500000000000002 1.0000000180025095e-35 12.500000000000002 11.500000000000002
decision_type=2 2 2 2 2 2 2 2 2 2 2 2 2 2
left_child=-1 2 4 6 5 -2 -4 -8 -9 -6 -11 12 13 -3
right_child=1 11 3 -5 9 -7 7 8 -10 10 -12 -13 -14 -15
leaf_value=-0.08002182680820466 -0.080099754644032878 0.080021262610149205 -0.0054492244497377704 0.0031537992517152794 0.080022771948854654 0.080037854803029176 0.0020303588278595781 -0.011742926564448008 -0.014417001668373215 0.0805981423759526 0.080092741285990407 0.08002355707012597 0.080063136858903441 0.080163409702748697
leaf_weight=0.27946963091380927 0.005086184944958271 0.0073819935059872268 1.3836827315390117 0.57027932838536788 0.079268010711530223 0.019130715023493394 0.67225679755210865 0.17610129341483116 0.11516767216380686 0.042783906916156411 0.051896387289161794 0.07917641568928957 0.092960857844445854 0.022824753948953003
leaf_count=1025 6 28 12 7 279 48 3 7 8 16 88 269 175 19
internal_value=0.000223068 0.00698197 0.00223613 -0.00277802 0.076057 0.0464048 -0.00421922 -0.00245286 -0.0128003 0.0801852 0.0803211 0.0800574 0.0800792 0.0801287
internal_weight=3.59747 3.318 3.11565 2.91749 0.198165 0.0242169 2.34721 0.963526 0.291269 0.173948 0.0946803 0.202344 0.123168 0.0302067
internal_count=1990 965 474 37 437 54 30 18 15 383 104 491 222 47
is_linear=0
shrinkage=0.08


Tree=94
num_leaves=15
num_cat=0
split_feature=6 10 10 6 2 13 1 1 1 1 1 11 1 1
split_gain=0.279882 0.167356 0.166191 0.00349651 0.0148609 0.00329871 0.000672053 0.00591913 6.58175e-05 4.71855e-07 7.35602e-07 1.8343e-08 1.20316e-08 1.38479e-08
threshold=0.58335000000000015 0.68500000000000016 0.67500000000000016 0.83335000000000015 1.0000000180025095e-35 1.0000000180025095e-35 14.500000000000002 15.500000000000002 17.500000000000004 11.500000000000002 12.500000000000002 1.0000000180025095e-35 12.500000000000002 11.500000000000002
decision_type=2 2 2 2 2 2 2 2 2 2 2 2 2 2
left_child=-1 2 3 4 -2 6 -4 -8 -9 -5 -11 12 13 -3
right_child=1 11 5 9 -6 -7 7 8 -10 10 -12 -13 -14 -15
leaf_value=-0.080020147542823813 -0.080092084585792978 0.080019632288478387 -0.0050108539383944203 0.080021019803601906 0.080034945113339626 0.0029016561951688397 0.0018692072441957052 -0.01081797317747653 -0.013279003717928292 0.080551872436329983 0.080085610031720975 0.080021748151181113 0.080058280993522524 0.080150823501706214
leaf_weight=0.25798817005124908 0.0046955718426041617 0.0068145724362692608 1.3843261096626527 0.073175134806660935 0.017660491837887093 0.5702477570157497 0.67181687057018269 0.17587549239397049 0.11504012264776975 0.039516291115432978 0.047910496490658261 0.073090627964120358 0.085818681793170981 0.021073076815810055
leaf_count=1025 6 28 12 279 48 7 3 7 8 16 88 269 175 19
internal_value=0.000216055 0.00651347 0.00208257 0.0760447 0.0464025 -0.00255594 -0.00388193 -0.00225864 -0.0117912 0.0801709 0.0802964 0.080053 0.0800731 0.0801188
internal_weight=3.54505 3.28706 3.10026 0.182958 0.0223561 2.91731 2.34706 0.962732 0.290916 0.160602 0.0874268 0.186797 0.113706 0.0278876
internal_count=1990 965 474 437 54 37 30 18 15 383 104 491 222 47
is_linear=0
shrinkage=0.08


Tree=95
num_leaves=15
num_cat=0
split_feature=6 11 14 6 1 1 2 1 10 6 2 1 13 1
split_gain=0.257019 0.16203 0.153427 0.12179 0.109498 0.126198 0.0875053 0.0857413 0.001636 0.00141757 0.00690522 0.0012601 0.00280287 0.0011839
threshold=0.58335000000000015 1.0000000180025095e-35 1.0000000180025095e-35 1.2500000000000002 11.500000000000002 12.500000000000002 1.0000000180025095e-35 15.500000000000002 1.0000000180025095e-35 0.83335000000000015 1.0000000180025095e-35 16.500000000000004 1.0000000180025095e-35 14.500000000000002
decision_type=2 2 2 2 2 2 2 2 2 2 2 2 2 2
left_child=-1 2 3 4 -2 -6 7 13 9 10 -3 -9 -13 -7
right_child=1 8 -4 -5 5 6 -8 11 -10 -11 -12 12 -14 -15
leaf_value=-0.080018598489573739 0.084474446109409698 -0.080040187948922467 0.080951528457828825 0.088428356494186899 -0.064757854696024478 -0.0017832715249034398 0.081528442529891457 -0.040191185166301678 0.08043923389532591 0.080020348997374313 0.080024544478071238 -0.049506792831802593 -0.075676399190082982 0.0022398599090700717
leaf_weight=0.23815752065274898 0.084350235963940423 0.0025091838324441396 0.14863740249711543 0.091584231005981453 0.23021350149065289 1.5229149539954971 0.076228941732551792 0.055288208706769981 0.17288335389457643 0.0066103132849093535 0.0055186162353493273 0.15434234705753624 0.031546991085633636 0.67589025729103003
leaf_count=1025 91 5 236 11 14 34 88 15 383 26 18 31 3 10
internal_value=0.000208826 0.00607246 0.00166424 -0.00236848 -0.00530603 -0.00806344 -0.00287635 -0.00551329 0.0782649 0.0525852 0.0299944 -0.0507943 -0.053948 -0.000546602
internal_weight=3.49668 3.25852 3.071 2.92236 2.83078 2.74643 2.51621 2.43998 0.187521 0.0146381 0.0080278 0.241178 0.185889 2.19881
internal_count=1990 965 533 297 286 195 181 93 432 49 23 49 34 44
is_linear=0
shrinkage=0.08


Tree=96
num_leaves=15
num_cat=0
split_feature=6 10 10 13 6 2 1 1 1 1 1 11 1 1
split_gain=0.236297 0.151809 0.150397 0.00304013 0.00301349 0.0126793 0.00051757 0.00577391 4.97536e-05 4.437e-07 6.92129e-07 1.77334e-08 1.23963e-08 1.24972e-08
threshold=0.58335000000000015 0.68500000000000016 0.67500000000000016 1.0000000180025095e-35 0.83335000000000015 1.0000000180025095e-35 14.500000000000002 15.500000000000002 17.500000000000004 11.500000000000002 12.500000000000002 1.0000000180025095e-35 12.500000000000002 11.500000000000002
decision_type=2 2 2 2 2 2 2 2 2 2 2 2 2 2
left_child=-1 2 4 6 5 -2 -4 -8 -9 -6 -11 12 13 -3
right_child=1 11 3 -5 9 -7 7 8 -10 10 -12 -13 -14 -15
leaf_value=-0.080017167419244667 -0.080078824810486074 0.080016686729507638 -0.004890784166228004 0.002652717690729803 0.080017880179735018 0.080029740724004331 0.0015427544086470844 -0.011362889161681235 -0.013566578268788156 0.080548325258449766 0.080083506583144504 0.080018524852373291 0.080056587446419025 0.080149970476710464
leaf_weight=0.21985086932545561 0.004009481810499759 0.0057910706964320316 1.3640880570746965 0.56508238799870003 0.062247779744211584 0.015038661513244733 0.67092365026473988 0.16582114715129137 0.10845581034664065 0.038516078915563412 0.04383629554649815 0.062260038685053587 0.078407930472167209 0.02023181167896837
leaf_count=1025 6 28 12 7 279 48 3 7 8 16 88 269 175 19
internal_value=0.000214786 0.00571889 0.00164035 -0.00260682 0.0762389 0.0463282 -0.00389383 -0.00245505 -0.0122343 0.0801791 0.0803009 0.0800523 0.0800725 0.0801203
internal_weight=3.42456 3.20471 3.03802 2.87437 0.163648 0.0190481 2.30929 0.945201 0.274277 0.1446 0.0823524 0.166691 0.104431 0.0260229
internal_count=1990 965 474 37 437 54 30 18 15 383 104 491 222 47
is_linear=0
shrinkage=0.08


Tree=97
num_leaves=15
num_cat=0
split_feature=6 11 14 6 1 1 2 1 10 6 2 1 13 1
split_gain=0.217115 0.145934 0.138881 0.111717 0.0988226 0.115024 0.0786753 0.079328 0.00139758 0.00120785 0.00588372 0.00110625 0.0026812 0.000871353
threshold=0.58335000000000015 1.0000000180025095e-35 1.0000000180025095e-35 1.2500000000000002 11.500000000000002 12.500000000000002 1.0000000180025095e-35 15.500000000000002 1.0000000180025095e-35 0.83335000000000015 1.0000000180025095e-35 16.500000000000004 1.0000000180025095e-35 14.500000000000002
decision_type=2 2 2 2 2 2 2 2 2 2 2 2 2 2
left_child=-1 2 3 4 -2 -6 7 13 9 10 -3 -9 -13 -7
right_child=1 8 -4 -5 5 6 -8 11 -10 -11 -12 12 -14 -15
leaf_value=-0.080015845329592244 0.084224468424814611 -0.080034245428623946 0.080916137425128556 0.087777105954730941 -0.062762447112487796 -0.0015532569335474867 0.081464762527934276 -0.039822004470442034 0.080426994911522998 0.080017336462537225 0.080020915431061879 -0.048603061662111306 -0.075077279610064759 0.0019008637627915212
leaf_weight=0.20295114263717584 0.076989399938612979 0.0021382485283537589 0.13400348495633796 0.085317044664407038 0.22278998559340868 1.5213015115004975 0.069004543140181229 0.052839952579233684 0.15360277429863345 0.0056327906640945002 0.0047028260305523872 0.14674561622086912 0.029385624569840729 0.6747130166622809
leaf_count=1025 91 5 236 11 14 34 88 15 383 26 18 31 3 10
internal_value=0.000207628 0.00532892 0.00130491 -0.0024005 -0.00515437 -0.00768723 -0.00276732 -0.0051642 0.0783357 0.0525829 0.029994 -0.0499743 -0.05302 -0.000491998
internal_weight=3.38212 3.17917 3.01309 2.87909 2.79377 2.71678 2.49399 2.42499 0.166077 0.0124739 0.00684107 0.228971 0.176131 2.19601
internal_count=1990 965 533 297 286 195 181 93 432 49 23 49 34 44
is_linear=0
shrinkage=0.08


Tree=98
num_leaves=15
num_cat=0
split_feature=6 10 10 13 6 2 1 1 1 1 1 1 11 1
split_gain=0.199695 0.137879 0.136485 0.00279187 0.00259844 0.0108202 0.000398596 0.00566365 5.52025e-05 3.74472e-05 4.11315e-07 6.45979e-07 1.68838e-08 1.26123e-08
threshold=0.58335000000000015 0.68500000000000016 0.67500000000000016 1.0000000180025095e-35 0.83335000000000015 1.0000000180025095e-35 14.500000000000002 15.500000000000002 13.500000000000002 17.500000000000004 11.500000000000002 12.500000000000002 1.0000000180025095e-35 12.500000000000002
decision_type=2 2 2 2 2 2 2 2 2 2 2 2 2 2
left_child=-1 2 4 6 5 -2 8 -8 -4 -9 -6 -12 13 -3
right_child=1 12 3 -5 10 -7 7 9 -10 -11 11 -13 -14 -15
leaf_value=-0.080014623508738711 -0.080067515418039914 0.080121725791114498 -0.0043676749368612199 0.0024180888037180666 0.080015214468494453 0.080025313770607481 0.0012688366791412929 -0.011889638887823692 -0.0054249814525592589 -0.013858473434742807 0.080543065445842749 0.080081570663825236 0.080015777576324804 0.080055125993932066
leaf_weight=0.1873502613307213 0.0034244152775507733 0.024371820793021359 0.83709038700908489 0.56030421843752254 0.052956704617827199 0.01280630732071586 0.67017209529876698 0.15636886842548847 0.50772243645042181 0.10226071171928197 0.037519716468523256 0.04022121631714981 0.053034513228340074 0.071841350436443463
leaf_count=1025 6 47 9 7 279 48 3 7 3 8 16 88 269 175
internal_value=0.000212835 0.00501481 0.00125778 -0.00264004 0.0764381 0.0462484 -0.00388656 -0.00261198 -0.00476685 -0.0126681 0.0801872 0.0803043 0.080052 0.080072
internal_weight=3.31745 3.13009 2.98085 2.83392 0.146928 0.0162307 2.27361 0.928802 1.34481 0.25863 0.130698 0.0777409 0.149248 0.0962132
internal_count=1990 965 474 37 437 54 30 18 12 15 383 104 491 222
is_linear=0
shrinkage=0.08


Tree=99
num_leaves=15
num_cat=0
split_feature=6 11 14 6 1 1 2 1 10 6 2 1 13 1
split_gain=0.183577 0.131443 0.125833 0.102453 0.0892525 0.105328 0.0708574 0.0734647 0.00119392 0.00102916 0.0050134 0.000970794 0.00255663 0.000797706
threshold=0.58335000000000015 1.0000000180025095e-35 1.0000000180025095e-35 1.2500000000000002 11.500000000000002 12.500000000000002 1.0000000180025095e-35 15.500000000000002 1.0000000180025095e-35 0.83335000000000015 1.0000000180025095e-35 16.500000000000004 1.0000000180025095e-35 18.500000000000004
decision_type=2 2 2 2 2 2 2 2 2 2 2 2 2 2
left_child=-1 2 3 4 -2 -6 7 -7 9 10 -3 -9 13 -13
right_child=1 8 -4 -5 5 6 -8 11 -10 -11 -12 12 -14 -15
leaf_value=-0.080013502314651083 0.083980149909390414 -0.080029178253888111 0.080881027206480147 0.087174709254694657 -0.060955004374479461 -0.00042428948925907 0.08140220325755744 -0.039459266041449455 0.080414735528045969 0.080014769618596507 0.08001781955890673 -0.041539918911556624 -0.074466614134024681 -0.053641477994791568
leaf_weight=0.17294842436967917 0.070330250891858515 0.001822140475269296 0.12104414457280643 0.079422280163271242 0.21548949321731958 2.1934956619516024 0.062582079859566764 0.050482664431910851 0.1367543347296305 0.0047997928777476773 0.0040076084551401436 0.068117019778583199 0.027389577822759748 0.071404498186893761
leaf_count=1025 91 5 236 11 14 44 88 15 383 26 18 17 3 14
internal_value=0.000205769 0.0046709 0.000999128 -0.00240708 -0.00498556 -0.00731247 -0.00263912 -0.00482067 0.0784073 0.0525808 0.0299937 -0.0491801 -0.0521201 -0.0477333
internal_weight=3.28009 3.10714 2.95976 2.83871 2.75929 2.68896 2.47347 2.41089 0.147384 0.0106295 0.00582975 0.217394 0.166911 0.139522
internal_count=1990 965 533 297 286 195 181 93 432 49 23 49 34 31
is_linear=0
shrinkage=0.08


Tree=100
num_leaves=15
num_cat=0
split_feature=6 10 10 13 6 2 1 1 1 1 1 1 11 1
split_gain=0.168912 0.125427 0.124176 0.00248465 0.00224144 0.00923579 0.000366601 0.00570262 1.8025e-05 1.74748e-05 3.76338e-07 5.98912e-07 1.58521e-08 1.26725e-08
threshold=0.58335000000000015 0.68500000000000016 0.67500000000000016 1.0000000180025095e-35 0.83335000000000015 1.0000000180025095e-35 14.500000000000002 15.500000000000002 13.500000000000002 17.500000000000004 11.500000000000002 12.500000000000002 1.0000000180025095e-35 12.500000000000002
decision_type=2 2 2 2 2 2 2 2 2 2 2 2 2 2
left_child=-1 2 4 6 5 -2 8 -8 -4 -9 -6 -12 13 -3
right_child=1 12 3 -5 10 -7 7 9 -10 -11 11 -13 -14 -15
leaf_value=-0.080012466703139329 -0.080057863443263766 0.080122912293160445 -0.004461624288821543 0.0021310362439949217 0.080012942036089371 0.080021547116078437 0.0012016096494093041 -0.012538695091283605 -0.0050684572509357637 -0.013924367575595223 0.080536327623982343 0.080079555953932402 0.080013440961536481 0.080053847317501106
leaf_weight=0.15965349739417467 0.002925419801614094 0.022902111180883256 0.81922988593578405 0.55588727060239751 0.045056165981804952 0.010905550516326912 0.66998733580112446 0.14776873774826527 0.5072291037067771 0.096144001348875463 0.036527486066916026 0.036961125158995856 0.045176220432040282 0.066011164904921316
leaf_count=1025 6 47 9 7 279 48 3 7 3 8 16 88 269 175
internal_value=0.00021015 0.00439201 0.000927848 -0.00265637 0.0766392 0.0461628 -0.00384424 -0.00261134 -0.00469367 -0.0130849 0.080195 0.0803066 0.080052 0.0800716
internal_weight=3.22237 3.06271 2.92862 2.79625 0.132376 0.013831 2.24036 0.9139 1.32646 0.243913 0.118545 0.0734886 0.134089 0.0889133
internal_count=1990 965 474 37 437 54 30 18 12 15 383 104 491 222
is_linear=0
shrinkage=0.08


Tree=101
num_leaves=15
num_cat=0
split_feature=6 11 14 6 10 1 1 1 1 1 10 6 2 1
split_gain=0.155351 0.118434 0.11415 0.0939979 0.0815145 0.0358341 0.0357542 0.175199 0.0315866 0.0453245 0.00101993 0.000876919 0.00427186 0.000614682
threshold=0.58335000000000015 1.0000000180025095e-35 1.0000000180025095e-35 1.2500000000000002 0.68500000000000016 15.500000000000002 12.500000000000002 11.500000000000002 17.500000000000004 18.500000000000004 1.0000000180025095e-35 0.83335000000000015 1.0000000180025095e-35 14.500000000000002
decision_type=2 2 2 2 2 2 2 2 2 2 2 2 2 2
left_child=-1 2 3 4 5 6 7 -2 -7 -10 11 12 -3 -8
right_child=1 10 -4 -5 -6 8 13 -9 9 -11 -12 -13 -14 -15
leaf_value=-0.080011505042310777 0.083852356871169306 -0.080024861130745764 0.080846499192013754 0.086621727962178333 0.080074512132168471 -0.065922411088412444 -0.0018069384504687473 -0.070213506662503186 0.082011794247644529 -0.037041914249855867 0.080402496884028438 0.080012588627264916 0.080015186167433527 0.0011059345706256674
leaf_weight=0.14738044592377297 0.062531615170885568 0.00155275803990651 0.10956200896180224 0.073919748960179166 0.070538182560994644 0.11888876299781248 1.5067934325197714 0.19315563980489969 0.027737426047679037 0.078064847606583498 0.12201015707978513 0.0040899617742979899 0.0034151490835938603 0.6697242110967635
leaf_count=1025 77 5 236 11 148 15 13 6 7 17 383 26 18 3
internal_value=0.000203201 0.00408951 0.000739987 -0.00239301 -0.00480551 -0.007059 -0.00423514 -0.0325347 -0.0376264 -0.00583045 0.0784797 0.0525789 0.0299934 -0.000910634
internal_weight=3.18936 3.04198 2.91092 2.80135 2.72743 2.6569 2.4322 0.255687 0.224691 0.105802 0.131068 0.00905787 0.00496791 2.17652
internal_count=1990 965 533 297 286 138 99 83 39 24 432 49 23 16
is_linear=0
shrinkage=0.08


end of trees

feature_importances:
Column_1=565
Column_10=231
Column_6=225
Column_2=112
Column_11=79
Column_14=57
Column_0=50
Column_13=25
Column_4=17
Column_3=1
Column_12=1
Column_15=1

parameters:
[boosting: gbdt]
[objective: binary]
[metric: binary_logloss]
[tree_learner: serial]
[device_type: cpu]
[data_sample_strategy: bagging]
[data: ]
[valid: ]
[num_iterations: 150]
[learning_rate: 0.08]
[num_leaves: 15]
[num_threads: 0]
[seed: 0]
[deterministic: 0]
[force_col_wise: 0]
[force_row_wise: 0]
[histogram_pool_size: -1]
[max_depth: -1]
[min_data_in_leaf: 5]
[min_sum_hessian_in_leaf: 0.001]
[bagging_fraction: 1]
[pos_bagging_fraction: 1]
[neg_bagging_fraction: 1]
[bagging_freq: 0]
[bagging_seed: 3]
[bagging_by_query: 0]
[feature_fraction: 1]
[feature_fraction_bynode: 1]
[feature_fraction_seed: 2]
[extra_trees: 0]
[extra_seed: 6]
[early_stopping_round: 0]
[early_stopping_min_delta: 0]
[first_metric_only: 0]
[max_delta_step: 0]
[lambda_l1: 0]
[lambda_l2: 0]
[linear_lambda: 0]
[min_gain_to_split: 0]
[drop_rate: 0.1]
[max_drop: 50]
[skip_drop: 0.5]
[xgboost_dart_mode: 0]
[uniform_drop: 0]
[drop_seed: 4]
[top_rate: 0.2]
[other_rate: 0.1]
[min_data_per_group: 100]
[max_cat_threshold: 32]
[cat_l2: 10]
[cat_smooth: 10]
[max_cat_to_onehot: 4]
[top_k: 20]
[monotone_constraints: ]
[monotone_constraints_method: basic]
[monotone_penalty: 0]
[feature_contri: ]
[forcedsplits_filename: ]
[refit_decay_rate: 0.9]
[cegb_tradeoff: 1]
[cegb_penalty_split: 0]
[cegb_penalty_feature_lazy: ]
[cegb_penalty_feature_coupled: ]
[path_smooth: 0]
[interaction_constraints: ]
[verbosity: -1]
[saved_feature_importance_type: 0]
[use_quantized_grad: 0]
[num_grad_quant_bins: 4]
[quant_train_renew_leaf: 0]
[stochastic_rounding: 1]
[linear_tree: 0]
[max_bin: 255]
[max_bin_by_feature: ]
[min_data_in_bin: 3]
[bin_construct_sample_cnt: 200000]
[data_random_seed: 1]
[is_enable_sparse: 1]
[enable_bundle: 1]
[use_missing: 1]
[zero_as_missing: 0]
[feature_pre_filter: 0]
[pre_partition: 0]
[two_round: 0]
[header: 0]
[label_column: ]
[weight_column: ]
[group_column: ]
[ignore_column: ]
[categorical_feature: ]
[forcedbins_filename: ]
[precise_float_parser: 0]
[parser_config_file: ]
[objective_seed: 5]
[num_class: 1]
[is_unbalance: 0]
[scale_pos_weight: 1]
[sigmoid: 1]
[boost_from_average: 1]
[reg_sqrt: 0]
[alpha: 0.9]
[fair_c: 1]
[poisson_max_delta_step: 0.7]
[tweedie_variance_power: 1.5]
[lambdarank_truncation_level: 30]
[lambdarank_norm: 1]
[label_gain: ]
[lambdarank_position_bias_regularization: 0]
[eval_at: ]
[multi_error_top_k: 1]
[auc_mu_weights: ]
[num_machines: 1]
[local_listen_port: 12400]
[time_out: 120]
[machine_list_filename: ]
[machines: ]
[gpu_platform_id: -1]
[gpu_device_id: -1]
[gpu_device_id_list: ]
[gpu_use_dp: 0]
[num_gpu: 1]

end of parameters

pandas_categorical:null
