tree
version=v4
num_class=1
num_tree_per_iteration=1
label_index=0
max_feature_idx=18
objective=binary sigmoid:1
feature_names=Column_0 Column_1 Column_2 Column_3 Column_4 Column_5 Column_6 Column_7 Column_8 Column_9 Column_10 Column_11 Column_12 Column_13 Column_14 Column_15 Column_16 Column_17 Column_18
feature_infos=[1:7] [3:54] [0:1] [0:1] [0:3] [0:3] [0:2] [0.5:1] [0:2] [0:0.90000000000000002] [0:0.84999999999999998] [0:0.5] [1:3] [0:1] [0:1] [0:1] [0:1] [0:1] [0:1]
tree_sizes=1727 1731 1730 1746 1735 1739 1731 1744 1734 1743 1742 1745 1751 1745 1738 1745 1733 1738 1748 1753 1727 1740 1743 1750 1748 1739 1736 1745 1754 1744 1757 1759 1758 1736 1750 1767 1755 1758 1758 1744 1748 1746 1749 1744 1745 1760 1742 1726 1743 1758 1755 1746 1747 1753 1759 1757 1747 1753 1743 1746 1738 1738 1733 1736 1744 1746 1752 1735 1726 1739 1735 1764 1740 1748 1747 1748 1759 1747 1753 1743

Tree=0
num_leaves=15
num_cat=0
split_feature=6 11 17 0 7 4 18 0 9 1 14 10 0 0
split_gain=1023.14 782.657 344.849 167.39 129.692 60.6588 56.3588 49.2201 110.678 41.0861 30.4418 28.2669 43.6474 27.6589
threshold=0.58335000000000015 1.0000000180025095e-35 1.0000000180025095e-35 2.5000000000000004 0.87500000000000011 1.0000000180025095e-35 1.0000000180025095e-35 1.5000000000000002 1.0000000180025095e-35 14.500000000000002 1.0000000180025095e-35 1.0000000180025095e-35 1.5000000000000002 3.5000000000000004
decision_type=2 2 2 2 2 2 2 2 2 2 2 2 2 2
left_child=1 4 5 6 -1 -2 7 8 -3 10 -9 12 -7 -14
right_child=2 3 -4 -5 -6 11 -8 9 -10 -11 -12 -13 13 -15
leaf_value=-0.078264995694640807 -0.3432341461931438 -0.18624022936533774 -0.3432341461931438 -0.064859338278187212 -0.34183631009928356 -0.3432341461931438 -0.29083418235032843 -0.1787824739543081 -0.3432341461931438 -0.22078370437098582 -0.10088431342012277 -0.026164239886718926 -0.051924751243754896 -0.3432341461931438
leaf_weight=12.378799915313719 4.2087919712066642 157.45833492279053 26.738207817077637 73.282495498657227 343.38790965080261 4.2087919712066642 36.641247749328613 55.457023620605469 35.155791759490967 47.039439678192139 76.25340747833252 224.30385446548462 32.680031776428223 2.2281839847564688
leaf_count=50 17 636 108 296 1387 17 148 224 142 190 308 906 132 9
internal_value=-0.197577 -0.242691 -0.0692912 -0.176182 -0.332665 -0.0419222 -0.196177 -0.186838 -0.214895 -0.156605 -0.133684 -0.037108 -0.0998617 -0.070519
internal_weight=1131.42 837.054 294.368 481.288 355.767 267.63 408.005 371.364 192.614 178.75 131.71 263.421 39.117 34.9082
internal_count=4570 3381 1189 1944 1437 1081 1648 1500 778 722 532 1064 158 141
is_linear=0
shrinkage=1


Tree=1
num_leaves=15
num_cat=0
split_feature=6 11 17 0 7 4 18 0 9 1 14 1 10 0
split_gain=863.647 677.357 290.013 140.135 112.172 50.8633 48.2047 41.5701 95.7396 34.5392 25.4125 26.7535 23.2622 36.8661
threshold=0.58335000000000015 1.0000000180025095e-35 1.0000000180025095e-35 2.5000000000000004 0.87500000000000011 1.0000000180025095e-35 1.0000000180025095e-35 1.5000000000000002 1.0000000180025095e-35 14.500000000000002 1.0000000180025095e-35 9.5000000000000018 1.0000000180025095e-35 1.5000000000000002
decision_type=2 2 2 2 2 2 2 2 2 2 2 2 2 2
left_child=1 4 5 6 -1 -2 7 8 -3 10 11 -9 13 -7
right_child=2 3 -4 -5 -6 12 -8 9 -10 -11 -12 -13 -14 -15
leaf_value=0.10882449024717117 -0.13675776450810978 0.010417815184090318 -0.13675776450810978 0.12098975123242432 -0.13541204766068135 -0.13675776450810978 -0.08681421267810642 -0.087656597638380018 -0.13675776450810978 -0.021404279471652798 0.088288169421438231 0.046635297668858627 0.15611532905779471 0.11598154025022765
leaf_weight=12.480877339839934 4.1272445470094672 157.62918877601624 26.22014182806015 73.922229766845703 336.81443935632706 4.1272445470094672 36.228492558002472 12.152632117271422 34.474630922079086 46.925817131996155 76.8044114112854 43.402257561683655 226.46124020218849 35.162777379155159
leaf_count=50 17 636 108 296 1387 17 148 49 142 190 308 175 906 141
internal_value=-6.33474e-05 -0.0418724 0.11725 0.0196484 -0.126685 0.141928 0.00126996 0.00986245 -0.0159941 0.0375677 0.0584752 0.0172589 0.146257 0.0894324
internal_weight=1126.93 830.835 296.099 481.54 349.295 269.879 407.617 371.389 192.104 179.285 132.359 55.5549 265.751 39.29
internal_count=4570 3381 1189 1944 1437 1081 1648 1500 778 722 532 224 1064 158
is_linear=0
shrinkage=0.08


Tree=2
num_leaves=15
num_cat=0
split_feature=6 11 17 0 7 4 18 14 15 17 8 1 10 0
split_gain=737.349 591.752 247.21 118.542 97.9105 43.2511 41.3596 35.34 37.4826 21.8972 20.7324 20.6901 19.9174 31.3899
threshold=0.58335000000000015 1.0000000180025095e-35 1.0000000180025095e-35 2.5000000000000004 0.87500000000000011 1.0000000180025095e-35 1.0000000180025095e-35 1.0000000180025095e-35 1.0000000180025095e-35 1.0000000180025095e-35 1.0000000180025095e-35 5.5000000000000009 1.0000000180025095e-35 1.5000000000000002
decision_type=2 2 2 2 2 2 2 2 2 2 2 2 2 2
left_child=1 4 5 6 9 -2 7 -3 11 -1 -5 -9 13 -7
right_child=2 3 -4 10 -6 12 -8 8 -10 -11 -12 -13 -14 -15
leaf_value=0.1427050156540316 -0.12950307288955487 -0.016619204517419502 -0.12950307288955487 0.051061152206658023 -0.12817445336725597 -0.12950307288955487 -0.081073548415283414 -0.020140455658553713 -0.13745204692792271 -0.16248249777920848 0.14107635878441047 0.052027298937969181 0.14422127643831759 0.10662002317990286
leaf_weight=10.747490823268887 4.014310047030448 178.06832259893417 25.502675592899323 24.480712175369263 327.73157469928265 4.014310047030448 35.7115159034729 30.441919058561325 7.9334067851304999 1.7495915293693549 49.461030721664429 154.26700088381767 225.54643607139587 35.1873689442873
leaf_count=43 17 723 108 98 1387 17 148 123 33 7 198 621 906 141
internal_value=-0.00011105 -0.0390714 0.108534 0.0181023 -0.119794 0.131122 0.00115128 0.00907221 0.03282 0.0999788 0.111274 0.0401333 0.135073 0.0824407
internal_weight=1114.86 820.593 294.265 480.364 340.229 268.762 406.422 370.711 192.642 12.4971 73.9417 184.709 264.748 39.2017
internal_count=4570 3381 1189 1944 1437 1081 1648 1500 777 50 296 744 1064 158
is_linear=0
shrinkage=0.08


Tree=3
num_leaves=15
num_cat=0
split_feature=6 11 17 8 7 4 17 7 14 18 15 0 1 17
split_gain=634.852 521.224 212.942 102.733 86.0989 37.1786 25.18 25.7749 21.9899 31.6331 32.7373 20.0784 19.1432 18.6628
threshold=0.58335000000000015 1.0000000180025095e-35 1.0000000180025095e-35 1.0000000180025095e-35 0.87500000000000011 1.0000000180025095e-35 1.0000000180025095e-35 0.87500000000000011 1.0000000180025095e-35 1.0000000180025095e-35 1.0000000180025095e-35 2.5000000000000004 5.5000000000000009 1.0000000180025095e-35
decision_type=2 2 2 2 2 2 2 2 2 2 2 2 2 2
left_child=1 4 5 6 13 -2 7 -3 -9 10 12 -5 -10 -1
right_child=2 3 -4 11 -6 -7 -8 8 9 -11 -12 -13 -14 -15
leaf_value=0.13227750483377229 -0.12349002392179183 0.15186828950604978 -0.12349002392179183 0.049503410962467992 -0.12215243718708368 0.12602972730290446 0.12253643611975423 -0.027954968268431121 -0.028639775902598377 -0.063115858532784591 -0.13255711915675542 0.13099433097306123 0.042614299749078655 -0.15011267848632481
leaf_weight=10.669721722602841 3.8785091340541831 6.7306474596261969 24.63994038105011 31.970078855752945 316.82071602344513 261.17742024362087 10.448260858654974 165.79657436907291 28.895262479782104 31.596360728144646 8.2127408832311612 49.021832674741745 146.35179533064365 1.7424079328775413
leaf_count=43 17 27 108 129 1387 1064 42 675 117 133 35 198 588 7
internal_value=-0.000144057 -0.0365633 0.101466 0.0166966 -0.114055 0.122379 -1.54176e-05 -0.0033191 -0.00606166 0.0108169 0.0235499 0.0988273 0.0308657 0.0926357
internal_weight=1097.95 808.256 289.696 479.024 329.233 265.056 398.032 387.583 380.853 215.056 183.46 80.9919 175.247 12.4121
internal_count=4570 3381 1189 1944 1437 1081 1617 1575 1548 873 740 327 705 50
is_linear=0
shrinkage=0.08


Tree=4
num_leaves=15
num_cat=0
split_feature=6 11 17 8 7 10 0 0 18 0 9 1 4 0
split_gain=549.553 462.137 184.584 87.9892 76.1627 32.5471 42.2561 23.0401 21.9196 23.9951 79.1959 20.7356 19.1432 17.9286
threshold=0.58335000000000015 1.0000000180025095e-35 1.0000000180025095e-35 1.0000000180025095e-35 0.87500000000000011 1.0000000180025095e-35 1.5000000000000002 3.5000000000000004 1.0000000180025095e-35 1.5000000000000002 1.0000000180025095e-35 8.5000000000000018 1.0000000180025095e-35 2.5000000000000004
decision_type=2 2 2 2 2 2 2 2 2 2 2 2 2 2
left_child=1 4 5 8 -1 6 -2 -8 9 10 11 -3 -10 -5
right_child=2 3 -4 13 -6 -7 7 -9 12 -11 -12 -13 -14 -15
leaf_value=0.086628847930705744 -0.12442399157990759 0.023691081066628539 -0.11843780676055485 0.045453859086480287 -0.11707060281880548 0.12736670625856811 0.10422331441772542 -0.16043293314086454 -0.07569594823154327 0.027284883829174902 -0.12672166351370934 -0.050474394825304081 0.2039106624337817 0.12267677428465215
leaf_weight=12.218614578247069 7.299223616719245 127.81867329776287 23.675090253353119 32.029987335205078 304.6253467053175 217.66754525899887 32.722665101289749 2.2499836385250083 31.853271052241325 172.70319440960884 32.930231750011444 29.740021705627441 1.648196056485175 48.190584450960159
leaf_count=50 32 516 108 129 1387 906 134 9 136 696 142 120 7 198
internal_value=-0.000171141 -0.0343244 0.0954143 0.0154303 -0.109215 0.114892 0.0506553 0.0871965 -2.22162e-05 0.00568918 -0.0138902 0.00969196 -0.0619399 0.0918437
internal_weight=1077.37 793.758 283.615 476.914 316.844 259.939 42.2719 34.9726 396.694 363.192 190.489 157.559 33.5015 80.2206
internal_count=4570 3381 1189 1944 1437 1081 175 143 1617 1474 778 636 143 327
is_linear=0
shrinkage=0.08


Tree=5
num_leaves=15
num_cat=0
split_feature=6 11 17 8 7 10 0 17 7 0 14 18 15 0
split_gain=479.106 411.718 161.373 75.7915 67.7778 28.9844 36.7502 20.5175 21.4092 19.7947 18.0286 23.382 26.5397 16.2613
threshold=0.58335000000000015 1.0000000180025095e-35 1.0000000180025095e-35 1.0000000180025095e-35 0.87500000000000011 1.0000000180025095e-35 1.5000000000000002 1.0000000180025095e-35 0.87500000000000011 3.5000000000000004 1.0000000180025095e-35 1.0000000180025095e-35 1.0000000180025095e-35 2.5000000000000004
decision_type=2 2 2 2 2 2 2 2 2 2 2 2 2 2
left_child=1 4 5 7 -1 6 -2 8 -3 -8 -10 12 -12 -5
right_child=2 3 -4 13 -6 -7 9 -9 10 -11 11 -13 -14 -15
leaf_value=0.080647777008402977 -0.11925967083401787 0.1397311841466487 -0.11414457733875014 0.041788436275298699 -0.1127305558751104 0.12077101899405143 0.097625388089643453 0.11048331371201066 -0.025444289420038721 -0.14851075781666559 0.027026199923589563 -0.054929454434605431 -0.1244430497926997 0.11566818110470595
leaf_weight=12.080437153577803 7.0175669938325873 6.6056288927793494 22.642527759075165 32.051146700978279 291.57870748639107 211.44290533661842 32.162256002426147 10.464398279786108 164.54966099560261 2.2365337014198294 175.14842846989632 30.602133974432945 7.7300719469785681 47.0671226978302
leaf_count=50 32 27 108 129 1387 906 134 42 675 9 705 133 35 198
internal_value=-0.000196131 -0.0323046 0.090462 0.0142688 -0.105037 0.108784 0.0475848 -4.30555e-05 -0.00305003 0.0816222 -0.00554497 0.00979332 0.0206238 0.0857392
internal_weight=1053.38 777.878 275.502 474.219 303.659 252.859 41.4164 395.1 384.636 34.3988 378.03 213.481 182.879 79.1183
internal_count=4570 3381 1189 1944 1437 1081 175 1617 1575 143 1548 873 740 327
is_linear=0
shrinkage=0.08


Tree=6
num_leaves=15
num_cat=0
split_feature=6 11 17 0 7 10 0 18 0 9 1 0 1 4
split_gain=419.546 368.56 141.878 65.7246 60.6077 26.0424 32.1169 25.8551 23.2115 67.8495 28.4492 17.1148 17.0789 16.6574
threshold=0.58335000000000015 1.0000000180025095e-35 1.0000000180025095e-35 2.5000000000000004 0.87500000000000011 1.0000000180025095e-35 1.5000000000000002 1.0000000180025095e-35 1.5000000000000002 1.0000000180025095e-35 14.500000000000002 3.5000000000000004 8.5000000000000018 1.0000000180025095e-35
decision_type=2 2 2 2 2 2 2 2 2 2 2 2 2 2
left_child=1 4 5 7 -1 6 -2 8 9 12 13 -8 -3 -10
right_child=2 3 -4 -5 -6 -7 11 -9 10 -11 -12 -13 -14 -15
leaf_value=0.075268489854939905 -0.11487289189365144 0.021379437691717768 -0.11046135870696544 0.08487769534540221 -0.10898544493076444 0.11517524644297371 0.091789793468841904 -0.06638211241113276 0.050688807515128734 -0.1201651615197931 -0.025856881619691331 -0.13905564010216989 -0.046111439059581219 -0.14977261332635022
leaf_weight=11.91513732075691 6.7150748670101157 127.96222414076328 21.569611430168152 69.782141223549843 278.02543577551842 204.27137070894241 31.497784346342087 33.629512920975685 129.2964508831501 31.34143328666687 47.082100346684456 2.1989566236734381 29.535288870334625 2.7084965407848349
leaf_count=50 32 516 108 296 1387 906 134 148 521 142 190 9 120 11
internal_value=-0.000210604 -0.030442 0.0862279 0.0132157 -0.101414 0.103567 0.0448883 0.000762353 0.00689955 -0.0126685 0.0275331 0.0767255 0.00872297 0.0465757
internal_weight=1027.53 761.278 266.253 471.338 289.941 244.683 40.4118 401.556 367.926 188.839 179.087 33.6967 157.498 132.005
internal_count=4570 3381 1189 1944 1437 1081 175 1648 1500 778 722 143 636 532
is_linear=0
shrinkage=0.08


Tree=7
num_leaves=15
num_cat=0
split_feature=6 11 17 8 7 10 0 17 7 17 0 15 14 18
split_gain=368.936 331.015 125.318 58.888 54.4287 23.5755 28.18 16.6112 17.157 16.5943 14.8713 14.7384 18.7636 19.7488
threshold=0.58335000000000015 1.0000000180025095e-35 1.0000000180025095e-35 1.0000000180025095e-35 0.87500000000000011 1.0000000180025095e-35 1.5000000000000002 1.0000000180025095e-35 0.87500000000000011 1.0000000180025095e-35 3.5000000000000004 1.0000000180025095e-35 1.0000000180025095e-35 1.0000000180025095e-35
decision_type=2 2 2 2 2 2 2 2 2 2 2 2 2 2
left_child=1 4 5 7 9 6 -2 8 -3 -1 -8 12 -10 -14
right_child=2 3 -4 -5 -6 -7 10 -9 11 -11 -12 -13 13 -15
leaf_value=0.11021461375994579 -0.11111048564086286 0.12771995395791935 -0.10727574719760867 0.07641819561100914 -0.1057241600442389 0.11035918980822323 0.086556445371424914 0.099629957161262245 -0.023253715496966598 -0.15690231706209579 -0.13138901538800773 -0.11870671111983364 0.023366122206257185 -0.047405169097679785
leaf_weight=9.9814409613609278 6.3999554365873328 6.316188618540763 20.477988302707672 76.540400549769402 264.23824465274811 196.45126086473465 30.760559916496277 10.361360237002371 163.05357487499714 1.7493179291486747 2.1433084309101096 7.1856448203325263 174.67716112732887 29.496439069509506
leaf_count=43 32 27 108 327 1387 906 134 42 675 7 9 35 705 133
internal_value=-0.000230808 -0.0287574 0.0825546 0.0122463 -0.0982383 0.0990435 0.0424848 -0.000312808 -0.0030327 0.0703815 0.0723598 -0.00523845 -0.00301818 0.013142
internal_weight=999.833 743.6 256.233 467.631 275.969 235.755 39.3038 391.09 380.729 11.7308 32.9039 374.413 367.227 204.174
internal_count=4570 3381 1189 1944 1437 1081 175 1617 1575 50 143 1548 1513 838
is_linear=0
shrinkage=0.08


Tree=8
num_leaves=15
num_cat=0
split_feature=6 11 17 0 7 10 0 18 0 9 1 4 1 17
split_gain=325.309 298.575 111.118 51.6198 49.0057 21.4797 24.8075 20.3302 18.0033 58.7509 23.5484 16.8965 14.737 14.421
threshold=0.58335000000000015 1.0000000180025095e-35 1.0000000180025095e-35 2.5000000000000004 0.87500000000000011 1.0000000180025095e-35 1.5000000000000002 1.0000000180025095e-35 1.5000000000000002 1.0000000180025095e-35 14.500000000000002 1.0000000180025095e-35 35.500000000000007 1.0000000180025095e-35
decision_type=2 2 2 2 2 2 2 2 2 2 2 2 2 2
left_child=1 4 5 7 13 6 -2 8 9 -3 -10 -9 -5 -1
right_child=2 3 -4 12 -6 -7 -8 11 10 -11 -12 -13 -14 -15
leaf_value=0.10486307760170657 -0.10785698864861408 0.0079083952582054556 -0.10450120001969246 0.081970096806260884 -0.10286092531511365 0.10616095352007668 0.068416939226936868 -0.072563767777257815 0.041369892616433791 -0.11492770827189241 -0.024640199432166915 0.21014776914091293 -0.17227079598281678 -0.14573515020484173
leaf_weight=9.6645734608173335 6.0787135660648337 157.27373725175858 19.384676992893219 65.503967970609665 250.43148101866245 188.22031876444817 32.05003459751606 31.067069634795189 131.30841833353043 29.611593276262283 46.95615029335022 1.4145829081535328 1.4923895001411427 1.7332334071397788
leaf_count=43 32 636 108 290 1387 906 143 142 532 142 190 6 6 7
internal_value=-0.000241407 -0.0271561 0.0793259 0.0113446 -0.0954773 0.095069 0.0403143 0.000399175 0.00579432 -0.0115547 0.0239824 -0.0602516 0.0763067 0.0667553
internal_weight=972.191 726.457 245.734 464.628 261.829 226.349 38.1287 397.632 365.15 186.885 178.265 32.4817 66.9964 11.3978
internal_count=4570 3381 1189 1944 1437 1081 175 1648 1500 778 722 148 296 50
is_linear=0
shrinkage=0.08


Tree=9
num_leaves=15
num_cat=0
split_feature=6 11 17 8 7 10 0 0 15 17 7 14 18 1
split_gain=287.49 269.962 98.7411 45.6733 44.2337 19.9611 21.7877 14.1794 13.7372 13.141 13.4831 15.2993 14.3376 15.4501
threshold=0.58335000000000015 1.0000000180025095e-35 1.0000000180025095e-35 1.0000000180025095e-35 0.87500000000000011 1.0000000180025095e-35 1.5000000000000002 2.5000000000000004 1.0000000180025095e-35 1.0000000180025095e-35 0.87500000000000011 1.0000000180025095e-35 1.0000000180025095e-35 5.5000000000000009
decision_type=2 2 2 2 2 2 2 2 2 2 2 2 2 2
left_child=1 4 5 8 -1 6 -2 -5 9 10 -3 -12 13 -13
right_child=2 3 -4 7 -6 -7 -8 -9 -10 -11 11 12 -14 -15
leaf_value=0.063603555337744463 -0.10502371190584858 0.11869651936620437 -0.1020700330149311 0.027700567140146851 -0.10032839601978372 0.10245848794694343 0.06427598297602502 0.098531964947794037 -0.11463688213317345 0.091150842276481403 -0.021268351471135882 -0.033062983703644723 -0.041013144496294958 0.030980706528995584
leaf_weight=11.024807557463644 5.7564698755741111 5.9298416674137107 18.302915811538696 31.658727094531059 236.77195557951927 179.76733472943306 31.412453725934029 42.195647209882736 6.6316597461700431 10.184486791491507 161.60361731052399 28.911860659718513 28.349609717726707 145.08846665918827
leaf_count=50 32 27 108 129 1387 906 143 198 35 42 675 117 133 588
internal_value=-0.000257435 -0.0257047 0.0763691 0.0105217 -0.0930348 0.091424 0.038056 0.0681691 -0.00048817 0.00150357 -0.000964809 -0.00291443 0.0117436 0.0203392
internal_weight=943.59 708.351 235.239 460.554 247.797 216.936 37.1689 73.8544 386.7 380.068 369.883 363.954 202.35 174
internal_count=4570 3381 1189 1944 1437 1081 175 327 1617 1582 1540 1513 838 705
is_linear=0
shrinkage=0.08


Tree=10
num_leaves=15
num_cat=0
split_feature=6 11 17 7 8 10 0 0 0 17 15 7 1 1
split_gain=254.469 244.619 87.9668 40.1244 39.8047 18.6586 19.1735 13.2567 13.185 12.7792 12.2818 11.4848 14.1769 20.0122
threshold=0.58335000000000015 1.0000000180025095e-35 1.0000000180025095e-35 0.87500000000000011 1.0000000180025095e-35 1.0000000180025095e-35 1.5000000000000002 3.5000000000000004 2.5000000000000004 1.0000000180025095e-35 1.0000000180025095e-35 0.87500000000000011 15.500000000000002 11.500000000000002
decision_type=2 2 2 2 2 2 2 2 2 2 2 2 2 2
left_child=1 3 5 9 10 6 -2 -8 -6 -1 11 -3 13 -13
right_child=2 4 -4 -5 8 -7 7 -9 -10 -11 -12 12 -14 -15
leaf_value=0.09742148059251711 -0.10254127547999765 0.11436713453058647 -0.099928499615655572 -0.098072865086540478 0.025552323527061459 0.099157969624218162 0.074790294265467822 -0.13145606729004608 0.094497476104899003 -0.14055197860962554 -0.11121143427869265 -0.0061886288347801632 -0.037456833875093444 0.038792289660732247
leaf_weight=9.1036500781774485 5.4372188597917548 5.6724911183118811 17.242872476577759 223.38772670924664 31.578134536743164 171.24124574661255 28.626775205135349 2.1439162194728842 40.545495361089706 1.7164945602416999 6.3025313913822165 229.29800122976303 55.937818944454193 87.442009851336479
leaf_count=43 32 27 108 1387 129 906 134 9 198 7 35 959 233 363
internal_value=-0.000262286 -0.0243112 0.0736943 -0.0907853 0.00977274 0.0881255 0.0359489 0.0604203 0.064311 0.0596697 -0.000453357 0.00139164 -0.000327946 0.0062292
internal_weight=915.676 690.984 224.692 234.208 456.776 207.449 36.2079 30.7707 72.1236 10.8201 384.653 378.35 372.678 316.74
internal_count=4570 3381 1189 1437 1944 1081 175 143 327 50 1617 1582 1555 1322
is_linear=0
shrinkage=0.08


Tree=11
num_leaves=15
num_cat=0
split_feature=6 11 17 7 0 10 1 18 4 14 15 0 1 13
split_gain=225.745 222.383 78.6241 36.3942 34.7813 17.2729 17.3628 16.2706 14.2139 12.6606 13.7636 12.2494 11.4434 13.4973
threshold=0.58335000000000015 1.0000000180025095e-35 1.0000000180025095e-35 0.87500000000000011 2.5000000000000004 1.0000000180025095e-35 10.500000000000002 1.0000000180025095e-35 1.0000000180025095e-35 1.0000000180025095e-35 1.0000000180025095e-35 3.5000000000000004 5.5000000000000009 1.0000000180025095e-35
decision_type=2 2 2 2 2 2 2 2 2 2 2 2 2 2
left_child=1 3 5 -1 7 6 -2 9 -9 -3 12 -8 13 -11
right_child=2 4 -4 -5 -6 -7 11 8 -10 10 -12 -13 -14 -15
leaf_value=0.057109890918036692 -0.080292643304502184 -0.010535225034294307 -0.098033337568692244 -0.09605092356453368 0.06499913915857633 0.096185802083901373 0.07682906038169901 -0.066985138907995859 0.18813833539730362 0.016290007830458215 -0.10543221739599613 -0.12511759168020031 0.032110102970324746 -0.096749127310734748
leaf_weight=10.421099618077276 6.8206586241722098 173.00084808468819 16.212215423583984 210.37531355023384 61.496269062161446 162.75861471891403 26.104716107249264 29.837255313992504 1.4663127064704884 20.101860299706459 5.4842788577079764 2.0751125961542121 152.50901538133621 10.185932099819185
leaf_count=50 40 723 108 1387 296 906 126 142 6 81 33 9 621 42
internal_value=-0.00026426 -0.0229655 0.0713369 -0.0888221 0.00905709 0.0852218 0.0342372 0.000294086 -0.0550347 0.0050881 0.0194435 0.0619581 0.02319 -0.0217256
internal_weight=888.85 674.878 213.971 220.796 454.082 197.759 35.0005 392.586 31.3036 361.282 188.281 28.1798 182.797 30.2878
internal_count=4570 3381 1189 1437 1944 1081 175 1648 148 1500 777 135 744 123
is_linear=0
shrinkage=0.08


Tree=12
num_leaves=15
num_cat=0
split_feature=6 11 17 7 8 10 0 17 0 17 7 1 1 9
split_gain=200.591 202.229 70.3853 33.1913 32.2975 16.1012 15.3744 11.4567 11.4093 11.3707 10.375 10.9299 18.5546 13.1907
threshold=0.58335000000000015 1.0000000180025095e-35 1.0000000180025095e-35 0.87500000000000011 1.0000000180025095e-35 1.0000000180025095e-35 1.5000000000000002 1.0000000180025095e-35 2.5000000000000004 1.0000000180025095e-35 0.87500000000000011 15.500000000000002 12.500000000000002 1.0000000180025095e-35
decision_type=2 2 2 2 2 2 2 2 2 2 2 2 2 2
left_child=1 3 5 9 7 6 -2 10 -6 -1 -3 12 13 -12
right_child=2 4 -4 -5 8 -7 -8 -9 -10 -11 11 -13 -14 -15
leaf_value=0.091222189406777052 -0.098791240028935676 0.10872594389492754 -0.096349366082402257 -0.09422699349783234 0.023096702979990349 0.093483395297526917 0.054689222920359465 0.084013570183016445 0.088398757962969102 -0.13570445322689287 0.0070869446634529735 -0.037131256513829682 0.041614193966427425 -0.030165450022408714
leaf_weight=8.5271013677120173 4.8799082636833182 5.2459031343460074 15.216575682163237 197.80571037530899 31.376794204115868 154.40963816642761 29.001955255866051 9.9473100453615171 37.69389009475708 1.6939076781272895 148.24711547791958 55.946069896221161 59.106531068682671 103.16757076978683
leaf_count=43 32 27 108 1387 129 906 143 42 198 7 603 235 246 464
internal_value=-0.000271727 -0.021718 0.0691502 -0.0869631 0.00839461 0.0825249 0.0325839 -0.000715504 0.0587339 0.0536141 -0.00298291 -0.004582 0.00128234 -0.00819951
internal_weight=862.266 658.758 203.508 208.027 450.731 188.292 33.8819 381.661 69.0707 10.221 371.713 366.467 310.521 251.415
internal_count=4570 3381 1189 1437 1944 1081 175 1617 327 50 1575 1548 1313 1067
is_linear=0
shrinkage=0.08


Tree=13
num_leaves=15
num_cat=0
split_feature=6 11 17 7 8 10 1 0 0 17 17 13 18 15
split_gain=178.228 184.457 63.0467 30.222 28.2047 15.2333 13.7277 11.5647 10.6835 10.0251 9.89768 9.71687 12.7318 9.48746
threshold=0.58335000000000015 1.0000000180025095e-35 1.0000000180025095e-35 0.87500000000000011 1.0000000180025095e-35 1.0000000180025095e-35 11.500000000000002 3.5000000000000004 2.5000000000000004 1.0000000180025095e-35 1.0000000180025095e-35 1.0000000180025095e-35 1.0000000180025095e-35 1.0000000180025095e-35
decision_type=2 2 2 2 2 2 2 2 2 2 2 2 2 2
left_child=1 3 5 9 10 6 -2 -8 11 -1 13 12 -6 -3
right_child=2 4 -4 -5 8 -7 7 -9 -10 -11 -12 -13 -14 -15
leaf_value=0.087781294600706647 -0.058182291648808997 -0.0011649787352040774 -0.094847620744764105 -0.09257164381600004 0.068756501460790806 0.091003401665838965 0.07716231726631341 -0.12204934860451734 0.085200200985298222 -0.12863559700655444 0.078890099168436742 -0.050182606967604793 -0.13497547085968253 -0.10604501084469516
leaf_weight=8.1673189997672999 8.300941735506056 365.11071139574051 14.259941160678862 185.72907820343971 20.357105255126957 146.26293888688087 22.638866126537327 2.032454475760459 36.048323214054108 1.645962446928025 9.7539021223783475 8.7604908943176287 2.1726599782705298 5.6048078536987296
leaf_count=43 50 1540 108 1387 84 906 116 9 198 7 42 36 9 35
internal_value=-0.000270526 -0.0205178 0.0670495 -0.0853423 0.00778884 0.07993 0.0308089 0.060751 0.0555124 0.0514821 -0.000657666 0.0213103 0.0491096 -0.00275065
internal_weight=836.846 643.35 193.495 195.542 447.808 179.235 32.9723 24.6713 67.3386 9.81328 380.469 31.2903 22.5298 370.716
internal_count=4570 3381 1189 1437 1944 1081 175 125 327 50 1617 129 93 1575
is_linear=0
shrinkage=0.08


Tree=14
num_leaves=15
num_cat=0
split_feature=6 11 17 7 8 10 0 0 0 7 1 1 9 14
split_gain=158.591 168.487 56.5823 27.5521 24.7157 14.3228 12.5661 9.94514 9.09987 8.91864 10.544 15.7283 19.6987 29.63
threshold=0.58335000000000015 1.0000000180025095e-35 1.0000000180025095e-35 0.87500000000000011 1.0000000180025095e-35 1.0000000180025095e-35 1.5000000000000002 2.5000000000000004 3.5000000000000004 0.87500000000000011 15.500000000000002 11.500000000000002 1.0000000180025095e-35 1.0000000180025095e-35
decision_type=2 2 2 2 2 2 2 2 2 2 2 2 2 2
left_child=1 3 5 -1 9 6 -2 -6 -8 -3 11 12 -11 -14
right_child=2 4 -4 -5 7 -7 8 -9 -10 10 -12 -13 13 -15
leaf_value=0.049542165747827903 -0.096072223852024283 0.10579747401629709 -0.093504077739800684 -0.091060225326537014 0.019772962572541245 0.088707028222229159 0.062047781295258661 0.082209945913223517 -0.11721807567428404 0.01006973773169958 -0.034121987683976826 0.032652509830301303 -0.084435448908114982 0.011332888421998182
leaf_weight=9.4010986685752851 4.410954117774966 4.9753882437944403 13.344972878694533 174.17885771393776 31.046302869915962 138.36969709396362 25.607514560222629 34.437420934438705 1.9502812474966038 149.57965716719627 55.745482742786407 86.76308074593544 43.15970803797245 39.689957082271576
leaf_count=50 32 27 108 1387 129 906 134 198 9 609 235 364 196 186
internal_value=-0.000268111 -0.0193663 0.0651287 -0.08386 0.00721618 0.0775566 0.0292946 0.0526081 0.049361 -0.000607798 -0.00201978 0.00358672 -0.0072632 -0.0385567
internal_weight=812.66 628.977 183.683 183.58 445.397 170.338 31.9687 65.4837 27.5578 379.913 374.938 319.192 232.429 82.8497
internal_count=4570 3381 1189 1437 1944 1081 175 327 143 1617 1590 1355 991 382
is_linear=0
shrinkage=0.08


Tree=15
num_leaves=15
num_cat=0
split_feature=6 11 17 7 0 10 18 4 0 9 1 1 1 4
split_gain=141.33 153.801 50.8689 25.2901 21.7288 13.3945 13.3832 11.7266 11.6901 45.2889 15.6136 14.9255 12.6192 13.3019
threshold=0.58335000000000015 1.0000000180025095e-35 1.0000000180025095e-35 0.87500000000000011 2.5000000000000004 1.0000000180025095e-35 1.0000000180025095e-35 1.0000000180025095e-35 1.5000000000000002 1.0000000180025095e-35 14.500000000000002 8.5000000000000018 7.5000000000000009 1.0000000180025095e-35
decision_type=2 2 2 2 2 2 2 2 2 2 2 2 2 2
left_child=1 3 5 -1 6 -2 8 -8 9 11 12 -3 -10 -14
right_child=2 4 -4 -5 -6 -7 7 -9 10 -11 -12 -13 13 -15
leaf_value=0.046506778222900447 0.027951130644108008 0.018269689259736297 -0.092298632579390957 -0.089671891315767152 0.053887468103435865 0.086562146455716582 -0.062343177503577013 0.1674195862049174 -0.071477149678987495 -0.10771933045973361 -0.020647981925470994 -0.045032237676499276 0.043402097933580165 -0.14092755982180946
leaf_weight=9.2211576849222165 30.839577689766884 127.3086963146925 12.473260849714277 163.17505544424057 54.709602698683739 130.76686352491379 28.815540447831157 1.4954238384962071 6.929775044322013 25.933649338781834 46.346211418509483 29.330386072397232 118.86601614952087 2.5595096349716178
leaf_count=50 175 516 108 1387 296 906 142 6 29 142 190 120 492 11
internal_value=-0.000270706 -0.0182917 0.0633629 -0.0823879 0.00669157 0.0753773 2.96339e-05 -0.0510076 0.00435961 -0.00979598 0.019153 0.00641652 0.0335242 0.0395166
internal_weight=788.771 614.691 174.08 172.396 442.295 161.606 387.585 30.311 357.274 182.573 174.702 156.639 128.355 121.426
internal_count=4570 3381 1189 1437 1944 1081 1648 148 1500 778 722 636 532 503
is_linear=0
shrinkage=0.08


Tree=16
num_leaves=15
num_cat=0
split_feature=6 11 17 10 8 10 1 0 0 15 13 18 1 1
split_gain=125.619 140.392 45.5668 23.4308 19.8563 13.1606 11.3632 9.1389 8.90836 8.66785 8.6448 10.4011 8.17503 16.1673
threshold=0.58335000000000015 1.0000000180025095e-35 1.0000000180025095e-35 0.68500000000000016 1.0000000180025095e-35 1.0000000180025095e-35 11.500000000000002 3.5000000000000004 2.5000000000000004 1.0000000180025095e-35 1.0000000180025095e-35 1.0000000180025095e-35 12.500000000000002 16.500000000000004
decision_type=2 2 2 2 2 2 2 2 2 2 2 2 2 2
left_child=1 3 5 -1 9 6 -2 -8 10 -3 11 12 -6 -14
right_child=2 4 -4 -5 8 -7 7 -9 -10 -11 -12 -13 13 -15
leaf_value=-0.08740956239856687 -0.05680479222648703 0.00067825035922397666 -0.091214296715382462 0.06369509471883987 0.086116490851810501 0.084541857215157515 0.069930327788001082 -0.1140397004790647 0.077567468346019797 -0.10399553119309982 -0.050068243887230419 -0.12603220920842662 -0.18347629760205753 0.15705127723536302
leaf_weight=154.91835734248161 7.8857285305857685 370.23093563318253 11.64554777741432 6.8584221005439749 16.25923843681813 123.47991353273392 20.823235750198368 1.8845432549715031 31.846506804227829 5.1332900524139395 8.7479616254568118 2.0865617394447318 2.2036550045013423 1.4994712471961973
leaf_count=1399 50 1582 108 38 69 906 116 9 198 35 36 9 9 6
internal_value=-0.000282538 -0.0173172 0.0613707 -0.0810036 0.00620518 0.0729038 0.0259309 0.0546625 0.0479005 -0.000753215 0.0172224 0.0439201 0.0616843 -0.0455897
internal_weight=765.503 599.784 165.719 161.777 438.008 154.073 30.5935 22.7078 62.6434 375.364 30.7969 22.0489 19.9624 3.70313
internal_count=4570 3381 1189 1437 1944 1081 175 125 327 1617 129 93 84 15
is_linear=0
shrinkage=0.08


Tree=17
num_leaves=15
num_cat=0
split_feature=6 11 17 7 8 10 0 17 0 0 17 7 1 1
split_gain=111.94 128.197 41.004 21.9647 17.4397 12.4004 10.3565 9.09662 8.2419 8.33306 7.90113 7.88742 7.61827 12.8527
threshold=0.58335000000000015 1.0000000180025095e-35 1.0000000180025095e-35 0.87500000000000011 1.0000000180025095e-35 1.0000000180025095e-35 1.5000000000000002 1.0000000180025095e-35 2.5000000000000004 3.5000000000000004 1.0000000180025095e-35 0.87500000000000011 15.500000000000002 12.500000000000002
decision_type=2 2 2 2 2 2 2 2 2 2 2 2 2 2
left_child=1 3 5 7 10 6 -2 -1 -6 -10 11 -3 13 -13
right_child=2 4 -4 -5 8 -7 -8 -9 9 -11 -12 12 -14 -15
leaf_value=0.080311976268577417 -0.094191664009107556 0.10197628979018301 -0.090236658309813797 -0.08720849600922824 0.016068364287140143 0.082623421254112817 0.043483520139993334 -0.12821887810574559 0.082374308237702018 -0.16206220537938917 0.071710227196257859 -0.0069154144422311414 -0.031250347473545853 0.034789231326476995
leaf_weight=7.2987427264451963 4.0502549782395389 4.5618329197168341 10.86190205812454 142.9426900818944 30.44522787630558 116.52508816123009 25.594226285815239 1.6395558416843412 29.455501556396488 0.92048442363738914 9.4033103138208372 247.50685897469521 55.142889589071274 58.46560625731945
leaf_count=43 32 27 108 1387 129 906 143 7 192 6 42 1067 235 246
internal_value=-0.000276353 -0.0163067 0.0597268 -0.0796009 0.00574681 0.0708706 0.0246733 0.0420611 0.0454842 0.0749671 -0.000696813 -0.00255874 -0.0038793 0.00105356
internal_weight=744.814 587.783 157.031 151.881 435.902 146.17 29.6445 8.9383 60.8212 30.376 375.08 365.677 361.115 305.972
internal_count=4570 3381 1189 1437 1944 1081 175 50 327 198 1617 1575 1548 1313
is_linear=0
shrinkage=0.08


Tree=18
num_leaves=15
num_cat=0
split_feature=6 11 17 7 8 10 1 15 18 4 0 9 1 1
split_gain=99.6963 117.472 36.8827 20.1348 15.8705 11.8057 9.22661 8.21732 8.32419 12.9127 10.1874 38.6567 13.28 8.86962
threshold=0.58335000000000015 1.0000000180025095e-35 1.0000000180025095e-35 0.87500000000000011 1.5000000000000002 1.0000000180025095e-35 10.500000000000002 1.0000000180025095e-35 1.0000000180025095e-35 1.0000000180025095e-35 1.5000000000000002 1.0000000180025095e-35 8.5000000000000018 7.5000000000000009
decision_type=2 2 2 2 2 2 2 2 2 2 2 2 2 2
left_child=1 3 5 -1 7 6 -2 8 10 -10 11 12 -3 -12
right_child=2 4 -4 -5 -6 -7 -8 -9 9 -11 13 -13 -14 -15
leaf_value=0.040547939072150097 -0.070041728250346144 0.01824694932959112 -0.089353385880629618 -0.086091101283108706 0.082768291293883745 0.080787509951569275 0.045214248629240401 -0.10160211463530383 -0.049801771276115042 0.12547117674557268 -0.070152536073691582 -0.10627089549362019 -0.041675271342108251 0.022398231525037771
leaf_weight=8.5493138134479505 5.488672740757468 126.14701540768147 10.121865838766096 133.59572052955627 16.302619010210037 109.91118970513344 23.382932469248772 4.8145294785499564 30.851001814007759 2.9470584690570822 6.8611492961645117 22.015274330973625 29.137518703937531 194.28969353437424
leaf_count=50 40 510 108 1387 111 906 135 35 160 16 29 120 120 843
internal_value=-0.000269296 -0.0153653 0.0580763 -0.0784744 0.00533459 0.0688288 0.0233034 0.00230778 0.00352131 -0.0345187 0.00691852 -0.00706204 0.00700317 0.0192414
internal_weight=724.416 575.511 148.905 142.145 433.366 138.783 28.8716 417.063 412.249 33.7981 378.451 177.3 155.285 201.151
internal_count=4570 3381 1189 1437 1944 1081 175 1833 1798 176 1622 750 630 872
is_linear=0
shrinkage=0.08


Tree=19
num_leaves=15
num_cat=0
split_feature=6 11 17 10 8 10 0 0 17 17 0 15 10 18
split_gain=88.8449 107.395 33.1729 18.6214 14.3149 11.2829 8.42821 8.37734 7.48758 7.46397 7.26712 7.17272 6.67557 10.286
threshold=0.58335000000000015 1.0000000180025095e-35 1.0000000180025095e-35 0.68500000000000016 1.5000000000000002 1.0000000180025095e-35 3.5000000000000004 1.5000000000000002 1.0000000180025095e-35 1.0000000180025095e-35 3.5000000000000004 1.0000000180025095e-35 1.0000000180025095e-35 1.0000000180025095e-35
decision_type=2 2 2 2 2 2 2 2 2 2 2 2 2 2
left_child=1 3 5 -1 8 7 -6 -2 11 -5 -9 12 13 -3
right_child=2 4 -4 9 6 -7 -8 10 -10 -11 -12 -13 -14 -15
leaf_value=-0.083924633319261088 -0.092049221538180903 0.0036418173790343693 -0.088553876801042458 0.098937038289389878 0.095827991719115643 0.079017494429483873 -0.14822596465223145 0.051069477622694856 0.071093551588902515 -0.12596099596502877 -0.11318791560249419 -0.099709367337203925 0.065728845768170216 -0.045366473232662088
leaf_weight=126.92403856664896 3.5989581495523479 360.16138303279877 9.4245741069316846 5.1073790788650504 14.478387013077732 103.64117476344109 0.9660406708717354 22.750782281160358 9.8341740667819959 1.1587166786193845 1.8651437759399403 4.5252719447016707 10.118745774030684 29.666231900453568
leaf_count=1399 32 1541 108 33 105 906 6 134 45 5 9 35 55 157
internal_value=-0.000277295 -0.0145124 0.0564434 -0.0772782 0.00494022 0.0668073 0.0805625 0.0219557 0.00212118 0.0573492 0.0386237 0.000444212 0.00157742 -8.77576e-05
internal_weight=704.221 562.94 141.281 133.19 429.75 131.856 15.4444 28.2149 414.306 6.2661 24.6159 404.472 399.946 389.828
internal_count=4570 3381 1189 1437 1944 1081 111 175 1833 38 143 1788 1753 1698
is_linear=0
shrinkage=0.08


Tree=20
num_leaves=15
num_cat=0
split_feature=6 11 17 7 8 10 1 0 17 0 13 18 1 1
split_gain=79.2415 98.2767 29.9061 17.5767 13.2471 10.5808 7.7628 7.3624 7.35745 6.74425 7.78422 8.36925 7.33779 13.625
threshold=0.58335000000000015 1.0000000180025095e-35 1.0000000180025095e-35 0.87500000000000011 1.0000000180025095e-35 1.0000000180025095e-35 11.500000000000002 3.5000000000000004 1.0000000180025095e-35 2.5000000000000004 1.0000000180025095e-35 1.0000000180025095e-35 12.500000000000002 16.500000000000004
decision_type=2 2 2 2 2 2 2 2 2 2 2 2 2 2
left_child=1 3 5 8 -3 6 -2 -8 -1 10 11 12 -6 -14
right_child=2 4 -4 -5 9 -7 7 -9 -10 -11 -12 -13 13 -15
leaf_value=0.074639324294877615 -0.051836652621150059 -0.00096424811295969467 -0.087828972247255874 -0.084053753700453329 0.07987302744904369 0.077299100422937056 0.060926879672075301 -0.10963623901183145 -0.11935765156969259 0.069337629174809082 -0.049258587223648564 -0.11749506792300014 -0.16996862253587683 0.14313728235043091
leaf_weight=6.5710389763116819 6.980628706514838 370.37343077361584 8.7688544690608961 116.6123920455575 15.801950275897985 97.713362529873848 18.487994015216831 1.7752000540494908 1.5454347878694532 27.104297697544098 8.7433990985155123 1.9555429369211186 2.2311234623193736 1.4791819453239439
leaf_count=43 50 1617 108 1387 69 906 116 9 7 198 36 9 9 6
internal_value=-0.000271607 -0.0136478 0.054985 -0.0761308 0.00457439 0.065007 0.0209199 0.0459843 0.0377009 0.0403651 0.0143722 0.0402877 0.0561009 -0.0451432
internal_weight=686.144 552.418 133.726 124.729 427.689 124.957 27.2438 20.2632 8.11647 57.3155 30.2112 21.4678 19.5123 3.71031
internal_count=4570 3381 1189 1437 1944 1081 175 125 50 327 129 93 84 15
is_linear=0
shrinkage=0.08


Tree=21
num_leaves=15
num_cat=0
split_feature=6 11 17 7 8 10 10 11 16 10 0 16 15 1
split_gain=70.6419 90.1478 26.9519 16.1427 11.8455 10.4959 36.3066 23.1187 23.2125 11.7009 7.67351 7.31313 6.6703 6.61463
threshold=0.58335000000000015 1.0000000180025095e-35 1.0000000180025095e-35 0.87500000000000011 1.5000000000000002 0.68500000000000016 0.67500000000000016 1.0000000180025095e-35 1.0000000180025095e-35 1.0000000180025095e-35 3.5000000000000004 1.0000000180025095e-35 1.0000000180025095e-35 16.500000000000004
decision_type=2 2 2 2 2 2 2 2 2 2 2 2 2 2
left_child=1 3 5 -1 12 6 9 8 13 11 -6 -2 -3 -8
right_child=2 4 -4 -5 10 -7 7 -9 -10 -11 -12 -13 -14 -15
leaf_value=0.036406424824239211 -0.0021743799192259937 0.0028218285972823748 -0.087170692394373875 -0.083100807284301262 0.093418227911985036 0.090382942753423859 -0.24680800757884336 0.090382942753423831 0.090382942753423776 0.090382942753423859 -0.13538595583967461 0.10018224717644919 -0.097987685351826406 -0.48658823892623337
leaf_weight=7.7488825917243949 20.724135100841526 407.81384225189686 8.1533076167106611 108.83122339844704 12.915497906506058 51.45028892159462 1.4235257804393766 1.7285670191049574 0.91512371599674214 35.079742446541786 1.0115667879581458 5.6949988901615134 4.2444245070219031 1.5252061933279035
leaf_count=50 139 1798 108 1387 105 506 14 17 9 345 6 36 35 15
internal_value=-0.000263482 -0.0128231 0.0535226 -0.0751574 0.00423599 0.0631995 0.0423534 -0.152803 -0.261597 0.0601001 0.0767995 0.01989 0.00178344 -0.370832
internal_weight=669.26 542.565 126.695 116.58 425.985 118.542 67.0913 5.59242 3.86386 61.4989 13.9271 26.4191 412.058 2.94873
internal_count=4570 3381 1189 1437 1944 1081 575 55 38 520 111 175 1833 29
is_linear=0
shrinkage=0.08


Tree=22
num_leaves=15
num_cat=0
split_feature=6 11 17 7 8 10 10 11 16 10 0 17 7 1
split_gain=63.0527 82.5181 24.2582 14.9748 10.9226 10.3388 28.8535 15.0572 13.0476 11.399 6.82709 6.59129 6.326 7.77531
threshold=0.58335000000000015 1.0000000180025095e-35 1.0000000180025095e-35 0.87500000000000011 1.0000000180025095e-35 0.68500000000000016 0.67500000000000016 1.0000000180025095e-35 1.0000000180025095e-35 1.0000000180025095e-35 1.5000000000000002 1.0000000180025095e-35 0.87500000000000011 15.500000000000002
decision_type=2 2 2 2 2 2 2 2 2 2 2 2 2 2
left_child=1 3 5 11 12 6 9 8 -8 10 -2 -1 -3 -14
right_child=2 4 -4 -5 -6 -7 7 -9 -10 -11 -12 -13 13 -15
leaf_value=0.07088027919489237 -0.090416563936821973 0.098189752465594804 -0.086572089451247169 -0.082185050449567698 0.037235315031542177 0.089485658630900106 -0.25618617057026538 0.08948565863090005 0.089485658630900022 0.089485658630900106 0.033944981294799795 -0.11622764854016827 0.0027622731297380697 -0.029932304689518369
leaf_weight=6.1240537762641898 3.2233860716223743 4.0678711682558051 7.5763716995716086 101.53802412003279 54.831064447760582 47.951372772455215 3.8692974448204032 1.6110145002603529 0.85289002954959858 32.694117799401283 22.86795112490654 1.5000947564840315 311.33863684535027 54.737451493740082
leaf_count=43 32 27 108 1387 327 506 29 17 9 345 143 7 1355 235
internal_value=-0.000225701 -0.0120241 0.0520093 -0.0740658 0.00391237 0.0612951 0.0405365 -0.121704 -0.193753 0.0580154 0.0185811 0.0340657 -0.00102391 -0.00212638
internal_weight=654.784 534.137 120.646 109.162 424.975 113.07 65.1187 6.3332 4.72219 58.7855 26.0913 7.62415 370.144 366.076
internal_count=4570 3381 1189 1437 1944 1081 575 55 38 520 175 50 1617 1590
is_linear=0
shrinkage=0.08


Tree=23
num_leaves=15
num_cat=0
split_feature=6 11 17 10 8 10 10 10 11 16 0 16 17 2
split_gain=56.3337 75.6908 21.884 13.9794 10.2467 10.0894 23.9892 10.9809 10.9433 8.70705 6.89818 6.62738 6.57976 6.35834
threshold=0.58335000000000015 1.0000000180025095e-35 1.0000000180025095e-35 0.68500000000000016 1.5000000000000002 0.68500000000000016 0.67500000000000016 1.0000000180025095e-35 1.0000000180025095e-35 1.0000000180025095e-35 3.5000000000000004 1.0000000180025095e-35 1.0000000180025095e-35 1.0000000180025095e-35
decision_type=2 2 2 2 2 2 2 2 2 2 2 2 2 2
left_child=1 3 5 -1 12 6 7 11 9 -8 -6 13 -3 -2
right_child=2 4 -4 -5 10 -7 8 -9 -10 -11 -12 -13 -14 -15
leaf_value=-0.080073475677934242 -0.023099675733724144 -0.00014560447990947923 -0.086027062709667382 0.053583489042485229 0.091774782809187924 0.088673693310954343 -0.19833868433197108 0.088673693310954343 0.088673693310954288 0.088673693310954232 -0.12057906430086479 0.097675091840914524 0.06695636090964234 0.098111860926544572
leaf_weight=96.705593504011631 16.927680544555194 401.33645630627871 7.0363770425319663 5.2817619889974585 11.743175201117989 44.653465151786804 4.5624688267707816 30.445544421672821 1.5002152323722837 0.79423159360885609 1.0680707395076758 5.2405843138694754 9.5754552930593473 3.311561554670333
leaf_count=1399 117 1788 108 38 105 506 29 345 17 9 6 36 45 22
internal_value=-0.000204022 -0.0112779 0.0506524 -0.0731516 0.00361472 0.059604 0.0389284 0.0562441 -0.102299 -0.155784 0.0740709 0.0174944 0.00141807 -0.00326694
internal_weight=640.183 525.711 114.472 101.987 423.723 107.436 62.7823 55.9254 6.85692 5.3567 12.8112 25.4798 410.912 20.2392
internal_count=4570 3381 1189 1437 1944 1081 575 520 55 38 111 175 1833 139
is_linear=0
shrinkage=0.08


Tree=24
num_leaves=15
num_cat=0
split_feature=6 11 17 7 10 10 10 0 1 1 18 13 1 14
split_gain=50.2906 69.1389 19.7379 13.145 9.863 20.3237 10.6093 9.40618 9.06584 8.96579 8.93825 8.79805 17.4643 8.71815
threshold=0.58335000000000015 1.0000000180025095e-35 1.0000000180025095e-35 0.87500000000000011 0.68500000000000016 0.67500000000000016 1.0000000180025095e-35 2.5000000000000004 21.500000000000004 35.500000000000007 1.0000000180025095e-35 1.0000000180025095e-35 5.5000000000000009 1.0000000180025095e-35
decision_type=2 2 2 2 2 2 2 2 2 2 2 2 2 2
left_child=1 3 4 -1 5 6 -2 8 10 -9 11 -3 -13 -14
right_child=2 7 -4 -5 -6 -7 -8 9 -10 -11 -12 12 13 -15
leaf_value=0.03193565530646221 0.016464113936043391 0.012857915551312842 -0.085530244545069217 -0.080448622882786161 0.087937682948007245 -0.088380548630659722 0.087937682948007245 0.044853758418255424 -0.12865222049474581 -0.15425074112554868 -0.04295652092179774 -0.097696957656286276 -0.034845901576978415 0.014852593842057478
leaf_weight=7.2034471482038489 25.039005279541016 233.1872316300869 6.5315875858068457 88.423904173076153 41.551265448331833 7.2461199015378943 28.33040826022625 42.97049618512392 3.5137605071067801 1.4979161918163288 28.085946947336197 14.077370375394819 34.700679510831833 64.727756604552269
leaf_count=50 175 1000 108 1387 506 55 345 290 15 6 148 65 153 267
internal_value=-0.000178813 -0.010553 0.0492962 -0.0719829 0.0579157 0.037336 0.0544049 0.00334229 -0.000749006 0.0381469 0.000450157 0.00396658 -0.0142999 -0.00249226
internal_weight=627.087 518.389 108.698 95.6274 102.167 60.6155 53.3694 422.761 378.293 44.4684 374.779 346.693 113.506 99.4284
internal_count=4570 3381 1189 1437 1081 575 520 1944 1648 296 1633 1485 485 420
is_linear=0
shrinkage=0.08


Tree=25
num_leaves=15
num_cat=0
split_feature=6 11 17 7 10 10 10 8 11 14 0 16 15 17
split_gain=44.7381 63.199 17.7474 12.231 9.76697 17.3391 10.3745 8.73645 7.98875 6.82281 6.29974 6.12563 6.06888 5.94209
threshold=0.58335000000000015 1.0000000180025095e-35 1.0000000180025095e-35 0.87500000000000011 0.68500000000000016 0.67500000000000016 1.0000000180025095e-35 1.5000000000000002 1.0000000180025095e-35 1.0000000180025095e-35 3.5000000000000004 1.0000000180025095e-35 1.0000000180025095e-35 1.0000000180025095e-35
decision_type=2 2 2 2 2 2 2 2 2 2 2 2 2 2
left_child=1 3 4 13 5 6 11 12 9 -7 -9 -2 -3 -1
right_child=2 7 -4 -5 -6 8 -8 10 -10 -11 -12 -13 -14 -15
leaf_value=0.067045975503575481 -0.004313747169489195 0.0021083647247717519 -0.085076905366453168 -0.079601668380513663 0.08726947229561749 -0.14999741554994236 0.08726947229561749 0.090271076102701381 0.08867115866568219 0.099711004482483892 -0.10995669712511376 0.095787362169005269 -0.09667928223063306 -0.11410228193445292
leaf_weight=5.6409401074051848 20.027221731841568 404.80066911876202 6.0602358877658835 82.4590366743505 38.638364672660828 5.3409399837255469 26.344339549541473 10.587611943483349 1.4998614713549612 0.80596371740102757 1.1112155914306647 4.8623971641063681 4.0195212438702574 1.4585717320442197
leaf_count=43 139 1798 108 1387 506 32 345 105 17 6 6 36 35 7
internal_value=-0.0001738 -0.00990765 0.0477606 -0.0709268 0.0560157 0.0355065 0.0522782 0.00308769 -0.0768651 -0.117256 0.0712524 0.0152418 0.00113708 0.0298297
internal_weight=613.657 510.078 103.579 89.5585 97.5191 58.8807 51.234 420.519 7.64677 6.1469 11.6988 24.8896 408.82 7.09951
internal_count=4570 3381 1189 1437 1081 575 520 1944 55 38 111 175 1833 50
is_linear=0
shrinkage=0.08


Tree=26
num_leaves=15
num_cat=0
split_feature=6 11 17 10 10 10 10 8 16 1 5 6 17 0
split_gain=39.8759 57.9358 15.9938 11.3361 9.5712 14.8988 10.0592 7.92382 7.0805 5.88045 6.47641 6.62176 5.72342 5.60572
threshold=0.58335000000000015 1.0000000180025095e-35 1.0000000180025095e-35 0.68500000000000016 0.68500000000000016 0.67500000000000016 1.0000000180025095e-35 1.5000000000000002 1.0000000180025095e-35 11.500000000000002 1.5000000000000002 1.4166500000000002 1.0000000180025095e-35 3.5000000000000004
decision_type=2 2 2 2 2 2 2 2 2 2 2 2 2 2
left_child=1 3 4 -1 5 6 9 12 -7 -2 -11 -12 -3 -9
right_child=2 7 -4 -5 -6 8 -8 13 -10 10 11 -13 -14 -15
leaf_value=-0.077342522454423537 -0.050889777590022202 -0.00040129602036589879 -0.084662842077052242 0.048912226924497856 0.086661965839066241 -0.10444163145657831 0.086661965839066241 0.089384512796848128 0.088772883544522202 0.059452200279864295 -0.15064033546760436 0.097713359959641505 0.06306182987111314 -0.095640051021808573
leaf_weight=78.840393584221601 6.5220139920711544 399.27215880900621 5.6205496788024893 4.8302980810403815 35.907547056674957 6.4199343398213378 24.482418447732925 9.866576269268986 1.4968691468238828 14.994072072207929 2.0585008263587947 1.0313223525881765 9.3067843616008741 1.1725180149078376
leaf_count=1399 50 1788 108 38 506 38 345 105 17 106 12 7 45 6
internal_value=-0.000157449 -0.00926903 0.0463827 -0.0700539 0.0543101 0.0339316 0.0503562 0.0028513 -0.0679096 0.0142327 0.0377193 -0.0677447 0.00104429 0.0697321
internal_weight=601.822 503.289 98.5332 83.6707 92.9127 57.0051 49.0883 419.618 7.9168 24.6059 18.0839 3.08982 408.579 11.0391
internal_count=4570 3381 1189 1437 1081 575 520 1944 55 175 125 19 1833 111
is_linear=0
shrinkage=0.08


Tree=27
num_leaves=15
num_cat=0
split_feature=6 11 17 7 10 10 10 8 1 18 13 1 0 11
split_gain=35.6439 52.8327 14.4616 10.7966 9.25988 12.9723 9.59356 7.27667 6.71342 6.07213 7.70864 11.4582 6.79618 5.91129
threshold=0.58335000000000015 1.0000000180025095e-35 1.0000000180025095e-35 0.87500000000000011 0.68500000000000016 0.67500000000000016 1.0000000180025095e-35 1.0000000180025095e-35 15.500000000000002 1.0000000180025095e-35 1.0000000180025095e-35 14.500000000000002 2.5000000000000004 1.0000000180025095e-35
decision_type=2 2 2 2 2 2 2 2 2 2 2 2 2 2
left_child=1 3 4 -1 5 6 -2 -3 9 10 11 -9 -12 -7
right_child=2 7 -4 -5 -6 13 -8 8 -10 -11 12 -13 -14 -15
leaf_value=0.028082705138611386 0.013529027760903372 -0.0012938777562094023 -0.084284320288461903 -0.077949854981973543 0.086108928690927705 -0.091772128253390692 0.086108928690927705 0.062223425450013505 0.083477313055669813 -0.086097843914684016 -0.068588861064193041 -0.15792641018785497 0.08958208829882329 0.088141196167880603
leaf_weight=6.7212374433875075 23.911687172949314 367.67669226974249 5.2107743918895713 71.799969986081123 33.351053953170776 6.7289596945047361 22.739354968070984 23.866075873374943 11.927617013454435 3.4704972356557837 7.9648670554161054 1.6154843866825093 2.2240264266729355 1.4144743382930753
leaf_count=50 175 1617 108 1387 506 38 345 156 84 21 33 9 24 17
internal_value=-0.000140049 -0.00865544 0.0452175 -0.0688737 0.0528731 0.0326439 0.048907 0.00263642 0.0309332 0.0149212 0.0247497 0.0482663 -0.0340634 -0.0605221
internal_weight=590.623 497.266 93.3563 78.5212 88.1455 54.7945 46.651 418.745 51.0686 39.141 35.6705 25.4816 10.1889 8.14343
internal_count=4570 3381 1189 1437 1081 575 520 1944 327 243 222 165 57 55
is_linear=0
shrinkage=0.08


Tree=28
num_leaves=15
num_cat=0
split_feature=10 11 9 17 16 9 10 18 0 9 1 1 1 14
split_gain=31.874 33.4345 32.8682 20.368 16.0151 11.2632 11.1668 7.88609 10.2203 35.6428 10.8141 9.01847 14.0689 10.5465
threshold=0.68500000000000016 1.0000000180025095e-35 1.0000000180025095e-35 1.0000000180025095e-35 1.0000000180025095e-35 0.7250000000000002 1.0000000180025095e-35 1.0000000180025095e-35 1.5000000000000002 1.0000000180025095e-35 8.5000000000000018 14.500000000000002 9.5000000000000018 1.0000000180025095e-35
decision_type=2 2 2 2 2 2 2 2 2 2 2 2 2 2
left_child=1 2 -1 -2 5 -4 7 8 9 10 -3 12 13 -10
right_child=3 6 4 -5 -6 -7 -8 -9 11 -11 -12 -13 -14 -15
leaf_value=0.085604917963619395 0.08687998764735555 0.014682741925969574 -0.073966098744186748 -0.090987865042978608 0.076950952135954709 0.09911039638520025 0.069080503485737466 -0.038596467826522554 -0.080545510124547026 -0.1017724527901116 -0.039477824046932723 -0.0057512998600084868 0.040911531964137396 0.025705366239579783
leaf_weight=10.891343526542185 37.172500856220722 126.80044949054718 86.194410156458616 4.6340012550353995 5.077876027673482 2.4754957631230345 16.456785939633846 28.669376954436302 11.789068564772606 23.154316462576389 28.987984478473663 73.313718900084496 112.31537897884846 12.131526850163937
leaf_count=178 558 516 1534 85 54 20 188 160 49 151 120 356 542 59
internal_value=-0.000124545 -0.00535088 -0.045939 0.0671644 -0.0612214 -0.0691341 0.00444368 0.0018938 0.00488184 -0.00915978 0.00460494 0.0168725 0.0290473 -0.0266595
internal_weight=580.064 538.258 104.639 41.8065 93.7478 88.6699 433.619 417.162 388.492 178.943 155.788 209.55 136.236 23.9206
internal_count=4570 3927 1786 643 1608 1554 2141 1953 1793 787 636 1006 650 108
is_linear=0
shrinkage=0.08


Tree=29
num_leaves=15
num_cat=0
split_feature=6 11 17 7 10 10 10 8 15 0 17 1 16 7
split_gain=29.1765 44.2559 11.8222 9.24636 8.53235 10.6266 8.51501 6.42684 5.29582 5.01806 4.88664 4.86458 4.80729 4.7573
threshold=0.58335000000000015 1.0000000180025095e-35 1.0000000180025095e-35 0.87500000000000011 0.68500000000000016 0.67500000000000016 1.0000000180025095e-35 1.5000000000000002 1.0000000180025095e-35 1.5000000000000002 1.0000000180025095e-35 35.500000000000007 1.0000000180025095e-35 0.87500000000000011
decision_type=2 2 2 2 2 2 2 2 2 2 2 2 2 2
left_child=1 3 4 10 5 6 9 8 11 -2 -1 13 -7 -3
right_child=2 7 -4 -5 -6 12 -8 -9 -10 -11 -12 -13 -14 -15
leaf_value=0.061651329106886539 -0.088351802773943403 0.094632094999788349 -0.083611716270216546 -0.076331491808380586 0.085138511649177614 -0.078343401735280843 0.085233565614181397 0.066439244224094571 -0.095422935351316074 0.027421741106585677 -0.10944729747872144 -0.14329833831732794 0.08772882274151686 0.0012031257614031085
leaf_weight=4.9870587661862364 2.7068768367171314 3.5190265402197829 4.4634480625390998 62.702830724418163 28.696289755403996 7.0164455026388151 19.85803959518671 9.7219643220305425 3.6414831057190886 20.866720855236053 1.3595456033945081 1.4796235263347615 1.3264314979314802 395.74182806164026
leaf_count=43 32 27 108 1387 506 38 345 111 35 143 7 6 17 1765
internal_value=-0.000122756 -0.00772423 0.0431187 -0.0670178 0.050148 0.0307543 0.0466392 0.00216262 0.000617316 0.0141279 0.0249992 0.00149002 -0.0519396 0.00202659
internal_weight=568.088 483.153 84.9343 69.0494 80.4708 51.7745 43.4316 414.104 404.382 23.5736 6.3466 400.74 8.34288 399.261
internal_count=4570 3381 1189 1437 1081 575 520 1944 1833 175 50 1798 55 1792
is_linear=0
shrinkage=0.08


Tree=30
num_leaves=15
num_cat=0
split_feature=10 11 9 17 16 9 4 18 0 9 1 1 1 13
split_gain=26.6836 27.3552 26.8641 17.1342 13.482 9.793 9.4941 8.03005 7.90117 31.5025 10.2581 10.8478 9.21416 8.23084
threshold=0.68500000000000016 1.0000000180025095e-35 1.0000000180025095e-35 1.0000000180025095e-35 1.0000000180025095e-35 0.7250000000000002 1.0000000180025095e-35 1.0000000180025095e-35 1.5000000000000002 1.0000000180025095e-35 14.500000000000002 7.5000000000000009 8.5000000000000018 1.0000000180025095e-35
decision_type=2 2 2 2 2 2 2 2 2 2 2 2 2 2
left_child=1 2 -1 -2 5 -4 7 8 9 12 11 -10 -3 -14
right_child=3 6 4 -5 -6 -7 -8 -9 10 -11 -12 -13 13 -15
leaf_value=0.084724703048428301 0.085833629793723942 0.013463935717724834 -0.070500232819010869 -0.089385225075134814 0.074372170183305344 0.097933873016830333 0.053181902727766323 -0.040000871018979409 -0.071812780822040137 -0.10011434432769094 -0.010247280472065341 0.033313179287088698 -0.0050468717985010757 -0.094513999060954978
leaf_weight=9.3726954758167249 32.130785450339317 126.80040089786053 77.734379798173904 4.0184748172760001 4.6526015177369109 2.2738251164555541 23.60474357008934 28.440581664443016 6.6145642399787894 21.039317473769188 67.952590815722942 124.97455341368914 18.623985081911087 10.177433878183367
leaf_count=178 558 516 1534 85 54 20 250 160 29 144 318 604 78 42
internal_value=-0.000114835 -0.00471571 -0.0437874 0.0663557 -0.0580148 -0.0657134 0.00386394 0.000986854 0.00408565 -0.00823708 0.0149942 0.0280288 0.00418587 -0.0366615
internal_weight=558.411 522.262 94.0335 36.1493 84.6608 80.0082 428.228 404.623 376.183 176.641 199.542 131.589 155.602 28.8014
internal_count=4570 3927 1786 643 1608 1554 2141 1891 1731 780 951 633 636 120
is_linear=0
shrinkage=0.08


Tree=31
num_leaves=15
num_cat=0
split_feature=10 11 9 17 16 9 10 18 0 9 1 13 1 1
split_gain=24.3952 24.3632 24.1205 15.7225 11.9779 8.73953 8.53712 5.74797 7.24694 29.2003 7.8351 7.12933 6.86549 8.5205
threshold=0.68500000000000016 1.0000000180025095e-35 1.0000000180025095e-35 1.0000000180025095e-35 1.0000000180025095e-35 0.7250000000000002 1.0000000180025095e-35 1.0000000180025095e-35 1.5000000000000002 1.0000000180025095e-35 8.5000000000000018 1.0000000180025095e-35 7.5000000000000009 14.500000000000002
decision_type=2 2 2 2 2 2 2 2 2 2 2 2 2 2
left_child=1 2 -1 -2 5 -4 7 8 9 10 -3 -12 -10 -14
right_child=3 6 4 -5 -6 -7 -8 -9 12 -11 11 -13 13 -15
leaf_value=0.084340897164389389 0.08536393424489265 0.012383369502430852 -0.067905923398865545 -0.08874742487957106 0.071729970719994429 0.096434508378881012 0.063427780287564406 -0.033734832131881526 -0.066010991473855807 -0.097956623512441859 -0.0046480267117052975 -0.088339672663851343 0.029325640488433457 -0.0049834569957821614
leaf_weight=8.6898592337965948 29.817010574042797 126.83416950702667 74.388276785612106 3.7350979447364798 4.4466789402067652 2.1303040981292716 14.723140470683573 27.743182703852654 6.6199272722005835 20.396045166999102 18.605155169963837 10.023946166038515 126.86900266259909 72.971876621246338
leaf_count=178 558 516 1534 85 54 20 188 160 29 151 78 42 621 356
internal_value=-0.000112676 -0.00442336 -0.0423188 0.0659815 -0.055913 -0.0633306 0.00357482 0.00142583 0.00397727 -0.00795683 0.00385072 -0.0339511 0.0141425 0.0167977
internal_weight=547.994 514.442 89.6551 33.5521 80.9653 76.5186 424.786 410.063 382.32 175.859 155.463 28.6291 206.461 199.841
internal_count=4570 3927 1786 643 1608 1554 2141 1953 1793 787 636 120 1006 977
is_linear=0
shrinkage=0.08


Tree=32
num_leaves=15
num_cat=0
split_feature=16 11 6 10 13 1 2 8 0 15 1 13 1 14
split_gain=22.3319 19.6126 22.5189 15.2501 13.6837 7.79758 9.49083 5.38586 4.83237 4.72467 4.75444 4.79823 19.9217 10.7189
threshold=1.0000000180025095e-35 1.0000000180025095e-35 0.58335000000000015 1.0000000180025095e-35 1.0000000180025095e-35 18.500000000000004 1.0000000180025095e-35 1.5000000000000002 3.5000000000000004 1.0000000180025095e-35 25.500000000000004 1.0000000180025095e-35 5.5000000000000009 1.0000000180025095e-35
decision_type=2 2 2 2 2 2 2 2 2 2 2 2 2 2
left_child=1 2 -1 7 5 -4 -7 9 -9 10 11 -3 -13 -14
right_child=-2 3 4 -5 -6 6 -8 8 -10 -11 -12 12 13 -15
leaf_value=-0.06943372633099533 0.08127850948821827 0.0062861856153322076 0.054644078979658749 0.069223006044029353 -0.081974685301012457 -0.13011965796105843 0.090081402951545334 0.086928712552501924 -0.084977593872378562 -0.094234909395479086 -0.11638871316149012 -0.10902141822543039 -0.037726711498529027 0.016864368538735328
leaf_weight=54.908914089202881 20.745141256600618 273.42307731509209 24.583759140223268 21.713578701019287 8.0538004934787732 3.4931816719472399 1.9530979692935941 7.4494454115629178 1.2175973653793333 3.4462762400507918 2.2392539680004111 12.387546591460703 34.811483915895224 67.951599039137363
leaf_count=1409 322 1252 396 338 122 26 29 102 6 38 10 63 166 291
internal_value=-0.00010982 -0.00337162 -0.0366478 0.00391559 0.0106228 0.0354566 -0.051153 0.000396194 0.0627783 -0.000975158 -0.000152773 0.000517066 -0.0131816 -0.00162862
internal_weight=538.378 517.633 92.9928 424.64 38.0838 30.03 5.44628 402.926 8.66704 394.259 390.813 388.574 115.151 102.763
internal_count=4570 4248 1982 2266 573 451 55 1928 108 1820 1782 1772 520 457
is_linear=0
shrinkage=0.08


Tree=33
num_leaves=15
num_cat=0
split_feature=10 11 9 17 16 9 6 8 1 1 0 13 0 1
split_gain=20.9637 19.7382 20.15 13.7532 9.42466 7.38975 7.31752 5.24831 7.11007 5.35926 11.9296 9.99273 8.1123 6.33356
threshold=0.68500000000000016 1.0000000180025095e-35 1.0000000180025095e-35 1.0000000180025095e-35 1.0000000180025095e-35 0.7250000000000002 0.58335000000000015 1.0000000180025095e-35 15.500000000000002 12.500000000000002 2.5000000000000004 1.0000000180025095e-35 3.5000000000000004 8.5000000000000018
decision_type=2 2 2 2 2 2 2 2 2 2 2 2 2 2
left_child=1 2 -1 -2 5 -4 7 -3 9 11 -11 13 -12 -9
right_child=3 6 4 -5 -6 -7 -8 8 -10 10 12 -13 -14 -15
leaf_value=0.083762325136934351 0.084708246798506248 -0.0023813644412641294 -0.063996410668734016 -0.087665356395865854 0.06578616500608922 0.094974459500913627 0.05665843183394019 -0.00098925301952585819 0.081186808957324122 -0.15997598212282119 0.050820317610351211 -0.051228240056310236 -0.24435510662435517 0.095315554244894435
leaf_weight=7.6354031562805167 26.288868535310034 356.1930589415133 67.987860236316919 3.3385970387607804 4.0579564422368994 1.9244044795632351 15.676905479282139 7.0068168640136763 11.342557758092878 3.5098872631788236 6.0811435058712959 7.3223856166005126 0.6606198102235793 11.615981966257095
leaf_count=178 558 1598 1534 85 54 20 216 33 84 15 72 33 3 87
internal_value=-0.000104322 -0.00397106 -0.039969 0.0652842 -0.0527409 -0.0596206 0.00303315 0.000950882 0.025918 0.00859914 -0.0403718 0.0279489 0.0218963 0.0590809
internal_weight=530.642 501.015 81.6056 29.6275 73.9702 69.9123 419.409 403.732 47.5394 36.1968 10.2517 25.9452 6.74176 18.6228
internal_count=4570 3927 1786 643 1608 1554 2141 1925 327 243 90 153 75 120
is_linear=0
shrinkage=0.08


Tree=34
num_leaves=15
num_cat=0
split_feature=10 11 6 17 14 6 10 8 17 15 0 14 1 1
split_gain=19.1791 17.4918 19.068 12.6338 9.3896 6.47201 5.29868 4.67536 4.5259 3.99771 3.91593 3.88868 8.64831 7.39222
threshold=0.68500000000000016 1.0000000180025095e-35 0.58335000000000015 1.0000000180025095e-35 1.0000000180025095e-35 0.58335000000000015 0.67500000000000016 1.5000000000000002 1.0000000180025095e-35 1.0000000180025095e-35 3.5000000000000004 1.0000000180025095e-35 22.500000000000004 5.5000000000000009
decision_type=2 2 2 2 2 2 2 2 2 2 2 2 2 2
left_child=1 2 -1 -2 6 7 -4 8 9 11 -9 -3 13 -13
right_child=3 5 4 -5 -6 -7 -8 10 -10 -11 -12 12 -14 -15
leaf_value=-0.0700922212651853 0.084333099460461761 -0.009905540924737893 0.0086037977088855976 -0.087130206240377317 0.077789806619641855 0.05426525541004517 -0.077215754392027464 0.08593499549674237 0.05641484089493444 -0.093471909614861223 -0.066386310081806163 -0.032854920632990614 0.14384196547693837 0.010489286210797137
leaf_weight=47.593722961843014 24.371247470378879 170.51243790239096 14.599787078797819 3.1000750120729199 9.3220293186604994 15.083735454827545 6.7254678681492797 6.7143213003873807 8.7923558056354505 3.0097737424075595 1.2872642576694486 29.279868632555008 2.8868249505758277 179.9363853558898
leaf_count=1399 558 778 186 85 163 216 38 105 45 35 6 123 12 821
internal_value=-8.19936e-05 -0.00368757 -0.0384004 0.0649839 0.0108153 0.0028177 -0.0184616 0.000889305 -0.000338892 -0.00163289 0.0614301 -0.000910457 0.00632081 0.00442325
internal_weight=523.215 495.744 78.241 27.4713 30.6473 417.503 21.3253 402.419 394.418 385.625 8.00159 382.616 212.103 209.216
internal_count=4570 3927 1786 643 387 2141 224 1925 1814 1769 111 1734 956 944
is_linear=0
shrinkage=0.08


Tree=35
num_leaves=15
num_cat=0
split_feature=16 11 6 10 18 2 1 13 18 8 14 1 13 1
split_gain=17.6574 13.9 17.7655 11.7362 10.5888 5.65414 7.52327 7.17669 5.08183 5.36894 5.17638 7.67154 10.5474 8.73147
threshold=1.0000000180025095e-35 1.0000000180025095e-35 0.58335000000000015 1.0000000180025095e-35 1.0000000180025095e-35 1.0000000180025095e-35 18.500000000000004 1.0000000180025095e-35 1.0000000180025095e-35 1.0000000180025095e-35 1.0000000180025095e-35 5.5000000000000009 1.0000000180025095e-35 13.500000000000002
decision_type=2 2 2 2 2 2 2 2 2 2 2 2 2 2
left_child=1 2 -1 8 5 6 7 -4 9 10 -3 12 -12 -13
right_child=-2 3 4 -5 -6 -7 -8 -9 -10 -11 11 13 -14 -15
leaf_value=-0.065931114131310781 0.078277746055001957 -0.011209503233351915 0.027432154396908316 0.064663716313581934 0.088799107649606898 0.089050282219518384 -0.11227975629655024 -0.083593875463188888 -0.033187756991021888 0.029865724252044638 0.0027225397630215669 0.031180666517756795 -0.10238818685956287 -0.010454486893290611
leaf_weight=45.92612524330616 17.774674333631992 159.398163523525 13.257112465798864 18.869520839303732 8.2779383137822133 2.9818523414432994 5.2549815308302632 5.1827997639775267 27.344865098595619 40.961834348738194 20.623393774032593 91.763802018016577 8.6820224672555941 49.693761795759201
leaf_count=1409 322 728 204 338 173 57 40 99 160 291 90 411 39 209
internal_value=-7.2508e-05 -0.00286777 -0.0332212 0.00301479 0.00975552 -0.0147721 -0.0278375 -0.00377329 9.53931e-05 0.00254774 -0.000841495 0.00883649 -0.0284176 0.0165543
internal_weight=515.993 498.218 80.8808 417.337 34.9547 26.6767 23.6949 18.4399 398.468 371.123 330.161 170.763 29.3054 141.458
internal_count=4570 4248 1982 2266 573 400 343 303 1928 1768 1477 749 129 620
is_linear=0
shrinkage=0.08


Tree=36
num_leaves=15
num_cat=0
split_feature=10 11 6 17 14 6 10 8 17 15 0 1 1 1
split_gain=16.5473 14.1223 16.0474 11.0173 7.68858 5.37659 4.05839 4.0073 3.86888 3.71335 3.66919 3.48838 4.63701 7.71904
threshold=0.68500000000000016 1.0000000180025095e-35 0.58335000000000015 1.0000000180025095e-35 1.0000000180025095e-35 0.58335000000000015 0.67500000000000016 1.5000000000000002 1.0000000180025095e-35 1.0000000180025095e-35 3.5000000000000004 25.500000000000004 22.500000000000004 21.500000000000004
decision_type=2 2 2 2 2 2 2 2 2 2 2 2 2 2
left_child=1 2 -1 -2 6 7 -4 8 9 11 -9 12 13 -3
right_child=3 5 4 -5 -6 -7 -8 10 -10 -11 -12 -13 -14 -15
leaf_value=-0.067649510660198087 0.08383255250492587 -0.0002176708986080774 0.0079897397097391572 -0.086263143646327659 0.074848772054218346 0.05089822751907519 -0.067180598179886752 0.085282732511410927 0.052884191246491831 -0.092511945703537837 -0.062672927206880863 -0.099698918357706515 0.088541360045357786 -0.13338796505666742
leaf_weight=42.253517471253872 21.444966483861212 371.56574633717537 14.242931533604862 2.7495436687022439 8.2523264884948748 14.125256948173044 6.7870209775865069 6.0665434822440139 8.5237112492322904 2.8546096161007872 1.3031535744667051 2.2747442796826354 3.7202424854040137 2.8067050576210013
leaf_count=1399 558 1693 186 85 163 216 38 105 45 35 6 11 17 13
internal_value=-6.60754e-05 -0.00328859 -0.0361066 0.0645023 0.00940902 0.0023925 -0.0162701 0.000675817 -0.000423667 -0.00160935 0.0591203 -0.00092714 -0.000332893 -0.00121606
internal_weight=508.971 484.777 71.5358 24.1945 29.2823 413.241 21.03 399.115 391.746 383.222 7.3697 380.367 378.093 374.372
internal_count=4570 3927 1786 643 387 2141 224 1925 1814 1769 111 1734 1723 1706
is_linear=0
shrinkage=0.08


Tree=37
num_leaves=15
num_cat=0
split_feature=10 11 6 17 14 10 18 0 9 1 1 1 14 8
split_gain=15.1649 12.5119 14.7318 10.1295 6.85471 4.73923 4.6131 4.30408 25.9555 7.3691 5.74964 8.96007 7.64535 5.62299
threshold=0.68500000000000016 1.0000000180025095e-35 0.58335000000000015 1.0000000180025095e-35 1.0000000180025095e-35 1.0000000180025095e-35 1.0000000180025095e-35 1.5000000000000002 1.0000000180025095e-35 7.5000000000000009 9.5000000000000018 14.500000000000002 1.0000000180025095e-35 1.0000000180025095e-35
decision_type=2 2 2 2 2 2 2 2 2 2 2 2 2 2
left_child=1 2 -1 -2 -4 6 7 8 9 -3 12 -12 -9 -13
right_child=3 5 4 -5 -6 -7 -8 10 -10 -11 11 13 -14 -15
leaf_value=-0.066221708103993984 0.08352990088943367 0.015852961094721327 -0.014941060531404975 -0.085816608925024268 0.072726357114005991 0.051574361519432135 -0.031245113372318313 -0.072650559695797617 -0.096028837987171919 -0.022430644011642485 0.03065822438180205 -0.015712384928750905 0.019645341245107698 0.046102547967358021
leaf_weight=39.812150411307812 19.865012228488926 108.4345450848341 21.054838979616765 2.5508200824260703 7.8312075063586226 12.083420198410748 26.944648876786232 11.521719187498093 18.401769306510687 45.757588461041451 105.89321507140994 60.120123900473118 11.454378921538591 11.167469769716261
leaf_count=1399 558 444 224 85 163 188 160 49 151 192 542 272 59 84
internal_value=-5.87226e-05 -0.00305936 -0.0346658 0.064259 0.00882618 0.00221363 0.000721373 0.0030321 -0.00622539 0.00449203 0.0110148 0.0158974 -0.0266379 -0.00602884
internal_weight=502.893 480.477 68.6982 22.4158 28.886 411.779 399.695 372.751 172.594 154.192 200.157 177.181 22.9761 71.2876
internal_count=4570 3927 1786 643 387 2141 1953 1793 787 636 1006 898 108 356
is_linear=0
shrinkage=0.08


Tree=38
num_leaves=15
num_cat=0
split_feature=16 9 11 6 13 10 1 1 18 13 1 14 8 1
split_gain=14.3619 10.9412 12.6434 14.2221 8.95744 5.61456 5.5999 4.26781 3.81349 4.78386 15.2085 7.91501 6.07516 5.3731
threshold=1.0000000180025095e-35 0.7250000000000002 1.0000000180025095e-35 0.90000000000000013 1.0000000180025095e-35 1.0000000180025095e-35 18.500000000000004 25.500000000000004 1.0000000180025095e-35 1.0000000180025095e-35 5.5000000000000009 1.0000000180025095e-35 1.0000000180025095e-35 10.500000000000002
decision_type=2 2 2 2 2 2 2 2 2 2 2 2 2 2
left_child=1 2 3 -1 6 7 -5 8 9 12 -11 13 -4 -12
right_child=-2 -3 5 4 -6 -7 -8 -9 -10 10 11 -13 -14 -15
leaf_value=-0.067095653254257495 0.075788283575072418 0.088126904695894834 0.0039187704247216184 0.046402918535236433 -0.074041692837972739 0.052583290932130176 -0.089820755557371276 -0.11842361715529136 -0.029155013840674548 -0.098788268685229177 -0.062186405693420391 0.01415871611907886 0.042983392885552696 0.0018931233883644084
leaf_weight=39.48436239361763 15.476952508091925 8.3752353023737651 220.23142480477691 19.1832899786532 6.586551319807767 13.181991789489983 2.1475294493138781 1.9543734043836583 26.581740766763687 11.454493567347525 18.514051463454962 68.043452650308609 28.811453685164452 15.291665747761725
leaf_count=1417 322 171 981 370 112 246 18 9 160 63 96 309 225 71
internal_value=-6.24898e-05 -0.002509 -0.00411908 -0.0361955 0.00750746 0.00123157 0.0326883 -0.0005002 9.23678e-05 0.00223796 -0.0113901 -0.00156079 0.00843811 -0.0332007
internal_weight=495.319 479.842 471.466 67.4017 27.9174 404.065 21.3308 390.883 388.928 362.347 113.304 101.849 249.043 33.8057
internal_count=4570 4248 4077 1917 500 2160 388 1914 1905 1745 539 476 1206 167
is_linear=0
shrinkage=0.08


Tree=39
num_leaves=15
num_cat=0
split_feature=10 11 9 17 9 6 18 6 16 6 5 6 15 5
split_gain=13.0656 10.0269 12.5167 8.92948 6.55785 5.56345 4.52954 4.22054 4.03661 3.78346 3.55429 3.5988 3.48053 3.24572
threshold=0.68500000000000016 1.0000000180025095e-35 1.0000000180025095e-35 1.0000000180025095e-35 0.7250000000000002 0.90000000000000013 1.0000000180025095e-35 0.58335000000000015 1.0000000180025095e-35 1.4166500000000002 1.5000000000000002 1.4166500000000002 1.0000000180025095e-35 1.0000000180025095e-35
decision_type=2 2 2 2 2 2 2 2 2 2 2 2 2 2
left_child=1 2 -1 -2 5 -4 8 12 9 -7 -9 -12 13 -3
right_child=3 7 4 -5 -6 6 -8 10 -10 -11 11 -13 -14 -15
leaf_value=0.082703656038651305 0.083118031986343363 0.0017489584644491676 -0.066821742087912792 -0.085076707929936032 0.09191349484361927 -0.055261495698541982 0.096661946029076615 0.06367834355407391 0.086010358451309832 0.073715208742209645 -0.14694535174999773 0.091159631982990125 -0.091745274668049256 -0.071239442969386738
leaf_weight=5.5218588840216389 17.471121821552519 386.51055578887463 36.78544582426548 2.284263137727975 2.2057010158896437 13.204230261966588 2.1262089870870104 11.101756814867256 1.7938228324055678 1.6359589342027909 1.1016026623547066 0.64361295104026783 2.6062270998954764 3.939007129520177
leaf_count=178 558 1867 1409 85 29 108 18 199 31 13 9 8 35 23
internal_value=-6.1565e-05 -0.00274509 -0.0323665 0.0636701 -0.0433689 -0.0487409 -0.0132877 0.00187239 -0.0273418 -0.0410433 0.0469945 -0.0591353 0.000397575 0.00101262
internal_weight=488.931 469.176 63.2732 19.7554 57.7514 55.5457 18.7602 405.903 16.634 14.8402 12.847 1.74522 393.056 390.45
internal_count=4570 3927 1786 643 1608 1579 170 2141 152 121 216 17 1925 1890
is_linear=0
shrinkage=0.08


Tree=40
num_leaves=15
num_cat=0
split_feature=16 9 11 6 18 10 1 6 0 1 1 1 1 18
split_gain=12.0486 9.34411 10.0403 11.9145 7.79437 4.64581 3.79299 3.6824 7.95181 8.61538 3.85031 7.56293 4.42995 3.92061
threshold=1.0000000180025095e-35 0.7250000000000002 1.0000000180025095e-35 0.90000000000000013 1.0000000180025095e-35 1.0000000180025095e-35 25.500000000000004 0.29165000000000002 2.5000000000000004 11.500000000000002 22.500000000000004 21.500000000000004 20.500000000000004 1.0000000180025095e-35
decision_type=2 2 2 2 2 2 2 2 2 2 2 2 2 2
left_child=1 2 3 -1 -5 6 7 10 9 -9 11 12 13 -4
right_child=-2 -3 5 4 -6 -7 -8 8 -10 -11 -12 -13 -14 -15
leaf_value=-0.064206330595948602 0.073217538539418328 0.087231595586398203 0.0026630073730775916 -0.016818353374299141 0.086485570019965444 0.049351099094767835 -0.11422384965126112 -0.087791909258329928 -0.26962094044539325 0.092771387070417974 0.083377241152023926 -0.13511656939875455 0.095645584832253591 -0.031005560631881313
leaf_weight=35.186598962172866 13.949631586670874 7.3556573167443267 345.33078811690211 20.41355148609728 6.0626899395138016 12.313664471730588 1.8699277639389027 4.8248690925538522 0.95601482689380635 2.6039209216833115 3.6098880618810645 2.6187970340251914 3.1589893475174895 23.651286721229553
leaf_count=1417 322 171 1655 327 173 246 9 32 6 22 18 12 15 145
internal_value=-5.22421e-05 -0.00222709 -0.00364955 -0.0337025 0.0068368 0.000972484 -0.000560405 -1.0851e-05 -0.0524493 -0.0245013 0.0011512 0.000359157 0.00131251 0.000504895
internal_weight=483.906 469.957 462.601 61.6628 26.4762 400.938 388.624 386.755 8.3848 7.42879 378.37 374.76 372.141 368.982
internal_count=4570 4248 4077 1917 500 2160 1914 1905 60 54 1845 1827 1815 1800
is_linear=0
shrinkage=0.08


Tree=41
num_leaves=15
num_cat=0
split_feature=10 11 9 17 1 1 9 1 13 4 14 6 6 17
split_gain=11.2527 8.05792 10.6126 7.94656 5.78902 4.69177 7.03739 4.22335 25.9576 30.8207 42.719 6.53511 3.55345 3.20393
threshold=0.68500000000000016 1.0000000180025095e-35 1.0000000180025095e-35 1.0000000180025095e-35 10.500000000000002 16.500000000000004 0.7250000000000002 15.500000000000002 1.0000000180025095e-35 1.0000000180025095e-35 1.0000000180025095e-35 0.90000000000000013 0.58335000000000015 1.0000000180025095e-35
decision_type=2 2 2 2 2 2 2 2 2 2 2 2 2 2
left_child=1 2 -1 -2 -4 7 -7 11 -9 10 -10 -6 13 -3
right_child=3 12 4 -5 5 6 -8 8 9 -11 -12 -13 -14 -15
leaf_value=0.082418484695710573 0.082774721525497558 -0.0007879378165462867 -0.080880712348212744 -0.084407573131071015 -0.076642796242857497 -0.076382127788535883 0.090430418389511491 -0.034375997385677884 1.4371383233988193 0.013340834599580281 -0.081760422394997589 0.024486359991871764 0.044727080822437655 0.049604994814501813
leaf_weight=4.8949917573481789 15.390460709109904 383.69269791990519 16.017152030020952 2.0635874429717651 7.0512151941657129 13.760127894580361 1.8343516811728484 3.6645044162869445 0.3160184249281881 0.58090151101350784 0.18961105495691299 9.7367617581039649 11.856060180813072 8.2482288032770139
leaf_count=178 558 1880 680 85 310 333 27 129 15 18 9 87 216 45
internal_value=-4.56571e-05 -0.00242862 -0.0302995 0.0630088 -0.0406805 -0.0233405 -0.0567603 0.000855714 0.067446 0.410857 0.867551 -0.0179895 0.00157781 0.00027256
internal_weight=479.297 461.843 58.0456 17.454 53.1506 37.1335 15.5945 21.539 4.75104 1.08653 0.505629 16.788 403.797 391.941
internal_count=4570 3927 1786 643 1608 928 360 568 171 42 24 397 2141 1925
is_linear=0
shrinkage=0.08


Tree=42
num_leaves=15
num_cat=0
split_feature=10 11 4 10 17 14 15 6 1 13 1 5 10 8
split_gain=10.3581 7.41076 9.78218 8.24486 7.31416 3.60348 3.52559 3.35283 3.17728 10.2394 11.6516 3.15554 3.09484 3.05169
threshold=0.68500000000000016 1.0000000180025095e-35 1.0000000180025095e-35 0.67500000000000016 1.0000000180025095e-35 1.0000000180025095e-35 1.0000000180025095e-35 0.58335000000000015 15.500000000000002 1.0000000180025095e-35 16.500000000000004 1.5000000000000002 1.0000000180025095e-35 1.5000000000000002
decision_type=2 2 2 2 2 2 2 2 2 2 2 2 2 2
left_child=1 2 8 12 -2 -5 7 13 -1 -10 -11 -9 -4 -3
right_child=4 6 3 5 -6 -7 -8 11 9 10 -12 -13 -14 -15
leaf_value=-0.084109464434915487 0.082558001816595811 -0.00010771870242862852 0.0082478906561907379 -0.066956010364526072 -0.084084378316990019 0.10627587408512618 -0.090476640776166448 0.0628199401956019 -0.081975626306560856 0.2718300312436599 -0.081630968105260146 -0.055836490068030223 0.074623932588291447 0.05493900190624381
leaf_weight=17.990083388984207 14.242966439574957 382.75393354147673 11.959598477929832 10.124160146340728 1.9119562748819596 0.83163225650787431 2.6521918959915629 9.5890074390917999 5.7550212424248439 1.3389818351715805 1.0769309941679237 1.6867186464369286 7.2035422995686522 6.5559029504656783
leaf_count=877 558 1779 118 203 85 7 38 196 272 24 55 17 230 111
internal_value=-0.000125815 -0.0023393 -0.0295334 0.00155076 0.0628357 -0.0538063 0.00145617 0.00206484 -0.0653202 -0.0239516 0.114269 0.0450703 0.0331991 0.000819258
internal_weight=475.673 459.518 56.28 30.1189 16.1549 10.9558 403.238 400.586 26.161 8.17093 2.41591 11.2757 19.1631 389.31
internal_count=4570 3927 1786 558 643 210 2141 2103 1228 351 79 213 348 1890
is_linear=0
shrinkage=0.08


Tree=43
num_leaves=15
num_cat=0
split_feature=16 9 11 6 18 10 1 13 1 14 1 0 1 1
split_gain=9.84248 7.60897 7.61702 9.3933 6.3691 3.61839 3.4095 3.38517 13.3312 6.38513 4.9747 16.7033 5.61473 4.74978
threshold=1.0000000180025095e-35 0.7250000000000002 1.0000000180025095e-35 0.90000000000000013 1.0000000180025095e-35 0.52500000000000013 25.500000000000004 1.0000000180025095e-35 5.5000000000000009 1.0000000180025095e-35 8.5000000000000018 1.5000000000000002 14.500000000000002 10.500000000000002
decision_type=2 2 2 2 2 2 2 2 2 2 2 2 2 2
left_child=1 2 3 -1 -5 6 7 -4 -9 13 -11 12 -12 -10
right_child=-2 -3 5 4 -6 -7 -8 8 9 10 11 -13 -14 -15
leaf_value=-0.060898123919776122 0.070661490667336693 0.086442163365964317 0.0051667592471293265 -0.015039850818916683 0.085941125376998093 0.082968766578672831 -0.11052866888091936 -0.094710038867687349 -0.058532136863102102 0.041767899661257789 -0.13106775193191733 0.019713211676523044 0.046160785840100776 0.0020224318293954107
leaf_weight=30.359360097907484 12.244298117235301 6.1404410135000935 279.36761163175106 19.478419132530693 5.0295991245657197 3.387304011732339 1.7803307622671116 11.047412902116774 18.187355645000935 23.289090737700462 7.3406516611576063 37.182358145713806 1.3552576303482053 15.234012637287377
leaf_count=1417 322 171 1477 327 173 129 9 63 96 96 33 180 6 71
internal_value=-0.000126698 -0.00201431 -0.00321324 -0.0311575 0.00568373 0.000637437 -6.89774e-05 0.000431412 -0.0112102 -0.00221835 0.0116552 -0.0036309 -0.103447 -0.0309304
internal_weight=471.424 459.179 453.039 54.8674 24.508 398.171 394.784 393.004 113.636 102.589 69.1674 45.8783 8.69591 33.4214
internal_count=4570 4248 4077 1917 500 2160 2031 2022 545 482 315 219 39 167
is_linear=0
shrinkage=0.08


Tree=44
num_leaves=15
num_cat=0
split_feature=10 17 11 4 10 1 13 1 15 14 10 9 1 1
split_gain=8.87484 6.52214 5.95929 8.36882 6.81756 3.27258 9.08985 7.98338 3.22312 3.03437 2.8453 2.80739 3.1294 2.79167
threshold=0.68500000000000016 1.0000000180025095e-35 1.0000000180025095e-35 1.0000000180025095e-35 0.67500000000000016 15.500000000000002 1.0000000180025095e-35 16.500000000000004 1.0000000180025095e-35 1.0000000180025095e-35 1.0000000180025095e-35 0.7250000000000002 25.500000000000004 22.500000000000004
decision_type=2 2 2 2 2 2 2 2 2 2 2 2 2 2
left_child=2 -2 3 5 10 -1 -7 -8 11 -6 -5 12 13 -4
right_child=1 -3 8 4 9 6 7 -9 -10 -11 -12 -13 -14 -15
leaf_value=-0.083928637404252035 0.082285493561945491 -0.083551368124437336 0.0010768932837044141 0.0071873953636254605 -0.06203908314234359 -0.081809061715883313 0.21258849512141986 -0.081414308155169132 -0.089670003333614565 0.10403947285606702 0.072937375027559523 0.087352064645300695 -0.107355517808574 0.070166580425779224
leaf_weight=15.740515045821668 12.485016334801909 1.7278249319642789 390.26852314174175 11.700217535719277 9.7382584549486637 5.076831577345728 1.5958668999373915 0.9388509765267371 2.4807669892907134 0.75895103625953275 6.5818393118679515 2.4398496244102708 1.6900123357772816 3.7792257852852336
leaf_count=877 558 85 2030 118 203 272 24 55 38 7 230 44 9 20
internal_value=-0.000121947 0.0621251 -0.00207585 -0.0275193 0.00135391 -0.0631029 -0.0200358 0.103691 0.00123471 -0.0500316 0.0308585 0.00180107 0.00127362 0.00173952
internal_weight=467.003 14.2128 452.79 52.1313 28.7793 23.3521 7.61155 2.53472 400.658 10.4972 18.2821 398.178 395.738 394.048
internal_count=4570 643 3927 1786 558 1228 351 79 2141 210 348 2103 2059 2050
is_linear=0
shrinkage=0.08


Tree=45
num_leaves=15
num_cat=0
split_feature=16 9 11 6 18 10 13 1 17 8 0 5 6 5
split_gain=8.42238 6.52935 6.16309 7.86459 5.49374 3.13938 2.98767 3.64206 2.90388 2.84718 3.84339 2.79718 2.95099 4.48388
threshold=1.0000000180025095e-35 0.7250000000000002 1.0000000180025095e-35 0.90000000000000013 1.0000000180025095e-35 0.52500000000000013 1.0000000180025095e-35 18.500000000000004 1.0000000180025095e-35 1.5000000000000002 3.5000000000000004 1.5000000000000002 0.90000000000000013 1.0000000180025095e-35
decision_type=2 2 2 2 2 2 2 2 2 2 2 2 2 2
left_child=1 2 3 -1 6 8 7 -5 9 11 -11 12 13 -4
right_child=-2 -3 5 4 -6 -7 -8 -9 -10 10 -12 -13 -14 -15
leaf_value=-0.058262644404503357 0.068204796077867211 0.085869730750989859 -0.001640135840625307 0.024619504354338576 0.085344951121498328 0.082642102983851565 -0.060743574370675457 -0.096644588216993732 0.047384962813079572 0.084216442636708216 -0.072107065370917461 -0.12847915684117331 0.054978261194571727 -0.09050544227570953
leaf_weight=27.347998124547303 11.265033213421701 5.3692587167024604 368.21899931132793 11.279967276379471 4.408182803541421 2.9546361956745377 5.9548219507560125 1.8442914625629772 8.0628730058670026 4.9653632529079905 1.262510687112808 1.115919604897498 5.8023659363389006 3.6700875312089911
leaf_count=1417 322 171 1730 201 173 129 112 14 45 105 6 7 118 20
internal_value=-0.000123209 -0.00182515 -0.00287879 -0.0291019 0.00485222 0.000487069 -0.0137455 0.00757882 -0.000130431 -0.00112543 0.0525266 -0.00200751 -0.00163384 -0.00251713
internal_weight=463.522 452.257 446.888 50.8353 23.4873 396.053 19.0791 13.1243 393.098 385.035 6.22787 378.807 377.691 371.889
internal_count=4570 4248 4077 1917 500 2160 327 215 2031 1986 111 1875 1868 1750
is_linear=0
shrinkage=0.08


Tree=46
num_leaves=15
num_cat=0
split_feature=10 17 15 9 11 9 6 1 1 1 1 13 1 1
split_gain=7.63691 5.77909 5.16973 4.51044 4.82554 7.14507 4.00487 3.61702 5.68911 2.79994 2.60374 3.17225 2.35593 6.3418
threshold=0.68500000000000016 1.0000000180025095e-35 1.0000000180025095e-35 0.7250000000000002 1.0000000180025095e-35 1.0000000180025095e-35 1.4166500000000002 11.500000000000002 16.500000000000004 25.500000000000004 3.5000000000000004 1.0000000180025095e-35 22.500000000000004 21.500000000000004
decision_type=2 2 2 2 2 2 2 2 2 2 2 2 2 2
left_child=2 -2 3 4 5 -1 7 -7 -9 10 11 -6 13 -12
right_child=1 -3 -4 -5 9 6 -8 8 -10 -11 12 -13 -14 -15
leaf_value=0.081801807258280596 0.082065135543538489 -0.083116030713467404 -0.086272076344066556 0.08728109214483612 -0.011198899144063591 -0.078865263366158289 0.082605963508391084 0.0043550050382422248 -0.069684853504692057 -0.10454838178693394 0.002815510815987631 -0.11505297114908931 0.066037818247095356 -0.12174483724240659
leaf_weight=3.5742958262562743 10.940730508416888 1.5472639417275793 4.5923627382144323 3.6770956777036181 6.7611016482114774 11.614702814258633 1.7402870133519162 16.395369321107868 11.164927789010106 1.5982498973608006 377.33034950867295 2.608611524105072 3.707106936722993 2.6342343837022772
leaf_count=178 558 85 158 73 28 645 19 477 318 9 1974 15 20 13
internal_value=-0.000106413 0.0615992 -0.00182877 -0.000953002 -0.00169184 -0.0266687 -0.0361445 -0.0414198 -0.0256392 0.00112392 0.00155362 -0.0401128 0.00257116 0.00195195
internal_weight=459.887 12.488 447.399 442.806 439.129 44.4896 40.9153 39.175 27.5603 394.64 393.041 9.36971 383.672 379.965
internal_count=4570 643 3927 3769 3696 1637 1459 1440 795 2059 2050 43 2007 1987
is_linear=0
shrinkage=0.08


Tree=47
num_leaves=15
num_cat=0
split_feature=16 9 11 6 18 13 1 14 1 1 1 1 0 1
split_gain=7.1512 5.47848 4.87465 6.61286 4.77585 2.77258 11.4359 5.16431 4.4875 5.06906 5.82005 4.27372 14.3143 5.2374
threshold=1.0000000180025095e-35 0.7250000000000002 1.0000000180025095e-35 0.90000000000000013 1.0000000180025095e-35 1.0000000180025095e-35 5.5000000000000009 1.0000000180025095e-35 10.500000000000002 16.500000000000004 14.500000000000002 8.5000000000000018 1.5000000000000002 14.500000000000002
decision_type=2 2 2 2 2 2 2 2 2 2 2 2 2 2
left_child=1 2 3 -1 -5 -4 -7 8 -8 10 -10 -9 13 -13
right_child=-2 -3 5 4 -6 6 7 11 9 -11 -12 12 -14 -15
leaf_value=-0.055143592520022225 0.065437559415936361 0.085025483252858067 0.0046065318277146083 -0.012223740458217613 0.085185387356842016 -0.089738029618802603 -0.055155273597717588 0.038488134700310081 0.0009753744773138552 -0.10905314298087589 0.15394717569215444 -0.12523766269109843 0.0177368411985772 0.047345947730399969
leaf_weight=24.92578221578151 10.412438455969093 4.6209305841475716 282.04895828664303 18.44792263861746 3.902787633240222 10.502124555408953 17.886707095429301 23.149002179503441 11.457054670900105 2.1925217155367127 1.8486218005418766 7.0884418040513975 36.860775802284479 1.3377570658922193
leaf_count=1417 322 171 1595 327 173 63 97 96 61 15 14 33 180 6
internal_value=-0.000100682 -0.00162983 -0.0025365 -0.0268112 0.00478543 0.0003735 -0.0102559 -0.00205782 -0.0278534 0.00365614 0.0222285 0.0105259 -0.00376728 -0.097838
internal_weight=456.682 446.269 441.648 47.2765 22.3507 394.372 112.323 101.821 33.3849 15.4982 13.3057 68.436 45.287 8.4262
internal_count=4570 4248 4077 1917 500 2160 565 502 187 90 75 315 219 39
is_linear=0
shrinkage=0.08


Tree=48
num_leaves=15
num_cat=0
split_feature=10 17 15 9 11 9 1 1 1 17 1 8 0 1
split_gain=6.72378 5.1877 4.66924 3.80488 3.76663 6.03245 3.85528 5.20865 2.52614 2.41284 2.53156 2.33943 3.49581 2.26207
threshold=0.68500000000000016 1.0000000180025095e-35 1.0000000180025095e-35 0.7250000000000002 1.0000000180025095e-35 1.0000000180025095e-35 10.500000000000002 16.500000000000004 25.500000000000004 1.0000000180025095e-35 12.500000000000002 1.5000000000000002 3.5000000000000004 15.500000000000002
decision_type=2 2 2 2 2 2 2 2 2 2 2 2 2 2
left_child=2 -2 3 4 5 -1 -7 13 9 11 -11 -6 -13 -8
right_child=1 -3 -4 -5 8 6 7 -9 -10 10 -12 12 -14 -15
leaf_value=0.08163998118681369 0.081901081653918323 -0.082723092377258181 -0.085839288472509045 0.086211260550454236 -0.00032903529359524266 -0.078114052355548816 -0.010012857948782615 -0.062967880386363154 -0.10222742740855642 0.069399851726850911 -0.039717653625773466 0.083814462512434587 -0.065362783021334608 0.053019133164550675
leaf_weight=3.1800195109099141 9.7574228728190029 1.4009884316474206 4.1760509619489303 3.1896881703287354 377.57435876689851 9.2264579860493523 13.69651834852994 10.84030502475798 1.5128693729639042 6.1289535015821448 1.7490868270397184 4.5357461571693412 1.2916615158319471 4.9647036492824546
leaf_count=178 558 85 158 73 1894 596 380 320 9 33 12 105 6 163
internal_value=-9.95506e-05 0.0612318 -0.00164764 -0.00084473 -0.00148352 -0.0242819 -0.0329794 -0.0188637 0.000948901 0.00134783 0.0451735 0.000447309 0.0507489 0.00675642
internal_weight=453.225 11.1584 442.066 437.89 434.701 41.908 38.728 29.5015 392.793 391.28 7.87804 383.402 5.82741 18.6612
internal_count=4570 643 3927 3769 3696 1637 1459 863 2059 2050 45 2005 111 543
is_linear=0
shrinkage=0.08


Tree=49
num_leaves=15
num_cat=0
split_feature=10 17 15 16 11 9 1 4 1 1 9 13 1 14
split_gain=6.18191 4.7794 4.29615 3.6323 3.74498 4.90023 3.74208 5.76176 3.73705 2.89849 3.13615 2.66595 10.0891 4.57351
threshold=0.68500000000000016 1.0000000180025095e-35 1.0000000180025095e-35 1.0000000180025095e-35 1.0000000180025095e-35 1.0000000180025095e-35 15.500000000000002 1.0000000180025095e-35 10.500000000000002 16.500000000000004 0.7250000000000002 1.0000000180025095e-35 5.5000000000000009 1.0000000180025095e-35
decision_type=2 2 2 2 2 2 2 2 2 2 2 2 2 2
left_child=2 -2 3 4 5 -1 -5 -8 -7 -10 -11 -6 -13 -14
right_child=1 -3 -4 6 11 8 7 -9 9 10 -12 12 13 -15
leaf_value=0.081572922283329616 0.081754667653135743 -0.082518836858279238 -0.085397359208891396 0.10277129692553429 0.004821695662536562 -0.079131688379988102 -0.14509713295204718 0.085022819947578529 0.001546764576637082 -0.06443688110706737 0.088179821843756834 -0.08616997368796947 -0.026704850507093009 0.0096616278407816031
leaf_weight=2.5688422285020343 9.0227131946012342 1.2963466765359051 3.8741200705990186 4.3076714854687443 279.00571208447218 8.5259237857535464 1.2379009276628496 1.5917375981807707 17.387866018339995 9.9010375496000016 0.94388292357325632 10.076538942754267 32.857654334977269 67.803794369101524
leaf_count=150 558 85 158 90 1494 593 12 39 514 308 19 63 172 315
internal_value=-8.90476e-05 0.0611176 -0.00152422 -0.000779314 -0.00172085 -0.0252492 0.0558226 -0.0156493 -0.0327143 -0.0186969 -0.051154 0.000653306 -0.009849 -0.00220903
internal_weight=450.402 10.3191 440.083 436.209 429.071 39.3276 7.13731 2.82964 36.7587 28.2328 10.8449 389.744 110.738 100.661
internal_count=4570 643 3927 3769 3628 1584 141 51 1434 841 327 2044 550 487
is_linear=0
shrinkage=0.08


Tree=50
num_leaves=15
num_cat=0
split_feature=10 17 15 9 6 5 11 6 14 6 5 1 13 1
split_gain=5.68644 4.40389 3.9532 3.31508 3.14241 6.90665 3.66574 4.50817 3.79321 3.65033 3.65974 2.57092 6.51419 5.64892
threshold=0.68500000000000016 1.0000000180025095e-35 1.0000000180025095e-35 0.7250000000000002 1.4166500000000002 1.5000000000000002 1.0000000180025095e-35 0.70835000000000015 1.0000000180025095e-35 0.90000000000000013 1.0000000180025095e-35 15.500000000000002 1.0000000180025095e-35 16.500000000000004
decision_type=2 2 2 2 2 2 2 2 2 2 2 2 2 2
left_child=2 -2 3 4 5 6 7 11 -9 10 -8 -1 -13 -14
right_child=1 -3 -4 -5 -6 -7 9 8 -10 -11 -12 12 13 -15
leaf_value=-0.077002717894003689 0.081619563224561875 -0.082329557035539361 -0.084988271145229263 0.08545527416003737 0.079285751005023608 -0.16991651508052058 0.00083558100900086695 -0.012640671862624993 0.086028709665912612 0.06319194884454768 -0.079040088877067052 -0.067936417351032341 0.15027713904780807 -0.081783298692150744
leaf_weight=10.987941638566555 8.3422416029497946 1.1993185002356774 3.5927787348628035 2.8379882946610442 3.0754078887403002 1.5595815591514099 379.8970469404012 13.873432769440116 3.0399718461558214 5.9532358031719914 3.7069638874381772 6.0035891942679864 2.0785357803106312 0.99162349570542563
leaf_count=862 558 85 158 73 70 11 1870 163 132 137 24 318 35 74
internal_value=-8.44311e-05 0.0610121 -0.0014166 -0.000724782 -0.00129203 -0.0018709 -0.00125645 -0.0253292 0.00509391 0.00102843 6.37011e-05 -0.050978 -0.0194632 0.0753245
internal_weight=447.14 9.54156 437.598 434.005 431.167 428.092 426.532 36.9751 16.9134 389.557 383.604 20.0617 9.07375 3.07016
internal_count=4570 643 3927 3769 3696 3626 3615 1584 295 2031 1894 1289 427 109
is_linear=0
shrinkage=0.08


Tree=51
num_leaves=15
num_cat=0
split_feature=16 9 15 13 1 6 1 1 1 1 0 9 14 0
split_gain=5.24189 3.99066 3.57932 3.35168 9.15467 5.80048 4.68751 7.77727 4.98279 3.78772 10.068 5.84043 3.60655 4.36497
threshold=1.0000000180025095e-35 0.7250000000000002 1.0000000180025095e-35 1.0000000180025095e-35 5.5000000000000009 1.0000000180025095e-35 18.500000000000004 22.500000000000004 12.500000000000002 8.5000000000000018 1.5000000000000002 1.0000000180025095e-35 1.0000000180025095e-35 1.5000000000000002
decision_type=2 2 2 2 2 2 2 2 2 2 2 2 2 2
left_child=1 2 3 -1 -5 6 8 -8 9 11 -11 -6 -13 -14
right_child=-2 -3 -4 4 5 -7 7 -9 -10 10 -12 12 13 -15
leaf_value=0.0031585532874006611 0.061374759368102536 0.083817074363910574 -0.084609682823996959 -0.082691121505627449 0.026507081447269498 -0.062102394675884916 -0.13547239645233394 0.085187976533699694 0.030802779078666305 -0.090239944824402687 0.0044663198296294318 -0.092610115828057948 -0.094811777700829852 0.12188451394636106
leaf_weight=304.63924371218309 8.7083169985562545 3.496119604445993 3.330790256150066 10.834290187805889 27.997789084911346 10.586975366342811 3.7033726787194601 1.4120155479758976 30.516415751539171 10.971305767074229 20.811011938378215 4.9545251512899986 1.0616045147180557 1.353311151266098
leaf_count=2680 322 171 158 163 117 236 29 24 213 127 109 164 51 6
internal_value=-8.19169e-05 -0.00131034 -0.00199899 -0.00135735 -0.0124338 -0.0057195 8.82124e-05 -0.0745629 0.00399816 -0.00818331 -0.0282264 0.00982818 -0.0535379 0.0266241
internal_weight=444.377 435.669 432.173 428.842 124.203 113.368 102.781 5.11539 97.666 67.1495 31.7823 35.3672 7.36944 2.41492
internal_count=4570 4248 4077 3919 1239 1076 840 53 787 574 236 338 221 57
is_linear=0
shrinkage=0.08


Tree=52
num_leaves=15
num_cat=0
split_feature=10 17 15 9 6 5 11 6 14 6 5 12 1 1
split_gain=5.10353 3.89678 3.34387 2.81081 2.82362 6.02561 3.01658 4.11583 3.33956 3.26298 3.06964 2.63275 2.3956 2.38456
threshold=0.68500000000000016 1.0000000180025095e-35 1.0000000180025095e-35 0.7250000000000002 1.4166500000000002 1.5000000000000002 1.0000000180025095e-35 0.70835000000000015 1.0000000180025095e-35 0.90000000000000013 1.0000000180025095e-35 2.5000000000000004 10.500000000000002 15.500000000000002
decision_type=2 2 2 2 2 2 2 2 2 2 2 2 2 2
left_child=2 -2 3 4 5 6 7 13 -9 10 -8 -12 -13 -1
right_child=1 -3 -4 -5 -6 -7 9 8 -10 -11 11 12 -14 -15
leaf_value=-0.075990822222582896 0.08147354585673483 -0.082033082494096757 -0.08425940814466655 0.084651699999198263 0.077640521843454449 -0.16157381207325874 0.00069862026549461994 -0.010486157245406937 0.08558862937514744 0.0613057939452838 -0.12948016341356713 0.1207867252539316 -0.084202603427455516 -0.019148932427818129
leaf_weight=9.9299992695450801 7.4885841673240048 1.0655982960015533 3.0869698179885736 2.4553489508107296 2.8884528586640945 1.5039107855409373 378.37433695234358 13.810706092976035 2.7819619271904221 5.6376906763762227 2.1582348495721808 0.67095234990119956 0.79979611001908779 9.0083199506625515
leaf_count=862 558 85 158 73 70 11 1870 163 132 137 14 3 7 427
internal_value=-8.57557e-05 0.0611055 -0.00129433 -0.000698749 -0.00118889 -0.00172505 -0.00115696 -0.023467 0.00562195 0.000887965 -3.69473e-06 -0.0732303 0.0093131 -0.0489531
internal_weight=441.661 8.55418 433.107 430.02 427.564 424.676 423.172 35.531 16.5927 387.641 382.003 3.62898 1.47075 18.9383
internal_count=4570 643 3927 3769 3696 3626 3615 1584 295 2031 1894 24 10 1289
is_linear=0
shrinkage=0.08


Tree=53
num_leaves=15
num_cat=0
split_feature=10 17 15 16 1 4 13 1 6 1 1 1 8 1
split_gain=4.69655 3.59169 3.0796 2.6278 3.63883 4.97077 2.50139 8.30129 4.58274 4.11521 6.8432 4.24244 3.52114 5.28722
threshold=0.68500000000000016 1.0000000180025095e-35 1.0000000180025095e-35 1.0000000180025095e-35 15.500000000000002 1.0000000180025095e-35 1.0000000180025095e-35 5.5000000000000009 1.0000000180025095e-35 18.500000000000004 22.500000000000004 12.500000000000002 1.0000000180025095e-35 7.5000000000000009
decision_type=2 2 2 2 2 2 2 2 2 2 2 2 2 2
left_child=2 -2 3 6 -5 -6 12 -8 9 11 -11 -9 13 -1
right_child=1 -3 -4 4 5 -7 7 8 -10 10 -12 -13 -14 -15
leaf_value=0.015664700630398144 0.081360229481758015 -0.0818794428204139 -0.083935400273446203 0.10096978138147775 -0.14338064596976005 0.084297066865766754 -0.079887655910516595 -0.0075290123638453322 -0.05830086066493393 -0.12927491706664893 0.08052336004108579 0.028595335621301263 0.027547841776513239 -0.0082745631976231717
leaf_weight=87.497580569237471 6.9220720548182717 0.98544214433059085 2.8601859090849748 3.7261170903220764 1.1743718907237055 1.2854830594733355 10.280774369835852 65.935668082907796 9.3574426583945733 3.5756378248333922 1.3786909952759741 30.398885308764875 32.084497662261128 181.57942675799131
leaf_count=609 558 85 158 90 12 39 163 574 151 29 24 213 291 1574
internal_value=-7.88565e-05 0.0610171 -0.00119943 -0.000646885 0.0511165 -0.0243997 -0.00140551 -0.0111244 -0.00473522 0.000213374 -0.0708922 0.00387022 0.00249697 -0.000490072
internal_weight=439.042 7.90751 431.135 428.275 6.18597 2.45985 422.089 120.927 110.646 101.289 4.95433 96.3346 301.162 269.077
internal_count=4570 643 3927 3769 141 51 3628 1154 991 840 53 787 2474 2183
is_linear=0
shrinkage=0.08


Tree=54
num_leaves=15
num_cat=0
split_feature=10 17 15 9 1 6 5 11 6 14 6 5 1 13
split_gain=4.32305 3.31087 2.83668 2.56111 2.6485 2.5128 5.24065 2.37073 3.6355 2.92656 2.8693 2.65894 2.53516 3.67156
threshold=0.68500000000000016 1.0000000180025095e-35 1.0000000180025095e-35 0.7250000000000002 25.500000000000004 1.4166500000000002 1.5000000000000002 1.0000000180025095e-35 0.70835000000000015 1.0000000180025095e-35 0.90000000000000013 1.0000000180025095e-35 14.500000000000002 1.0000000180025095e-35
decision_type=2 2 2 2 2 2 2 2 2 2 2 2 2 2
left_child=2 -2 3 4 5 6 7 8 12 -10 11 -9 -1 -14
right_child=1 -3 -4 -5 -6 -7 -8 10 9 -11 -12 -13 13 -15
leaf_value=-0.080814155816062633 0.081255632198324004 -0.081737227758034131 -0.083635749492478748 0.084378430624260314 -0.095537821337873599 0.07609465465967008 -0.15647312090105397 0.0009965784991256344 -0.008250427171078524 0.085273193010070289 0.059402597386071058 -0.069663801320569041 -0.058046878277960394 0.041921874406246402
leaf_weight=7.6353647848591235 6.3977695973590007 0.91119631519541133 2.6493600448593488 2.2578445402905336 1.8901802403852332 2.7144636800512663 1.3852141583338369 375.79259079694748 13.742975954897704 2.5366391493007532 5.3411690583452573 3.4394798576831809 6.0973172858357412 3.8270754348486662
leaf_count=782 558 85 158 73 47 70 10 1861 163 132 137 24 337 133
internal_value=-7.30725e-05 0.0609356 -0.00111174 -0.000599305 -0.00105139 -0.00062869 -0.00112479 -0.00061049 -0.020911 0.00632213 0.00117579 0.000355718 -0.0461588 -0.0194966
internal_weight=436.619 7.30897 429.31 426.66 424.402 422.512 419.798 418.413 33.8394 16.2796 384.573 379.232 17.5598 9.92439
internal_count=4570 643 3927 3769 3696 3649 3579 3569 1547 295 2022 1885 1252 470
is_linear=0
shrinkage=0.08


Tree=55
num_leaves=15
num_cat=0
split_feature=10 17 15 9 1 6 5 11 9 1 1 6 10 5
split_gain=3.98027 3.05233 2.61326 2.35126 2.41272 2.24335 4.59081 2.06954 3.36091 3.29616 3.48798 2.54747 2.36581 2.29345
threshold=0.68500000000000016 1.0000000180025095e-35 1.0000000180025095e-35 0.7250000000000002 25.500000000000004 1.4166500000000002 1.5000000000000002 1.0000000180025095e-35 1.0000000180025095e-35 12.500000000000002 16.500000000000004 0.90000000000000013 0.65500000000000014 1.0000000180025095e-35
decision_type=2 2 2 2 2 2 2 2 2 2 2 2 2 2
left_child=2 -2 3 4 5 6 7 8 -1 12 -11 13 -10 -9
right_child=1 -3 -4 -5 -6 -7 -8 11 9 10 -12 -13 -14 -15
leaf_value=0.081352862062418208 0.081159088227647974 -0.081605619460742101 -0.083358671989969504 0.084040952629747145 -0.094234650012533894 0.07375725283800709 -0.14875259470186092 0.00091686883339373276 -0.079264495817152419 0.017303984761465309 -0.048309722295320538 0.057156046842192616 0.05302904851677722 -0.065286633769541746
leaf_weight=1.9763216748833645 5.912626249715685 0.8424417539499699 2.4534668042324475 2.092282870784401 1.767999343574046 2.5819673305377355 1.3423075843602408 375.7859645280987 8.4564339220523834 12.927145700901749 8.6580029129981977 5.1164366994053116 0.96372743323445398 3.3790516871958962
leaf_count=151 558 85 158 73 47 70 10 1861 697 413 276 137 10 24
internal_value=-6.91168e-05 0.0608603 -0.00103188 -0.000556672 -0.000975161 -0.00058369 -0.00104223 -0.000567052 -0.0197984 -0.026246 -0.00901428 0.00108352 -0.0657302 0.000326875
internal_weight=434.256 6.75507 427.501 425.048 422.955 421.187 418.605 417.263 32.9816 31.0053 21.5851 384.281 9.42016 379.165
internal_count=4570 643 3927 3769 3696 3649 3579 3569 1547 1396 689 2022 707 1885
is_linear=0
shrinkage=0.08


Tree=56
num_leaves=15
num_cat=0
split_feature=10 17 15 16 1 4 13 1 6 1 1 0 8 0
split_gain=3.66512 2.81425 2.40793 2.23312 3.33592 4.319 2.11342 7.40793 3.85249 3.61589 6.08629 3.70634 3.22281 4.76348
threshold=0.68500000000000016 1.0000000180025095e-35 1.0000000180025095e-35 1.0000000180025095e-35 15.500000000000002 1.0000000180025095e-35 1.0000000180025095e-35 5.5000000000000009 1.0000000180025095e-35 18.500000000000004 22.500000000000004 2.5000000000000004 1.0000000180025095e-35 1.5000000000000002
decision_type=2 2 2 2 2 2 2 2 2 2 2 2 2 2
left_child=2 -2 3 6 -5 -6 -1 -8 9 11 -11 12 13 -9
right_child=1 -3 -4 4 5 -7 7 8 -10 10 -12 -13 -14 -15
leaf_value=0.0024134178491423187 0.081069974148040777 -0.08148383917274804 -0.08310250740166554 0.099994761836912902 -0.13882631823645489 0.084167427819037965 -0.077179221373948795 -0.012959310698891233 -0.054012828764143962 -0.1239842083195007 0.077202595739402663 0.080942336892938394 -0.047244083322444938 0.025214920140378447
leaf_weight=298.51959954574704 5.4637982831336549 0.77878687717020501 2.2715333807282141 3.3631574930623165 1.1015382595360281 1.1221577171236274 9.7027690699323994 44.147381132468581 9.1315141450613719 3.4392699943855396 1.3362508323043583 3.8112958194687954 8.2594526857137662 39.762133203446865
leaf_count=2474 558 85 158 90 12 39 163 471 151 29 24 43 36 237
internal_value=-6.37682e-05 0.0607908 -0.000955595 -0.000515186 0.0497283 -0.0262956 -0.00118655 -0.0101728 -0.00425625 0.000253198 -0.0676896 0.00363371 0.000436905 0.00513028
internal_weight=432.211 6.24259 425.968 423.697 5.58685 2.2237 418.11 119.59 109.887 100.756 4.77552 95.9803 92.169 83.9095
internal_count=4570 643 3927 3769 141 51 3628 1154 991 840 53 787 744 708
is_linear=0
shrinkage=0.08


Tree=57
num_leaves=15
num_cat=0
split_feature=9 16 1 4 1 15 13 1 6 1 1 0 8 14
split_gain=3.40431 2.62821 3.00386 3.94942 2.27847 2.08709 2.11148 6.60537 3.55725 3.11709 5.64608 3.30811 2.8233 5.07515
threshold=0.7250000000000002 1.0000000180025095e-35 15.500000000000002 1.0000000180025095e-35 25.500000000000004 1.0000000180025095e-35 1.0000000180025095e-35 5.5000000000000009 0.29165000000000002 18.500000000000004 22.500000000000004 2.5000000000000004 1.0000000180025095e-35 1.0000000180025095e-35
decision_type=2 2 2 2 2 2 2 2 2 2 2 2 2 2
left_child=1 4 -3 -4 5 6 12 -8 9 11 -11 -9 -1 -14
right_child=-2 2 3 -5 -6 -7 7 8 -10 10 -12 -13 13 -15
leaf_value=0.0002764303703557641 0.082589052111941938 0.095686442036827371 -0.13311528695180655 0.083324669706874396 -0.091763446880397948 -0.082743586823973578 -0.074518081007283854 0.00040322147540942699 -0.050589959641885979 -0.11932774668214041 0.080829797424604971 0.078193505109850181 0.060058800398040589 -0.0042532276365042374
leaf_weight=266.66897461516783 3.1661892901174715 3.743194011040031 1.0586663112044337 1.1003700206056235 1.7788542499765743 1.9910414181649674 9.2635573232546431 92.087454227264971 9.6405846555717272 3.2935693934559813 1.2421045303344724 3.6368985911831251 14.645602170377972 16.932693553157151
leaf_count=2348 236 173 12 72 50 156 163 744 235 29 18 43 141 150
internal_value=-5.89839e-05 -0.000671696 0.0523423 -0.0228049 -0.00141461 -0.0010314 -0.000641638 -0.00964318 -0.00417485 0.000288234 -0.0645142 0.00335874 0.00295491 0.0255739
internal_weight=430.25 427.084 5.90223 2.15904 421.181 419.402 417.411 119.164 109.901 100.26 4.53567 95.7244 298.247 31.5783
internal_count=4570 4334 257 84 4077 4027 3871 1232 1069 834 47 787 2639 291
is_linear=0
shrinkage=0.08


Tree=58
num_leaves=15
num_cat=0
split_feature=10 17 15 6 5 8 0 9 0 1 14 1 13 1
split_gain=3.25982 2.50651 2.04267 2.01962 3.0956 1.79216 3.23218 2.01742 21.9733 5.55109 6.13021 8.99968 9.51478 5.19137
threshold=0.68500000000000016 1.0000000180025095e-35 1.0000000180025095e-35 1.4166500000000002 1.5000000000000002 1.5000000000000002 3.5000000000000004 1.0000000180025095e-35 1.5000000000000002 7.5000000000000009 1.0000000180025095e-35 8.5000000000000018 1.0000000180025095e-35 14.500000000000002
decision_type=2 2 2 2 2 2 2 2 2 2 2 2 2 2
left_child=2 -2 3 4 5 7 -7 9 -9 -1 -11 -12 -13 -14
right_child=1 -3 -4 -5 -6 6 -8 8 -10 10 11 12 13 -15
leaf_value=0.016032906445511589 0.080977302970045933 -0.08130767887775571 -0.082644101897508801 0.072627522772808359 -0.11594875717607646 0.083208883222476063 -0.062502831516836888 -0.090523744283513105 0.0010121930789576928 -0.038213912394600959 0.095950389985654236 0.085978962947567336 -0.12241167691486324 0.06250297113763062
leaf_weight=108.39696816727519 4.8793336204253128 0.69598808186128724 1.9453042550012458 2.4047397626563898 1.4913871069438744 3.8543492406606665 1.3038767427206037 18.050637914799154 239.16544954804704 30.224594235420227 6.4480108255520454 3.1353958602994663 4.8748161159455776 1.213565871119499
leaf_count=610 558 85 158 70 16 105 6 629 2070 162 40 27 28 6
internal_value=-5.35476e-05 0.0607187 -0.000855482 -0.000477171 -0.00089758 -0.000485775 0.0463764 -0.00107319 -0.00541152 0.00615906 -0.0171607 0.0234424 -0.0272453 -0.0855536
internal_weight=428.084 5.57532 422.509 420.564 418.159 416.668 5.15823 411.509 257.216 154.293 45.8964 15.6718 9.22378 6.08838
internal_count=4570 643 3927 3769 3699 3683 111 3572 2699 873 263 101 61 34
is_linear=0
shrinkage=0.08


Tree=59
num_leaves=15
num_cat=0
split_feature=9 16 1 4 1 15 6 5 8 0 14 4 1 1
split_gain=3.06101 2.29047 2.78158 3.48344 2.07022 1.77225 1.78128 3.62591 1.61997 2.93671 1.73891 5.2164 5.67541 5.65217
threshold=0.7250000000000002 1.0000000180025095e-35 15.500000000000002 1.0000000180025095e-35 25.500000000000004 1.0000000180025095e-35 1.4166500000000002 1.5000000000000002 1.5000000000000002 3.5000000000000004 1.0000000180025095e-35 1.0000000180025095e-35 13.500000000000002 22.500000000000004
decision_type=2 2 2 2 2 2 2 2 2 2 2 2 2 2
left_child=1 4 -3 -4 5 6 7 8 10 -10 -1 12 -12 -14
right_child=-2 2 3 -5 -6 -7 -8 -9 9 -11 11 -13 13 -15
leaf_value=-0.0066375867678198251 0.082469473392795034 0.094675555248952548 -0.1279647825551245 0.083123030821631916 -0.090705882751272143 -0.082341417015613858 0.067051292092260906 -0.13737587050558289 0.082952898164557948 -0.056335246653890989 0.010426093656912872 0.07332179531343043 -0.023571099684909554 0.093424634745355936
leaf_weight=193.02484024967998 2.8571138554252675 3.4338242388330391 1.0156068541109564 0.98616867791861285 1.6505343602038909 1.7044228785671283 2.4762094328179947 1.2440427266992617 3.5685463193804017 1.3297350257635114 142.47543642763048 6.7000496098771682 60.1185212302953 2.7642593393102279
leaf_count=2046 236 173 12 72 50 156 105 10 105 6 894 184 476 45
internal_value=-5.73353e-05 -0.000615425 0.0509807 -0.023973 -0.00128789 -0.000932605 -0.000597206 -0.00100455 -0.00059075 0.0451404 -0.00114373 0.00385702 0.00159065 -0.0184281
internal_weight=425.349 422.492 5.4356 2.00178 417.057 415.406 413.702 411.225 409.981 4.89828 405.083 212.058 205.358 62.8828
internal_count=4570 4334 257 84 4077 4027 3871 3766 3756 111 3645 1599 1415 521
is_linear=0
shrinkage=0.08


Tree=60
num_leaves=15
num_cat=0
split_feature=9 16 1 4 1 15 13 1 6 1 1 1 1 0
split_gain=2.817 2.08091 2.54085 3.12593 1.89071 1.63479 1.72102 5.96647 3.17896 2.94294 4.62266 2.96742 2.93036 7.86677
threshold=0.7250000000000002 1.0000000180025095e-35 15.500000000000002 1.0000000180025095e-35 25.500000000000004 1.0000000180025095e-35 1.0000000180025095e-35 5.5000000000000009 0.29165000000000002 18.500000000000004 22.500000000000004 12.500000000000002 8.5000000000000018 1.5000000000000002
decision_type=2 2 2 2 2 2 2 2 2 2 2 2 2 2
left_child=1 4 -3 -4 5 6 -1 -8 9 11 -11 12 -9 -14
right_child=-2 2 3 -5 -6 -7 7 8 -10 10 -12 -13 13 -15
leaf_value=0.0027023434484209278 0.082284915338010689 0.093658816527049479 -0.123281706104725 0.082888298042632758 -0.08962977551282636 -0.08216291646024472 -0.07235831152465047 0.01005656485850113 -0.048068415087139174 -0.11464417452396393 0.071882847952947901 0.024329658074260369 -0.08287889790279232 0.0039379567259778554
leaf_weight=295.78967827185988 2.6431242609396568 3.202833146788179 0.97166097164154031 0.91282187681645155 1.5411850186064828 1.5766601702198375 8.7359166285023075 33.945935200434178 9.4061016999185068 3.1375774145126334 1.1664602598175404 30.012779103592038 9.865337479393931 20.68752680439502
leaf_count=2639 236 173 12 72 50 156 163 338 235 29 18 213 127 109
internal_value=-4.6524e-05 -0.000563476 0.0502913 -0.0234153 -0.00118559 -0.000856596 -0.000546013 -0.00876121 -0.0036275 0.000602759 -0.0640925 0.00354897 -0.00612077 -0.0240947
internal_weight=423.596 420.952 5.08732 1.88448 415.865 414.324 412.747 116.958 108.222 98.8156 4.30404 94.5116 64.4988 30.5529
internal_count=4570 4334 257 84 4077 4027 3871 1232 1069 834 47 787 574 236
is_linear=0
shrinkage=0.08


Tree=61
num_leaves=15
num_cat=0
split_feature=10 17 9 9 0 1 1 14 1 13 1 1 8 1
split_gain=2.71609 2.22639 1.69258 1.81935 20.5663 5.25273 4.35464 5.20852 7.28964 7.89693 4.69691 3.56237 5.48595 7.96521
threshold=0.68500000000000016 1.0000000180025095e-35 0.7250000000000002 1.0000000180025095e-35 1.5000000000000002 7.5000000000000009 7.5000000000000009 1.0000000180025095e-35 8.5000000000000018 1.0000000180025095e-35 14.500000000000002 14.500000000000002 1.0000000180025095e-35 15.500000000000002
decision_type=2 2 2 2 2 2 2 2 2 2 2 2 2 2
left_child=2 -2 3 6 -5 -6 -1 -8 -9 -10 -11 -7 -13 -14
right_child=1 -3 -4 4 5 11 7 8 9 10 -12 12 13 -15
leaf_value=0.014546453262187318 0.080876830916235765 -0.081147760695530438 0.083039849694848372 -0.089149807126330194 -0.067820337388751109 0.010725554761315014 -0.034365540024215172 0.089226910984037067 0.078921058453183618 -0.11547401630469255 0.062755633200482205 -0.016664139336233775 -0.10743620171664718 0.072338772840291901
leaf_weight=108.5330394920893 4.1732436944730571 0.62392106000334013 1.5376836787909258 17.395818361081183 6.9209655602462581 144.69481129851192 29.960250194184482 6.2719180886633685 3.1348831225186569 4.5923601258546114 1.1919149011373518 81.224305099342018 1.8903896491974581 9.5241234116256219
leaf_count=650 558 85 73 738 46 1121 166 41 29 28 6 924 15 90
internal_value=-4.9015e-05 0.0598039 -0.000737773 -0.00104794 -0.00510586 0.000879754 0.00586074 -0.0150177 0.0231408 -0.0233307 -0.0787478 0.00288314 -0.00936612 0.0425657
internal_weight=421.67 4.79716 416.872 415.335 261.65 244.255 153.684 45.1513 15.1911 8.91916 5.78428 237.334 92.6388 11.4145
internal_count=4570 643 3927 3854 2934 2196 920 270 104 63 34 2150 1029 105
is_linear=0
shrinkage=0.08


Tree=62
num_leaves=15
num_cat=0
split_feature=10 17 6 5 1 9 0 1 1 14 1 13 1 1
split_gain=2.5032 2.05335 1.58121 2.55421 1.52794 1.845 18.5056 4.63915 4.56193 4.46429 6.36298 6.82374 4.17823 3.41976
threshold=0.68500000000000016 1.0000000180025095e-35 1.4166500000000002 1.5000000000000002 3.5000000000000004 1.0000000180025095e-35 1.5000000000000002 7.5000000000000009 7.5000000000000009 1.0000000180025095e-35 8.5000000000000018 1.0000000180025095e-35 14.500000000000002 12.500000000000002
decision_type=2 2 2 2 2 2 2 2 2 2 2 2 2 2
left_child=2 -2 3 4 -1 7 -7 -6 -8 13 -11 -12 -13 -9
right_child=1 -3 -4 -5 5 6 8 9 -10 10 11 12 -14 -15
leaf_value=-0.033765848359700416 0.080809530341080987 -0.081060255370175402 0.06730809972333289 -0.10552438172055878 0.016872207935419218 -0.088594351295189694 -0.062778518526444879 -0.024462057526159597 0.0033101706734615945 0.084292013432608823 0.072973258689510906 -0.11102747582797115 0.056921184161531642 -0.12889712964928129
leaf_weight=8.7379139526747149 3.8554678121581665 0.57654825155623246 2.1770750507712355 1.4922572406940151 99.78180168196559 15.553841370157896 6.8803478004410854 27.548538124188784 234.94067548168823 6.1077254433184853 3.1039880923926813 4.4019909594208002 1.2082307338714597 2.1643617134541264
leaf_count=61 558 85 71 19 575 714 46 152 2178 40 27 28 6 10
internal_value=-5.09957e-05 0.0597524 -0.000691059 -0.00105045 -0.000670595 4.93193e-05 -0.0040106 0.00728979 0.0014298 -0.0141799 0.0216822 -0.0222005 -0.0748577 -0.0320694
internal_weight=418.531 4.43202 414.099 411.922 410.429 401.692 257.375 144.317 241.821 44.5348 14.8219 8.71421 5.61022 29.7129
internal_count=4570 643 3927 3856 3837 3776 2938 838 2224 263 101 61 34 162
is_linear=0
shrinkage=0.08


Tree=63
num_leaves=15
num_cat=0
split_feature=9 6 11 0 1 1 13 6 0 7 17 1 18 4
split_gain=2.33524 1.87728 3.81981 3.44372 2.30522 2.45549 2.39409 3.13057 2.97452 2.16703 2.06719 2.28441 1.90254 5.08562
threshold=0.7250000000000002 0.90000000000000013 1.0000000180025095e-35 2.5000000000000004 14.500000000000002 16.500000000000004 1.0000000180025095e-35 0.29165000000000002 2.5000000000000004 0.55000000000000016 1.0000000180025095e-35 12.500000000000002 1.0000000180025095e-35 1.0000000180025095e-35
decision_type=2 2 2 2 2 2 2 2 2 2 2 2 2 2
left_child=1 2 4 -3 -1 6 8 -8 -6 -7 12 -12 -4 -14
right_child=-2 3 10 -5 5 9 7 -9 -10 -11 11 -13 13 -15
leaf_value=-0.07864849272872701 0.082015820032531203 0.0285772552393414 0.00061504122021314707 -0.087251568929104642 -0.081078883414159433 0.10814571489008015 0.11164827022915857 -0.070697813896364883 0.11902059087137586 -0.07650630090516064 0.065417047395917444 -0.038620820651808864 -0.030453321485657305 0.10514143823848864
leaf_weight=6.0569164543412652 2.2070369583088896 23.699811763362963 336.39235140243545 1.765110324602573 2.1525496076792465 0.4484679466113447 2.3567362381145363 0.80956381675787259 0.61023923568427552 4.3736509217415005 5.8042843490838996 1.7604140192270277 25.865809515118602 1.9003239050507534
leaf_count=874 236 920 1720 24 177 4 33 39 7 315 33 12 160 16
internal_value=-5.64531e-05 -0.000493985 -0.00187314 0.0205485 -0.0391765 -0.0169391 0.0175399 0.0650258 -0.0368813 -0.0593332 -0.000186406 0.0412059 -0.00104625 -0.0211732
internal_weight=416.203 413.996 388.531 25.4649 16.8081 10.7512 5.92909 3.1663 2.76279 4.82212 371.723 7.5647 364.158 27.7661
internal_count=4570 4334 3390 944 1449 575 256 72 184 319 1941 45 1896 176
is_linear=0
shrinkage=0.08


Tree=64
num_leaves=15
num_cat=0
split_feature=10 17 16 1 4 10 10 1 1 18 4 18 1 1
split_gain=2.20871 1.88341 1.4838 2.24729 2.72215 1.52713 3.10861 3.03024 3.74786 4.17758 3.00841 2.72211 3.63003 2.88482
threshold=0.68500000000000016 1.0000000180025095e-35 1.0000000180025095e-35 15.500000000000002 1.0000000180025095e-35 0.67500000000000016 1.0000000180025095e-35 10.500000000000002 13.500000000000002 1.0000000180025095e-35 1.0000000180025095e-35 1.0000000180025095e-35 9.5000000000000018 22.500000000000004
decision_type=2 2 2 2 2 2 2 2 2 2 2 2 2 2
left_child=2 -2 5 -4 -5 6 11 -8 9 -9 -10 -1 -13 -14
right_child=1 -3 3 4 -6 -7 7 8 10 -11 -12 12 13 -15
leaf_value=0.00028192479320927731 0.08074173717460896 -0.080906617249956833 0.094435006777637193 -0.11925099070928399 0.083302145133400674 -0.0351777398662503 0.091796783572296412 -0.12665948336565452 -0.10932150705351827 0.1047127559290858 0.087330999937972109 -0.099583989491139599 -0.020576130823321957 0.10675630786260067
leaf_weight=358.63171110511757 3.4578107863198961 0.53231474803760637 2.5243483809754244 0.90716238878667332 0.79831916047260165 8.2564079430885595 4.5215402911417168 1.9479613332077863 0.5888251215219501 0.67164152301847924 3.2232035198248923 3.6792475553229478 23.528838829137388 1.1966416994109739
leaf_count=2840 558 85 90 12 39 212 230 24 3 11 66 41 331 28
internal_value=-5.67065e-05 0.0591766 -0.000632497 0.0465051 -0.0244379 -0.00112329 -0.000416824 0.0416116 0.00633059 -0.0673378 0.0569551 -0.00160623 -0.0254457 -0.0144136
internal_weight=414.466 3.99013 410.476 4.22983 1.70548 406.246 397.99 10.9532 6.43163 2.6196 3.81203 387.036 28.4047 24.7255
internal_count=4570 643 3927 141 51 3786 3574 334 104 35 69 3240 400 359
is_linear=0
shrinkage=0.08


Tree=65
num_leaves=15
num_cat=0
split_feature=9 1 16 1 4 8 0 15 13 1 6 1 1 1
split_gain=2.06364 1.68566 1.60271 2.08057 2.46886 1.46684 2.61094 1.35247 1.40622 5.1317 2.55408 2.55358 4.22278 2.30385
threshold=0.7250000000000002 25.500000000000004 1.0000000180025095e-35 15.500000000000002 1.0000000180025095e-35 1.5000000000000002 3.5000000000000004 1.0000000180025095e-35 1.0000000180025095e-35 5.5000000000000009 0.29165000000000002 18.500000000000004 22.500000000000004 11.500000000000002
decision_type=2 2 2 2 2 2 2 2 2 2 2 2 2 2
left_child=1 2 5 -4 -5 7 -7 8 -1 -10 11 13 -13 -11
right_child=-2 -3 3 4 -6 6 -8 -9 9 10 -12 12 -14 -15
leaf_value=0.0020736397161715643 0.081916347738966236 -0.08825492837645707 0.091791195087894323 -0.11542500928918907 0.082806074807343685 0.08271484061680047 -0.049840266841978828 -0.082080436984727737 -0.069830969405524509 -0.0068703580842440085 -0.044424867080443006 -0.11108544508680911 0.070432770694660654 0.01940515200312775
leaf_weight=286.65902353660204 1.9566273458767671 1.3941592229530204 2.6751724546775213 0.86402496881782986 0.75211811112239957 3.2729274183511725 1.3405182659626005 1.3178542861714948 8.0971367429010552 57.477134790271521 9.0171163100749236 2.9986724038608363 1.1290742000564931 33.983805081807077
leaf_count=2549 236 51 173 12 71 105 6 156 163 542 235 29 18 224
internal_value=-4.72638e-05 -0.000437484 -0.000138568 0.048495 -0.0231725 -0.000653508 0.0441986 -0.00116994 -0.000902941 -0.00847385 -0.00372443 0.000114944 -0.0614343 0.00289274
internal_weight=412.935 410.979 409.585 4.29132 1.61614 405.293 4.61345 400.68 399.362 112.703 104.606 95.5887 4.12775 91.4609
internal_count=4570 4334 4283 256 83 4027 111 3916 3760 1211 1048 813 47 766
is_linear=0
shrinkage=0.08


Tree=66
num_leaves=15
num_cat=0
split_feature=10 17 15 6 5 8 0 6 11 1 13 1 9 1
split_gain=1.97771 1.68822 1.33017 1.37658 2.07234 1.2974 2.39048 1.24003 2.94625 2.50447 3.42946 2.44976 2.03714 2.00111
threshold=0.68500000000000016 1.0000000180025095e-35 1.0000000180025095e-35 1.4166500000000002 1.5000000000000002 1.5000000000000002 3.5000000000000004 0.90000000000000013 1.0000000180025095e-35 15.500000000000002 1.0000000180025095e-35 16.500000000000004 1.0000000180025095e-35 12.500000000000002
decision_type=2 2 2 2 2 2 2 2 2 2 2 2 2 2
left_child=2 -2 3 4 5 7 -7 8 9 -1 -11 -12 -9 -14
right_child=1 -3 -4 -5 -6 6 -8 12 -10 10 11 -13 13 -15
leaf_value=-0.073776408650744613 0.080686076828317688 -0.080805768612225312 -0.081957187209426671 0.066412768783273943 -0.10174608757493166 0.082499628086442525 -0.04526064070687439 0.081286179554638849 -0.00034011047684049691 -0.050173450961178208 0.091316016700061134 -0.058203717962260051 -0.037429069300815562 0.025583213705473989
leaf_weight=6.5137308367993674 3.1045159557834263 0.4780949787236749 1.2810033347923298 1.969477652106433 1.2931027528829862 3.0288541093468657 1.3573149293661115 2.8688186733052161 364.70740357879549 5.1400661272928101 2.6440144348889594 0.9544688407331704 4.4630849561654058 11.632484587840734
leaf_count=862 558 85 158 70 16 105 6 237 1819 341 35 81 56 141
internal_value=-4.45218e-05 0.0591352 -0.00056436 -0.000307913 -0.000632687 -0.000308495 0.0429638 -0.000784273 -0.00178074 -0.0362285 -0.00824023 0.0516571 0.0191803 0.00811076
internal_weight=411.436 3.58261 407.854 406.573 404.603 403.31 4.38617 398.924 379.96 15.2523 8.73855 3.59848 18.9644 16.0956
internal_count=4570 643 3927 3769 3699 3683 111 3572 3138 1319 457 116 434 197
is_linear=0
shrinkage=0.08


Tree=67
num_leaves=15
num_cat=0
split_feature=9 1 16 1 4 1 1 8 12 14 1 14 1 0
split_gain=1.89342 1.52172 1.42557 1.90877 2.19605 1.36981 2.89547 5.56707 4.51965 3.34388 7.85144 2.64393 1.94779 4.35819
threshold=0.7250000000000002 25.500000000000004 1.0000000180025095e-35 15.500000000000002 1.0000000180025095e-35 19.500000000000004 16.500000000000004 1.0000000180025095e-35 2.5000000000000004 1.0000000180025095e-35 17.500000000000004 1.0000000180025095e-35 21.500000000000004 2.5000000000000004
decision_type=2 2 2 2 2 2 2 2 2 2 2 2 2 2
left_child=1 2 5 -4 -5 6 -1 8 11 -9 -11 -8 -7 -14
right_child=-2 -3 3 4 -6 12 7 9 -10 10 -12 -13 13 -15
leaf_value=0.00049599626047715326 0.081904330380785248 -0.087422587030760626 0.09113305281415883 -0.11226729783068252 0.082718387404056973 0.04253387398614579 -0.075495682593387833 0.096158399941532469 0.12856393180885797 0.091142611730552756 -0.24346701321611489 -0.023512294002087205 -0.10061685079868171 0.035895390875110629
leaf_weight=354.05892658419907 1.7966615541372437 1.2820478472858656 2.4526135008782144 0.8133447580039499 0.67768602073192596 10.676139020128177 11.158641331130646 3.4752746494486919 0.98225281527265806 1.1841223239898679 0.72272144258022297 14.269193092826754 2.3315048664808264 4.1803058858495206
leaf_count=3429 236 51 173 12 71 131 159 33 26 12 9 118 35 75
internal_value=-4.1453e-05 -0.000402074 -0.000127948 0.0477374 -0.0236447 -0.000596299 -0.00158065 -0.0247075 -0.03982 0.0494493 -0.0356793 -0.0463245 0.0215013 -0.0129818
internal_weight=410.061 408.265 406.983 3.94364 1.49103 403.039 385.851 31.7922 26.4101 5.38212 1.90684 25.4278 17.1879 6.51181
internal_count=4570 4334 4283 256 83 4027 3786 357 303 54 21 277 241 110
is_linear=0
shrinkage=0.08


Tree=68
num_leaves=15
num_cat=0
split_feature=10 17 1 13 9 0 1 14 1 13 1 1 1 1
split_gain=1.7519 1.53084 1.24913 1.50779 1.47507 16.7576 4.06551 3.93577 5.52988 5.9 4.0155 3.83491 3.13709 3.00055
threshold=0.68500000000000016 1.0000000180025095e-35 3.5000000000000004 1.0000000180025095e-35 1.0000000180025095e-35 1.5000000000000002 7.5000000000000009 1.0000000180025095e-35 8.5000000000000018 1.0000000180025095e-35 14.500000000000002 7.5000000000000009 11.500000000000002 12.500000000000002
decision_type=2 2 2 2 2 2 2 2 2 2 2 2 2 2
left_child=2 -2 3 -1 6 -6 -4 13 -9 12 -11 -7 -10 -8
right_child=1 -3 4 -5 5 11 7 8 9 10 -12 -13 -14 -15
leaf_value=-0.0136844948168902 0.080634568632719839 -0.080728848916513996 0.015617606930541159 -0.096766392890947919 -0.088145118657694421 -0.057823463727711612 -0.023315409108488856 0.079923166521799927 0.1463315537539118 -0.10823992228267548 0.059924883873787027 0.003205637120872983 -0.015362516892666956 -0.12251390872665333
leaf_weight=6.8376226578839105 2.7796714091673489 0.43517655250616361 99.199632639531046 1.7572907824069259 14.136776196071876 6.7811118462122968 27.32756884209812 5.9244857504963866 1.5724997785873696 4.1858135536313057 1.1607674807310102 233.37729177530855 1.5008662133477626 2.1015855222940436
leaf_count=33 558 85 609 28 718 46 156 41 20 28 6 2223 9 10
internal_value=-3.17995e-05 0.0587917 -0.000497741 -0.0306712 0.000155062 -0.00350015 0.00665631 -0.0136518 0.0207077 -0.0209579 -0.0717306 0.00148242 0.0673689 -0.0303993
internal_weight=409.078 3.21485 405.863 8.59491 397.268 254.295 142.973 43.7736 14.3444 8.41995 5.34658 240.158 3.07337 29.4292
internal_count=4570 643 3927 61 3866 2987 879 270 104 63 34 2269 29 166
is_linear=0
shrinkage=0.08


Tree=69
num_leaves=15
num_cat=0
split_feature=9 1 6 5 6 6 14 1 1 13 4 18 1 4
split_gain=1.69946 1.39693 1.32542 2.46614 1.45281 3.19305 3.89065 3.41663 4.37991 1.99296 2.57979 1.9729 3.49816 2.31196
threshold=0.7250000000000002 25.500000000000004 1.4166500000000002 1.5000000000000002 0.90000000000000013 0.36665000000000009 1.0000000180025095e-35 16.500000000000004 9.5000000000000018 1.0000000180025095e-35 1.0000000180025095e-35 1.0000000180025095e-35 9.5000000000000018 1.0000000180025095e-35
decision_type=2 2 2 2 2 2 2 2 2 2 2 2 2 2
left_child=1 2 3 4 5 11 -7 8 -8 10 -10 -1 -13 -14
right_child=-2 -3 -4 -5 -6 6 7 -9 9 -11 -12 12 13 -15
leaf_value=0.0016202036734895234 0.081783564157508717 -0.086603127296316224 0.062253784407676101 -0.1183654394044779 0.020811971002024338 -0.096768962218976018 0.086128574929091026 0.13679260985138159 -0.094130101436130501 -0.19863241946312354 0.10401879015535213 -0.098368735962101189 -0.015852763369588043 0.10125583721221965
leaf_weight=343.94248403329402 1.6181193760130543 1.198614845983683 2.1693283380009225 1.1319022348616261 20.165284376591444 4.9009205063339305 1.4507823267485944 0.97924930811859656 1.7502128214109696 0.72467528237029899 0.55350020620971907 3.2817241642624166 21.964946439024065 1.1346369702368964
leaf_count=2699 236 51 136 12 795 214 20 6 57 5 4 30 288 17
internal_value=-3.94705e-05 -0.000366102 -0.000110343 -0.000446897 -0.000113923 -0.00122239 -0.0450286 0.00142726 -0.0281667 -0.0829211 -0.046522 3.02799e-06 -0.0210807 -0.0101005
internal_weight=406.966 405.348 404.15 401.98 400.848 380.683 10.3593 5.45842 4.47917 3.02839 2.30371 370.324 26.3813 23.0996
internal_count=4570 4334 4283 4147 4135 3340 306 92 86 66 61 3034 335 305
is_linear=0
shrinkage=0.08


Tree=70
num_leaves=15
num_cat=0
split_feature=9 1 16 1 4 8 0 1 1 8 12 14 1 14
split_gain=1.56566 1.2751 1.24293 1.75027 1.97957 1.15542 2.2047 1.17356 2.52082 4.86656 3.58259 3.04513 5.89028 2.32319
threshold=0.7250000000000002 25.500000000000004 1.0000000180025095e-35 15.500000000000002 1.0000000180025095e-35 1.5000000000000002 3.5000000000000004 19.500000000000004 16.500000000000004 1.0000000180025095e-35 2.5000000000000004 1.0000000180025095e-35 17.500000000000004 1.0000000180025095e-35
decision_type=2 2 2 2 2 2 2 2 2 2 2 2 2 2
left_child=1 2 5 -4 -5 7 -7 8 -1 10 13 -11 -13 -10
right_child=-2 -3 3 4 -6 6 -8 -9 9 11 -12 12 -14 -15
leaf_value=6.8733848161580758e-05 0.08164955770379359 -0.085647117123876723 0.090321551560777355 -0.10930573203280286 0.08265254475893144 0.082288711279424817 -0.041664989374137783 0.019632769914818226 -0.071098577224127463 0.094379723926028739 0.11825490217445093 0.090258617354730397 -0.18925652854134106 -0.022059172791821461
leaf_weight=347.03749253088608 1.4960646058898408 1.1183133826125402 2.237383019411936 0.77300504408776738 0.61926712607964873 2.7862225379794827 1.3698770552873609 16.937107678269967 10.945183284580715 3.252866791561245 0.90914435451850195 1.1047276854515073 0.85667639225721348 14.208844311069697
leaf_count=3321 236 51 173 12 71 105 6 238 159 33 26 12 9 118
internal_value=-3.8965e-05 -0.000341351 -0.000104653 0.0464986 -0.0239248 -0.000528164 0.0414328 -0.000969386 -0.00189174 -0.0236441 -0.0377587 0.0469067 -0.0318243 -0.0433975
internal_weight=405.652 404.156 403.038 3.62966 1.39227 399.408 4.1561 395.252 378.315 31.2774 26.0632 5.21427 1.9614 25.154
internal_count=4570 4334 4283 256 83 4027 111 3916 3678 357 303 54 21 277
is_linear=0
shrinkage=0.08


Tree=71
num_leaves=15
num_cat=0
split_feature=10 17 15 6 5 1 13 10 6 1 10 5 10 18
split_gain=1.47427 1.40452 1.1813 1.12385 1.65359 1.10709 1.41378 1.14985 2.39388 2.05477 4.52029 2.02644 2.37304 2.32401
threshold=0.68500000000000016 1.0000000180025095e-35 1.0000000180025095e-35 1.4166500000000002 1.5000000000000002 3.5000000000000004 1.0000000180025095e-35 0.67500000000000016 0.90000000000000013 12.500000000000002 1.0000000180025095e-35 1.0000000180025095e-35 1.0000000180025095e-35 1.0000000180025095e-35
decision_type=2 2 2 2 2 2 2 2 2 2 2 2 2 2
left_child=2 -2 3 4 5 6 -1 8 11 10 -10 -7 -13 -14
right_child=1 -3 -4 -5 -6 7 -8 -9 9 -11 -12 12 13 -15
leaf_value=-0.012749999578417926 0.080581768770710063 -0.080662414258169543 -0.081807175786477004 0.063057377726935301 -0.094971842399047587 0.00053198465654612117 -0.095265985863764793 -0.029839529741655074 -0.059710061993035086 0.065257838406305863 0.080336801390254953 -0.092307237909425924 0.10396835412265044 -0.10405573918514832
leaf_weight=6.8352727047167701 2.4216921338811512 0.40331172314472485 1.1385121433995653 1.7893577520735551 1.1819077800028015 363.93741894210689 1.6495856076944617 7.8753606444224706 3.4025995908305031 6.7800412457436323 2.6037543602287769 3.1343935967888674 0.96711370092816629 0.53320951759815216
leaf_count=33 558 85 158 70 16 2878 28 223 42 108 237 102 29 3
internal_value=-2.82512e-05 0.0575617 -0.00043313 -0.000201916 -0.000485679 -0.000204893 -0.0287924 0.000418281 0.00104313 0.0350731 0.00100025 -0.000137429 -0.0527026 0.0300373
internal_weight=404.654 2.825 401.829 400.69 398.901 397.719 8.48486 389.234 381.359 12.7864 6.00635 368.572 4.63472 1.50032
internal_count=4570 643 3927 3769 3699 3683 61 3622 3399 387 279 3012 134 32
is_linear=0
shrinkage=0.08


Tree=72
num_leaves=15
num_cat=0
split_feature=9 1 16 1 4 13 1 6 1 1 0 8 0 9
split_gain=1.45025 1.16273 1.08819 1.62556 1.76078 1.09512 4.31204 2.28456 2.32812 3.63733 2.525 3.03601 2.84243 5.85192
threshold=0.7250000000000002 25.500000000000004 1.0000000180025095e-35 15.500000000000002 1.0000000180025095e-35 1.0000000180025095e-35 5.5000000000000009 0.29165000000000002 18.500000000000004 22.500000000000004 2.5000000000000004 1.0000000180025095e-35 1.5000000000000002 1.0000000180025095e-35
decision_type=2 2 2 2 2 2 2 2 2 2 2 2 2 2
left_child=1 2 5 -4 -5 -1 -7 8 10 -10 11 12 13 -8
right_child=-2 -3 3 4 -6 6 7 -9 9 -11 -12 -13 -14 -15
leaf_value=0.0021387534585886173 0.081643873902586636 -0.084896791566245314 0.08970662279823953 -0.1065490318909206 0.082500748278606761 -0.066006857287034704 0.0024146226929446755 -0.042747613255463231 -0.1081075309480836 0.066165625074246892 0.07420765741539849 -0.045769872120743883 0.020571904756041454 -0.087365540818176698
leaf_weight=287.04592250147834 1.38683946058154 1.0372608166653652 2.0473894686438139 0.73156246170401551 0.55414764047600329 7.4499758428428313 34.572594657540321 8.4882598458789271 2.7964246836490925 1.0558951003476975 3.0921053076162925 8.1766076534986478 39.721063104923815 5.3678186675533643
leaf_count=2786 236 51 173 12 71 163 156 235 29 18 43 36 243 318
internal_value=-2.39392e-05 -0.000305585 -8.68284e-05 0.0454336 -0.0250676 -0.000468268 -0.00722703 -0.00298664 0.00057416 -0.0603404 0.00315485 0.000653623 0.00541862 -0.00965144
internal_weight=403.524 402.137 401.1 3.3331 1.28571 397.767 110.721 103.271 94.7825 3.85232 90.9302 87.8381 79.6615 39.9404
internal_count=4570 4334 4283 256 83 4027 1241 1078 843 47 796 753 717 474
is_linear=0
shrinkage=0.08


Tree=73
num_leaves=15
num_cat=0
split_feature=9 6 5 10 0 18 11 1 13 7 1 17 1 14
split_gain=1.33639 1.09261 2.68998 2.6701 2.20512 2.04891 1.94665 2.2682 2.11055 2.29059 1.77784 1.69867 2.03516 1.69022
threshold=0.7250000000000002 0.90000000000000013 1.0000000180025095e-35 1.0000000180025095e-35 2.5000000000000004 1.0000000180025095e-35 1.0000000180025095e-35 14.500000000000002 1.0000000180025095e-35 0.87500000000000011 16.500000000000004 1.0000000180025095e-35 12.500000000000002 1.0000000180025095e-35
decision_type=2 2 2 2 2 2 2 2 2 2 2 2 2 2
left_child=1 2 6 -4 -3 -5 7 -1 9 13 -10 -8 -13 -9
right_child=-2 4 3 5 -6 -7 11 8 10 -11 -12 12 -14 -15
leaf_value=-0.078575403315992026 0.081519909294244131 0.023993497633762028 -0.11248980384431648 0.10242356395023318 -0.072405656691948594 -0.10172485225921019 -0.00029242827744156729 -0.042411246149383949 0.062057068314078472 -0.080781337921312299 -0.073591702011112647 0.062309746268786499 -0.035664857655727293 0.1207442244790599
leaf_weight=4.2896188341546795 1.2820820298511524 20.678338516270745 2.6805737111717454 0.83780667302198686 1.6390530618373294 0.50386463105678558 353.81567261496093 0.85590180289000251 3.1913333837874238 3.3155271033756417 0.76697050989605475 5.5830689370632163 1.7925766110420225 0.77371364086866379
leaf_count=814 236 920 83 13 24 3 1871 15 69 378 91 33 12 8
internal_value=-2.65744e-05 -0.000287475 -0.00130195 -0.0663763 0.0169137 0.0257556 -0.000602818 -0.0307864 -0.00776205 -0.0426097 0.0357734 0.000499685 0.038498 0.0350522
internal_weight=402.006 400.724 378.407 4.02225 22.3174 1.34167 374.384 13.1931 8.90345 4.94514 3.9583 361.191 7.37565 1.62962
internal_count=4570 4334 3390 99 944 16 3291 1375 561 401 160 1916 45 23
is_linear=0
shrinkage=0.08


Tree=74
num_leaves=15
num_cat=0
split_feature=10 17 15 8 0 6 5 1 1 0 1 8 12 14
split_gain=1.2732 1.27145 1.06009 0.970731 2.01677 0.980961 1.40624 0.929597 2.54602 3.57784 2.02809 4.0952 3.08316 2.81973
threshold=0.68500000000000016 1.0000000180025095e-35 1.0000000180025095e-35 1.5000000000000002 3.5000000000000004 1.4166500000000002 1.5000000000000002 19.500000000000004 21.500000000000004 2.5000000000000004 16.500000000000004 1.0000000180025095e-35 2.5000000000000004 1.0000000180025095e-35
decision_type=2 2 2 2 2 2 2 2 2 2 2 2 2 2
left_child=2 -2 3 5 -5 6 7 10 -9 -10 -1 12 -12 -13
right_child=1 -3 -4 4 -6 -7 -8 8 9 -11 11 13 -14 -15
leaf_value=0.00032168848661868837 0.080544642194895572 -0.08058624295045444 -0.081687390715406802 0.082059957115266494 -0.038186821348056198 0.060270023261722434 -0.090961732456492264 0.042984898812478731 -0.097827887996742663 0.020993410440244015 -0.039699716878281589 0.092899065581151671 0.11892075486554995 -0.029611204037501841
leaf_weight=342.92834339034744 2.1334782339399676 0.36738722515292455 1.0237928647547949 2.5230548568069926 1.3814219534397127 1.6887794842477877 1.1048108341637988 10.303713752888145 2.4391365256160489 4.8403715910390019 24.243377342354513 3.0447226194664827 0.81047435943037172 1.9870991036295889
leaf_count=2962 558 85 158 105 6 70 16 125 49 119 246 33 17 21
internal_value=-2.90932e-05 0.0568739 -0.000386361 -0.000176856 0.0395161 -0.000570816 -0.000833124 -0.000578194 0.0173975 -0.0188199 -0.00142554 -0.0213411 -0.0345685 0.044519
internal_weight=400.82 2.50087 398.319 397.295 3.90448 393.391 391.702 390.597 17.5832 7.27951 373.014 30.0857 25.0539 5.03182
internal_count=4570 643 3927 3769 111 3658 3588 3572 293 168 3279 317 263 54
is_linear=0
shrinkage=0.08


Tree=75
num_leaves=15
num_cat=0
split_feature=9 1 16 1 4 1 9 8 12 1 14 1 14 1
split_gain=1.21287 1.02924 0.967197 1.47599 1.58399 0.961102 8.90092 6.25302 5.62062 3.49155 7.37961 4.43075 2.99016 4.58224
threshold=0.7250000000000002 25.500000000000004 1.0000000180025095e-35 15.500000000000002 1.0000000180025095e-35 9.5000000000000018 1.0000000180025095e-35 1.0000000180025095e-35 2.5000000000000004 7.5000000000000009 1.0000000180025095e-35 8.5000000000000018 1.0000000180025095e-35 6.5000000000000009
decision_type=2 2 2 2 2 2 2 2 2 2 2 2 2 2
left_child=1 2 5 -4 -5 6 9 8 -8 12 -11 -12 13 -1
right_child=-2 -3 3 4 -6 -7 7 -9 -10 10 11 -13 -14 -15
leaf_value=0.01228046097992295 0.081455298646563923 -0.084041683742927309 0.089116835613783571 -0.10430143182083894 0.082457983009720973 0.0029232093447126416 -0.073589230582441698 0.0074348773037074571 0.10767667186871231 -0.051908955901170881 0.075341290551207668 -0.098364102088826691 -0.0017715258027185292 0.071301868331756141
leaf_weight=38.535800877958536 1.1658139227656636 0.93627027468755741 1.8677635687636205 0.68366115074604727 0.50559200928546488 230.26229659817182 22.253711113240573 11.468491494655607 1.1514390315860499 16.721554895862941 5.7102789296768597 1.1249274434521792 56.624281440861523 10.771795739419757
leaf_count=226 236 51 173 12 71 2457 729 72 7 95 34 16 328 63
internal_value=-2.40784e-05 -0.000262376 -6.51329e-05 0.0447601 -0.0249036 -0.000412378 -0.00508535 -0.0409588 -0.0646717 0.00457603 -0.0232813 0.0467531 0.0107708 0.0251743
internal_weight=399.784 398.618 397.682 3.05702 1.18925 394.625 164.362 34.8736 23.4052 129.489 23.5568 6.83521 105.932 49.3076
internal_count=4570 4334 4283 256 83 4027 1570 808 736 762 145 50 617 289
is_linear=0
shrinkage=0.08


Tree=76
num_leaves=15
num_cat=0
split_feature=10 17 15 1 13 14 1 1 1 8 9 8 1 1
split_gain=1.1274 1.17037 0.939793 0.916513 1.22999 1.04633 7.18598 5.03408 7.09577 8.76261 5.12696 5.05382 10.2043 8.75023
threshold=0.68500000000000016 1.0000000180025095e-35 1.0000000180025095e-35 3.5000000000000004 1.0000000180025095e-35 1.0000000180025095e-35 4.5000000000000009 13.500000000000002 16.500000000000004 1.0000000180025095e-35 1.0000000180025095e-35 1.0000000180025095e-35 12.500000000000002 11.500000000000002
decision_type=2 2 2 2 2 2 2 2 2 2 2 2 2 2
left_child=2 -2 3 4 -1 6 -5 10 -9 -10 -8 13 -13 -12
right_child=1 -3 -4 5 -6 -7 7 8 9 -11 11 12 -14 -15
leaf_value=-0.012245729870840182 0.080505473919758652 -0.080542973762795067 -0.081523694212245021 0.088632593581746466 -0.093191030050009283 0.0043610116339517372 -0.00077818908423310366 0.039794659901836428 -0.042587917817853337 0.089028654370788662 -0.065679368597325871 0.059460434271514061 -0.15930702007498657 0.010430797100981253
leaf_weight=6.8309959303587657 1.9214456455083557 0.33987978484947223 0.9106723649892946 5.2106532063335171 1.4578321059234438 203.02695912960917 69.497211082838476 29.801794040249661 18.613895192975182 3.9189650500193229 33.691886748187244 7.6764885680749995 1.659580076113343 13.557729023043064
leaf_count=33 558 85 158 84 28 1695 401 335 330 51 619 54 15 124
internal_value=-2.64649e-05 0.0562997 -0.000348229 -0.000161052 -0.0264823 0.000403204 -0.00397271 -0.00667723 0.0141804 -0.0196969 -0.0153348 -0.033213 0.0205723 -0.0438404
internal_weight=398.116 2.26133 395.855 394.944 8.28883 386.655 183.628 178.418 52.3347 22.5329 126.083 56.5857 9.33607 47.2496
internal_count=4570 643 3927 3769 61 3708 2013 1929 716 381 1213 812 69 743
is_linear=0
shrinkage=0.08


Tree=77
num_leaves=15
num_cat=0
split_feature=9 6 6 14 1 1 9 18 1 10 1 1 1 8
split_gain=1.12401 0.962374 2.55899 2.98135 2.36933 3.24812 1.89436 1.69056 3.06326 1.98702 1.73622 2.88567 2.10731 2.35861
threshold=0.7250000000000002 0.90000000000000013 0.36665000000000009 1.0000000180025095e-35 16.500000000000004 9.5000000000000018 1.0000000180025095e-35 1.0000000180025095e-35 9.5000000000000018 1.0000000180025095e-35 21.500000000000004 19.500000000000004 16.500000000000004 1.0000000180025095e-35
decision_type=2 2 2 2 2 2 2 2 2 2 2 2 2 2
left_child=1 2 7 -4 5 -5 -3 10 -9 -10 11 12 -1 -14
right_child=-2 6 3 4 -6 -7 -8 8 9 -11 -12 -13 13 -15
leaf_value=0.0026756009530456361 0.081432684648102008 0.081014466839730293 -0.091256481297708969 0.07917661559805507 0.11493251352412945 -0.076843059054045842 0.0075120744623720951 -0.09606837980568228 -0.015103727892001784 0.097770453139585295 -0.044714388833443509 0.049994642701330111 -0.034614898840150662 0.032245743996833671
leaf_weight=303.18467553448863 1.0811498278053466 2.5442437876481589 4.3211845033802074 1.2538632894866171 0.92957415431737889 2.6778155403444543 19.022006698767655 2.988054251298311 21.695069530513141 1.0462815891951311 5.1561367742251596 7.8503973472397766 18.692312501720156 4.1212148666381827
leaf_count=2341 236 278 216 20 8 66 666 30 294 17 117 80 153 48
internal_value=-2.6201e-05 -0.000248889 -0.00119665 -0.0429072 7.06419e-05 -0.0270864 0.0161834 -0.000146556 -0.0199165 -0.00991062 0.00135392 0.00206542 0.000911233 -0.0225367
internal_weight=396.564 395.483 373.917 9.18244 4.86125 3.93168 21.5663 364.734 25.7294 22.7414 339.005 333.849 325.998 22.8135
internal_count=4570 4334 3390 310 94 86 944 3080 341 311 2739 2622 2542 201
is_linear=0
shrinkage=0.08


Tree=78
num_leaves=15
num_cat=0
split_feature=9 6 5 6 5 10 11 1 13 7 14 1 4 9
split_gain=1.03591 0.899803 1.69853 0.93913 2.55152 1.81607 1.63456 2.02213 1.80317 1.99638 1.58637 1.57975 1.503 1.49337
threshold=0.7250000000000002 1.4166500000000002 1.5000000000000002 0.70835000000000015 1.0000000180025095e-35 1.0000000180025095e-35 1.0000000180025095e-35 14.500000000000002 1.0000000180025095e-35 0.87500000000000011 1.0000000180025095e-35 14.500000000000002 1.0000000180025095e-35 1.0000000180025095e-35
decision_type=2 2 2 2 2 2 2 2 2 2 2 2 2 2
left_child=1 2 3 4 6 -6 7 -1 9 -9 12 -7 -10 -5
right_child=-2 -3 -4 13 5 11 -8 8 10 -11 -12 -13 -14 -15
leaf_value=-0.078437396354612512 0.081324162299617947 0.056271759291801414 -0.10465682206948422 0.080975703663074508 -0.11204384247702562 0.099381089124664326 0.00050738186180149974 0.032436859613747801 0.080671791029005013 -0.080716920523185007 -0.074351694393782808 -0.096529544108999818 -0.059385709180753248 0.0092478053980680885
leaf_weight=3.7203932246193281 0.99930489028338243 1.7955813542939711 0.99927079817280073 2.089941672980788 2.2379998343531038 0.60835276590660192 357.05704821832478 1.5032425690442321 2.6805454443674539 2.9684042296139506 0.74378641066141415 0.46459671598859131 0.60016751801595081 16.715618131565861
leaf_count=814 236 136 16 237 78 8 1916 23 45 378 45 7 70 561
internal_value=-2.47736e-05 -0.000231003 -0.00048956 -0.000223608 -0.001104 -0.0710197 -0.000477132 -0.0292519 -0.00771394 -0.0426778 0.0311346 0.01455 0.0550499 0.0172192
internal_weight=395.184 394.185 392.389 391.39 372.585 3.31095 369.274 12.2165 8.49615 4.47165 4.0245 1.07295 3.28071 18.8056
internal_count=4570 4334 4198 4182 3384 93 3291 1375 561 401 160 15 115 798
is_linear=0
shrinkage=0.08


Tree=79
num_leaves=15
num_cat=0
split_feature=16 1 4 13 1 6 1 1 0 8 0 9 1 1
split_gain=1.01012 1.09062 1.71607 0.894073 3.65202 1.67406 1.78675 3.25495 2.28186 2.88069 2.40812 4.72247 3.44622 2.60364
threshold=1.0000000180025095e-35 15.500000000000002 1.0000000180025095e-35 1.0000000180025095e-35 5.5000000000000009 0.29165000000000002 18.500000000000004 22.500000000000004 2.5000000000000004 1.0000000180025095e-35 1.5000000000000002 1.0000000180025095e-35 8.5000000000000018 10.500000000000002
decision_type=2 2 2 2 2 2 2 2 2 2 2 2 2 2
left_child=3 -2 -3 -1 -5 6 8 -8 9 10 11 12 -6 -14
right_child=1 2 -4 4 5 -7 7 -9 -10 -11 -12 -13 13 -15
leaf_value=0.0019841263245175774 0.088367024190939017 -0.10251619189670022 0.081945627907809973 -0.062711836886076663 0.013972944506119292 -0.037492532306404397 -0.10440660433762861 0.064109352643325471 0.07208547494460478 -0.044859446210122167 0.018759532733163962 -0.086565886349526139 -0.10316821339268534 -0.0066208733801846496
leaf_weight=282.86531012842897 1.7006212319247418 0.63771011866629101 0.65359378897119313 6.938809171319007 27.04673145711422 8.1485161231830698 2.5182267278432842 1.0350993690080939 2.9198792418465009 8.225378215312956 39.688301316928118 4.4748706234386182 3.1265322268009177 4.1744531840085983
leaf_count=2977 180 12 130 163 117 257 29 26 43 36 243 318 18 21
internal_value=-2.82327e-05 0.0462787 -0.0091508 -0.000382426 -0.00656373 -0.00271992 0.000319958 -0.0553172 0.00252501 0.000183339 0.00490235 -0.00926383 0.000807192 -0.0479658
internal_weight=394.154 2.99193 1.2913 391.162 108.297 101.358 93.2095 3.55333 89.6561 86.7363 78.5109 38.8226 34.3477 7.30099
internal_count=4570 322 142 4248 1271 1108 851 55 796 753 717 474 156 39
is_linear=0
shrinkage=0.08


end of trees

feature_importances:
Column_1=247
Column_10=102
Column_0=100
Column_6=90
Column_17=88
Column_9=69
Column_11=63
Column_8=51
Column_14=48
Column_13=45
Column_15=39
Column_18=39
Column_7=38
Column_4=34
Column_16=34
Column_5=25
Column_12=5
Column_2=3

parameters:
[boosting: gbdt]
[objective: binary]
[metric: binary_logloss]
[tree_learner: serial]
[device_type: cpu]
[data_sample_strategy: bagging]
[data: ]
[valid: ]
[num_iterations: 150]
[learning_rate: 0.08]
[num_leaves: 15]
[num_threads: 0]
[seed: 0]
[deterministic: 0]
[force_col_wise: 0]
[force_row_wise: 0]
[histogram_pool_size: -1]
[max_depth: -1]
[min_data_in_leaf: 5]
[min_sum_hessian_in_leaf: 0.001]
[bagging_fraction: 1]
[pos_bagging_fraction: 1]
[neg_bagging_fraction: 1]
[bagging_freq: 0]
[bagging_seed: 3]
[bagging_by_query: 0]
[feature_fraction: 1]
[feature_fraction_bynode: 1]
[feature_fraction_seed: 2]
[extra_trees: 0]
[extra_seed: 6]
[early_stopping_round: 0]
[early_stopping_min_delta: 0]
[first_metric_only: 0]
[max_delta_step: 0]
[lambda_l1: 0]
[lambda_l2: 0]
[linear_lambda: 0]
[min_gain_to_split: 0]
[drop_rate: 0.1]
[max_drop: 50]
[skip_drop: 0.5]
[xgboost_dart_mode: 0]
[uniform_drop: 0]
[drop_seed: 4]
[top_rate: 0.2]
[other_rate: 0.1]
[min_data_per_group: 100]
[max_cat_threshold: 32]
[cat_l2: 10]
[cat_smooth: 10]
[max_cat_to_onehot: 4]
[top_k: 20]
[monotone_constraints: ]
[monotone_constraints_method: basic]
[monotone_penalty: 0]
[feature_contri: ]
[forcedsplits_filename: ]
[refit_decay_rate: 0.9]
[cegb_tradeoff: 1]
[cegb_penalty_split: 0]
[cegb_penalty_feature_lazy: ]
[cegb_penalty_feature_coupled: ]
[path_smooth: 0]
[interaction_constraints: ]
[verbosity: -1]
[saved_feature_importance_type: 0]
[use_quantized_grad: 0]
[num_grad_quant_bins: 4]
[quant_train_renew_leaf: 0]
[stochastic_rounding: 1]
[linear_tree: 0]
[max_bin: 255]
[max_bin_by_feature: ]
[min_data_in_bin: 3]
[bin_construct_sample_cnt: 200000]
[data_random_seed: 1]
[is_enable_sparse: 1]
[enable_bundle: 1]
[use_missing: 1]
[zero_as_missing: 0]
[feature_pre_filter: 0]
[pre_partition: 0]
[two_round: 0]
[header: 0]
[label_column: ]
[weight_column: ]
[group_column: ]
[ignore_column: ]
[categorical_feature: ]
[forcedbins_filename: ]
[precise_float_parser: 0]
[parser_config_file: ]
[objective_seed: 5]
[num_class: 1]
[is_unbalance: 0]
[scale_pos_weight: 1]
[sigmoid: 1]
[boost_from_average: 1]
[reg_sqrt: 0]
[alpha: 0.9]
[fair_c: 1]
[poisson_max_delta_step: 0.7]
[tweedie_variance_power: 1.5]
[lambdarank_truncation_level: 30]
[lambdarank_norm: 1]
[label_gain: ]
[lambdarank_position_bias_regularization: 0]
[eval_at: ]
[multi_error_top_k: 1]
[auc_mu_weights: ]
[num_machines: 1]
[local_listen_port: 12400]
[time_out: 120]
[machine_list_filename: ]
[machines: ]
[gpu_platform_id: -1]
[gpu_device_id: -1]
[gpu_device_id_list: ]
[gpu_use_dp: 0]
[num_gpu: 1]

end of parameters

pandas_categorical:null
